-1190 -1191 -1191 -1191 -1191 -1191 -1191 -1191 -1191 -1191 -1191 -1191 -1191 -1191 -1190 -1191 -1191 -1191 -1191 -1191 -1191 -1190 -1191 -1191 -1191 -1191 -1191 -1191 -1191 -1191 -1191 -1191 -1191 -1191 -1191 -1191 -1191 -1191 -1191 -1191 -1191 -1191 -1191 -1191 -1190 -1190 -1190 -1190 -1190 -1189 -1189 -1189 -1189 -1189 -1189 -1189 -1189 -1188 -1188 -1188 -1188 -1188 -1188 -1188 -1188 -1189 -1189 -1189 -1189 -1189 -1189 -1189 -1189 -1189 -1189 -1188 -1188 -1188 -1188 -1188 -1188 -1188 -1188 -1189 -1189 -1189 -1189 -1189 -1189 -1190 -1190 -1190 -1190 -1191 -1190 -1191 -1191 -1191 -1191 -1191 -1191 -1191 -1191 -1191 -1191 -1191 -1191 -1191 -1191 -1191 -1191 -1191 -1191 -1191 -1192 -1192 -1192 -1192 -1192 -1192 -1193 -1193 -1193 -1193 -1193 -1193 -1193 -1194 -1194 -1194 -1194 -1194 -1194 -1194 -1194 -1194 -1195 -1195 -1195 -1195 -1195 -1195 -1195 -1195 -1195 -1195 -1195 -1195 -1195 -1195 -1195 -1195 -1195 -1195 -1195 -1195 -1195 -1195 -1195 -1195 -1195 -1195 -1195 -1195 -1195 -1195 -1195 -1195 -1195 -1195 -1196 -1195 -1195 -1196 -1196 -1196 -1195 -1195 -1195 -1195 -1195 -1196 -1196 -1196 -1195 -1195 -1195 -1195 -1195 -1195 -1196 -1196 -1196 -1196 -1196 -1196 -1195 -1196 -1196 -1196 -1195 -1196 -1196 -1195 -1196 -1196 -1196 -1196 -1195 -1196 -1196 -1196 -1196 -1195 -1196 -1195 -1195 -1196 -1195 -1195 -1196 -1196 -1196 -1196 -1196 -1196 -1196 -1196 -1196 -1196 -1196 -1196 -1196 -1196 -1196 -1196 -1196 -1196 -1196 -1196 -1196 -1196 -1196 -1196 -1196 -1196 -1196 -1196 -1196 -1196 -1196 -1196 -1196 -1196 -1196 -1196
-1197 -1197 -1197 -1197 -1197 -1197 -1196 -1196 -1196 -1196 -1196 -1196 -1196 -1195 -1195 -1196 -1195 -1195 -1195 -1195 -1195 -1195 -1195 -1195 -1195 -1195 -1195 -1195 -1195 -1195 -1195 -1195 -1195 -1195 -1195 -1195 -1195 -1195 -1195 -1194 -1194 -1194 -1194 -1194 -1194 -1193 -1194 -1193 -1194 -1194 -1193 -1193 -1194 -1194 -1194 -1193 -1193 -1193 -1193 -1193 -1193 -1193 -1193 -1193 -1193 -1193 -1192 -1192 -1192 -1192 -1192 -1192 -1192 -1192 -1192 -1192 -1192 -1192 -1192 -1192 -1192 -1192 -1192 -1192 -1192 -1192 -1192 -1192 -1192 -1191 -1192 -1192 -1191 -1191 -1191 -1191 -1191 -1192 -1191 -1191 -1191 -1191 -1191 -1190 -1190 -1190 -1190 -1190 -1190 -1190 -1190 -1190 -1190 -1190 -1190 -1190 -1190 -1190 -1190 -1190 -1190 -1190 -1190 -1190 -1190 -1190 -1190 -1190 -1190 -1190 -1190 -1190 -1190 -1190 -1190 -1190 -1190 -1190 -1190 -1190 -1190 -1190 -1190 -1190 -1190 -1190 -1190 -1190 -1190 -1190 -1190 -1190 -1190 -1190 -1190 -1190 -1190 -1190 -1190 -1190 -1190 -1190 -1190 -1190 -1190 -1190 -1190 -1190 -1190 -1190 -1190 -1190 -1190 -1190 -1190 -1190 -1190 -1190 -1190 -1190 -1190 -1191 -1190 -1190 -1190 -1190 -1190 -1190 -1190 -1190 -1190 -1190 -1190 -1190 -1190 -1190 -1190 -1190 -1191 -1190 -1190 -1191 -1190 -1190 -1190 -1190 -1190 -1191 -1191 -1191 -1190 -1190 -1190 -1191 -1190 -1190 -1191 -1191 -1191 -1191 -1191 -1191 -1191 -1190 -1191 -1190 -1191 -1190 -1191 -1190 -1191 -1190 -1191 -1191 -1191 -1191 -1191 -1190 -1191 -1191 -1191 -1191 -1191 -1190 -1190 -1191 -1190 -1190 -1191 -1191 -1191 -1191 -1190 -1190 -1190 -1190
-1194 -1195 -1195 -1195 -1195 -1195 -1195 -1195 -1195 -1195 -1195 -1195 -1195 -1195 -1195 -1195 -1195 -1196 -1195 -1195 -1195 -1195 -1195 -1195 -1196 -1196 -1196 -1195 -1195 -1196 -1196 -1196 -1195 -1195 -1195 -1195 -1195 -1195 -1195 -1196 -1196 -1195 -1195 -1195 -1195 -1195 -1196 -1195 -1195 -1195 -1196 -1195 -1196 -1196 -1196 -1195 -1196 -1196 -1196 -1196 -1196 -1195 -1196 -1195 -1196 -1195 -1195 -1195 -1195 -1196 -1196 -1196 -1196 -1196 -1196 -1196 -1196 -1196 -1196 -1196 -1196 -1196 -1196 -1196 -1196 -1196 -1196 -1196 -1196 -1196 -1196 -1196 -1196 -1196 -1196 -1196 -1196 -1196 -1196 -1196 -1196 -1196 -1196 -1196 -1196 -1196 -1196 -1196 -1196 -1196 -1196 -1196 -1197 -1197 -1196 -1196 -1196 -1196 -1196 -1196 -1196 -1196 -1196 -1196 -1196 -1196 -1196 -1196 -1196 -1196 -1196 -1196 -1196 -1196 -1196 -1196 -1197 -1196 -1196 -1197 -1196 -1196 -1196 -1196 -1196 -1196 -1197 -1196 -1196 -1196 -1196 -1197 -1197 -1197 -1197 -1198 -1198 -1197 -1198 -1198 -1198 -1198 -1198 -1198 -1198 -1198 -1198 -1198 -1198 -1198 -1198 -1198 -1198 -1198 -1198 -1198 -1198 -1198 -1198 -1198 -1198 -1197 -1198 -1198 -1198 -1198 -1198 -1198 -1198 -1198 -1198 -1198 -1197 -1197 -1197 -1197 -1197 -1197 -1197 -1197 -1197 -1197 -1197 -1197 -1197 -1197 -1197 -1197 -1197 -1197 -1197 -1197 -1197 -1197 -1197 -1196 -1197 -1196 -1196 -1196 -1196 -1196 -1195 -1195 -1195 -1195 -1195 -1195 -1195 -1195 -1195 -1195 -1195 -1195 -1195 -1195 -1195 -1195 -1195 -1195 -1195 -1195 -1195 -1195 -1195 -1195 -1195 -1194 -1194 -1194 -1194 -1194 -1194 -1194 -1194 -1193
-1190 -1190 -1190 -1190 -1190 -1190 -1190 -1190 -1190 -1190 -1190 -1190 -1190 -1190 -1190 -1190 -1190 -1190 -1190 -1190 -1190 -1190 -1190 -1190 -1190 -1190 -1190 -1190 -1190 -1190 -1190 -1190 -1190 -1190 -1190 -1190 -1190 -1190 -1190 -1190 -1190 -1190 -1191 -1190 -1190 -1191 -1190 -1190 -1190 -1190 -1191 -1190 -1190 -1190 -1190 -1190 -1190 -1190 -1190 -1191 -1190 -1190 -1190 -1190 -1190 -1190 -1190 -1190 -1191 -1191 -1191 -1190 -1190 -1191 -1191 -1191 -1190 -1191 -1191 -1191 -1191 -1191 -1190 -1191 -1191 -1191 -1191 -1191 -1191 -1191 -1191 -1191 -1191 -1191 -1190 -1191 -1191 -1191 -1191 -1190 -1190 -1190 -1190 -1190 -1189 -1189 -1189 -1189 -1189 -1188 -1189 -1188 -1189 -1188 -1188 -1188 -1189 -1188 -1188 -1188 -1189 -1189 -1189 -1189 -1189 -1189 -1189 -1189 -1188 -1188 -1188 -1188 -1188 -1188 -1188 -1188 -1188 -1188 -1188 -1188 -1189 -1189 -1189 -1189 -1189 -1189 -1190 -1190 -1190 -1190 -1190 -1190 -1190 -1191 -1191 -1191 -1191 -1191 -1191 -1191 -1191 -1191 -1191 -1191 -1191 -1191 -1191 -1191 -1191 -1191 -1191 -1192 -1192 -1192 -1192 -1193 -1192 -1193 -1193 -1193 -1193 -1193 -1193 -1194 -1194 -1194 -1194 -1194 -1194 -1194 -1194 -1194 -1194 -1194 -1195 -1195 -1195 -1195 -1194 -1194 -1195 -1195 -1195 -1195 -1195 -1195 -1195 -1195 -1194 -1195 -1195 -1195 -1194 -1195 -1195 -1195 -1195 -1195 -1195 -1195 -1195 -1195 -1195 -1195 -1195 -1195 -1195 -1195 -1195 -1195 -1196 -1195 -1195 -1195 -1195 -1195 -1195 -1195 -1195 -1196 -1195 -1196 -1195 -1195 -1195 -1195 -1195 -1195 -1195 -1196 -1195 -1195 -1196 -1196 -1196 -1195
-1197 -1197 -1198 -1198 -1198 -1198 -1198 -1198 -1198 -1198 -1198 -1198 -1198 -1198 -1198 -1198 -1198 -1198 -1198 -1198 -1198 -1198 -1198 -1198 -1198 -1198 -1198 -1198 -1198 -1198 -1198 -1198 -1198 -1197 -1198 -1198 -1198 -1198 -1198 -1198 -1197 -1197 -1197 -1197 -1197 -1197 -1197 -1197 -1197 -1197 -1197 -1197 -1197 -1197 -1197 -1197 -1197 -1197 -1197 -1197 -1197 -1197 -1196 -1197 -1196 -1196 -1196 -1196 -1196 -1195 -1195 -1195 -1195 -1195 -1195 -1195 -1195 -1195 -1195 -1195 -1195 -1195 -1195 -1195 -1195 -1195 -1195 -1195 -1195 -1195 -1195 -1194 -1195 -1195 -1194 -1194 -1194 -1194 -1194 -1194 -1194 -1194 -1194 -1193 -1193 -1194 -1193 -1194 -1193 -1194 -1193 -1193 -1193 -1193 -1193 -1193 -1193 -1193 -1193 -1193 -1193 -1192 -1192 -1192 -1192 -1192 -1192 -1192 -1192 -1192 -1192 -1192 -1192 -1192 -1192 -1192 -1192 -1192 -1192 -1192 -1192 -1192 -1192 -1191 -1192 -1192 -1192 -1191 -1192 -1191 -1191 -1191 -1191 -1191 -1191 -1191 -1191 -1191 -1191 -1191 -1190 -1190 -1190 -1190 -1190 -1190 -1190 -1190 -1190 -1190 -1190 -1190 -1190 -1190 -1190 -1190 -1190 -1190 -1190 -1190 -1190 -1190 -1190 -1190 -1190 -1190 -1190 -1190 -1190 -1190 -1190 -1190 -1190 -1190 -1190 -1190 -1190 -1190 -1190 -1190 -1190 -1190 -1190 -1190 -1190 -1190 -1190 -1190 -1190 -1190 -1190 -1190 -1190 -1190 -1190 -1190 -1190 -1190 -1190 -1190 -1190 -1190 -1190 -1190 -1190 -1190 -1190 -1190 -1190 -1190 -1190 -1190 -1190 -1190 -1190 -1190 -1191 -1191 -1190 -1190 -1190 -1191 -1190 -1190 -1190 -1190 -1190 -1190 -1190 -1190 -1190 -1190 -1190 -1190 -1190 -1190
-1190 -1191 -1191 -1191 -1191 -1191 -1191 -1191 -1191 -1191 -1191 -1191 -1191 -1191 -1191 -1191 -1191 -1192 -1192 -1192 -1192 -1192 -1192 -1193 -1193 -1193 -1193 -1193 -1193 -1194 -1193 -1194 -1194 -1194 -1194 -1194 -1194 -1194 -1194 -1194 -1195 -1195 -1195 -1195 -1195 -1195 -1195 -1195 -1195 -1195 -1195 -1195 -1195 -1195 -1195 -1195 -1195 -1194 -1195 -1195 -1195 -1195 -1195 -1195 -1195 -1195 -1195 -1195 -1195 -1195 -1195 -1195 -1195 -1195 -1195 -1196 -1195 -1196 -1195 -1196 -1196 -1195 -1195 -1195 -1195 -1195 -1196 -1196 -1196 -1196 -1195 -1195 -1195 -1195 -1195 -1195 -1195 -1195 -1196 -1196 -1196 -1196 -1195 -1195 -1195 -1195 -1195 -1195 -1195 -1195 -1196 -1196 -1196 -1196 -1196 -1196 -1195 -1196 -1195 -1196 -1195 -1195 -1196 -1195 -1196 -1196 -1196 -1196 -1196 -1196 -1196 -1196 -1196 -1195 -1196 -1196 -1196 -1196 -1196 -1196 -1196 -1196 -1196 -1196 -1196 -1196 -1196 -1196 -1196 -1196 -1196 -1196 -1196 -1196 -1196 -1196 -1196 -1196 -1196 -1196 -1196 -1196 -1196 -1196 -1196 -1196 -1196 -1196 -1196 -1196 -1196 -1196 -1196 -1196 -1196 -1196 -1196 -1196 -1196 -1196 -1196 -1196 -1196 -1196 -1197 -1196 -1197 -1196 -1197 -1196 -1196 -1196 -1197 -1197 -1196 -1196 -1196 -1196 -1196 -1196 -1196 -1196 -1196 -1196 -1196 -1196 -1196 -1197 -1197 -1197 -1197 -1198 -1197 -1197 -1198 -1198 -1198 -1198 -1198 -1198 -1198 -1198 -1198 -1198 -1198 -1198 -1198 -1199 -1198 -1198 -1198 -1198 -1198 -1198 -1198 -1198 -1198 -1198 -1198 -1198 -1198 -1198 -1198 -1197 -1198 -1198 -1198 -1197 -1197 -1197 -1197 -1197 -1197 -1197 -1197 -1197
-1192 -1192 -1191 -1192 -1191 -1191 -1190 -1190 -1190 -1190 -1190 -1190 -1190 -1190 -1190 -1190 -1190 -1190 -1190 -1190 -1190 -1190 -1190 -1190 -1190 -1190 -1190 -1190 -1190 -1190 -1190 -1190 -1190 -1190 -1190 -1190 -1189 -1190 -1190 -1190 -1190 -1190 -1190 -1190 -1190 -1190 -1190 -1190 -1190 -1190 -1190 -1190 -1190 -1190 -1190 -1190 -1190 -1190 -1190 -1190 -1190 -1190 -1190 -1190 -1190 -1190 -1190 -1190 -1190 -1190 -1190 -1190 -1190 -1190 -1190 -1190 -1190 -1190 -1190 -1190 -1190 -1190 -1190 -1190 -1190 -1190 -1190 -1190 -1190 -1190 -1190 -1190 -1190 -1190 -1190 -1190 -1190 -1190 -1190 -1190 -1190 -1190 -1191 -1191 -1190 -1190 -1190 -1190 -1191 -1190 -1190 -1190 -1190 -1191 -1190 -1191 -1191 -1190 -1190 -1191 -1191 -1191 -1190 -1191 -1190 -1190 -1191 -1190 -1191 -1190 -1191 -1191 -1191 -1190 -1191 -1191 -1190 -1191 -1191 -1191 -1191 -1190 -1191 -1190 -1191 -1191 -1191 -1191 -1191 -1191 -1191 -1191 -1191 -1191 -1191 -1190 -1190 -1190 -1190 -1190 -1189 -1189 -1189 -1189 -1188 -1189 -1189 -1188 -1189 -1188 -1188 -1188 -1188 -1188 -1188 -1188 -1188 -1189 -1188 -1189 -1189 -1189 -1189 -1188 -1189 -1188 -1188 -1188 -1188 -1188 -1188 -1188 -1188 -1188 -1188 -1188 -1189 -1189 -1189 -1189 -1189 -1190 -1190 -1190 -1190 -1190 -1191 -1191 -1190 -1191 -1191 -1191 -1191 -1191 -1191 -1191 -1191 -1191 -1191 -1191 -1191 -1191 -1191 -1191 -1191 -1192 -1191 -1192 -1192 -1192 -1192 -1192 -1192 -1193 -1193 -1193 -1193 -1193 -1193 -1194 -1194 -1194 -1194 -1194 -1194 -1195 -1194 -1194 -1195 -1195 -1195 -1195 -1195 -1195 -1195 -1195
-1196 -1196 -1196 -1196 -1196 -1196 -1196 -1196 -1196 -1196 -1196 -1196 -1196 -1196 -1196 -1196 -1196 -1196 -1196 -1196 -1196 -1196 -1196 -1196 -1196 -1196 -1196 -1196 -1196 -1196 -1196 -1196 -1196 -1196 -1196 -1197 -1196 -1196 -1196 -1196 -1196 -1196 -1196 -1196 -1196 -1196 -1196 -1196 -1196 -1196 -1196 -1196 -1196 -1196 -1196 -1196 -1197 -1197 -1198 -1198 -1198 -1198 -1198 -1198 -1198 -1198 -1198 -1198 -1198 -1198 -1198 -1198 -1198 -1198 -1198 -1198 -1198 -1198 -1198 -1198 -1198 -1198 -1198 -1198 -1198 -1198 -1198 -1198 -1198 -1198 -1198 -1198 -1198 -1197 -1197 -1198 -1197 -1197 -1197 -1197 -1197 -1197 -1197 -1197 -1197 -1197 -1197 -1197 -1197 -1197 -1197 -1197 -1197 -1197 -1197 -1197 -1197 -1197 -1196 -1196 -1196 -1196 -1196 -1196 -1196 -1195 -1195 -1195 -1195 -1195 -1195 -1195 -1195 -1195 -1195 -1195 -1195 -1195 -1195 -1195 -1195 -1195 -1195 -1195 -1195 -1195 -1195 -1195 -1195 -1195 -1195 -1194 -1194 -1194 -1194 -1194 -1194 -1194 -1194 -1193 -1194 -1193 -1194 -1194 -1194 -1193 -1193 -1193 -1193 -1193 -1193 -1193 -1193 -1193 -1193 -1193 -1193 -1193 -1192 -1192 -1192 -1192 -1192 -1192 -1192 -1192 -1192 -1192 -1192 -1192 -1192 -1192 -1192 -1192 -1192 -1192 -1192 -1191 -1192 -1192 -1192 -1191 -1191 -1191 -1191 -1192 -1191 -1191 -1191 -1191 -1191 -1191 -1191 -1191 -1191 -1190 -1190 -1190 -1190 -1190 -1190 -1190 -1190 -1190 -1190 -1190 -1190 -1190 -1190 -1190 -1190 -1190 -1190 -1190 -1190 -1190 -1190 -1190 -1190 -1190 -1190 -1190 -1190 -1190 -1190 -1190 -1190 -1190 -1190 -1190 -1190 -1190 -1190 -1190 -1190 -1190
-1191 -1190 -1191 -1190 -1190 -1190 -1190 -1189 -1189 -1189 -1189 -1189 -1188 -1189 -1189 -1188 -1188 -1188 -1188 -1188 -1188 -1189 -1188 -1189 -1189 -1189 -1189 -1189 -1188 -1189 -1188 -1188 -1189 -1188 -1188 -1188 -1188 -1188 -1188 -1188 -1188 -1188 -1189 -1189 -1189 -1189 -1189 -1189 -1190 -1190 -1190 -1190 -1190 -1191 -1190 -1191 -1191 -1191 -1190 -1191 -1191 -1191 -1191 -1191 -1191 -1191 -1191 -1191 -1191 -1191 -1191 -1191 -1191 -1191 -1192 -1192 -1192 -1192 -1193 -1192 -1193 -1193 -1193 -1193 -1194 -1194 -1194 -1193 -1194 -1194 -1194 -1194 -1194 -1194 -1194 -1194 -1195 -1195 -1195 -1194 -1195 -1195 -1195 -1195 -1194 -1195 -1194 -1195 -1195 -1195 -1195 -1195 -1195 -1195 -1195 -1195 -1195 -1195 -1195 -1195 -1195 -1195 -1195 -1195 -1195 -1195 -1195 -1195 -1195 -1195 -1195 -1195 -1196 -1195 -1195 -1195 -1195 -1195 -1196 -1196 -1195 -1195 -1195 -1195 -1196 -1195 -1196 -1195 -1196 -1195 -1195 -1195 -1196 -1196 -1196 -1196 -1195 -1196 -1196 -1196 -1195 -1195 -1195 -1195 -1195 -1195 -1196 -1196 -1196 -1196 -1196 -1195 -1196 -1196 -1195 -1195 -1195 -1196 -1195 -1196 -1196 -1196 -1196 -1196 -1196 -1196 -1196 -1196 -1196 -1196 -1196 -1196 -1196 -1196 -1196 -1196 -1196 -1196 -1196 -1196 -1196 -1196 -1196 -1196 -1196 -1196 -1196 -1196 -1196 -1196 -1196 -1196 -1196 -1196 -1196 -1196 -1196 -1196 -1196 -1196 -1196 -1196 -1196 -1196 -1196 -1196 -1196 -1196 -1196 -1196 -1196 -1196 -1196 -1196 -1196 -1196 -1196 -1197 -1197 -1196 -1196 -1196 -1197 -1196 -1196 -1196 -1197 -1197 -1196 -1196 -1196 -1196 -1196 -1196 -1196 -1196
-1195 -1194 -1194 -1194 -1194 -1194 -1194 -1194 -1194 -1194 -1194 -1194 -1193 -1193 -1193 -1193 -1193 -1193 -1193 -1193 -1193 -1193 -1192 -1193 -1192 -1192 -1193 -1192 -1192 -1192 -1192 -1192 -1192 -1192 -1192 -1192 -1192 -1192 -1191 -1192 -1192 -1192 -1192 -1192 -1192 -1191 -1191 -1191 -1192 -1191 -1191 -1191 -1192 -1192 -1191 -1191 -1191 -1191 -1191 -1191 -1191 -1191 -1191 -1190 -1190 -1190 -1190 -1190 -1190 -1190 -1190 -1190 -1190 -1190 -1190 -1190 -1190 -1190 -1190 -1190 -1190 -1190 -1190 -1190 -1190 -1190 -1190 -1190 -1190 -1189 -1190 -1190 -1190 -1190 -1190 -1190 -1190 -1190 -1190 -1190 -1190 -1190 -1190 -1190 -1190 -1190 -1190 -1190 -1190 -1190 -1190 -1190 -1190 -1190 -1190 -1190 -1190 -1190 -1190 -1190 -1190 -1190 -1190 -1190 -1190 -1190 -1190 -1190 -1190 -1190 -1190 -1190 -1190 -1190 -1190 -1190 -1190 -1190 -1190 -1191 -1190 -1190 -1190 -1190 -1190 -1190 -1190 -1190 -1190 -1190 -1190 -1190 -1190 -1190 -1190 -1190 -1190 -1190 -1190 -1190 -1190 -1190 -1190 -1190 -1190 -1190 -1190 -1190 -1191 -1190 -1191 -1191 -1191 -1191 -1191 -1190 -1191 -1191 -1191 -1190 -1191 -1190 -1190 -1190 -1191 -1190 -1191 -1190 -1191 -1191 -1191 -1191 -1191 -1191 -1191 -1191 -1191 -1191 -1191 -1191 -1191 -1191 -1191 -1191 -1191 -1191 -1191 -1191 -1191 -1191 -1191 -1190 -1190 -1190 -1190 -1190 -1190 -1189 -1189 -1189 -1189 -1189 -1189 -1189 -1188 -1188 -1188 -1189 -1188 -1188 -1189 -1189 -1188 -1188 -1188 -1189 -1189 -1189 -1189 -1189 -1189 -1188 -1188 -1188 -1188 -1188 -1188 -1188 -1188 -1188 -1188 -1188 -1188 -1189 -1189 -1189
-1195 -1195 -1195 -1196 -1196 -1196 -1196 -1195 -1195 -1196 -1195 -1196 -1196 -1195 -1196 -1196 -1196 -1195 -1195 -1196 -1195 -1196 -1195 -1195 -1195 -1195 -1196 -1196 -1196 -1196 -1196 -1196 -1196 -1196 -1196 -1196 -1196 -1196 -1196 -1196 -1196 -1196 -1196 -1196 -1196 -1196 -1196 -1196 -1196 -1196 -1196 -1196 -1196 -1196 -1196 -1196 -1196 -1196 -1196 -1196 -1196 -1196 -1196 -1196 -1196 -1196 -1196 -1196 -1196 -1196 -1196 -1196 -1196 -1196 -1196 -1196 -1197 -1197 -1196 -1196 -1196 -1196 -1196 -1196 -1196 -1196 -1196 -1196 -1196 -1197 -1197 -1196 -1196 -1196 -1196 -1196 -1196 -1196 -1196 -1196 -1196 -1196 -1196 -1196 -1196 -1196 -1196 -1196 -1196 -1196 -1196 -1197 -1197 -1197 -1197 -1197 -1198 -1198 -1198 -1198 -1198 -1198 -1198 -1198 -1198 -1198 -1198 -1198 -1198 -1198 -1198 -1198 -1198 -1198 -1198 -1198 -1198 -1198 -1198 -1198 -1198 -1198 -1198 -1198 -1198 -1198 -1198 -1198 -1198 -1198 -1197 -1198 -1198 -1198 -1197 -1197 -1197 -1197 -1197 -1197 -1197 -1197 -1197 -1197 -1197 -1197 -1197 -1197 -1197 -1197 -1197 -1197 -1197 -1197 -1196 -1196 -1196 -1196 -1196 -1196 -1195 -1195 -1195 -1195 -1195 -1195 -1195 -1195 -1195 -1195 -1195 -1195 -1195 -1195 -1195 -1195 -1195 -1195 -1195 -1195 -1195 -1195 -1195 -1195 -1195 -1195 -1195 -1194 -1194 -1194 -1194 -1194 -1194 -1194 -1194 -1193 -1194 -1194 -1194 -1193 -1193 -1193 -1193 -1193 -1193 -1193 -1193 -1193 -1193 -1193 -1193 -1193 -1193 -1193 -1192 -1192 -1192 -1192 -1192 -1192 -1192 -1192 -1192 -1192 -1192 -1192 -1192 -1192 -1192 -1192 -1192 -1192 -1192 -1192 -1192 -1192
-1191 -1190 -1190 -1190 -1191 -1190 -1190 -1191 -1190 -1190 -1190 -1190 -1190 -1190 -1190 -1190 -1190 -1190 -1191 -1190 -1191 -1191 -1191 -1191 -1191 -1190 -1191 -1190 -1191 -1190 -1190 -1190 -1190 -1190 -1191 -1190 -1191 -1191 -1191 -1191 -1191 -1191 -1190 -1191 -1191 -1191 -1190 -1191 -1191 -1190 -1191 -1191 -1191 -1191 -1191 -1191 -1191 -1191 -1191 -1190 -1190 -1190 -1189 -1189 -1189 -1189 -1189 -1189 -1189 -1189 -1189 -1188 -1189 -1189 -1189 -1188 -1189 -1188 -1188 -1188 -1189 -1188 -1189 -1189 -1189 -1189 -1189 -1189 -1189 -1188 -1188 -1188 -1188 -1188 -1188 -1188 -1188 -1188 -1189 -1189 -1189 -1189 -1189 -1189 -1189 -1190 -1190 -1190 -1190 -1190 -1190 -1191 -1191 -1191 -1191 -1190 -1191 -1191 -1191 -1191 -1191 -1191 -1191 -1191 -1191 -1191 -1191 -1191 -1191 -1191 -1192 -1192 -1192 -1192 -1192 -1193 -1193 -1193 -1193 -1193 -1193 -1194 -1193 -1194 -1194 -1194 -1194 -1194 -1194 -1194 -1194 -1194 -1195 -1194 -1195 -1195 -1195 -1195 -1195 -1195 -1195 -1195 -1195 -1195 -1195 -1195 -1195 -1195 -1195 -1195 -1195 -1195 -1195 -1195 -1195 -1195 -1195 -1195 -1195 -1195 -1195 -1195 -1195 -1195 -1195 -1195 -1195 -1195 -1195 -1196 -1195 -1196 -1195 -1195 -1195 -1195 -1195 -1195 -1195 -1195 -1196 -1196 -1195 -1195 -1195 -1195 -1195 -1195 -1195 -1195 -1196 -1196 -1196 -1196 -1196 -1195 -1195 -1195 -1195 -1195 -1195 -1196 -1196 -1196 -1196 -1196 -1196 -1195 -1195 -1196 -1195 -1195 -1195 -1195 -1196 -1196 -1195 -1195 -1196 -1196 -1196 -1196 -1196 -1196 -1196 -1196 -1195 -1196 -1195 -1195 -1196 -1196 -1196 -1196 -1196 -1196
-1197 -1198 -1197 -1198 -1197 -1197 -1197 -1197 -1197 -1197 -1197 -1197 -1197 -1197 -1197 -1197 -1197 -1197 -1197 -1197 -1197 -1197 -1197 -1196 -1196 -1196 -1196 -1196 -1195 -1195 -1195 -1195 -1195 -1195 -1195 -1195 -1195 -1195 -1195 -1195 -1195 -1195 -1195 -1195 -1195 -1195 -1195 -1195 -1195 -1195 -1195 -1195 -1195 -1195 -1195 -1194 -1194 -1194 -1194 -1194 -1193 -1194 -1194 -1194 -1194 -1194 -1193 -1193 -1193 -1194 -1193 -1193 -1193 -1193 -1193 -1193 -1193 -1193 -1193 -1193 -1193 -1193 -1192 -1193 -1192 -1192 -1192 -1192 -1192 -1192 -1192 -1192 -1192 -1192 -1192 -1192 -1192 -1192 -1192 -1192 -1191 -1192 -1192 -1191 -1191 -1191 -1191 -1191 -1192 -1191 -1191 -1191 -1191 -1191 -1191 -1191 -1191 -1191 -1191 -1190 -1191 -1190 -1190 -1190 -1190 -1190 -1190 -1190 -1190 -1190 -1190 -1190 -1190 -1190 -1190 -1190 -1190 -1190 -1190 -1190 -1190 -1190 -1190 -1190 -1190 -1190 -1190 -1190 -1190 -1190 -1190 -1190 -1190 -1190 -1190 -1190 -1190 -1190 -1190 -1190 -1190 -1190 -1190 -1190 -1190 -1190 -1190 -1190 -1189 -1190 -1190 -1190 -1190 -1190 -1190 -1190 -1190 -1190 -1190 -1190 -1190 -1190 -1190 -1190 -1190 -1190 -1190 -1190 -1190 -1190 -1190 -1190 -1191 -1191 -1190 -1191 -1190 -1190 -1190 -1190 -1190 -1190 -1190 -1190 -1190 -1190 -1190 -1190 -1190 -1190 -1190 -1190 -1190 -1191 -1191 -1190 -1191 -1190 -1191 -1191 -1190 -1190 -1190 -1190 -1190 -1190 -1190 -1191 -1191 -1191 -1190 -1190 -1191 -1190 -1191 -1190 -1190 -1191 -1190 -1191 -1190 -1191 -1190 -1191 -1191 -1191 -1191 -1191 -1191 -1191 -1191 -1191 -1191 -1190 -1191 -1191
-1194 -1195 -1195 -1195 -1195 -1195 -1195 -1195 -1195 -1194 -1195 -1195 -1195 -1195 -1195 -1195 -1195 -1195 -1195 -1194 -1195 -1195 -1195 -1195 -1195 -1195 -1195 -1195 -1195 -1195 -1195 -1195 -1195 -1195 -1195 -1196 -1195 -1196 -1195 -1195 -1196 -1195 -1195 -1195 -1196 -1195 -1195 -1195 -1195 -1195 -1195 -1196 -1195 -1195 -1196 -1196 -1195 -1196 -1196 -1196 -1196 -1195 -1196 -1195 -1195 -1196 -1195 -1196 -1195 -1196 -1196 -1196 -1196 -1196 -1196 -1195 -1196 -1195 -1196 -1196 -1196 -1195 -1195 -1196 -1196 -1196 -1196 -1196 -1196 -1196 -1196 -1196 -1196 -1196 -1196 -1196 -1196 -1196 -1196 -1196 -1196 -1196 -1196 -1196 -1196 -1196 -1196 -1196 -1196 -1196 -1196 -1196 -1196 -1196 -1196 -1196 -1196 -1196 -1196 -1196 -1196 -1196 -1196 -1196 -1196 -1196 -1196 -1196 -1196 -1196 -1196 -1196 -1196 -1196 -1196 -1196 -1196 -1196 -1196 -1196 -1196 -1196 -1197 -1196 -1197 -1197 -1197 -1197 -1196 -1196 -1197 -1196 -1196 -1196 -1196 -1196 -1196 -1196 -1196 -1196 -1196 -1196 -1196 -1196 -1196 -1196 -1197 -1197 -1197 -1197 -1197 -1198 -1198 -1198 -1198 -1198 -1198 -1198 -1198 -1198 -1198 -1198 -1198 -1198 -1199 -1198 -1198 -1198 -1198 -1198 -1198 -1198 -1198 -1198 -1198 -1198 -1198 -1198 -1198 -1198 -1197 -1198 -1198 -1198 -1198 -1198 -1198 -1198 -1197 -1197 -1197 -1197 -1197 -1197 -1197 -1197 -1197 -1197 -1197 -1197 -1197 -1197 -1197 -1198 -1197 -1197 -1197 -1197 -1197 -1197 -1197 -1196 -1196 -1196 -1196 -1196 -1196 -1195 -1195 -1195 -1195 -1195 -1195 -1195 -1195 -1195 -1195 -1195 -1195 -1195 -1195 -1195 -1195 -1195 -1195 -1195
-1190 -1190 -1190 -1190 -1190 -1190 -1190 -1190 -1190 -1190 -1190 -1190 -1190 -1190 -1190 -1190 -1190 -1190 -1190 -1190 -1190 -1190 -1190 -1190 -1190 -1190 -1190 -1190 -1190 -1190 -1190 -1190 -1190 -1190 -1190 -1190 -1190 -1191 -1190 -1190 -1190 -1190 -1190 -1190 -1190 -1190 -1190 -1190 -1190 -1190 -1190 -1190 -1190 -1190 -1190 -1190 -1190 -1190 -1190 -1190 -1191 -1191 -1190 -1190 -1191 -1190 -1190 -1190 -1190 -1190 -1190 -1190 -1191 -1190 -1191 -1190 -1190 -1191 -1191 -1190 -1190 -1191 -1191 -1190 -1190 -1190 -1191 -1191 -1190 -1190 -1191 -1191 -1191 -1191 -1191 -1190 -1191 -1191 -1191 -1191 -1191 -1191 -1191 -1191 -1191 -1191 -1190 -1191 -1191 -1191 -1191 -1191 -1191 -1191 -1190 -1190 -1190 -1190 -1190 -1189 -1189 -1189 -1189 -1189 -1189 -1188 -1188 -1189 -1188 -1188 -1188 -1188 -1188 -1188 -1188 -1189 -1189 -1189 -1189 -1189 -1189 -1189 -1189 -1189 -1188 -1188 -1188 -1188 -1188 -1188 -1188 -1188 -1188 -1188 -1188 -1189 -1189 -1189 -1189 -1189 -1189 -1190 -1190 -1190 -1190 -1191 -1190 -1191 -1191 -1191 -1191 -1191 -1191 -1191 -1191 -1191 -1191 -1191 -1191 -1191 -1191 -1191 -1191 -1191 -1191 -1192 -1192 -1192 -1192 -1192 -1192 -1192 -1193 -1193 -1193 -1193 -1193 -1193 -1194 -1194 -1194 -1194 -1194 -1194 -1194 -1194 -1194 -1195 -1194 -1194 -1195 -1194 -1195 -1195 -1195 -1195 -1195 -1195 -1195 -1195 -1194 -1195 -1195 -1195 -1195 -1195 -1194 -1195 -1195 -1195 -1195 -1195 -1195 -1195 -1195 -1195 -1195 -1195 -1195 -1195 -1195 -1195 -1195 -1196 -1195 -1195 -1195 -1195 -1196 -1196 -1195 -1196 -1196 -1195 -1195 -1196
-1196 -1196 -1197 -1197 -1196 -1196 -1196 -1196 -1196 -1196 -1196 -1196 -1196 -1197 -1197 -1197 -1197 -1197 -1197 -1198 -1198 -1198 -1198 -1198 -1198 -1198 -1198 -1199 -1198 -1198 -1198 -1198 -1198 -1198 -1198 -1198 -1198 -1198 -1198 -1198 -1198 -1198 -1198 -1198 -1198 -1198 -1198 -1198 -1198 -1198 -1198 -1197 -1198 -1198 -1197 -1197 -1197 -1197 -1197 -1197 -1197 -1197 -1197 -1197 -1197 -1197 -1197 -1197 -1197 -1198 -1197 -1197 -1197 -1197 -1197 -1197 -1197 -1196 -1196 -1196 -1196 -1196 -1196 -1195 -1195 -1195 -1195 -1195 -1195 -1195 -1195 -1195 -1195 -1195 -1195 -1195 -1195 -1195 -1195 -1195 -1195 -1195 -1195 -1195 -1195 -1195 -1195 -1195 -1194 -1194 -1194 -1194 -1194 -1194 -1194 -1194 -1194 -1194 -1194 -1194 -1193 -1194 -1194 -1194 -1194 -1193 -1193 -1193 -1193 -1193 -1193 -1193 -1193 -1193 -1193 -1193 -1192 -1192 -1192 -1192 -1192 -1192 -1192 -1192 -1192 -1192 -1192 -1192 -1192 -1192 -1192 -1192 -1192 -1192 -1192 -1192 -1192 -1192 -1192 -1192 -1191 -1192 -1192 -1191 -1191 -1191 -1191 -1191 -1191 -1191 -1191 -1191 -1191 -1191 -1191 -1190 -1190 -1190 -1190 -1190 -1190 -1190 -1190 -1190 -1190 -1190 -1190 -1190 -1190 -1190 -1190 -1190 -1190 -1190 -1191 -1190 -1190 -1190 -1190 -1190 -1190 -1190 -1190 -1190 -1190 -1190 -1190 -1190 -1190 -1190 -1190 -1190 -1190 -1190 -1190 -1190 -1190 -1190 -1190 -1190 -1190 -1190 -1190 -1190 -1190 -1190 -1190 -1190 -1190 -1190 -1190 -1190 -1190 -1190 -1190 -1190 -1190 -1190 -1190 -1190 -1190 -1190 -1190 -1190 -1190 -1190 -1190 -1190 -1190 -1190 -1190 -1190 -1190 -1190 -1190 -1190
-1188 -1189 -1189 -1189 -1189 -1189 -1189 -1190 -1189 -1190 -1190 -1190 -1190 -1190 -1190 -1191 -1191 -1191 -1191 -1191 -1191 -1191 -1191 -1191 -1191 -1191 -1191 -1191 -1191 -1191 -1191 -1191 -1192 -1192 -1192 -1192 -1192 -1192 -1192 -1193 -1193 -1193 -1193 -1193 -1193 -1194 -1194 -1194 -1194 -1194 -1194 -1194 -1194 -1194 -1195 -1194 -1195 -1195 -1195 -1195 -1195 -1194 -1195 -1195 -1195 -1195 -1195 -1195 -1195 -1195 -1195 -1195 -1195 -1195 -1195 -1195 -1195 -1195 -1195 -1195 -1195 -1195 -1195 -1195 -1195 -1195 -1195 -1195 -1195 -1195 -1195 -1195 -1195 -1195 -1195 -1196 -1195 -1195 -1195 -1195 -1195 -1196 -1195 -1195 -1195 -1195 -1196 -1195 -1195 -1195 -1195 -1195 -1195 -1195 -1195 -1195 -1196 -1195 -1195 -1196 -1196 -1196 -1196 -1196 -1196 -1196 -1196 -1196 -1196 -1196 -1196 -1195 -1196 -1196 -1195 -1196 -1195 -1196 -1195 -1195 -1195 -1196 -1195 -1196 -1196 -1196 -1196 -1196 -1196 -1196 -1196 -1196 -1196 -1196 -1196 -1196 -1196 -1196 -1196 -1196 -1196 -1196 -1196 -1196 -1196 -1196 -1196 -1196 -1196 -1196 -1196 -1196 -1196 -1196 -1196 -1196 -1196 -1196 -1196 -1196 -1196 -1196 -1196 -1196 -1196 -1196 -1196 -1197 -1196 -1196 -1196 -1196 -1196 -1196 -1196 -1196 -1196 -1196 -1196 -1196 -1196 -1196 -1197 -1196 -1196 -1197 -1196 -1196 -1196 -1197 -1196 -1196 -1196 -1196 -1196 -1196 -1196 -1196 -1196 -1196 -1196 -1196 -1197 -1197 -1197 -1197 -1197 -1198 -1198 -1198 -1198 -1198 -1198 -1198 -1198 -1198 -1198 -1198 -1198 -1199 -1198 -1199 -1198 -1198 -1198 -1198 -1198 -1198 -1198 -1198 -1198 -1198 -1198 -1198 -1198 -1198
-1192 -1192 -1192 -1192 -1192 -1192 -1191 -1191 -1192 -1191 -1191 -1191 -1192 -1191 -1191 -1191 -1191 -1191 -1191 -1191 -1191 -1191 -1190 -1190 -1190 -1190 -1190 -1190 -1190 -1190 -1190 -1190 -1190 -1190 -1190 -1190 -1190 -1190 -1190 -1190 -1190 -1190 -1190 -1190 -1190 -1190 -1190 -1190 -1190 -1190 -1190 -1190 -1190 -1190 -1190 -1190 -1190 -1190 -1190 -1190 -1190 -1190 -1190 -1190 -1190 -1190 -1190 -1190 -1190 -1190 -1190 -1190 -1190 -1190 -1190 -1190 -1190 -1190 -1190 -1190 -1190 -1190 -1190 -1190 -1190 -1190 -1190 -1190 -1190 -1190 -1190 -1190 -1190 -1190 -1190 -1190 -1190 -1190 -1190 -1190 -1190 -1190 -1190 -1190 -1190 -1190 -1190 -1190 -1190 -1190 -1190 -1190 -1190 -1190 -1190 -1190 -1190 -1191 -1190 -1190 -1191 -1190 -1190 -1190 -1190 -1190 -1190 -1190 -1191 -1191 -1190 -1191 -1191 -1191 -1191 -1190 -1191 -1190 -1190 -1190 -1190 -1191 -1191 -1191 -1191 -1191 -1191 -1191 -1191 -1191 -1191 -1191 -1191 -1191 -1191 -1191 -1191 -1191 -1191 -1191 -1191 -1190 -1191 -1191 -1191 -1190 -1191 -1191 -1191 -1191 -1190 -1190 -1190 -1190 -1190 -1189 -1189 -1189 -1189 -1189 -1189 -1189 -1189 -1189 -1188 -1188 -1188 -1188 -1188 -1188 -1188 -1189 -1189 -1189 -1189 -1189 -1188 -1188 -1189 -1188 -1188 -1188 -1188 -1188 -1188 -1188 -1188 -1188 -1188 -1188 -1188 -1189 -1189 -1189 -1189 -1189 -1190 -1189 -1190 -1190 -1190 -1191 -1190 -1191 -1191 -1191 -1190 -1191 -1191 -1191 -1191 -1191 -1191 -1191 -1191 -1191 -1191 -1191 -1191 -1191 -1191 -1191 -1191 -1192 -1192 -1192 -1193 -1193 -1193 -1193 -1193 -1193 -1193 -1193 -1193 -1194
-1195 -1196 -1196 -1196 -1196 -1196 -1196 -1196 -1196 -1196 -1196 -1196 -1196 -1196 -1196 -1196 -1196 -1196 -1196 -1196 -1196 -1196 -1196 -1196 -1196 -1196 -1196 -1196 -1196 -1196 -1197 -1196 -1196 -1196 -1196 -1197 -1196 -1196 -1196 -1196 -1196 -1196 -1196 -1196 -1197 -1196 -1196 -1196 -1197 -1196 -1196 -1196 -1196 -1196 -1196 -1196 -1196 -1196 -1196 -1196 -1197 -1196 -1196 -1196 -1196 -1196 -1196 -1196 -1196 -1196 -1197 -1196 -1197 -1197 -1198 -1198 -1198 -1198 -1198 -1198 -1197 -1198 -1198 -1198 -1198 -1198 -1198 -1198 -1198 -1198 -1198 -1198 -1198 -1198 -1198 -1198 -1198 -1198 -1198 -1198 -1198 -1198 -1198 -1198 -1198 -1198 -1198 -1198 -1198 -1198 -1197 -1197 -1198 -1197 -1197 -1197 -1197 -1197 -1197 -1197 -1197 -1197 -1197 -1197 -1197 -1197 -1197 -1198 -1197 -1197 -1197 -1197 -1197 -1197 -1196 -1196 -1196 -1196 -1196 -1196 -1196 -1195 -1195 -1195 -1195 -1195 -1195 -1195 -1195 -1195 -1195 -1195 -1195 -1195 -1195 -1195 -1195 -1195 -1195 -1195 -1195 -1195 -1195 -1195 -1195 -1194 -1194 -1194 -1194 -1194 -1194 -1194 -1194 -1194 -1193 -1193 -1194 -1194 -1194 -1193 -1193 -1193 -1193 -1193 -1193 -1193 -1193 -1193 -1193 -1193 -1192 -1193 -1193 -1192 -1192 -1192 -1193 -1192 -1192 -1192 -1192 -1193 -1192 -1192 -1192 -1192 -1192 -1192 -1192 -1192 -1192 -1192 -1192 -1192 -1192 -1191 -1192 -1192 -1191 -1192 -1192 -1191 -1192 -1191 -1191 -1192 -1191 -1191 -1191 -1191 -1191 -1190 -1190 -1190 -1190 -1190 -1190 -1190 -1190 -1190 -1190 -1190 -1190 -1190 -1190 -1190 -1190 -1190 -1190 -1190 -1190 -1190 -1190 -1190 -1190 -1190
-1191 -1191 -1191 -1191 -1191 -1191 -1191 -1191 -1191 -1191 -1191 -1191 -1191 -1191 -1190 -1191 -1190 -1190 -1190 -1190 -1190 -1189 -1190 -1189 -1189 -1189 -1189 -1189 -1189 -1189 -1189 -1188 -1189 -1188 -1189 -1188 -1188 -1189 -1188 -1189 -1189 -1189 -1189 -1189 -1189 -1189 -1188 -1188 -1189 -1188 -1188 -1188 -1188 -1188 -1188 -1188 -1188 -1188 -1189 -1189 -1189 -1189 -1189 -1189 -1190 -1190 -1190 -1190 -1191 -1191 -1191 -1191 -1191 -1191 -1191 -1191 -1191 -1191 -1191 -1191 -1191 -1191 -1191 -1191 -1191 -1191 -1191 -1191 -1192 -1191 -1192 -1192 -1192 -1192 -1192 -1193 -1193 -1193 -1193 -1194 -1194 -1194 -1194 -1194 -1194 -1194 -1194 -1194 -1195 -1194 -1195 -1195 -1195 -1195 -1195 -1195 -1195 -1195 -1195 -1195 -1195 -1195 -1195 -1195 -1194 -1195 -1195 -1195 -1195 -1195 -1195 -1195 -1195 -1195 -1195 -1195 -1195 -1195 -1195 -1195 -1195 -1196 -1195 -1195 -1195 -1195 -1195 -1195 -1195 -1196 -1196 -1196 -1196 -1195 -1195 -1195 -1195 -1196 -1195 -1195 -1195 -1196 -1195 -1195 -1195 -1195 -1196 -1195 -1195 -1195 -1196 -1195 -1195 -1196 -1196 -1196 -1195 -1196 -1195 -1196 -1196 -1196 -1196 -1196 -1195 -1196 -1195 -1196 -1196 -1195 -1195 -1195 -1195 -1195 -1195 -1196 -1196 -1196 -1196 -1196 -1196 -1196 -1196 -1196 -1196 -1196 -1196 -1196 -1196 -1196 -1196 -1196 -1196 -1196 -1196 -1196 -1196 -1196 -1196 -1196 -1196 -1196 -1196 -1196 -1196 -1196 -1196 -1196 -1196 -1196 -1196 -1196 -1196 -1196 -1196 -1196 -1196 -1196 -1196 -1196 -1196 -1196 -1196 -1196 -1196 -1196 -1196 -1196 -1196 -1196 -1196 -1196 -1197 -1196 -1196 -1196
-1195 -1195 -1195 -1195 -1195 -1195 -1195 -1195 -1195 -1195 -1195 -1195 -1195 -1195 -1194 -1194 -1194 -1194 -1194 -1194 -1194 -1194 -1194 -1194 -1194 -1194 -1193 -1193 -1193 -1194 -1193 -1193 -1193 -1193 -1193 -1193 -1192 -1193 -1193 -1192 -1193 -1192 -1192 -1192 -1192 -1192 -1192 -1192 -1192 -1192 -1192 -1192 -1192 -1192 -1192 -1192 -1192 -1192 -1192 -1192 -1192 -1192 -1192 -1192 -1191 -1192 -1191 -1191 -1191 -1191 -1192 -1191 -1191 -1191 -1191 -1190 -1191 -1191 -1190 -1190 -1190 -1190 -1190 -1190 -1190 -1190 -1190 -1190 -1190 -1190 -1190 -1190 -1190 -1190 -1190 -1190 -1190 -1190 -1190 -1190 -1190 -1190 -1190 -1190 -1190 -1190 -1190 -1190 -1190 -1190 -1190 -1190 -1190 -1190 -1190 -1190 -1190 -1190 -1190 -1190 -1190 -1190 -1190 -1190 -1190 -1190 -1190 -1190 -1190 -1190 -1190 -1190 -1190 -1190 -1190 -1190 -1190 -1190 -1190 -1190 -1190 -1190 -1190 -1190 -1190 -1190 -1190 -1190 -1190 -1190 -1191 -1190 -1191 -1190 -1190 -1190 -1190 -1191 -1190 -1190 -1190 -1190 -1190 -1190 -1190 -1190 -1190 -1190 -1190 -1190 -1190 -1190 -1190 -1191 -1190 -1190 -1190 -1190 -1190 -1190 -1190 -1190 -1190 -1191 -1190 -1191 -1191 -1191 -1190 -1190 -1191 -1190 -1191 -1190 -1191 -1191 -1191 -1190 -1190 -1190 -1190 -1191 -1191 -1191 -1190 -1191 -1191 -1191 -1191 -1191 -1191 -1190 -1191 -1191 -1191 -1191 -1191 -1191 -1191 -1191 -1191 -1191 -1191 -1191 -1191 -1191 -1190 -1190 -1190 -1190 -1190 -1190 -1189 -1189 -1189 -1189 -1188 -1189 -1188 -1189 -1188 -1189 -1188 -1188 -1189 -1188 -1188 -1188 -1188 -1188 -1189 -1189 -1189 -1189 -1189 -1189
-1195 -1196 -1196 -1196 -1196 -1195 -1196 -1195 -1195 -1195 -1196 -1195 -1195 -1195 -1196 -1196 -1196 -1195 -1195 -1195 -1196 -1195 -1195 -1195 -1195 -1196 -1196 -1196 -1196 -1196 -1195 -1196 -1196 -1195 -1195 -1195 -1195 -1196 -1195 -1196 -1196 -1195 -1196 -1195 -1196 -1196 -1196 -1196 -1196 -1195 -1196 -1196 -1196 -1196 -1196 -1196 -1196 -1196 -1196 -1196 -1196 -1196 -1196 -1196 -1196 -1196 -1196 -1196 -1196 -1196 -1196 -1196 -1196 -1196 -1196 -1196 -1196 -1196 -1196 -1196 -1196 -1196 -1197 -1196 -1196 -1196 -1196 -1196 -1197 -1196 -1196 -1197 -1196 -1196 -1196 -1196 -1196 -1196 -1196 -1196 -1196 -1197 -1196 -1197 -1196 -1196 -1196 -1196 -1196 -1196 -1196 -1196 -1196 -1196 -1196 -1196 -1196 -1196 -1196 -1196 -1196 -1196 -1196 -1196 -1196 -1197 -1197 -1197 -1197 -1197 -1197 -1198 -1198 -1198 -1198 -1198 -1198 -1198 -1198 -1198 -1198 -1198 -1199 -1199 -1198 -1198 -1198 -1198 -1198 -1198 -1198 -1198 -1198 -1198 -1198 -1198 -1198 -1198 -1198 -1198 -1198 -1198 -1198 -1198 -1197 -1197 -1197 -1197 -1197 -1197 -1197 -1197 -1197 -1197 -1197 -1197 -1197 -1197 -1197 -1197 -1197 -1197 -1197 -1197 -1197 -1197 -1197 -1197 -1197 -1197 -1197 -1196 -1196 -1196 -1196 -1195 -1195 -1195 -1195 -1195 -1195 -1195 -1195 -1195 -1195 -1195 -1195 -1195 -1195 -1195 -1195 -1195 -1195 -1195 -1195 -1195 -1195 -1195 -1195 -1195 -1195 -1194 -1194 -1195 -1194 -1194 -1194 -1194 -1194 -1194 -1194 -1193 -1194 -1194 -1193 -1193 -1193 -1193 -1193 -1193 -1193 -1193 -1193 -1193 -1193 -1193 -1193 -1192 -1192 -1192 -1193 -1192 -1192 -1192 -1192 -1192
-1190 -1190 -1191 -1191 -1191 -1190 -1190 -1190 -1190 -1190 -1190 -1190 -1190 -1190 -1190 -1190 -1190 -1190 -1191 -1190 -1191 -1190 -1191 -1191 -1190 -1190 -1191 -1190 -1191 -1190 -1191 -1190 -1191 -1191 -1191 -1191 -1191 -1190 -1191 -1191 -1191 -1191 -1191 -1191 -1191 -1190 -1191 -1190 -1190 -1190 -1190 -1191 -1191 -1191 -1191 -1191 -1191 -1191 -1191 -1191 -1191 -1190 -1191 -1191 -1191 -1191 -1191 -1191 -1191 -1191 -1191 -1191 -1191 -1190 -1190 -1190 -1190 -1190 -1189 -1189 -1189 -1189 -1189 -1189 -1189 -1188 -1188 -1188 -1188 -1188 -1188 -1188 -1188 -1189 -1189 -1189 -1189 -1189 -1189 -1189 -1189 -1189 -1188 -1188 -1188 -1188 -1188 -1188 -1188 -1188 -1188 -1188 -1188 -1189 -1189 -1189 -1189 -1189 -1189 -1189 -1190 -1190 -1190 -1191 -1191 -1190 -1191 -1191 -1191 -1191 -1191 -1191 -1191 -1191 -1191 -1191 -1191 -1191 -1191 -1191 -1191 -1191 -1191 -1191 -1191 -1192 -1192 -1192 -1193 -1192 -1193 -1193 -1193 -1193 -1193 -1193 -1193 -1194 -1194 -1194 -1194 -1194 -1194 -1194 -1194 -1194 -1194 -1194 -1195 -1194 -1195 -1194 -1195 -1195 -1195 -1194 -1195 -1195 -1195 -1194 -1195 -1195 -1195 -1194 -1195 -1195 -1195 -1195 -1195 -1195 -1195 -1195 -1195 -1195 -1195 -1195 -1195 -1195 -1195 -1195 -1195 -1195 -1195 -1195 -1195 -1195 -1196 -1196 -1195 -1196 -1196 -1195 -1195 -1196 -1195 -1196 -1196 -1195 -1195 -1195 -1195 -1195 -1196 -1195 -1195 -1196 -1196 -1196 -1196 -1196 -1195 -1195 -1195 -1195 -1195 -1195 -1196 -1196 -1196 -1196 -1196 -1196 -1196 -1196 -1195 -1196 -1196 -1195 -1195 -1195 -1196 -1195 -1196 -1195 -1196 -1196
-1197 -1198 -1198 -1198 -1198 -1198 -1198 -1198 -1198 -1198 -1198 -1198 -1198 -1198 -1197 -1197 -1197 -1197 -1197 -1197 -1197 -1197 -1197 -1197 -1197 -1197 -1197 -1198 -1197 -1197 -1197 -1197 -1197 -1197 -1197 -1197 -1197 -1196 -1196 -1197 -1196 -1196 -1196 -1195 -1195 -1195 -1195 -1195 -1195 -1195 -1195 -1195 -1195 -1195 -1195 -1195 -1195 -1195 -1195 -1195 -1195 -1195 -1195 -1195 -1195 -1195 -1195 -1195 -1195 -1194 -1194 -1194 -1194 -1194 -1194 -1193 -1194 -1194 -1193 -1194 -1194 -1194 -1193 -1193 -1193 -1193 -1194 -1193 -1193 -1193 -1193 -1193 -1193 -1193 -1192 -1192 -1192 -1192 -1193 -1192 -1192 -1192 -1192 -1192 -1192 -1192 -1192 -1192 -1192 -1192 -1192 -1192 -1192 -1192 -1192 -1192 -1192 -1191 -1192 -1191 -1191 -1191 -1191 -1192 -1192 -1191 -1191 -1191 -1191 -1191 -1191 -1191 -1191 -1191 -1190 -1190 -1190 -1190 -1190 -1190 -1190 -1190 -1190 -1190 -1190 -1190 -1190 -1190 -1190 -1190 -1190 -1190 -1190 -1190 -1190 -1190 -1190 -1190 -1190 -1190 -1190 -1190 -1190 -1190 -1190 -1190 -1190 -1190 -1190 -1190 -1190 -1190 -1190 -1190 -1190 -1190 -1190 -1190 -1190 -1190 -1190 -1190 -1190 -1190 -1190 -1190 -1190 -1190 -1190 -1190 -1190 -1190 -1190 -1190 -1190 -1190 -1190 -1190 -1190 -1190 -1190 -1190 -1190 -1190 -1190 -1190 -1190 -1190 -1190 -1191 -1190 -1190 -1190 -1190 -1190 -1190 -1190 -1190 -1190 -1190 -1190 -1190 -1190 -1190 -1190 -1190 -1190 -1190 -1190 -1191 -1190 -1190 -1190 -1190 -1190 -1190 -1190 -1190 -1190 -1190 -1190 -1191 -1190 -1191 -1191 -1190 -1191 -1191 -1191 -1191 -1191 -1190 -1190 -1191 -1190 -1190
-1193 -1193 -1193 -1194 -1194 -1194 -1194 -1194 -1194 -1194 -1194 -1194 -1194 -1194 -1194 -1195 -1195 -1195 -1195 -1195 -1194 -1195 -1195 -1195 -1195 -1194 -1195 -1195 -1195 -1195 -1195 -1195 -1195 -1195 -1195 -1195 -1195 -1195 -1195 -1195 -1195 -1195 -1195 -1195 -1195 -1195 -1195 -1195 -1195 -1195 -1196 -1195 -1195 -1196 -1195 -1196 -1195 -1195 -1195 -1196 -1196 -1196 -1195 -1196 -1195 -1195 -1195 -1195 -1196 -1195 -1195 -1196 -1195 -1196 -1196 -1195 -1195 -1195 -1195 -1196 -1195 -1196 -1195 -1195 -1196 -1196 -1196 -1196 -1196 -1196 -1196 -1196 -1195 -1195 -1196 -1195 -1196 -1195 -1195 -1195 -1196 -1196 -1195 -1196 -1196 -1196 -1196 -1196 -1196 -1196 -1196 -1196 -1196 -1195 -1196 -1196 -1196 -1196 -1196 -1196 -1196 -1196 -1196 -1196 -1196 -1196 -1196 -1196 -1196 -1196 -1196 -1196 -1196 -1196 -1196 -1196 -1196 -1196 -1196 -1196 -1196 -1196 -1196 -1196 -1197 -1196 -1196 -1196 -1196 -1196 -1196 -1196 -1196 -1196 -1196 -1196 -1197 -1197 -1196 -1196 -1196 -1196 -1197 -1196 -1196 -1196 -1196 -1196 -1196 -1196 -1196 -1197 -1196 -1197 -1196 -1196 -1196 -1196 -1196 -1196 -1197 -1196 -1197 -1197 -1197 -1198 -1198 -1197 -1198 -1198 -1198 -1198 -1198 -1198 -1198 -1198 -1198 -1198 -1198 -1199 -1198 -1198 -1198 -1198 -1198 -1198 -1198 -1198 -1198 -1198 -1198 -1198 -1198 -1198 -1198 -1198 -1197 -1198 -1197 -1197 -1198 -1198 -1198 -1197 -1197 -1197 -1197 -1197 -1197 -1197 -1197 -1197 -1197 -1197 -1197 -1197 -1197 -1197 -1197 -1197 -1197 -1197 -1197 -1197 -1197 -1197 -1196 -1196 -1196 -1196 -1196 -1196 -1196 -1195 -1195 -1195
-1191 -1190 -1190 -1190 -1190 -1190 -1190 -1190 -1190 -1190 -1190 -1190 -1190 -1190 -1190 -1190 -1190 -1190 -1190 -1190 -1190 -1190 -1190 -1190 -1190 -1190 -1190 -1190 -1190 -1190 -1190 -1190 -1190 -1190 -1190 -1190 -1190 -1190 -1190 -1190 -1190 -1190 -1190 -1190 -1190 -1190 -1190 -1190 -1190 -1190 -1190 -1190 -1190 -1190 -1190 -1190 -1190 -1190 -1191 -1190 -1190 -1190 -1190 -1190 -1190 -1190 -1190 -1190 -1191 -1190 -1190 -1190 -1190 -1190 -1190 -1190 -1190 -1190 -1191 -1191 -1190 -1190 -1190 -1190 -1190 -1191 -1190 -1190 -1191 -1191 -1190 -1191 -1191 -1191 -1191 -1191 -1190 -1190 -1190 -1191 -1190 -1191 -1190 -1190 -1190 -1190 -1191 -1191 -1191 -1191 -1191 -1191 -1191 -1191 -1191 -1191 -1190 -1191 -1191 -1191 -1191 -1191 -1190 -1191 -1191 -1191 -1191 -1191 -1191 -1191 -1190 -1190 -1190 -1190 -1190 -1189 -1189 -1189 -1189 -1189 -1189 -1188 -1188 -1188 -1188 -1188 -1188 -1188 -1188 -1188 -1189 -1189 -1189 -1189 -1189 -1189 -1189 -1188 -1188 -1188 -1188 -1188 -1188 -1188 -1188 -1188 -1188 -1188 -1188 -1188 -1188 -1189 -1189 -1189 -1189 -1189 -1190 -1190 -1190 -1190 -1190 -1191 -1191 -1191 -1190 -1191 -1191 -1191 -1191 -1191 -1191 -1191 -1191 -1191 -1191 -1191 -1191 -1191 -1191 -1191 -1191 -1192 -1192 -1192 -1192 -1192 -1193 -1193 -1193 -1193 -1193 -1194 -1193 -1193 -1194 -1194 -1194 -1194 -1194 -1194 -1194 -1195 -1195 -1195 -1195 -1194 -1195 -1194 -1195 -1195 -1195 -1195 -1195 -1195 -1195 -1195 -1195 -1195 -1195 -1195 -1195 -1195 -1195 -1195 -1195 -1195 -1195 -1195 -1195 -1195 -1195 -1195 -1195 -1195 -1195 -1195
-1196 -1196 -1197 -1197 -1196 -1197 -1196 -1196 -1196 -1196 -1196 -1196 -1196 -1196 -1196 -1196 -1196 -1196 -1196 -1196 -1196 -1197 -1197 -1196 -1196 -1196 -1196 -1196 -1196 -1197 -1197 -1197 -1197 -1197 -1197 -1198 -1198 -1198 -1198 -1198 -1198 -1198 -1198 -1198 -1199 -1199 -1198 -1198 -1198 -1198 -1198 -1198 -1198 -1198 -1198 -1198 -1198 -1198 -1198 -1198 -1198 -1198 -1198 -1198 -1198 -1198 -1198 -1198 -1198 -1197 -1197 -1198 -1197 -1197 -1197 -1197 -1197 -1197 -1197 -1197 -1197 -1197 -1197 -1197 -1197 -1198 -1197 -1197 -1197 -1197 -1197 -1197 -1197 -1197 -1196 -1196 -1196 -1196 -1196 -1195 -1195 -1195 -1195 -1195 -1195 -1195 -1195 -1195 -1195 -1195 -1195 -1195 -1195 -1195 -1195 -1195 -1195 -1195 -1195 -1195 -1195 -1195 -1195 -1195 -1195 -1194 -1194 -1194 -1194 -1194 -1194 -1194 -1194 -1194 -1193 -1194 -1193 -1194 -1193 -1194 -1193 -1193 -1194 -1193 -1193 -1193 -1193 -1193 -1193 -1193 -1192 -1193 -1193 -1192 -1192 -1192 -1192 -1192 -1192 -1192 -1192 -1192 -1192 -1192 -1192 -1192 -1192 -1192 -1192 -1192 -1192 -1192 -1192 -1192 -1191 -1192 -1192 -1192 -1192 -1191 -1191 -1192 -1191 -1191 -1192 -1191 -1191 -1191 -1191 -1191 -1190 -1190 -1190 -1190 -1190 -1190 -1190 -1190 -1190 -1190 -1190 -1190 -1190 -1190 -1190 -1190 -1190 -1190 -1190 -1190 -1190 -1190 -1190 -1190 -1190 -1190 -1190 -1190 -1190 -1190 -1190 -1190 -1190 -1190 -1190 -1190 -1190 -1190 -1190 -1190 -1190 -1190 -1190 -1190 -1190 -1190 -1190 -1190 -1190 -1190 -1190 -1190 -1190 -1190 -1190 -1190 -1190 -1190 -1190 -1190 -1190 -1190 -1190 -1190 -1190 -1190
-1189 -1189 -1189 -1189 -1189 -1188 -1188 -1188 -1188 -1188 -1188 -1188 -1188 -1188 -1188 -1188 -1188 -1188 -1189 -1189 -1189 -1189 -1190 -1190 -1190 -1190 -1190 -1191 -1190 -1191 -1191 -1191 -1191 -1191 -1191 -1191 -1191 -1191 -1191 -1191 -1191 -1191 -1191 -1191 -1191 -1191 -1191 -1192 -1192 -1192 -1192 -1192 -1192 -1192 -1193 -1192 -1193 -1193 -1194 -1193 -1194 -1194 -1194 -1194 -1194 -1194 -1194 -1194 -1195 -1194 -1195 -1195 -1195 -1195 -1195 -1194 -1194 -1195 -1195 -1195 -1194 -1195 -1195 -1195 -1195 -1195 -1195 -1195 -1195 -1195 -1195 -1195 -1195 -1195 -1195 -1195 -1195 -1195 -1195 -1195 -1195 -1195 -1195 -1195 -1195 -1195 -1195 -1195 -1195 -1195 -1195 -1195 -1195 -1195 -1195 -1195 -1196 -1195 -1195 -1195 -1195 -1196 -1195 -1195 -1195 -1196 -1195 -1196 -1196 -1196 -1196 -1196 -1195 -1195 -1195 -1195 -1196 -1195 -1195 -1196 -1196 -1196 -1196 -1196 -1195 -1196 -1196 -1196 -1195 -1195 -1196 -1196 -1195 -1195 -1196 -1196 -1196 -1196 -1196 -1196 -1196 -1196 -1196 -1196 -1196 -1196 -1196 -1196 -1196 -1196 -1196 -1196 -1196 -1196 -1196 -1196 -1196 -1196 -1196 -1196 -1196 -1196 -1196 -1196 -1196 -1196 -1196 -1196 -1196 -1196 -1196 -1196 -1196 -1196 -1196 -1196 -1196 -1196 -1196 -1196 -1196 -1196 -1196 -1196 -1196 -1196 -1196 -1196 -1196 -1196 -1196 -1196 -1196 -1196 -1197 -1196 -1196 -1196 -1196 -1196 -1196 -1196 -1196 -1196 -1196 -1196 -1196 -1196 -1196 -1196 -1196 -1196 -1196 -1196 -1196 -1196 -1196 -1197 -1196 -1197 -1197 -1197 -1198 -1198 -1198 -1198 -1198 -1198 -1198 -1198 -1198 -1198 -1198 -1198 -1198 -1198
-1193 -1192 -1192 -1192 -1192 -1192 -1192 -1192 -1192 -1192 -1192 -1192 -1192 -1192 -1192 -1192 -1192 -1192 -1192 -1192 -1192 -1192 -1191 -1192 -1192 -1192 -1191 -1192 -1191 -1191 -1191 -1191 -1191 -1191 -1191 -1191 -1190 -1190 -1190 -1190 -1190 -1190 -1190 -1190 -1190 -1190 -1191 -1190 -1190 -1190 -1190 -1190 -1190 -1190 -1190 -1190 -1190 -1190 -1190 -1190 -1190 -1190 -1190 -1190 -1189 -1190 -1190 -1190 -1190 -1190 -1190 -1190 -1190 -1190 -1190 -1190 -1190 -1190 -1190 -1190 -1190 -1190 -1190 -1190 -1190 -1190 -1190 -1190 -1190 -1190 -1190 -1190 -1190 -1190 -1190 -1190 -1190 -1190 -1190 -1190 -1190 -1190 -1190 -1190 -1190 -1190 -1190 -1190 -1190 -1190 -1190 -1191 -1190 -1190 -1190 -1190 -1190 -1190 -1190 -1190 -1190 -1190 -1190 -1190 -1190 -1190 -1190 -1190 -1190 -1190 -1190 -1191 -1190 -1191 -1190 -1190 -1190 -1191 -1190 -1190 -1190 -1190 -1190 -1190 -1191 -1191 -1190 -1191 -1190 -1191 -1191 -1191 -1190 -1191 -1190 -1190 -1190 -1191 -1191 -1190 -1191 -1191 -1191 -1191 -1191 -1191 -1191 -1191 -1191 -1191 -1191 -1191 -1191 -1191 -1191 -1191 -1191 -1191 -1191 -1190 -1190 -1190 -1191 -1191 -1191 -1190 -1190 -1190 -1190 -1189 -1189 -1189 -1189 -1189 -1189 -1189 -1189 -1189 -1188 -1188 -1188 -1188 -1188 -1188 -1188 -1188 -1189 -1189 -1189 -1188 -1189 -1189 -1189 -1189 -1189 -1189 -1188 -1188 -1188 -1188 -1188 -1188 -1188 -1188 -1188 -1188 -1189 -1189 -1189 -1189 -1190 -1190 -1190 -1190 -1190 -1190 -1191 -1191 -1191 -1191 -1191 -1191 -1191 -1191 -1191 -1191 -1191 -1191 -1191 -1191 -1191 -1191 -1191 -1191 -1191 -1191
-1195 -1195 -1196 -1195 -1196 -1196 -1196 -1195 -1196 -1196 -1196 -1196 -1196 -1196 -1196 -1196 -1195 -1196 -1196 -1196 -1196 -1196 -1196 -1196 -1196 -1196 -1196 -1196 -1196 -1196 -1196 -1196 -1196 -1196 -1196 -1196 -1196 -1196 -1196 -1196 -1196 -1196 -1196 -1196 -1196 -1197 -1196 -1196 -1197 -1196 -1196 -1196 -1196 -1196 -1196 -1196 -1196 -1196 -1197 -1196 -1196 -1196 -1196 -1196 -1196 -1196 -1196 -1196 -1197 -1196 -1196 -1196 -1196 -1196 -1196 -1196 -1196 -1196 -1196 -1196 -1196 -1196 -1196 -1196 -1197 -1197 -1197 -1197 -1198 -1198 -1198 -1198 -1198 -1198 -1198 -1198 -1198 -1198 -1198 -1198 -1198 -1198 -1198 -1198 -1199 -1198 -1198 -1198 -1198 -1198 -1198 -1198 -1198 -1198 -1198 -1198 -1198 -1198 -1198 -1198 -1198 -1198 -1198 -1198 -1197 -1197 -1197 -1197 -1197 -1197 -1197 -1197 -1197 -1197 -1197 -1197 -1197 -1197 -1197 -1197 -1197 -1197 -1197 -1197 -1197 -1197 -1197 -1197 -1197 -1196 -1196 -1196 -1196 -1196 -1196 -1195 -1196 -1195 -1195 -1195 -1195 -1195 -1195 -1195 -1195 -1195 -1195 -1195 -1195 -1195 -1195 -1195 -1195 -1195 -1195 -1195 -1195 -1194 -1195 -1194 -1195 -1194 -1195 -1194 -1194 -1194 -1194 -1194 -1194 -1194 -1194 -1193 -1194 -1193 -1194 -1194 -1193 -1193 -1193 -1193 -1193 -1193 -1193 -1193 -1193 -1192 -1192 -1193 -1192 -1192 -1192 -1192 -1192 -1192 -1192 -1192 -1192 -1192 -1192 -1192 -1192 -1192 -1192 -1192 -1192 -1192 -1192 -1191 -1192 -1192 -1192 -1191 -1191 -1192 -1192 -1192 -1192 -1191 -1191 -1192 -1191 -1191 -1191 -1191 -1191 -1191 -1190 -1190 -1190 -1190 -1190 -1190 -1190 -1190 -1190 -1190
-1190 -1190 -1191 -1190 -1191 -1191 -1191 -1190 -1190 -1191 -1191 -1191 -1191 -1190 -1191 -1191 -1191 -1190 -1191 -1190 -1191 -1191 -1191 -1191 -1191 -1191 -1190 -1191 -1191 -1191 -1191 -1190 -1190 -1190 -1190 -1190 -1190 -1189 -1189 -1189 -1189 -1189 -1189 -1189 -1188 -1188 -1188 -1188 -1188 -1188 -1188 -1188 -1188 -1189 -1189 -1189 -1189 -1189 -1188 -1189 -1189 -1189 -1188 -1188 -1188 -1188 -1188 -1188 -1188 -1188 -1188 -1188 -1188 -1189 -1189 -1189 -1189 -1189 -1189 -1190 -1190 -1190 -1190 -1190 -1191 -1191 -1191 -1191 -1190 -1191 -1191 -1191 -1191 -1191 -1191 -1191 -1191 -1191 -1191 -1191 -1191 -1191 -1191 -1191 -1191 -1192 -1192 -1192 -1192 -1193 -1193 -1193 -1193 -1193 -1193 -1193 -1193 -1194 -1194 -1194 -1194 -1194 -1194 -1194 -1194 -1194 -1194 -1195 -1195 -1195 -1195 -1195 -1195 -1195 -1195 -1195 -1195 -1195 -1194 -1195 -1195 -1195 -1195 -1194 -1195 -1195 -1195 -1195 -1195 -1195 -1195 -1195 -1195 -1195 -1195 -1195 -1195 -1195 -1195 -1195 -1195 -1195 -1195 -1195 -1195 -1195 -1196 -1195 -1195 -1195 -1195 -1195 -1195 -1195 -1195 -1195 -1195 -1195 -1195 -1195 -1195 -1195 -1195 -1196 -1196 -1196 -1196 -1195 -1196 -1195 -1195 -1195 -1195 -1195 -1196 -1196 -1196 -1195 -1196 -1196 -1196 -1196 -1196 -1196 -1195 -1196 -1196 -1196 -1195 -1195 -1196 -1195 -1196 -1196 -1196 -1196 -1196 -1196 -1196 -1196 -1196 -1196 -1196 -1196 -1196 -1196 -1196 -1196 -1196 -1196 -1196 -1196 -1196 -1196 -1196 -1196 -1196 -1196 -1196 -1196 -1196 -1196 -1196 -1196 -1196 -1196 -1196 -1196 -1196 -1196 -1196 -1196 -1196 -1197 -1196 -1196
-1196 -1196 -1196 -1195 -1195 -1195 -1195 -1195 -1195 -1195 -1195 -1195 -1195 -1195 -1195 -1195 -1195 -1195 -1195 -1195 -1195 -1195 -1195 -1195 -1195 -1195 -1195 -1195 -1195 -1194 -1194 -1194 -1194 -1194 -1194 -1193 -1193 -1193 -1193 -1193 -1194 -1193 -1193 -1193 -1193 -1193 -1193 -1193 -1193 -1193 -1193 -1193 -1193 -1193 -1193 -1193 -1192 -1193 -1192 -1192 -1192 -1192 -1192 -1192 -1192 -1192 -1192 -1192 -1192 -1192 -1192 -1192 -1192 -1192 -1192 -1192 -1192 -1192 -1191 -1191 -1191 -1192 -1192 -1192 -1191 -1191 -1191 -1191 -1191 -1191 -1191 -1191 -1190 -1191 -1190 -1190 -1190 -1190 -1190 -1190 -1190 -1190 -1190 -1190 -1190 -1190 -1190 -1190 -1190 -1190 -1190 -1190 -1190 -1190 -1190 -1190 -1190 -1190 -1190 -1190 -1190 -1190 -1190 -1190 -1190 -1190 -1190 -1190 -1190 -1190 -1190 -1190 -1190 -1190 -1190 -1190 -1190 -1190 -1190 -1190 -1190 -1190 -1190 -1190 -1190 -1190 -1190 -1190 -1190 -1190 -1190 -1190 -1190 -1190 -1190 -1190 -1190 -1190 -1190 -1190 -1190 -1190 -1190 -1190 -1190 -1190 -1190 -1190 -1191 -1190 -1191 -1190 -1190 -1190 -1190 -1190 -1190 -1190 -1190 -1190 -1190 -1190 -1190 -1190 -1190 -1190 -1190 -1191 -1191 -1190 -1190 -1190 -1190 -1190 -1190 -1190 -1190 -1190 -1190 -1191 -1190 -1190 -1190 -1191 -1190 -1190 -1190 -1190 -1191 -1191 -1190 -1190 -1190 -1191 -1191 -1191 -1190 -1191 -1190 -1190 -1191 -1191 -1191 -1191 -1191 -1191 -1191 -1191 -1191 -1191 -1191 -1191 -1190 -1191 -1191 -1190 -1190 -1191 -1191 -1191 -1191 -1191 -1190 -1190 -1190 -1190 -1190 -1189 -1189 -1189 -1189 -1188 -1188 -1188 -1188 -1189
-1194 -1195 -1195 -1195 -1195 -1195 -1195 -1195 -1195 -1196 -1195 -1195 -1195 -1196 -1195 -1195 -1195 -1196 -1195 -1195 -1195 -1195 -1195 -1195 -1195 -1196 -1195 -1195 -1195 -1195 -1195 -1196 -1196 -1196 -1196 -1195 -1196 -1196 -1196 -1195 -1195 -1196 -1196 -1196 -1196 -1196 -1196 -1196 -1195 -1195 -1196 -1195 -1195 -1195 -1195 -1196 -1195 -1196 -1195 -1196 -1196 -1196 -1196 -1196 -1196 -1196 -1196 -1196 -1196 -1196 -1196 -1196 -1196 -1195 -1196 -1196 -1196 -1196 -1196 -1196 -1196 -1196 -1196 -1196 -1196 -1196 -1196 -1196 -1196 -1196 -1196 -1196 -1196 -1196 -1196 -1196 -1196 -1196 -1196 -1196 -1196 -1197 -1196 -1196 -1196 -1196 -1196 -1196 -1196 -1196 -1196 -1196 -1196 -1196 -1196 -1196 -1196 -1196 -1196 -1196 -1196 -1196 -1196 -1196 -1196 -1196 -1196 -1196 -1196 -1196 -1196 -1196 -1196 -1196 -1196 -1196 -1196 -1196 -1196 -1196 -1197 -1197 -1197 -1197 -1197 -1197 -1197 -1198 -1198 -1198 -1198 -1198 -1198 -1198 -1198 -1199 -1198 -1198 -1198 -1198 -1198 -1198 -1198 -1198 -1198 -1198 -1198 -1198 -1198 -1198 -1198 -1198 -1198 -1198 -1198 -1198 -1198 -1198 -1198 -1198 -1198 -1197 -1198 -1197 -1197 -1197 -1197 -1197 -1197 -1197 -1197 -1197 -1197 -1197 -1197 -1197 -1197 -1197 -1197 -1197 -1197 -1197 -1197 -1196 -1197 -1196 -1196 -1196 -1196 -1196 -1196 -1195 -1195 -1195 -1195 -1195 -1195 -1195 -1195 -1195 -1195 -1195 -1195 -1195 -1195 -1195 -1195 -1195 -1195 -1195 -1195 -1195 -1195 -1195 -1194 -1195 -1195 -1194 -1195 -1194 -1194 -1194 -1194 -1194 -1194 -1194 -1194 -1194 -1193 -1193 -1194 -1193 -1193 -1194 -1193 -1193
-1190 -1190 -1190 -1190 -1190 -1190 -1190 -1190 -1190 -1190 -1190 -1190 -1190 -1190 -1190 -1190 -1190 -1190 -1190 -1190 -1191 -1190 -1190 -1190 -1190 -1190 -1190 -1190 -1190 -1190 -1190 -1190 -1191 -1190 -1190 -1190 -1190 -1191 -1190 -1190 -1190 -1191 -1190 -1190 -1190 -1191 -1190 -1191 -1190 -1190 -1190 -1190 -1191 -1190 -1191 -1190 -1191 -1190 -1191 -1191 -1190 -1191 -1190 -1191 -1191 -1190 -1191 -1191 -1191 -1191 -1191 -1191 -1191 -1191 -1191 -1191 -1191 -1191 -1191 -1191 -1191 -1191 -1191 -1191 -1191 -1191 -1190 -1191 -1190 -1190 -1190 -1190 -1190 -1189 -1189 -1189 -1189 -1189 -1189 -1189 -1189 -1188 -1188 -1188 -1188 -1188 -1188 -1188 -1189 -1189 -1189 -1189 -1189 -1189 -1189 -1189 -1188 -1188 -1188 -1188 -1188 -1188 -1188 -1188 -1188 -1188 -1188 -1188 -1189 -1188 -1189 -1189 -1189 -1189 -1189 -1190 -1190 -1190 -1190 -1190 -1190 -1191 -1191 -1191 -1191 -1191 -1191 -1191 -1191 -1191 -1191 -1191 -1191 -1191 -1191 -1191 -1191 -1191 -1191 -1191 -1192 -1192 -1192 -1192 -1193 -1192 -1193 -1193 -1193 -1193 -1193 -1193 -1194 -1194 -1194 -1194 -1194 -1194 -1194 -1194 -1194 -1195 -1195 -1195 -1195 -1195 -1194 -1194 -1195 -1195 -1195 -1195 -1195 -1195 -1194 -1195 -1195 -1195 -1195 -1195 -1195 -1195 -1195 -1195 -1195 -1195 -1195 -1195 -1195 -1195 -1195 -1195 -1195 -1195 -1195 -1195 -1195 -1195 -1195 -1195 -1196 -1195 -1196 -1195 -1195 -1195 -1196 -1195 -1196 -1196 -1195 -1195 -1195 -1195 -1195 -1195 -1195 -1195 -1195 -1196 -1196 -1196 -1196 -1196 -1195 -1196 -1195 -1195 -1195 -1196 -1196 -1196 -1196 -1196 -1196 -1196
-1198 -1199 -1199 -1198 -1198 -1198 -1198 -1198 -1198 -1198 -1198 -1198 -1198 -1198 -1198 -1198 -1198 -1198 -1198 -1198 -1198 -1198 -1198 -1198 -1198 -1198 -1198 -1198 -1197 -1197 -1197 -1197 -1197 -1197 -1197 -1197 -1197 -1197 -1197 -1197 -1197 -1197 -1197 -1197 -1197 -1197 -1197 -1197 -1197 -1197 -1197 -1197 -1197 -1196 -1196 -1196 -1196 -1196 -1196 -1195 -1195 -1195 -1195 -1195 -1195 -1195 -1195 -1195 -1195 -1195 -1195 -1195 -1195 -1195 -1195 -1195 -1195 -1195 -1195 -1195 -1195 -1195 -1195 -1194 -1195 -1194 -1194 -1194 -1194 -1194 -1193 -1193 -1194 -1194 -1193 -1193 -1193 -1193 -1193 -1193 -1193 -1193 -1193 -1193 -1193 -1193 -1193 -1193 -1193 -1193 -1192 -1192 -1192 -1192 -1192 -1192 -1192 -1192 -1192 -1192 -1192 -1192 -1192 -1192 -1192 -1192 -1192 -1192 -1192 -1192 -1192 -1192 -1191 -1191 -1191 -1192 -1192 -1192 -1191 -1191 -1191 -1191 -1191 -1191 -1191 -1191 -1191 -1191 -1190 -1191 -1190 -1190 -1190 -1190 -1189 -1190 -1190 -1190 -1190 -1190 -1190 -1190 -1190 -1190 -1190 -1190 -1190 -1190 -1190 -1190 -1190 -1190 -1190 -1190 -1190 -1190 -1190 -1190 -1190 -1190 -1190 -1190 -1190 -1190 -1190 -1190 -1190 -1190 -1190 -1190 -1190 -1190 -1190 -1190 -1190 -1190 -1190 -1190 -1190 -1190 -1190 -1190 -1190 -1190 -1190 -1190 -1190 -1190 -1190 -1190 -1190 -1190 -1190 -1190 -1190 -1190 -1190 -1190 -1190 -1190 -1190 -1190 -1190 -1190 -1190 -1190 -1190 -1190 -1190 -1191 -1190 -1190 -1190 -1190 -1190 -1190 -1190 -1190 -1190 -1191 -1190 -1190 -1191 -1191 -1191 -1190 -1190 -1190 -1190 -1190 -1190 -1190 -1190 -1190 -1190 -1190
-1191 -1191 -1191 -1191 -1191 -1191 -1191 -1192 -1191 -1192 -1192 -1192 -1192 -1193 -1193 -1193 -1193 -1193 -1193 -1193 -1194 -1194 -1194 -1194 -1194 -1194 -1194 -1194 -1195 -1194 -1195 -1195 -1195 -1195 -1195 -1195 -1195 -1194 -1195 -1195 -1195 -1195 -1195 -1195 -1195 -1195 -1194 -1195 -1195 -1195 -1195 -1195 -1195 -1195 -1195 -1195 -1195 -1195 -1195 -1195 -1195 -1195 -1195 -1195 -1195 -1196 -1195 -1195 -1195 -1195 -1195 -1195 -1196 -1195 -1195 -1195 -1195 -1195 -1196 -1196 -1195 -1195 -1195 -1195 -1195 -1196 -1196 -1196 -1196 -1196 -1196 -1195 -1195 -1195 -1196 -1195 -1196 -1195 -1195 -1196 -1196 -1196 -1196 -1196 -1196 -1195 -1195 -1196 -1195 -1196 -1195 -1195 -1195 -1195 -1196 -1196 -1196 -1196 -1196 -1196 -1196 -1196 -1196 -1196 -1196 -1196 -1196 -1196 -1196 -1196 -1196 -1196 -1196 -1196 -1196 -1196 -1196 -1196 -1196 -1196 -1196 -1196 -1196 -1196 -1196 -1196 -1196 -1196 -1196 -1196 -1196 -1196 -1196 -1196 -1196 -1196 -1196 -1196 -1196 -1196 -1196 -1196 -1196 -1196 -1196 -1196 -1196 -1196 -1196 -1197 -1196 -1196 -1197 -1197 -1196 -1196 -1196 -1197 -1196 -1197 -1196 -1196 -1196 -1196 -1196 -1196 -1197 -1196 -1196 -1196 -1196 -1196 -1196 -1196 -1196 -1196 -1197 -1197 -1197 -1197 -1197 -1197 -1198 -1198 -1198 -1198 -1198 -1198 -1198 -1198 -1198 -1198 -1199 -1198 -1198 -1198 -1198 -1198 -1198 -1198 -1198 -1198 -1198 -1198 -1198 -1198 -1198 -1198 -1198 -1198 -1198 -1198 -1197 -1197 -1198 -1197 -1198 -1197 -1198 -1198 -1197 -1197 -1197 -1197 -1197 -1197 -1197 -1197 -1197 -1197 -1197 -1197 -1197 -1197 -1197 -1197
-1191 -1190 -1190 -1190 -1190 -1190 -1190 -1190 -1190 -1190 -1190 -1190 -1190 -1190 -1190 -1190 -1190 -1190 -1190 -1190 -1190 -1190 -1190 -1190 -1190 -1190 -1190 -1190 -1190 -1190 -1190 -1190 -1190 -1190 -1190 -1190 -1190 -1190 -1190 -1190 -1190 -1190 -1190 -1190 -1190 -1190 -1190 -1190 -1190 -1190 -1190 -1190 -1190 -1190 -1190 -1190 -1190 -1190 -1190 -1190 -1190 -1190 -1190 -1190 -1190 -1190 -1190 -1190 -1190 -1190 -1191 -1190 -1190 -1190 -1190 -1190 -1190 -1190 -1190 -1190 -1190 -1190 -1190 -1190 -1190 -1190 -1190 -1190 -1190 -1190 -1190 -1190 -1190 -1190 -1190 -1190 -1190 -1190 -1190 -1190 -1190 -1190 -1191 -1190 -1190 -1190 -1191 -1191 -1190 -1191 -1190 -1190 -1191 -1190 -1190 -1191 -1191 -1191 -1190 -1191 -1190 -1191 -1191 -1191 -1191 -1191 -1191 -1191 -1191 -1191 -1191 -1191 -1191 -1191 -1191 -1191 -1191 -1191 -1191 -1190 -1191 -1191 -1190 -1190 -1190 -1190 -1190 -1190 -1189 -1189 -1189 -1189 -1189 -1188 -1189 -1188 -1188 -1188 -1188 -1188 -1188 -1188 -1188 -1188 -1189 -1189 -1188 -1188 -1189 -1189 -1189 -1189 -1189 -1189 -1189 -1188 -1188 -1188 -1188 -1188 -1188 -1188 -1188 -1188 -1188 -1188 -1188 -1189 -1189 -1189 -1190 -1190 -1190 -1190 -1190 -1191 -1191 -1191 -1191 -1190 -1191 -1191 -1191 -1191 -1191 -1191 -1191 -1191 -1191 -1191 -1191 -1191 -1191 -1191 -1191 -1191 -1191 -1192 -1192 -1192 -1192 -1192 -1193 -1193 -1193 -1193 -1193 -1193 -1194 -1194 -1194 -1194 -1194 -1194 -1194 -1195 -1194 -1195 -1194 -1194 -1195 -1195 -1195 -1195 -1195 -1195 -1195 -1194 -1195 -1195 -1195 -1195 -1195 -1195 -1195 -1195
-1196 -1196 -1196 -1197 -1197 -1196 -1196 -1196 -1196 -1196 -1197 -1197 -1196 -1196 -1196 -1196 -1196 -1196 -1196 -1197 -1196 -1196 -1196 -1196 -1196 -1196 -1196 -1196 -1196 -1196 -1196 -1196 -1196 -1196 -1196 -1196 -1196 -1196 -1196 -1196 -1196 -1196 -1196 -1197 -1197 -1197 -1197 -1197 -1198 -1198 -1198 -1198 -1198 -1198 -1198 -1198 -1198 -1199 -1198 -1198 -1198 -1198 -1198 -1198 -1198 -1198 -1198 -1198 -1198 -1198 -1198 -1198 -1198 -1198 -1198 -1198 -1198 -1198 -1198 -1198 -1197 -1197 -1198 -1197 -1197 -1198 -1197 -1197 -1197 -1197 -1197 -1197 -1197 -1197 -1197 -1197 -1197 -1197 -1197 -1197 -1197 -1197 -1197 -1197 -1197 -1197 -1197 -1197 -1196 -1196 -1196 -1196 -1196 -1196 -1196 -1195 -1195 -1195 -1195 -1195 -1195 -1195 -1195 -1195 -1195 -1195 -1195 -1195 -1195 -1195 -1195 -1195 -1195 -1195 -1195 -1195 -1195 -1195 -1195 -1195 -1195 -1194 -1194 -1194 -1194 -1194 -1194 -1194 -1194 -1193 -1194 -1193 -1193 -1194 -1193 -1193 -1193 -1193 -1193 -1193 -1193 -1193 -1193 -1193 -1193 -1192 -1193 -1192 -1192 -1193 -1192 -1192 -1192 -1192 -1192 -1192 -1192 -1192 -1192 -1192 -1192 -1192 -1192 -1192 -1192 -1192 -1192 -1192 -1192 -1192 -1192 -1191 -1192 -1192 -1191 -1191 -1191 -1191 -1192 -1191 -1191 -1191 -1191 -1191 -1191 -1191 -1190 -1190 -1190 -1190 -1190 -1190 -1190 -1190 -1190 -1190 -1190 -1190 -1190 -1190 -1190 -1190 -1190 -1190 -1190 -1190 -1190 -1190 -1190 -1190 -1190 -1190 -1190 -1190 -1190 -1190 -1190 -1190 -1190 -1190 -1190 -1190 -1190 -1190 -1190 -1190 -1190 -1190 -1190 -1190 -1190 -1190 -1190 -1190 -1190 -1190
-1189 -1189 -1189 -1189 -1189 -1189 -1188 -1188 -1188 -1188 -1188 -1188 -1189 -1189 -1188 -1189 -1189 -1189 -1189 -1189 -1189 -1189 -1189 -1188 -1188 -1188 -1188 -1188 -1188 -1188 -1188 -1188 -1188 -1189 -1189 -1189 -1189 -1190 -1190 -1190 -1190 -1190 -1190 -1190 -1191 -1191 -1190 -1191 -1191 -1191 -1191 -1191 -1191 -1191 -1191 -1191 -1191 -1191 -1191 -1191 -1191 -1191 -1191 -1192 -1192 -1192 -1192 -1192 -1193 -1193 -1193 -1193 -1193 -1193 -1193 -1193 -1194 -1194 -1194 -1194 -1194 -1194 -1194 -1194 -1194 -1195 -1194 -1195 -1195 -1195 -1195 -1195 -1195 -1195 -1195 -1195 -1195 -1195 -1195 -1194 -1195 -1195 -1195 -1195 -1195 -1195 -1195 -1195 -1195 -1195 -1195 -1195 -1195 -1195 -1195 -1195 -1195 -1195 -1195 -1195 -1196 -1195 -1195 -1195 -1196 -1195 -1195 -1195 -1195 -1195 -1195 -1195 -1195 -1196 -1196 -1196 -1195 -1195 -1195 -1195 -1195 -1195 -1195 -1196 -1196 -1196 -1195 -1196 -1195 -1195 -1195 -1195 -1195 -1195 -1196 -1195 -1195 -1196 -1196 -1195 -1196 -1195 -1196 -1195 -1196 -1195 -1196 -1195 -1195 -1196 -1196 -1195 -1196 -1196 -1196 -1196 -1196 -1196 -1196 -1196 -1196 -1196 -1196 -1196 -1196 -1196 -1196 -1196 -1196 -1196 -1196 -1196 -1196 -1196 -1196 -1196 -1196 -1196 -1196 -1196 -1196 -1196 -1196 -1196 -1196 -1196 -1196 -1196 -1196 -1196 -1196 -1196 -1197 -1197 -1196 -1196 -1197 -1196 -1196 -1196 -1196 -1196 -1196 -1196 -1196 -1196 -1197 -1196 -1196 -1197 -1197 -1196 -1196 -1196 -1197 -1196 -1197 -1196 -1196 -1196 -1196 -1196 -1196 -1196 -1196 -1196 -1196 -1196 -1196 -1197 -1196 -1196 -1196 -1196 -1197 -1197
-1194 -1193 -1193 -1194 -1194 -1193 -1193 -1193 -1193 -1193 -1193 -1193 -1192 -1192 -1193 -1192 -1192 -1192 -1192 -1192 -1192 -1192 -1192 -1192 -1192 -1192 -1192 -1192 -1192 -1192 -1192 -1192 -1192 -1192 -1191 -1191 -1192 -1191 -1192 -1192 -1191 -1191 -1191 -1191 -1191 -1191 -1191 -1191 -1191 -1191 -1191 -1191 -1191 -1190 -1190 -1190 -1190 -1190 -1190 -1190 -1190 -1190 -1190 -1190 -1190 -1190 -1190 -1190 -1190 -1190 -1190 -1190 -1190 -1190 -1190 -1190 -1190 -1190 -1190 -1190 -1190 -1190 -1190 -1190 -1190 -1190 -1190 -1190 -1190 -1190 -1190 -1190 -1190 -1190 -1190 -1190 -1190 -1190 -1190 -1190 -1190 -1190 -1190 -1190 -1190 -1190 -1190 -1190 -1190 -1190 -1190 -1190 -1190 -1190 -1190 -1190 -1190 -1190 -1190 -1190 -1190 -1190 -1190 -1190 -1190 -1190 -1190 -1190 -1190 -1190 -1190 -1190 -1190 -1190 -1190 -1190 -1190 -1190 -1190 -1190 -1190 -1190 -1190 -1190 -1190 -1190 -1190 -1190 -1190 -1190 -1190 -1190 -1190 -1190 -1190 -1190 -1190 -1190 -1190 -1190 -1191 -1191 -1191 -1191 -1190 -1191 -1190 -1190 -1190 -1191 -1190 -1190 -1190 -1191 -1191 -1191 -1190 -1191 -1191 -1191 -1191 -1191 -1191 -1191 -1191 -1191 -1191 -1191 -1191 -1191 -1190 -1191 -1191 -1191 -1191 -1191 -1191 -1191 -1191 -1190 -1190 -1190 -1190 -1189 -1189 -1190 -1190 -1189 -1189 -1189 -1189 -1189 -1188 -1188 -1188 -1188 -1188 -1188 -1189 -1188 -1189 -1188 -1189 -1189 -1189 -1189 -1189 -1189 -1189 -1189 -1188 -1188 -1188 -1188 -1188 -1188 -1188 -1188 -1188 -1188 -1188 -1189 -1189 -1189 -1189 -1189 -1189 -1190 -1190 -1190 -1190 -1190 -1190 -1190 -1191 -1191
-1195 -1196 -1196 -1196 -1196 -1196 -1196 -1196 -1196 -1196 -1195 -1195 -1196 -1195 -1195 -1195 -1195 -1196 -1196 -1196 -1196 -1196 -1196 -1196 -1196 -1196 -1196 -1196 -1195 -1196 -1196 -1196 -1196 -1196 -1196 -1196 -1196 -1196 -1196 -1196 -1196 -1196 -1196 -1196 -1196 -1196 -1196 -1196 -1196 -1196 -1196 -1196 -1196 -1196 -1196 -1196 -1196 -1196 -1196 -1197 -1196 -1196 -1196 -1196 -1197 -1196 -1196 -1196 -1196 -1197 -1196 -1196 -1196 -1196 -1196 -1196 -1197 -1196 -1196 -1196 -1196 -1196 -1196 -1196 -1196 -1196 -1196 -1196 -1196 -1196 -1196 -1196 -1196 -1196 -1196 -1196 -1196 -1196 -1196 -1197 -1197 -1197 -1197 -1197 -1198 -1198 -1198 -1198 -1198 -1198 -1198 -1198 -1198 -1198 -1198 -1198 -1198 -1198 -1198 -1198 -1198 -1198 -1198 -1198 -1198 -1198 -1198 -1198 -1198 -1198 -1198 -1198 -1198 -1198 -1198 -1198 -1198 -1197 -1197 -1198 -1197 -1197 -1197 -1197 -1197 -1197 -1197 -1197 -1197 -1197 -1197 -1197 -1197 -1197 -1197 -1197 -1197 -1197 -1197 -1197 -1197 -1197 -1197 -1197 -1196 -1196 -1196 -1196 -1196 -1196 -1196 -1196 -1195 -1195 -1195 -1195 -1195 -1195 -1195 -1195 -1195 -1195 -1195 -1195 -1195 -1195 -1195 -1195 -1195 -1195 -1195 -1195 -1195 -1195 -1195 -1195 -1194 -1194 -1195 -1194 -1194 -1194 -1194 -1193 -1194 -1194 -1194 -1194 -1194 -1193 -1193 -1193 -1193 -1193 -1193 -1193 -1193 -1193 -1193 -1193 -1193 -1192 -1193 -1192 -1192 -1193 -1192 -1192 -1192 -1192 -1192 -1192 -1192 -1192 -1192 -1192 -1192 -1192 -1192 -1192 -1192 -1192 -1192 -1191 -1192 -1192 -1192 -1191 -1192 -1192 -1191 -1192 -1191 -1191 -1191 -1191
-1190 -1190 -1190 -1190 -1190 -1190 -1190 -1190 -1191 -1190 -1190 -1191 -1190 -1190 -1191 -1190 -1190 -1191 -1190 -1190 -1191 -1191 -1191 -1191 -1191 -1191 -1191 -1191 -1191 -1191 -1191 -1191 -1191 -1191 -1191 -1191 -1191 -1191 -1191 -1190 -1190 -1191 -1191 -1191 -1191 -1191 -1191 -1190 -1190 -1190 -1189 -1189 -1189 -1189 -1189 -1189 -1189 -1189 -1188 -1189 -1189 -1188 -1188 -1188 -1188 -1188 -1189 -1188 -1188 -1189 -1189 -1189 -1188 -1189 -1189 -1189 -1189 -1188 -1188 -1188 -1188 -1188 -1188 -1188 -1188 -1188 -1188 -1188 -1188 -1189 -1189 -1189 -1189 -1189 -1190 -1190 -1190 -1190 -1190 -1191 -1191 -1191 -1191 -1191 -1191 -1191 -1191 -1191 -1191 -1191 -1191 -1191 -1191 -1191 -1191 -1191 -1191 -1191 -1191 -1192 -1192 -1192 -1192 -1192 -1192 -1193 -1193 -1193 -1193 -1193 -1193 -1194 -1194 -1194 -1194 -1194 -1194 -1194 -1194 -1194 -1194 -1194 -1195 -1195 -1195 -1194 -1194 -1195 -1195 -1195 -1194 -1195 -1195 -1195 -1195 -1195 -1195 -1195 -1195 -1195 -1195 -1195 -1195 -1195 -1195 -1195 -1195 -1195 -1195 -1195 -1195 -1195 -1195 -1195 -1195 -1196 -1195 -1195 -1195 -1195 -1195 -1195 -1195 -1195 -1195 -1195 -1195 -1195 -1195 -1195 -1195 -1196 -1195 -1195 -1195 -1195 -1195 -1195 -1195 -1195 -1196 -1195 -1196 -1195 -1195 -1195 -1196 -1195 -1195 -1195 -1195 -1196 -1196 -1196 -1196 -1196 -1195 -1195 -1196 -1195 -1195 -1196 -1195 -1196 -1195 -1195 -1195 -1195 -1195 -1195 -1196 -1196 -1196 -1196 -1196 -1196 -1196 -1196 -1195 -1196 -1196 -1196 -1196 -1196 -1196 -1196 -1196 -1196 -1196 -1196 -1196 -1196 -1196 -1196 -1196 -1196
-1197 -1198 -1197 -1197 -1197 -1197 -1197 -1197 -1197 -1197 -1197 -1197 -1196 -1196 -1196 -1196 -1196 -1196 -1195 -1195 -1195 -1195 -1195 -1195 -1195 -1195 -1195 -1195 -1195 -1195 -1195 -1195 -1195 -1195 -1195 -1195 -1195 -1195 -1195 -1195 -1195 -1194 -1195 -1195 -1195 -1194 -1194 -1194 -1194 -1194 -1194 -1193 -1193 -1193 -1193 -1193 -1193 -1193 -1193 -1193 -1193 -1193 -1193 -1193 -1193 -1192 -1193 -1193 -1192 -1193 -1192 -1193 -1192 -1192 -1192 -1192 -1192 -1192 -1192 -1192 -1192 -1192 -1192 -1192 -1192 -1192 -1192 -1192 -1192 -1192 -1192 -1192 -1192 -1192 -1192 -1192 -1191 -1191 -1191 -1192 -1191 -1192 -1191 -1191 -1191 -1191 -1191 -1191 -1190 -1190 -1190 -1190 -1190 -1190 -1190 -1190 -1190 -1190 -1190 -1190 -1190 -1190 -1190 -1190 -1190 -1190 -1190 -1190 -1190 -1190 -1190 -1190 -1190 -1190 -1190 -1190 -1190 -1190 -1190 -1190 -1190 -1190 -1190 -1190 -1190 -1190 -1190 -1190 -1190 -1190 -1190 -1190 -1190 -1190 -1190 -1190 -1190 -1190 -1190 -1190 -1190 -1190 -1190 -1190 -1190 -1190 -1190 -1190 -1190 -1190 -1190 -1190 -1190 -1190 -1190 -1190 -1190 -1190 -1190 -1190 -1190 -1190 -1190 -1190 -1190 -1190 -1190 -1190 -1190 -1190 -1190 -1190 -1190 -1190 -1190 -1190 -1190 -1190 -1190 -1190 -1190 -1190 -1190 -1190 -1190 -1190 -1190 -1190 -1190 -1190 -1190 -1190 -1190 -1190 -1190 -1190 -1190 -1190 -1191 -1190 -1190 -1191 -1191 -1190 -1190 -1191 -1191 -1190 -1191 -1191 -1190 -1190 -1191 -1191 -1191 -1190 -1191 -1191 -1191 -1191 -1191 -1191 -1191 -1191 -1191 -1191 -1191 -1191 -1191 -1191 -1190 -1191 -1191 -1191 -1191 -1191
-1194 -1195 -1195 -1195 -1195 -1195 -1195 -1195 -1195 -1195 -1195 -1195 -1195 -1195 -1195 -1195 -1195 -1195 -1195 -1195 -1195 -1195 -1195 -1195 -1195 -1196 -1195 -1195 -1195 -1195 -1195 -1195 -1195 -1195 -1196 -1195 -1195 -1196 -1196 -1195 -1195 -1195 -1195 -1195 -1195 -1196 -1196 -1196 -1195 -1195 -1195 -1195 -1195 -1195 -1196 -1196 -1195 -1195 -1195 -1196 -1196 -1196 -1196 -1196 -1196 -1196 -1195 -1196 -1196 -1195 -1195 -1196 -1195 -1196 -1196 -1196 -1196 -1196 -1196 -1196 -1196 -1196 -1196 -1196 -1196 -1196 -1196 -1196 -1196 -1196 -1196 -1196 -1196 -1196 -1196 -1196 -1196 -1196 -1196 -1196 -1196 -1196 -1196 -1196 -1196 -1196 -1196 -1196 -1196 -1196 -1196 -1196 -1196 -1196 -1196 -1196 -1196 -1196 -1196 -1196 -1196 -1196 -1196 -1196 -1196 -1197 -1196 -1196 -1197 -1196 -1196 -1196 -1196 -1196 -1196 -1196 -1196 -1196 -1196 -1196 -1196 -1196 -1196 -1196 -1196 -1197 -1196 -1196 -1196 -1196 -1196 -1196 -1196 -1196 -1196 -1196 -1197 -1197 -1197 -1197 -1197 -1198 -1198 -1198 -1198 -1198 -1198 -1198 -1198 -1198 -1198 -1199 -1198 -1198 -1198 -1198 -1198 -1198 -1198 -1198 -1198 -1198 -1198 -1198 -1197 -1198 -1198 -1198 -1198 -1198 -1198 -1198 -1198 -1198 -1198 -1198 -1198 -1197 -1197 -1197 -1197 -1197 -1197 -1197 -1197 -1197 -1197 -1197 -1197 -1197 -1197 -1197 -1197 -1197 -1197 -1197 -1197 -1197 -1197 -1197 -1197 -1196 -1196 -1196 -1196 -1196 -1196 -1195 -1195 -1195 -1195 -1195 -1195 -1195 -1195 -1195 -1195 -1195 -1195 -1195 -1195 -1195 -1195 -1195 -1195 -1195 -1195 -1195 -1195 -1195 -1195 -1194 -1194 -1195 -1194 -1194
-1190 -1190 -1190 -1190 -1190 -1190 -1190 -1190 -1190 -1190 -1190 -1190 -1190 -1190 -1190 -1190 -1190 -1190 -1190 -1190 -1190 -1190 -1190 -1190 -1190 -1190 -1190 -1190 -1190 -1190 -1190 -1190 -1191 -1190 -1190 -1190 -1190 -1190 -1190 -1190 -1190 -1190 -1190 -1190 -1190 -1190 -1190 -1190 -1191 -1190 -1190 -1190 -1191 -1191 -1190 -1190 -1190 -1190 -1190 -1190 -1191 -1190 -1191 -1191 -1190 -1191 -1190 -1191 -1191 -1190 -1190 -1191 -1190 -1191 -1190 -1190 -1190 -1190 -1190 -1191 -1191 -1191 -1191 -1190 -1190 -1191 -1191 -1191 -1191 -1191 -1191 -1191 -1191 -1191 -1190 -1191 -1190 -1191 -1191 -1191 -1191 -1191 -1191 -1191 -1190 -1190 -1190 -1190 -1190 -1189 -1189 -1189 -1189 -1189 -1189 -1188 -1189 -1188 -1188 -1188 -1188 -1188 -1189 -1188 -1188 -1189 -1189 -1189 -1189 -1189 -1189 -1189 -1189 -1189 -1188 -1188 -1188 -1188 -1188 -1188 -1188 -1188 -1188 -1188 -1188 -1189 -1189 -1189 -1189 -1190 -1190 -1190 -1190 -1190 -1190 -1191 -1191 -1191 -1191 -1191 -1191 -1191 -1191 -1191 -1191 -1191 -1191 -1191 -1191 -1191 -1191 -1191 -1191 -1191 -1191 -1191 -1191 -1192 -1192 -1192 -1193 -1193 -1193 -1193 -1193 -1193 -1193 -1194 -1194 -1194 -1194 -1194 -1194 -1194 -1194 -1194 -1194 -1195 -1194 -1195 -1194 -1195 -1194 -1195 -1194 -1195 -1195 -1195 -1195 -1195 -1195 -1195 -1195 -1194 -1195 -1194 -1195 -1195 -1195 -1195 -1195 -1195 -1195 -1195 -1195 -1195 -1195 -1195 -1195 -1195 -1195 -1195 -1195 -1195 -1195 -1195 -1195 -1196 -1196 -1195 -1196 -1195 -1196 -1195 -1195 -1195 -1195 -1195 -1195 -1195 -1195 -1196 -1195 -1195 -1195 -1196
-1196 -1196 -1197 -1197 -1197 -1197 -1197 -1198 -1198 -1198 -1198 -1198 -1198 -1198 -1198 -1198 -1198 -1198 -1198 -1198 -1199 -1199 -1198 -1198 -1198 -1198 -1198 -1198 -1198 -1198 -1198 -1198 -1198 -1198 -1198 -1198 -1198 -1198 -1198 -1198 -1198 -1198 -1197 -1197 -1197 -1197 -1197 -1197 -1197 -1197 -1197 -1197 -1197 -1197 -1197 -1197 -1197 -1197 -1197 -1197 -1197 -1197 -1197 -1197 -1197 -1197 -1196 -1197 -1196 -1196 -1196 -1196 -1196 -1195 -1195 -1195 -1195 -1195 -1195 -1195 -1195 -1195 -1195 -1195 -1195 -1195 -1195 -1195 -1195 -1195 -1195 -1195 -1195 -1195 -1195 -1195 -1195 -1195 -1195 -1194 -1194 -1194 -1194 -1194 -1194 -1194 -1194 -1194 -1194 -1194 -1194 -1193 -1194 -1194 -1194 -1193 -1193 -1193 -1193 -1193 -1193 -1193 -1193 -1193 -1193 -1192 -1192 -1193 -1192 -1192 -1192 -1192 -1192 -1192 -1192 -1192 -1192 -1192 -1192 -1192 -1192 -1192 -1192 -1192 -1192 -1192 -1192 -1192 -1192 -1192 -1191 -1191 -1191 -1192 -1191 -1192 -1191 -1191 -1191 -1191 -1191 -1191 -1191 -1191 -1190 -1190 -1190 -1190 -1190 -1190 -1190 -1190 -1189 -1190 -1190 -1190 -1190 -1190 -1190 -1190 -1190 -1190 -1190 -1190 -1190 -1190 -1190 -1190 -1190 -1190 -1190 -1190 -1190 -1190 -1190 -1190 -1190 -1190 -1190 -1190 -1190 -1190 -1190 -1190 -1190 -1190 -1190 -1190 -1190 -1190 -1190 -1190 -1190 -1190 -1190 -1190 -1190 -1190 -1190 -1190 -1190 -1190 -1190 -1190 -1190 -1190 -1190 -1190 -1190 -1190 -1190 -1190 -1190 -1190 -1190 -1190 -1190 -1190 -1190 -1191 -1190 -1190 -1190 -1190 -1190 -1190 -1190 -1190 -1190 -1190 -1190 -1190 -1190 -1190 -1190 -1190
-1190 -1190 -1191 -1191 -1191 -1190 -1191 -1190 -1191 -1191 -1191 -1191 -1191 -1191 -1191 -1191 -1191 -1191 -1191 -1191 -1191 -1191 -1192 -1192 -1192 -1192 -1192 -1192 -1193 -1193 -1193 -1193 -1193 -1194 -1194 -1194 -1194 -1194 -1194 -1194 -1195 -1194 -1195 -1194 -1195 -1194 -1195 -1194 -1195 -1195 -1195 -1195 -1194 -1195 -1195 -1195 -1195 -1195 -1195 -1195 -1195 -1195 -1195 -1195 -1195 -1195 -1195 -1195 -1195 -1195 -1195 -1195 -1195 -1195 -1195 -1195 -1195 -1195 -1195 -1195 -1195 -1196 -1196 -1195 -1195 -1195 -1195 -1195 -1196 -1195 -1196 -1195 -1195 -1195 -1195 -1196 -1195 -1195 -1195 -1196 -1195 -1195 -1195 -1196 -1195 -1195 -1195 -1195 -1196 -1195 -1195 -1195 -1196 -1196 -1196 -1196 -1196 -1196 -1196 -1195 -1196 -1195 -1195 -1196 -1195 -1195 -1195 -1196 -1196 -1196 -1196 -1196 -1196 -1196 -1196 -1196 -1196 -1196 -1196 -1196 -1196 -1196 -1196 -1196 -1196 -1196 -1196 -1196 -1196 -1196 -1196 -1196 -1196 -1196 -1196 -1196 -1196 -1196 -1196 -1196 -1196 -1196 -1196 -1196 -1196 -1196 -1196 -1196 -1196 -1196 -1196 -1196 -1196 -1196 -1196 -1196 -1196 -1196 -1196 -1196 -1196 -1196 -1196 -1196 -1196 -1196 -1196 -1196 -1196 -1196 -1196 -1196 -1196 -1196 -1196 -1196 -1196 -1196 -1196 -1196 -1196 -1196 -1196 -1196 -1196 -1196 -1196 -1196 -1196 -1196 -1196 -1197 -1196 -1197 -1197 -1197 -1197 -1198 -1198 -1198 -1198 -1198 -1198 -1198 -1198 -1198 -1198 -1199 -1198 -1198 -1198 -1198 -1198 -1198 -1198 -1198 -1198 -1198 -1198 -1198 -1198 -1198 -1198 -1198 -1198 -1197 -1198 -1198 -1197 -1198 -1198 -1198 -1197 -1198 -1197 -1197
-1192 -1191 -1191 -1191 -1191 -1191 -1191 -1191 -1191 -1191 -1191 -1191 -1190 -1190 -1190 -1190 -1190 -1190 -1190 -1190 -1190 -1190 -1190 -1190 -1190 -1190 -1190 -1190 -1190 -1190 -1190 -1190 -1190 -1190 -1190 -1190 -1190 -1190 -1190 -1190 -1190 -1190 -1190 -1190 -1190 -1190 -1190 -1190 -1190 -1190 -1190 -1190 -1190 -1190 -1190 -1190 -1190 -1190 -1190 -1190 -1190 -1190 -1190 -1190 -1190 -1190 -1190 -1190 -1190 -1190 -1190 -1190 -1190 -1190 -1190 -1190 -1190 -1190 -1190 -1190 -1190 -1190 -1190 -1190 -1190 -1190 -1190 -1190 -1190 -1190 -1190 -1190 -1190 -1190 -1190 -1190 -1190 -1190 -1190 -1190 -1190 -1190 -1190 -1190 -1190 -1190 -1190 -1190 -1190 -1190 -1190 -1190 -1190 -1190 -1190 -1190 -1190 -1190 -1191 -1191 -1190 -1191 -1191 -1191 -1191 -1191 -1190 -1191 -1190 -1190 -1191 -1190 -1190 -1191 -1191 -1191 -1190 -1191 -1191 -1191 -1191 -1191 -1191 -1191 -1191 -1191 -1191 -1190 -1191 -1191 -1191 -1191 -1191 -1191 -1191 -1191 -1191 -1190 -1191 -1190 -1190 -1190 -1190 -1190 -1189 -1189 -1189 -1189 -1189 -1189 -1189 -1189 -1188 -1188 -1188 -1188 -1189 -1188 -1188 -1188 -1189 -1189 -1189 -1189 -1189 -1189 -1189 -1189 -1189 -1188 -1189 -1188 -1188 -1188 -1188 -1188 -1188 -1188 -1188 -1188 -1189 -1189 -1189 -1189 -1189 -1189 -1190 -1190 -1190 -1190 -1190 -1190 -1191 -1191 -1191 -1191 -1191 -1191 -1191 -1191 -1191 -1191 -1191 -1191 -1191 -1191 -1191 -1191 -1191 -1191 -1192 -1191 -1192 -1192 -1192 -1192 -1193 -1192 -1193 -1193 -1193 -1193 -1193 -1194 -1194 -1194 -1194 -1194 -1194 -1194 -1194 -1194 -1195 -1194 -1195 -1195
-1196 -1196 -1197 -1196 -1196 -1196 -1196 -1196 -1196 -1196 -1196 -1196 -1196 -1196 -1196 -1196 -1196 -1196 -1196 -1196 -1196 -1196 -1196 -1196 -1196 -1196 -1196 -1196 -1196 -1196 -1196 -1196 -1196 -1196 -1197 -1196 -1196 -1196 -1196 -1196 -1197 -1196 -1196 -1196 -1196 -1196 -1196 -1196 -1196 -1196 -1196 -1196 -1197 -1196 -1196 -1196 -1196 -1196 -1197 -1197 -1197 -1197 -1197 -1197 -1198 -1198 -1198 -1198 -1198 -1198 -1198 -1198 -1198 -1198 -1198 -1199 -1198 -1199 -1199 -1198 -1198 -1198 -1198 -1198 -1198 -1198 -1198 -1198 -1198 -1198 -1198 -1198 -1198 -1198 -1198 -1198 -1197 -1197 -1197 -1198 -1197 -1197 -1197 -1197 -1197 -1197 -1197 -1197 -1197 -1197 -1197 -1197 -1197 -1197 -1197 -1197 -1197 -1197 -1197 -1197 -1197 -1197 -1197 -1196 -1196 -1196 -1196 -1196 -1195 -1195 -1195 -1195 -1195 -1195 -1195 -1195 -1195 -1195 -1195 -1195 -1195 -1195 -1195 -1195 -1195 -1195 -1195 -1195 -1194 -1195 -1195 -1195 -1195 -1195 -1195 -1195 -1194 -1194 -1194 -1194 -1194 -1194 -1193 -1194 -1193 -1194 -1194 -1193 -1193 -1193 -1193 -1193 -1193 -1193 -1193 -1193 -1193 -1193 -1193 -1193 -1193 -1193 -1192 -1193 -1192 -1192 -1192 -1192 -1192 -1192 -1192 -1192 -1192 -1192 -1192 -1192 -1192 -1192 -1192 -1192 -1192 -1192 -1192 -1192 -1191 -1192 -1192 -1192 -1192 -1192 -1191 -1191 -1191 -1191 -1191 -1191 -1191 -1191 -1191 -1191 -1190 -1190 -1190 -1190 -1190 -1190 -1190 -1190 -1190 -1190 -1190 -1190 -1190 -1190 -1190 -1190 -1190 -1190 -1190 -1190 -1190 -1190 -1190 -1190 -1190 -1190 -1190 -1190 -1190 -1190 -1190 -1190 -1190 -1190 -1190 -1190
-1190 -1191 -1191 -1191 -1191 -1190 -1190 -1190 -1190 -1190 -1189 -1189 -1189 -1189 -1189 -1189 -1189 -1188 -1188 -1188 -1188 -1188 -1188 -1188 -1188 -1189 -1188 -1189 -1189 -1189 -1189 -1189 -1189 -1189 -1188 -1189 -1189 -1188 -1188 -1188 -1188 -1188 -1188 -1188 -1188 -1188 -1188 -1188 -1189 -1189 -1189 -1189 -1190 -1190 -1190 -1190 -1190 -1191 -1191 -1190 -1191 -1190 -1190 -1190 -1191 -1191 -1191 -1191 -1191 -1191 -1191 -1191 -1191 -1191 -1191 -1191 -1191 -1191 -1192 -1192 -1192 -1192 -1193 -1193 -1193 -1193 -1193 -1193 -1193 -1193 -1193 -1193 -1194 -1194 -1194 -1194 -1195 -1194 -1194 -1195 -1195 -1194 -1194 -1195 -1195 -1195 -1194 -1195 -1195 -1195 -1194 -1195 -1194 -1195 -1195 -1195 -1195 -1195 -1195 -1195 -1195 -1195 -1195 -1195 -1195 -1195 -1195 -1195 -1195 -1195 -1195 -1195 -1195 -1195 -1195 -1195 -1195 -1195 -1195 -1195 -1196 -1196 -1196 -1195 -1195 -1195 -1196 -1195 -1195 -1195 -1195 -1195 -1195 -1195 -1195 -1195 -1195 -1196 -1195 -1195 -1196 -1195 -1195 -1195 -1195 -1195 -1195 -1195 -1196 -1196 -1195 -1196 -1196 -1196 -1195 -1195 -1195 -1195 -1196 -1195 -1195 -1195 -1195 -1196 -1196 -1195 -1196 -1196 -1196 -1195 -1196 -1196 -1196 -1196 -1196 -1196 -1196 -1196 -1196 -1196 -1196 -1196 -1196 -1196 -1196 -1196 -1196 -1196 -1196 -1196 -1196 -1196 -1196 -1196 -1196 -1196 -1196 -1196 -1196 -1196 -1196 -1196 -1196 -1196 -1196 -1196 -1196 -1196 -1196 -1196 -1196 -1196 -1196 -1196 -1196 -1197 -1196 -1196 -1196 -1196 -1196 -1196 -1196 -1196 -1197 -1196 -1196 -1196 -1196 -1196 -1196 -1196 -1196 -1196 -1197 -1196
-1195 -1195 -1195 -1194 -1195 -1194 -1194 -1194 -1194 -1194 -1194 -1193 -1194 -1193 -1193 -1194 -1193 -1193 -1193 -1193 -1193 -1193 -1193 -1193 -1193 -1193 -1193 -1192 -1193 -1192 -1192 -1192 -1192 -1192 -1192 -1192 -1192 -1192 -1192 -1192 -1192 -1192 -1192 -1192 -1192 -1192 -1192 -1192 -1192 -1192 -1192 -1192 -1192 -1192 -1192 -1192 -1192 -1191 -1191 -1191 -1191 -1191 -1191 -1191 -1191 -1191 -1190 -1191 -1190 -1190 -1190 -1190 -1190 -1190 -1190 -1190 -1190 -1190 -1190 -1190 -1190 -1190 -1190 -1190 -1190 -1190 -1190 -1190 -1190 -1190 -1190 -1190 -1190 -1190 -1190 -1190 -1190 -1190 -1190 -1190 -1190 -1190 -1190 -1190 -1190 -1190 -1190 -1190 -1190 -1190 -1190 -1190 -1190 -1190 -1190 -1190 -1190 -1190 -1190 -1190 -1190 -1190 -1190 -1190 -1190 -1190 -1190 -1190 -1190 -1190 -1190 -1190 -1190 -1190 -1190 -1190 -1190 -1190 -1190 -1190 -1190 -1190 -1190 -1190 -1190 -1190 -1190 -1190 -1190 -1190 -1190 -1190 -1190 -1190 -1190 -1190 -1190 -1190 -1190 -1190 -1190 -1190 -1190 -1190 -1190 -1190 -1190 -1190 -1190 -1190 -1191 -1190 -1190 -1190 -1191 -1191 -1190 -1191 -1191 -1191 -1191 -1191 -1191 -1191 -1190 -1191 -1191 -1191 -1191 -1190 -1191 -1191 -1191 -1190 -1191 -1191 -1191 -1191 -1191 -1191 -1191 -1191 -1191 -1191 -1191 -1191 -1191 -1191 -1191 -1191 -1191 -1191 -1191 -1191 -1190 -1190 -1190 -1190 -1190 -1190 -1190 -1190 -1189 -1189 -1189 -1189 -1189 -1189 -1188 -1188 -1188 -1189 -1188 -1189 -1189 -1188 -1189 -1189 -1188 -1189 -1189 -1189 -1189 -1189 -1188 -1188 -1188 -1188 -1188 -1188 -1188 -1188 -1188 -1188 -1188 -1188
-1194 -1195 -1196 -1195 -1196 -1195 -1196 -1195 -1196 -1195 -1195 -1196 -1196 -1195 -1195 -1195 -1195 -1195 -1196 -1196 -1196 -1196 -1196 -1195 -1195 -1195 -1195 -1195 -1196 -1196 -1195 -1196 -1196 -1196 -1196 -1196 -1196 -1196 -1196 -1195 -1196 -1196 -1196 -1196 -1196 -1196 -1196 -1196 -1196 -1196 -1196 -1196 -1196 -1196 -1196 -1196 -1196 -1196 -1196 -1196 -1196 -1196 -1196 -1196 -1196 -1196 -1196 -1196 -1196 -1196 -1196 -1196 -1196 -1196 -1196 -1196 -1196 -1196 -1196 -1196 -1196 -1196 -1197 -1196 -1196 -1196 -1196 -1196 -1196 -1196 -1196 -1196 -1196 -1196 -1196 -1196 -1197 -1196 -1196 -1196 -1196 -1196 -1196 -1196 -1196 -1196 -1196 -1196 -1196 -1196 -1196 -1196 -1196 -1196 -1197 -1197 -1197 -1197 -1198 -1198 -1198 -1198 -1198 -1198 -1198 -1198 -1198 -1198 -1198 -1198 -1199 -1198 -1198 -1198 -1198 -1198 -1199 -1198 -1198 -1198 -1198 -1198 -1198 -1198 -1198 -1198 -1198 -1198 -1198 -1198 -1198 -1198 -1198 -1197 -1198 -1198 -1198 -1197 -1197 -1197 -1197 -1197 -1197 -1197 -1197 -1197 -1197 -1197 -1197 -1197 -1197 -1197 -1197 -1197 -1197 -1197 -1197 -1197 -1197 -1197 -1196 -1196 -1196 -1196 -1196 -1195 -1196 -1195 -1195 -1195 -1195 -1195 -1195 -1195 -1195 -1195 -1195 -1195 -1195 -1195 -1195 -1195 -1195 -1194 -1194 -1195 -1195 -1195 -1195 -1195 -1194 -1194 -1194 -1194 -1194 -1194 -1194 -1194 -1193 -1193 -1193 -1194 -1193 -1194 -1193 -1193 -1194 -1193 -1193 -1193 -1193 -1193 -1193 -1193 -1193 -1193 -1193 -1192 -1193 -1193 -1192 -1192 -1192 -1192 -1192 -1192 -1192 -1192 -1192 -1192 -1192 -1192 -1192 -1192 -1192 -1192
-1190 -1190 -1191 -1191 -1190 -1190 -1190 -1190 -1190 -1190 -1191 -1190 -1190 -1190 -1190 -1190 -1190 -1190 -1191 -1190 -1190 -1191 -1190 -1190 -1190 -1190 -1191 -1190 -1191 -1190 -1190 -1190 -1190 -1190 -1191 -1190 -1190 -1190 -1191 -1191 -1191 -1191 -1191 -1190 -1191 -1191 -1191 -1191 -1191 -1191 -1191 -1191 -1191 -1191 -1190 -1191 -1191 -1191 -1191 -1191 -1191 -1191 -1190 -1190 -1190 -1190 -1190 -1190 -1189 -1189 -1189 -1189 -1188 -1188 -1189 -1188 -1188 -1188 -1188 -1189 -1188 -1189 -1189 -1189 -1189 -1189 -1189 -1189 -1189 -1189 -1189 -1188 -1188 -1188 -1188 -1188 -1188 -1188 -1188 -1188 -1188 -1188 -1188 -1189 -1189 -1189 -1189 -1190 -1190 -1190 -1190 -1190 -1190 -1190 -1191 -1191 -1191 -1191 -1191 -1191 -1191 -1191 -1191 -1191 -1191 -1191 -1191 -1191 -1191 -1191 -1191 -1191 -1192 -1191 -1191 -1192 -1192 -1192 -1192 -1192 -1193 -1193 -1193 -1193 -1193 -1194 -1194 -1193 -1194 -1194 -1194 -1194 -1194 -1194 -1194 -1195 -1195 -1195 -1194 -1195 -1195 -1195 -1194 -1194 -1195 -1195 -1195 -1195 -1195 -1195 -1195 -1195 -1194 -1195 -1195 -1195 -1195 -1195 -1195 -1195 -1195 -1195 -1195 -1195 -1195 -1195 -1195 -1195 -1195 -1195 -1195 -1195 -1195 -1196 -1195 -1195 -1195 -1195 -1195 -1195 -1195 -1195 -1195 -1196 -1196 -1195 -1195 -1195 -1195 -1195 -1195 -1195 -1196 -1195 -1196 -1195 -1195 -1195 -1195 -1195 -1196 -1196 -1195 -1195 -1196 -1196 -1196 -1195 -1196 -1196 -1196 -1196 -1195 -1196 -1195 -1196 -1195 -1195 -1196 -1195 -1196 -1196 -1196 -1196 -1196 -1196 -1196 -1196 -1196 -1196 -1196 -1195 -1196 -1196 -1196 -1196
-1197 -1197 -1197 -1198 -1198 -1198 -1197 -1197 -1197 -1197 -1197 -1197 -1197 -1197 -1197 -1197 -1197 -1197 -1197 -1197 -1197 -1197 -1197 -1197 -1197 -1196 -1196 -1196 -1196 -1196 -1196 -1196 -1196 -1195 -1195 -1195 -1195 -1195 -1195 -1196 -1195 -1195 -1195 -1195 -1195 -1195 -1195 -1195 -1195 -1195 -1195 -1195 -1195 -1195 -1195 -1195 -1195 -1195 -1194 -1194 -1194 -1194 -1194 -1194 -1194 -1194 -1193 -1194 -1194 -1193 -1194 -1193 -1194 -1194 -1193 -1193 -1193 -1193 -1193 -1193 -1193 -1193 -1193 -1193 -1192 -1193 -1192 -1192 -1192 -1192 -1192 -1192 -1192 -1192 -1192 -1192 -1192 -1192 -1192 -1192 -1192 -1192 -1192 -1192 -1192 -1192 -1191 -1191 -1191 -1191 -1192 -1192 -1191 -1192 -1192 -1191 -1191 -1192 -1191 -1191 -1191 -1191 -1190 -1191 -1191 -1190 -1190 -1190 -1190 -1190 -1190 -1190 -1190 -1190 -1190 -1190 -1190 -1190 -1190 -1190 -1190 -1190 -1190 -1190 -1190 -1190 -1190 -1190 -1190 -1190 -1190 -1190 -1190 -1190 -1190 -1190 -1190 -1190 -1190 -1190 -1190 -1190 -1190 -1190 -1190 -1190 -1190 -1190 -1190 -1190 -1190 -1190 -1190 -1190 -1190 -1190 -1190 -1190 -1190 -1190 -1190 -1190 -1190 -1190 -1190 -1190 -1190 -1190 -1190 -1190 -1190 -1190 -1190 -1190 -1190 -1190 -1190 -1190 -1190 -1190 -1190 -1190 -1190 -1190 -1190 -1190 -1190 -1190 -1190 -1190 -1190 -1190 -1190 -1190 -1190 -1190 -1190 -1190 -1190 -1190 -1190 -1190 -1191 -1190 -1190 -1190 -1190 -1190 -1190 -1190 -1190 -1190 -1190 -1191 -1191 -1190 -1190 -1190 -1191 -1190 -1190 -1190 -1190 -1190 -1191 -1190 -1190 -1190 -1190 -1190 -1191 -1191 -1191 -1191 -1190 -1191
-1194 -1195 -1195 -1195 -1194 -1195 -1195 -1195 -1194 -1195 -1195 -1195 -1195 -1195 -1195 -1195 -1195 -1195 -1195 -1195 -1195 -1195 -1195 -1195 -1195 -1195 -1195 -1195 -1195 -1195 -1195 -1195 -1195 -1195 -1195 -1195 -1195 -1195 -1195 -1195 -1196 -1196 -1195 -1195 -1195 -1195 -1195 -1195 -1195 -1195 -1196 -1195 -1195 -1195 -1195 -1195 -1195 -1195 -1195 -1195 -1195 -1195 -1195 -1195 -1196 -1196 -1195 -1195 -1195 -1195 -1195 -1195 -1195 -1196 -1196 -1196 -1196 -1196 -1196 -1196 -1196 -1196 -1195 -1195 -1195 -1195 -1196 -1196 -1196 -1196 -1195 -1196 -1195 -1196 -1196 -1195 -1196 -1196 -1196 -1196 -1196 -1196 -1196 -1196 -1196 -1196 -1196 -1196 -1196 -1196 -1196 -1196 -1196 -1196 -1196 -1196 -1196 -1196 -1195 -1196 -1196 -1196 -1196 -1196 -1196 -1196 -1196 -1196 -1196 -1196 -1196 -1196 -1196 -1196 -1196 -1196 -1196 -1196 -1196 -1196 -1196 -1196 -1196 -1196 -1196 -1196 -1196 -1196 -1197 -1197 -1196 -1196 -1196 -1196 -1196 -1196 -1196 -1196 -1196 -1196 -1196 -1196 -1196 -1196 -1196 -1196 -1196 -1196 -1196 -1196 -1196 -1196 -1197 -1197 -1197 -1198 -1197 -1197 -1198 -1198 -1198 -1198 -1198 -1198 -1198 -1198 -1198 -1198 -1198 -1198 -1198 -1198 -1198 -1198 -1198 -1198 -1198 -1198 -1198 -1198 -1198 -1198 -1198 -1198 -1198 -1198 -1197 -1198 -1198 -1198 -1198 -1198 -1198 -1197 -1197 -1197 -1197 -1197 -1197 -1196 -1197 -1197 -1197 -1197 -1197 -1198 -1197 -1197 -1197 -1198 -1197 -1197 -1197 -1197 -1196 -1196 -1197 -1196 -1196 -1196 -1196 -1196 -1195 -1195 -1195 -1195 -1195 -1195 -1195 -1195 -1195 -1195 -1195 -1195 -1195 -1195
-1190 -1190 -1190 -1190 -1190 -1190 -1190 -1190 -1190 -1190 -1190 -1190 -1190 -1190 -1190 -1190 -1190 -1190 -1190 -1190 -1190 -1190 -1190 -1190 -1190 -1190 -1190 -1190 -1190 -1190 -1190 -1190 -1190 -1190 -1190 -1190 -1190 -1190 -1190 -1190 -1190 -1190 -1191 -1190 -1190 -1190 -1191 -1190 -1190 -1190 -1190 -1190 -1190 -1190 -1190 -1190 -1190 -1190 -1190 -1190 -1190 -1190 -1190 -1191 -1190 -1190 -1190 -1190 -1190 -1190 -1190 -1190 -1190 -1190 -1190 -1191 -1191 -1190 -1190 -1191 -1190 -1190 -1191 -1191 -1191 -1191 -1190 -1190 -1191 -1190 -1190 -1190 -1190 -1191 -1191 -1191 -1191 -1191 -1191 -1191 -1191 -1191 -1191 -1191 -1191 -1191 -1191 -1191 -1191 -1191 -1190 -1191 -1191 -1191 -1191 -1190 -1190 -1191 -1190 -1190 -1190 -1190 -1190 -1190 -1189 -1189 -1189 -1189 -1189 -1188 -1189 -1188 -1188 -1188 -1188 -1188 -1188 -1188 -1188 -1189 -1189 -1189 -1189 -1189 -1189 -1189 -1189 -1189 -1188 -1188 -1188 -1188 -1188 -1188 -1188 -1188 -1188 -1188 -1188 -1188 -1189 -1189 -1189 -1189 -1190 -1190 -1190 -1190 -1190 -1191 -1191 -1190 -1191 -1191 -1191 -1191 -1191 -1191 -1191 -1191 -1191 -1191 -1191 -1191 -1191 -1191 -1191 -1191 -1191 -1191 -1191 -1192 -1192 -1192 -1192 -1193 -1193 -1193 -1193 -1193 -1193 -1193 -1194 -1194 -1194 -1194 -1194 -1194 -1194 -1194 -1194 -1195 -1195 -1195 -1195 -1195 -1195 -1195 -1195 -1195 -1195 -1194 -1195 -1195 -1195 -1195 -1195 -1195 -1195 -1195 -1195 -1195 -1195 -1195 -1195 -1195 -1195 -1195 -1195 -1195 -1195 -1195 -1195 -1195 -1195 -1195 -1195 -1195 -1195 -1195 -1195 -1195 -1195 -1195 -1195 -1195
-1196 -1197 -1197 -1197 -1196 -1196 -1196 -1196 -1196 -1196 -1196 -1196 -1196 -1196 -1196 -1196 -1196 -1196 -1197 -1197 -1197 -1197 -1197 -1197 -1198 -1198 -1198 -1198 -1198 -1198 -1198 -1198 -1198 -1198 -1199 -1199 -1198 -1198 -1198 -1198 -1198 -1198 -1198 -1198 -1198 -1198 -1198 -1198 -1198 -1198 -1198 -1198 -1198 -1198 -1198 -1197 -1198 -1198 -1197 -1197 -1197 -1197 -1197 -1197 -1197 -1197 -1197 -1197 -1197 -1197 -1197 -1197 -1197 -1197 -1197 -1198 -1197 -1197 -1197 -1197 -1197 -1197 -1196 -1196 -1196 -1196 -1196 -1196 -1195 -1195 -1195 -1195 -1195 -1195 -1195 -1195 -1195 -1195 -1195 -1195 -1195 -1195 -1195 -1195 -1195 -1195 -1195 -1195 -1195 -1195 -1195 -1195 -1195 -1194 -1194 -1194 -1194 -1194 -1194 -1194 -1194 -1194 -1194 -1194 -1194 -1193 -1193 -1193 -1193 -1193 -1193 -1193 -1193 -1193 -1193 -1193 -1193 -1193 -1193 -1193 -1192 -1192 -1192 -1192 -1192 -1192 -1192 -1192 -1192 -1192 -1192 -1192 -1192 -1192 -1192 -1192 -1192 -1192 -1192 -1192 -1192 -1192 -1191 -1191 -1191 -1192 -1191 -1191 -1192 -1191 -1191 -1191 -1191 -1191 -1191 -1191 -1191 -1191 -1191 -1190 -1190 -1190 -1190 -1190 -1190 -1190 -1190 -1190 -1190 -1190 -1190 -1190 -1190 -1190 -1190 -1190 -1190 -1190 -1190 -1190 -1190 -1190 -1190 -1190 -1190 -1190 -1190 -1190 -1190 -1190 -1190 -1189 -1190 -1190 -1190 -1190 -1190 -1190 -1190 -1190 -1190 -1190 -1190 -1190 -1190 -1190 -1190 -1190 -1190 -1190 -1190 -1190 -1190 -1190 -1190 -1190 -1190 -1190 -1190 -1190 -1190 -1190 -1190 -1190 -1190 -1190 -1190 -1190 -1190 -1190 -1190 -1190 -1190 -1190 -1190 -1190
-1188 -1188 -1188 -1188 -1188 -1188 -1188 -1189 -1189 -1189 -1189 -1189 -1190 -1190 -1190 -1190 -1190 -1190 -1190 -1191 -1191 -1191 -1191 -1191 -1191 -1191 -1191 -1191 -1191 -1191 -1191 -1191 -1191 -1191 -1191 -1191 -1191 -1191 -1192 -1192 -1192 -1192 -1192 -1193 -1193 -1193 -1193 -1194 -1194 -1193 -1194 -1194 -1194 -1194 -1194 -1195 -1194 -1194 -1194 -1194 -1195 -1195 -1194 -1195 -1195 -1194 -1194 -1195 -1195 -1195 -1195 -1195 -1195 -1195 -1195 -1195 -1195 -1195 -1195 -1195 -1195 -1195 -1195 -1195 -1195 -1195 -1195 -1195 -1195 -1195 -1195 -1196 -1195 -1195 -1195 -1196 -1195 -1195 -1195 -1195 -1195 -1196 -1195 -1196 -1196 -1195 -1196 -1196 -1195 -1195 -1195 -1195 -1195 -1195 -1196 -1195 -1195 -1195 -1196 -1196 -1196 -1195 -1196 -1195 -1195 -1196 -1195 -1196 -1196 -1196 -1196 -1196 -1196 -1196 -1196 -1196 -1196 -1196 -1195 -1196 -1195 -1196 -1195 -1195 -1196 -1195 -1195 -1196 -1196 -1196 -1196 -1196 -1196 -1196 -1196 -1196 -1196 -1196 -1196 -1196 -1196 -1196 -1196 -1196 -1196 -1196 -1196 -1196 -1196 -1196 -1196 -1196 -1196 -1196 -1196 -1196 -1196 -1196 -1196 -1196 -1196 -1196 -1196 -1196 -1196 -1196 -1196 -1196 -1196 -1196 -1196 -1196 -1196 -1196 -1196 -1196 -1196 -1196 -1196 -1196 -1196 -1196 -1196 -1196 -1196 -1196 -1196 -1196 -1196 -1196 -1196 -1196 -1196 -1196 -1196 -1196 -1196 -1196 -1196 -1196 -1196 -1196 -1196 -1196 -1196 -1196 -1196 -1196 -1197 -1197 -1197 -1197 -1198 -1197 -1198 -1198 -1198 -1198 -1198 -1198 -1198 -1198 -1198 -1198 -1199 -1198 -1198 -1198 -1198 -1198 -1198 -1198 -1198 -1198 -1198 -1198
-1193 -1192 -1192 -1192 -1192 -1192 -1192 -1192 -1192 -1192 -1192 -1192 -1191 -1192 -1192 -1191 -1191 -1191 -1191 -1191 -1191 -1191 -1191 -1191 -1191 -1191 -1190 -1190 -1190 -1190 -1190 -1190 -1190 -1190 -1190 -1190 -1190 -1190 -1190 -1190 -1190 -1190 -1190 -1190 -1190 -1190 -1190 -1190 -1190 -1190 -1190 -1190 -1190 -1190 -1190 -1190 -1190 -1190 -1190 -1190 -1190 -1190 -1190 -1190 -1190 -1190 -1190 -1190 -1190 -1190 -1190 -1190 -1190 -1190 -1190 -1190 -1190 -1190 -1190 -1190 -1190 -1190 -1190 -1190 -1190 -1190 -1190 -1190 -1190 -1190 -1190 -1190 -1190 -1190 -1190 -1190 -1190 -1190 -1190 -1190 -1190 -1190 -1190 -1190 -1190 -1190 -1190 -1190 -1190 -1190 -1190 -1190 -1190 -1190 -1190 -1190 -1190 -1190 -1190 -1191 -1190 -1190 -1190 -1190 -1190 -1190 -1190 -1190 -1190 -1190 -1190 -1190 -1190 -1191 -1191 -1190 -1190 -1190 -1191 -1190 -1191 -1191 -1191 -1190 -1190 -1190 -1191 -1190 -1190 -1190 -1191 -1190 -1191 -1191 -1191 -1191 -1191 -1190 -1191 -1191 -1191 -1190 -1191 -1191 -1190 -1190 -1191 -1191 -1190 -1190 -1191 -1190 -1190 -1191 -1190 -1190 -1190 -1190 -1190 -1190 -1189 -1189 -1189 -1189 -1189 -1189 -1189 -1189 -1188 -1188 -1188 -1188 -1188 -1188 -1188 -1189 -1189 -1188 -1189 -1189 -1189 -1189 -1189 -1188 -1188 -1188 -1188 -1188 -1188 -1188 -1188 -1188 -1188 -1188 -1188 -1188 -1189 -1188 -1189 -1189 -1189 -1190 -1190 -1190 -1190 -1190 -1191 -1190 -1190 -1191 -1190 -1191 -1191 -1191 -1191 -1191 -1191 -1191 -1191 -1191 -1191 -1191 -1191 -1191 -1191 -1191 -1191 -1192 -1192 -1192 -1192 -1193 -1193 -1193 -1193 -1193
-1196 -1196 -1196 -1196 -1196 -1196 -1196 -1196 -1196 -1196 -1196 -1196 -1196 -1196 -1196 -1196 -1196 -1196 -1196 -1196 -1196 -1196 -1196 -1196 -1196 -1196 -1196 -1196 -1196 -1196 -1196 -1196 -1196 -1196 -1197 -1196 -1196 -1196 -1196 -1196 -1196 -1197 -1196 -1196 -1196 -1196 -1196 -1196 -1196 -1196 -1197 -1196 -1197 -1196 -1196 -1196 -1196 -1196 -1196 -1197 -1196 -1196 -1196 -1197 -1197 -1197 -1196 -1196 -1196 -1196 -1196 -1196 -1196 -1196 -1197 -1197 -1197 -1197 -1198 -1198 -1198 -1198 -1198 -1198 -1198 -1198 -1198 -1198 -1198 -1198 -1198 -1199 -1198 -1198 -1198 -1198 -1198 -1198 -1198 -1198 -1198 -1198 -1198 -1198 -1198 -1198 -1198 -1198 -1198 -1197 -1198 -1198 -1198 -1198 -1197 -1197 -1197 -1197 -1197 -1197 -1197 -1197 -1197 -1197 -1197 -1197 -1197 -1197 -1197 -1197 -1197 -1197 -1197 -1197 -1197 -1197 -1197 -1197 -1196 -1196 -1196 -1196 -1196 -1196 -1196 -1195 -1195 -1195 -1195 -1195 -1195 -1195 -1195 -1195 -1195 -1195 -1195 -1195 -1195 -1195 -1195 -1195 -1195 -1195 -1195 -1195 -1195 -1195 -1195 -1194 -1194 -1194 -1194 -1194 -1194 -1194 -1194 -1194 -1194 -1194 -1193 -1193 -1193 -1193 -1193 -1194 -1193 -1193 -1193 -1193 -1193 -1193 -1192 -1193 -1192 -1193 -1193 -1192 -1192 -1192 -1192 -1192 -1192 -1192 -1192 -1192 -1192 -1192 -1192 -1192 -1192 -1192 -1192 -1192 -1192 -1192 -1192 -1192 -1192 -1192 -1192 -1192 -1192 -1191 -1191 -1191 -1191 -1191 -1191 -1191 -1191 -1191 -1191 -1191 -1191 -1190 -1190 -1190 -1190 -1190 -1190 -1190 -1190 -1190 -1190 -1190 -1190 -1190 -1190 -1190 -1190 -1190 -1190 -1190 -1190 -1190
-1191 -1191 -1191 -1191 -1191 -1191 -1191 -1191 -1191 -1191 -1191 -1190 -1190 -1191 -1190 -1190 -1190 -1191 -1191 -1191 -1191 -1191 -1190 -1190 -1190 -1189 -1189 -1190 -1189 -1189 -1189 -1188 -1188 -1188 -1188 -1188 -1189 -1188 -1188 -1188 -1188 -1188 -1188 -1188 -1188 -1189 -1189 -1189 -1189 -1189 -1188 -1188 -1188 -1188 -1188 -1188 -1188 -1188 -1188 -1188 -1188 -1188 -1188 -1189 -1189 -1189 -1189 -1189 -1189 -1189 -1190 -1190 -1190 -1190 -1191 -1190 -1191 -1191 -1191 -1191 -1191 -1191 -1191 -1191 -1191 -1191 -1191 -1191 -1191 -1191 -1191 -1191 -1191 -1191 -1192 -1192 -1192 -1192 -1192 -1193 -1193 -1193 -1193 -1193 -1193 -1194 -1193 -1194 -1194 -1194 -1194 -1195 -1194 -1194 -1194 -1194 -1195 -1194 -1195 -1195 -1195 -1195 -1195 -1195 -1195 -1195 -1195 -1195 -1195 -1195 -1195 -1195 -1195 -1195 -1195 -1195 -1195 -1195 -1195 -1195 -1195 -1195 -1195 -1195 -1195 -1195 -1195 -1195 -1195 -1195 -1195 -1195 -1195 -1196 -1195 -1195 -1196 -1195 -1195 -1195 -1196 -1196 -1195 -1195 -1195 -1195 -1195 -1195 -1196 -1195 -1195 -1195 -1195 -1195 -1195 -1196 -1195 -1195 -1195 -1196 -1195 -1195 -1195 -1196 -1196 -1196 -1195 -1196 -1196 -1196 -1196 -1196 -1195 -1196 -1196 -1195 -1195 -1195 -1195 -1195 -1196 -1196 -1196 -1196 -1196 -1196 -1196 -1196 -1195 -1195 -1195 -1196 -1196 -1196 -1196 -1196 -1196 -1196 -1196 -1196 -1196 -1196 -1196 -1196 -1196 -1196 -1196 -1196 -1196 -1196 -1196 -1196 -1196 -1196 -1196 -1196 -1196 -1196 -1196 -1196 -1196 -1196 -1196 -1196 -1196 -1196 -1196 -1196 -1196 -1196 -1196 -1196 -1196 -1196 -1196 -1196
-1195 -1195 -1195 -1196 -1195 -1195 -1195 -1195 -1195 -1195 -1195 -1195 -1195 -1195 -1195 -1195 -1195 -1194 -1194 -1194 -1194 -1194 -1194 -1194 -1194 -1194 -1194 -1194 -1193 -1193 -1193 -1193 -1193 -1193 -1193 -1193 -1193 -1193 -1193 -1193 -1193 -1193 -1193 -1193 -1193 -1193 -1192 -1192 -1192 -1192 -1192 -1192 -1192 -1192 -1192 -1192 -1192 -1192 -1192 -1192 -1192 -1192 -1192 -1192 -1192 -1192 -1192 -1191 -1191 -1191 -1191 -1191 -1191 -1191 -1192 -1191 -1191 -1191 -1191 -1191 -1191 -1190 -1191 -1190 -1190 -1190 -1190 -1190 -1190 -1189 -1190 -1190 -1190 -1190 -1190 -1190 -1190 -1190 -1190 -1190 -1190 -1190 -1190 -1190 -1190 -1190 -1190 -1190 -1190 -1190 -1190 -1190 -1190 -1190 -1190 -1190 -1190 -1190 -1190 -1190 -1190 -1190 -1190 -1190 -1190 -1190 -1190 -1190 -1190 -1190 -1190 -1189 -1190 -1190 -1190 -1190 -1190 -1190 -1190 -1190 -1190 -1190 -1190 -1190 -1190 -1190 -1190 -1190 -1190 -1190 -1190 -1190 -1190 -1190 -1190 -1190 -1190 -1190 -1190 -1190 -1190 -1190 -1190 -1190 -1190 -1190 -1190 -1190 -1190 -1190 -1190 -1190 -1190 -1190 -1190 -1190 -1190 -1191 -1190 -1190 -1190 -1190 -1190 -1190 -1190 -1190 -1190 -1190 -1190 -1190 -1191 -1190 -1190 -1191 -1190 -1190 -1191 -1190 -1190 -1190 -1191 -1191 -1191 -1190 -1190 -1191 -1190 -1191 -1191 -1191 -1191 -1191 -1191 -1190 -1191 -1191 -1191 -1191 -1191 -1191 -1191 -1191 -1190 -1191 -1190 -1190 -1190 -1191 -1191 -1191 -1190 -1190 -1190 -1190 -1190 -1189 -1189 -1189 -1189 -1189 -1188 -1189 -1189 -1189 -1189 -1188 -1188 -1188 -1188 -1188 -1189 -1188 -1189 -1189 -1189 -1188
-1194 -1195 -1195 -1196 -1196 -1196 -1195 -1195 -1195 -1196 -1195 -1195 -1195 -1195 -1195 -1195 -1195 -1195 -1195 -1196 -1195 -1195 -1196 -1196 -1196 -1196 -1196 -1195 -1195 -1195 -1196 -1196 -1195 -1195 -1196 -1196 -1196 -1196 -1196 -1195 -1195 -1195 -1196 -1195 -1196 -1196 -1195 -1196 -1196 -1196 -1195 -1196 -1196 -1196 -1196 -1196 -1195 -1196 -1196 -1196 -1196 -1196 -1195 -1196 -1196 -1196 -1196 -1196 -1196 -1196 -1196 -1196 -1196 -1196 -1196 -1196 -1196 -1196 -1196 -1196 -1196 -1196 -1196 -1196 -1196 -1196 -1196 -1196 -1196 -1196 -1196 -1196 -1197 -1196 -1196 -1196 -1196 -1196 -1196 -1196 -1196 -1196 -1196 -1196 -1196 -1196 -1196 -1196 -1196 -1196 -1196 -1196 -1196 -1196 -1196 -1196 -1196 -1196 -1196 -1196 -1196 -1196 -1196 -1196 -1196 -1196 -1196 -1196 -1196 -1196 -1197 -1197 -1197 -1197 -1197 -1198 -1198 -1198 -1198 -1198 -1198 -1198 -1198 -1198 -1198 -1198 -1198 -1198 -1198 -1198 -1198 -1198 -1198 -1198 -1198 -1198 -1198 -1198 -1198 -1197 -1198 -1198 -1198 -1198 -1198 -1198 -1198 -1197 -1197 -1198 -1198 -1197 -1197 -1197 -1197 -1197 -1197 -1197 -1197 -1197 -1197 -1197 -1197 -1197 -1197 -1197 -1197 -1197 -1197 -1197 -1198 -1197 -1196 -1197 -1197 -1196 -1196 -1196 -1196 -1196 -1196 -1195 -1195 -1195 -1195 -1195 -1195 -1195 -1195 -1195 -1195 -1195 -1195 -1195 -1195 -1195 -1195 -1195 -1195 -1195 -1195 -1195 -1195 -1195 -1195 -1195 -1195 -1194 -1194 -1194 -1194 -1194 -1193 -1193 -1194 -1193 -1194 -1193 -1194 -1193 -1193 -1193 -1193 -1193 -1193 -1193 -1193 -1193 -1193 -1192 -1192 -1193 -1193 -1193 -1192 -1193
-1190 -1190 -1191 -1191 -1190 -1191 -1190 -1190 -1190 -1190 -1190 -1190 -1190 -1190 -1190 -1190 -1190 -1190 -1190 -1191 -1190 -1190 -1190 -1190 -1190 -1190 -1190 -1190 -1190 -1190 -1190 -1190 -1190 -1190 -1190 -1190 -1191 -1190 -1190 -1191 -1191 -1190 -1190 -1191 -1190 -1190 -1190 -1190 -1191 -1190 -1190 -1190 -1190 -1190 -1191 -1191 -1191 -1191 -1191 -1190 -1191 -1191 -1191 -1191 -1191 -1191 -1191 -1191 -1190 -1191 -1191 -1191 -1191 -1190 -1191 -1191 -1191 -1191 -1190 -1190 -1190 -1190 -1189 -1189 -1189 -1189 -1189 -1189 -1188 -1189 -1188 -1188 -1188 -1188 -1188 -1188 -1188 -1188 -1188 -1189 -1189 -1189 -1189 -1189 -1189 -1189 -1189 -1188 -1189 -1188 -1188 -1188 -1188 -1188 -1188 -1188 -1188 -1188 -1189 -1189 -1189 -1189 -1189 -1190 -1189 -1190 -1190 -1190 -1190 -1191 -1191 -1191 -1191 -1191 -1191 -1191 -1191 -1191 -1191 -1191 -1191 -1191 -1191 -1191 -1191 -1191 -1191 -1191 -1191 -1191 -1192 -1191 -1192 -1192 -1192 -1193 -1193 -1193 -1193 -1193 -1193 -1193 -1194 -1194 -1194 -1194 -1194 -1194 -1194 -1194 -1195 -1194 -1195 -1195 -1195 -1195 -1195 -1194 -1194 -1194 -1195 -1195 -1195 -1195 -1195 -1195 -1195 -1195 -1195 -1195 -1195 -1195 -1195 -1195 -1195 -1195 -1195 -1195 -1195 -1195 -1195 -1195 -1195 -1195 -1195 -1195 -1195 -1195 -1195 -1195 -1195 -1195 -1195 -1195 -1195 -1195 -1195 -1195 -1195 -1195 -1195 -1195 -1195 -1195 -1196 -1195 -1195 -1196 -1196 -1195 -1196 -1195 -1195 -1196 -1195 -1195 -1195 -1195 -1195 -1195 -1195 -1195 -1195 -1196 -1196 -1196 -1195 -1196 -1195 -1195 -1195 -1195 -1195 -1195 -1195 -1195
-1198 -1198 -1198 -1198 -1198 -1198 -1198 -1198 -1198 -1198 -1198 -1198 -1198 -1197 -1198 -1197 -1198 -1197 -1198 -1197 -1197 -1197 -1197 -1197 -1197 -1197 -1197 -1197 -1197 -1197 -1197 -1197 -1197 -1197 -1198 -1197 -1197 -1197 -1197 -1197 -1197 -1196 -1196 -1196 -1196 -1196 -1196 -1195 -1195 -1195 -1195 -1195 -1195 -1195 -1195 -1195 -1195 -1195 -1195 -1195 -1195 -1195 -1195 -1195 -1195 -1195 -1195 -1195 -1195 -1195 -1195 -1195 -1195 -1194 -1194 -1194 -1194 -1194 -1194 -1193 -1193 -1194 -1193 -1193 -1194 -1194 -1194 -1194 -1194 -1193 -1193 -1193 -1193 -1193 -1193 -1193 -1193 -1193 -1193 -1192 -1193 -1192 -1192 -1192 -1192 -1192 -1192 -1192 -1192 -1192 -1192 -1192 -1192 -1192 -1192 -1192 -1192 -1191 -1192 -1192 -1192 -1192 -1191 -1192 -1192 -1192 -1191 -1191 -1191 -1191 -1191 -1191 -1191 -1192 -1191 -1191 -1191 -1191 -1190 -1190 -1190 -1190 -1190 -1190 -1190 -1190 -1190 -1190 -1190 -1190 -1190 -1190 -1190 -1190 -1190 -1190 -1190 -1190 -1190 -1190 -1190 -1190 -1190 -1190 -1190 -1190 -1190 -1189 -1190 -1190 -1190 -1190 -1190 -1190 -1190 -1190 -1190 -1190 -1190 -1190 -1190 -1190 -1190 -1190 -1190 -1190 -1190 -1190 -1190 -1190 -1190 -1190 -1190 -1190 -1190 -1190 -1190 -1190 -1190 -1190 -1190 -1190 -1190 -1190 -1190 -1190 -1190 -1190 -1190 -1190 -1190 -1190 -1190 -1190 -1190 -1190 -1190 -1190 -1191 -1190 -1190 -1190 -1190 -1190 -1190 -1190 -1190 -1190 -1190 -1190 -1190 -1190 -1190 -1190 -1190 -1190 -1190 -1190 -1190 -1190 -1190 -1190 -1190 -1190 -1190 -1190 -1190 -1191 -1190 -1190 -1190 -1191 -1191 -1190 -1190 -1190
-1192 -1193 -1193 -1193 -1193 -1193 -1193 -1193 -1194 -1194 -1194 -1194 -1194 -1194 -1194 -1195 -1194 -1194 -1195 -1195 -1195 -1194 -1195 -1195 -1194 -1194 -1194 -1195 -1195 -1195 -1194 -1195 -1195 -1195 -1195 -1195 -1195 -1195 -1195 -1195 -1195 -1195 -1195 -1195 -1195 -1195 -1195 -1195 -1195 -1195 -1195 -1195 -1195 -1195 -1196 -1196 -1195 -1195 -1195 -1195 -1195 -1195 -1195 -1195 -1195 -1195 -1196 -1195 -1195 -1195 -1195 -1196 -1196 -1195 -1195 -1196 -1195 -1195 -1195 -1196 -1195 -1195 -1195 -1196 -1195 -1195 -1195 -1196 -1195 -1195 -1196 -1196 -1195 -1195 -1195 -1195 -1195 -1196 -1195 -1195 -1195 -1196 -1195 -1195 -1195 -1195 -1196 -1196 -1196 -1196 -1196 -1196 -1196 -1196 -1196 -1196 -1196 -1196 -1196 -1196 -1196 -1196 -1196 -1196 -1196 -1196 -1196 -1196 -1196 -1196 -1196 -1196 -1196 -1196 -1196 -1196 -1196 -1196 -1196 -1196 -1196 -1196 -1196 -1196 -1196 -1196 -1196 -1196 -1196 -1196 -1196 -1196 -1196 -1196 -1196 -1196 -1196 -1196 -1196 -1196 -1196 -1196 -1196 -1196 -1196 -1196 -1196 -1196 -1196 -1196 -1196 -1196 -1196 -1196 -1196 -1196 -1196 -1196 -1196 -1196 -1196 -1196 -1196 -1196 -1196 -1196 -1197 -1197 -1197 -1197 -1198 -1197 -1198 -1198 -1198 -1198 -1198 -1198 -1198 -1198 -1198 -1198 -1198 -1198 -1198 -1198 -1198 -1198 -1198 -1198 -1198 -1198 -1198 -1198 -1198 -1197 -1198 -1198 -1198 -1198 -1198 -1198 -1198 -1198 -1198 -1197 -1197 -1197 -1197 -1197 -1197 -1197 -1197 -1197 -1197 -1197 -1197 -1197 -1197 -1197 -1197 -1197 -1197 -1197 -1197 -1197 -1197 -1197 -1197 -1197 -1196 -1196 -1196 -1196 -1196 -1196
-1190 -1190 -1190 -1190 -1190 -1190 -1190 -1190 -1190 -1190 -1190 -1190 -1189 -1190 -1190 -1190 -1190 -1190 -1190 -1190 -1190 -1190 -1190 -1190 -1190 -1190 -1190 -1190 -1190 -1190 -1190 -1190 -1190 -1190 -1190 -1190 -1190 -1190 -1190 -1190 -1190 -1190 -1190 -1190 -1190 -1190 -1190 -1190 -1190 -1190 -1190 -1190 -1190 -1190 -1190 -1190 -1190 -1190 -1190 -1190 -1190 -1190 -1190 -1190 -1190 -1190 -1190 -1190 -1190 -1190 -1190 -1190 -1190 -1190 -1190 -1190 -1190 -1190 -1190 -1190 -1190 -1190 -1190 -1190 -1190 -1190 -1190 -1190 -1190 -1190 -1190 -1190 -1190 -1191 -1191 -1191 -1191 -1190 -1190 -1190 -1190 -1190 -1191 -1191 -1191 -1190 -1191 -1191 -1191 -1191 -1191 -1190 -1191 -1191 -1191 -1191 -1191 -1191 -1191 -1191 -1190 -1191 -1191 -1191 -1191 -1191 -1190 -1191 -1191 -1190 -1191 -1191 -1191 -1190 -1190 -1190 -1190 -1190 -1189 -1189 -1189 -1189 -1189 -1189 -1189 -1188 -1188 -1188 -1188 -1188 -1188 -1189 -1189 -1188 -1188 -1189 -1189 -1189 -1189 -1189 -1189 -1189 -1189 -1188 -1188 -1188 -1188 -1188 -1188 -1188 -1188 -1188 -1188 -1188 -1189 -1189 -1189 -1189 -1189 -1189 -1190 -1190 -1190 -1190 -1190 -1190 -1191 -1190 -1191 -1191 -1190 -1191 -1191 -1191 -1191 -1191 -1191 -1191 -1191 -1191 -1191 -1191 -1191 -1191 -1191 -1191 -1192 -1192 -1192 -1192 -1192 -1193 -1193 -1193 -1193 -1193 -1194 -1194 -1194 -1194 -1194 -1194 -1194 -1194 -1194 -1194 -1194 -1194 -1194 -1195 -1194 -1195 -1194 -1194 -1195 -1195 -1195 -1195 -1195 -1195 -1195 -1195 -1195 -1195 -1194 -1195 -1195 -1195 -1195 -1195 -1195 -1195 -1195 -1195 -1195 -1195
-1196 -1196 -1196 -1196 -1196 -1197 -1196 -1196 -1196 -1196 -1197 -1197 -1196 -1196 -1196 -1196 -1196 -1197 -1196 -1196 -1196 -1196 -1196 -1196 -1196 -1196 -1196 -1196 -1196 -1196 -1196 -1196 -1196 -1196 -1197 -1197 -1198 -1197 -1198 -1198 -1198 -1198 -1198 -1198 -1198 -1198 -1198 -1198 -1198 -1198 -1198 -1198 -1198 -1198 -1198 -1198 -1198 -1198 -1198 -1198 -1198 -1198 -1198 -1198 -1198 -1198 -1197 -1198 -1198 -1198 -1198 -1198 -1198 -1197 -1197 -1198 -1197 -1197 -1197 -1197 -1197 -1197 -1197 -1197 -1197 -1197 -1197 -1197 -1197 -1197 -1197 -1197 -1197 -1197 -1197 -1197 -1197 -1196 -1196 -1197 -1196 -1196 -1196 -1196 -1195 -1195 -1195 -1195 -1195 -1195 -1195 -1195 -1195 -1195 -1195 -1195 -1195 -1195 -1195 -1194 -1195 -1195 -1195 -1195 -1195 -1195 -1195 -1195 -1194 -1194 -1195 -1194 -1194 -1194 -1194 -1194 -1194 -1194 -1194 -1194 -1194 -1194 -1194 -1193 -1193 -1193 -1193 -1193 -1193 -1193 -1193 -1193 -1193 -1193 -1192 -1193 -1193 -1192 -1192 -1192 -1192 -1192 -1192 -1192 -1192 -1192 -1192 -1192 -1192 -1192 -1192 -1192 -1192 -1192 -1192 -1192 -1191 -1191 -1192 -1191 -1191 -1192 -1192 -1192 -1192 -1191 -1191 -1191 -1191 -1191 -1191 -1191 -1191 -1191 -1191 -1191 -1190 -1190 -1190 -1190 -1190 -1190 -1190 -1190 -1190 -1190 -1190 -1190 -1190 -1190 -1190 -1190 -1190 -1190 -1190 -1190 -1190 -1190 -1190 -1190 -1190 -1190 -1190 -1190 -1190 -1189 -1190 -1190 -1190 -1190 -1190 -1190 -1190 -1190 -1190 -1190 -1190 -1190 -1190 -1190 -1190 -1190 -1190 -1190 -1190 -1190 -1190 -1190 -1190 -1190 -1190 -1190 -1190 -1190 -1190 -1190
-1188 -1188 -1189 -1189 -1189 -1189 -1189 -1189 -1188 -1189 -1188 -1188 -1188 -1188 -1188 -1188 -1188 -1188 -1188 -1188 -1188 -1189 -1189 -1189 -1189 -1189 -1190 -1190 -1190 -1190 -1190 -1191 -1190 -1191 -1190 -1190 -1191 -1191 -1191 -1191 -1191 -1191 -1191 -1191 -1191 -1191 -1191 -1191 -1191 -1191 -1191 -1191 -1191 -1192 -1192 -1192 -1192 -1192 -1193 -1193 -1193 -1193 -1193 -1193 -1193 -1193 -1194 -1194 -1194 -1194 -1194 -1194 -1195 -1195 -1194 -1194 -1194 -1194 -1195 -1194 -1195 -1195 -1195 -1195 -1195 -1195 -1195 -1195 -1195 -1195 -1195 -1195 -1195 -1195 -1195 -1195 -1195 -1195 -1195 -1195 -1195 -1195 -1195 -1195 -1195 -1195 -1195 -1195 -1195 -1195 -1195 -1196 -1195 -1195 -1195 -1195 -1196 -1195 -1195 -1195 -1195 -1195 -1195 -1195 -1195 -1195 -1195 -1195 -1195 -1195 -1196 -1195 -1195 -1196 -1196 -1196 -1195 -1196 -1195 -1195 -1195 -1195 -1196 -1195 -1195 -1196 -1195 -1195 -1196 -1196 -1195 -1196 -1195 -1196 -1196 -1195 -1196 -1195 -1195 -1195 -1195 -1196 -1195 -1196 -1196 -1196 -1196 -1196 -1196 -1196 -1196 -1196 -1196 -1196 -1196 -1196 -1196 -1196 -1196 -1196 -1196 -1196 -1196 -1196 -1196 -1196 -1196 -1196 -1196 -1196 -1196 -1196 -1196 -1196 -1196 -1196 -1196 -1196 -1196 -1196 -1196 -1196 -1196 -1196 -1196 -1196 -1196 -1196 -1196 -1196 -1196 -1196 -1196 -1196 -1196 -1196 -1196 -1196 -1196 -1196 -1196 -1197 -1196 -1196 -1196 -1196 -1196 -1196 -1196 -1196 -1196 -1196 -1196 -1196 -1196 -1196 -1196 -1196 -1196 -1196 -1196 -1196 -1196 -1197 -1197 -1197 -1197 -1198 -1198 -1198 -1198 -1198 -1198 -1198 -1198 -1198
-1193 -1193 -1193 -1193 -1193 -1192 -1192 -1193 -1192 -1192 -1192 -1192 -1192 -1192 -1192 -1192 -1192 -1192 -1192 -1192 -1192 -1192 -1192 -1192 -1192 -1192 -1192 -1192 -1192 -1192 -1192 -1191 -1191 -1191 -1191 -1191 -1191 -1191 -1191 -1191 -1191 -1191 -1191 -1190 -1190 -1190 -1190 -1190 -1190 -1190 -1190 -1190 -1190 -1190 -1190 -1190 -1190 -1190 -1190 -1190 -1190 -1190 -1190 -1190 -1190 -1190 -1190 -1190 -1190 -1190 -1190 -1190 -1190 -1190 -1190 -1190 -1190 -1190 -1190 -1190 -1190 -1190 -1190 -1190 -1190 -1190 -1190 -1190 -1190 -1190 -1190 -1190 -1190 -1190 -1190 -1190 -1190 -1190 -1190 -1190 -1190 -1190 -1190 -1190 -1190 -1190 -1190 -1190 -1190 -1190 -1190 -1190 -1190 -1190 -1190 -1190 -1191 -1190 -1190 -1190 -1190 -1190 -1190 -1190 -1190 -1190 -1190 -1190 -1190 -1191 -1190 -1190 -1190 -1191 -1190 -1190 -1190 -1191 -1190 -1190 -1190 -1190 -1190 -1190 -1190 -1190 -1190 -1190 -1190 -1190 -1190 -1190 -1190 -1191 -1190 -1191 -1191 -1190 -1190 -1190 -1190 -1190 -1191 -1190 -1190 -1191 -1191 -1191 -1190 -1190 -1191 -1191 -1191 -1191 -1191 -1191 -1191 -1191 -1191 -1191 -1191 -1191 -1191 -1191 -1191 -1191 -1191 -1191 -1191 -1190 -1190 -1190 -1190 -1189 -1190 -1189 -1189 -1189 -1189 -1189 -1189 -1189 -1189 -1188 -1189 -1188 -1189 -1188 -1189 -1188 -1188 -1188 -1189 -1189 -1189 -1189 -1189 -1189 -1188 -1188 -1188 -1189 -1188 -1188 -1188 -1188 -1188 -1188 -1188 -1188 -1188 -1188 -1189 -1189 -1189 -1189 -1190 -1190 -1190 -1190 -1190 -1190 -1191 -1191 -1191 -1191 -1191 -1191 -1191 -1191 -1191 -1191 -1191 -1191 -1191 -1191
-1195 -1196 -1195 -1196 -1195 -1196 -1196 -1196 -1196 -1196 -1196 -1196 -1196 -1196 -1196 -1196 -1196 -1196 -1196 -1196 -1196 -1196 -1196 -1196 -1196 -1196 -1196 -1196 -1196 -1196 -1196 -1196 -1196 -1196 -1196 -1196 -1196 -1196 -1196 -1196 -1196 -1196 -1196 -1196 -1196 -1196 -1196 -1196 -1196 -1196 -1196 -1196 -1196 -1196 -1196 -1196 -1196 -1197 -1196 -1196 -1196 -1196 -1196 -1196 -1196 -1196 -1197 -1196 -1196 -1196 -1196 -1196 -1196 -1196 -1196 -1196 -1196 -1196 -1196 -1196 -1196 -1196 -1196 -1196 -1196 -1196 -1196 -1196 -1196 -1196 -1197 -1197 -1197 -1197 -1197 -1198 -1198 -1198 -1198 -1198 -1198 -1198 -1199 -1198 -1198 -1198 -1198 -1198 -1198 -1198 -1198 -1198 -1198 -1198 -1198 -1198 -1198 -1198 -1198 -1198 -1198 -1198 -1198 -1198 -1197 -1198 -1198 -1198 -1197 -1197 -1197 -1197 -1197 -1197 -1197 -1197 -1197 -1197 -1196 -1197 -1197 -1197 -1197 -1197 -1197 -1197 -1197 -1197 -1197 -1197 -1197 -1196 -1197 -1197 -1196 -1196 -1196 -1196 -1196 -1196 -1195 -1195 -1195 -1195 -1195 -1195 -1195 -1195 -1195 -1195 -1195 -1195 -1195 -1195 -1195 -1195 -1195 -1195 -1195 -1195 -1195 -1195 -1195 -1194 -1195 -1194 -1194 -1194 -1194 -1194 -1194 -1194 -1194 -1194 -1193 -1193 -1193 -1194 -1194 -1194 -1193 -1193 -1193 -1193 -1193 -1193 -1193 -1193 -1193 -1193 -1192 -1192 -1193 -1192 -1192 -1192 -1192 -1192 -1192 -1192 -1192 -1192 -1192 -1192 -1192 -1192 -1192 -1192 -1192 -1192 -1192 -1192 -1192 -1192 -1192 -1192 -1192 -1191 -1192 -1191 -1191 -1191 -1191 -1191 -1191 -1191 -1191 -1191 -1190 -1191 -1190 -1191 -1190 -1190 -1190 -1189
-1190 -1191 -1191 -1191 -1191 -1190 -1190 -1190 -1190 -1191 -1190 -1191 -1190 -1191 -1191 -1191 -1191 -1191 -1191 -1191 -1191 -1191 -1191 -1190 -1191 -1190 -1191 -1191 -1191 -1191 -1191 -1191 -1191 -1191 -1191 -1191 -1191 -1190 -1190 -1190 -1190 -1190 -1189 -1189 -1189 -1189 -1189 -1189 -1189 -1189 -1188 -1188 -1188 -1188 -1188 -1188 -1188 -1188 -1188 -1189 -1189 -1189 -1189 -1189 -1189 -1189 -1189 -1188 -1188 -1188 -1188 -1188 -1188 -1188 -1188 -1188 -1188 -1188 -1189 -1189 -1189 -1189 -1189 -1190 -1190 -1190 -1190 -1190 -1191 -1191 -1191 -1191 -1191 -1191 -1191 -1191 -1191 -1191 -1191 -1191 -1191 -1191 -1191 -1191 -1191 -1191 -1191 -1191 -1191 -1191 -1192 -1192 -1192 -1192 -1193 -1193 -1193 -1193 -1194 -1194 -1194 -1194 -1194 -1194 -1194 -1194 -1194 -1194 -1194 -1194 -1195 -1195 -1195 -1195 -1195 -1195 -1194 -1195 -1195 -1195 -1195 -1195 -1195 -1195 -1195 -1195 -1195 -1195 -1195 -1195 -1195 -1195 -1195 -1195 -1195 -1195 -1195 -1195 -1195 -1195 -1195 -1195 -1195 -1195 -1195 -1195 -1195 -1195 -1195 -1195 -1195 -1195 -1195 -1195 -1195 -1195 -1195 -1196 -1195 -1195 -1195 -1195 -1195 -1195 -1195 -1195 -1195 -1195 -1195 -1195 -1195 -1195 -1195 -1196 -1195 -1195 -1195 -1195 -1195 -1196 -1196 -1196 -1196 -1196 -1196 -1196 -1196 -1196 -1195 -1195 -1196 -1195 -1195 -1195 -1196 -1195 -1196 -1196 -1196 -1196 -1196 -1196 -1196 -1196 -1196 -1196 -1196 -1196 -1196 -1196 -1196 -1196 -1196 -1196 -1196 -1196 -1196 -1196 -1196 -1196 -1196 -1196 -1196 -1196 -1196 -1196 -1196 -1196 -1196 -1196 -1196 -1196 -1196 -1196 -1196 -1196
-1196 -1196 -1196 -1196 -1196 -1196 -1196 -1195 -1195 -1195 -1195 -1195 -1195 -1195 -1195 -1195 -1195 -1195 -1195 -1195 -1195 -1195 -1195 -1195 -1195 -1195 -1195 -1195 -1195 -1195 -1195 -1194 -1195 -1194 -1195 -1194 -1194 -1194 -1194 -1194 -1194 -1194 -1194 -1193 -1194 -1193 -1193 -1193 -1193 -1193 -1193 -1193 -1193 -1193 -1193 -1193 -1193 -1193 -1192 -1192 -1192 -1192 -1192 -1192 -1192 -1192 -1192 -1192 -1192 -1192 -1192 -1192 -1192 -1192 -1192 -1192 -1192 -1192 -1192 -1192 -1192 -1191 -1191 -1191 -1191 -1191 -1192 -1192 -1191 -1191 -1191 -1191 -1191 -1191 -1191 -1191 -1191 -1191 -1190 -1190 -1190 -1190 -1190 -1190 -1190 -1190 -1190 -1190 -1190 -1190 -1190 -1190 -1190 -1190 -1190 -1190 -1190 -1190 -1190 -1190 -1190 -1190 -1190 -1190 -1190 -1190 -1190 -1190 -1190 -1190 -1190 -1190 -1190 -1190 -1190 -1190 -1190 -1190 -1190 -1190 -1190 -1190 -1190 -1190 -1190 -1190 -1190 -1190 -1190 -1190 -1190 -1190 -1190 -1190 -1190 -1190 -1190 -1190 -1190 -1190 -1190 -1190 -1190 -1190 -1190 -1190 -1190 -1190 -1190 -1190 -1190 -1190 -1190 -1190 -1190 -1190 -1190 -1190 -1190 -1190 -1190 -1190 -1190 -1190 -1190 -1190 -1190 -1190 -1190 -1190 -1190 -1191 -1190 -1190 -1190 -1190 -1190 -1190 -1190 -1190 -1190 -1190 -1190 -1190 -1190 -1190 -1191 -1190 -1191 -1190 -1190 -1191 -1191 -1190 -1191 -1190 -1190 -1190 -1190 -1190 -1191 -1190 -1190 -1191 -1190 -1191 -1191 -1190 -1191 -1191 -1191 -1191 -1191 -1191 -1191 -1191 -1191 -1191 -1191 -1190 -1191 -1191 -1191 -1191 -1191 -1191 -1190 -1190 -1190 -1190 -1189 -1189 -1189 -1189 -1189 -1189
-1194 -1195 -1195 -1195 -1195 -1195 -1195 -1195 -1195 -1195 -1195 -1195 -1195 -1195 -1195 -1196 -1195 -1195 -1195 -1195 -1195 -1195 -1195 -1195 -1196 -1195 -1195 -1195 -1195 -1195 -1195 -1195 -1195 -1196 -1196 -1195 -1196 -1196 -1195 -1195 -1196 -1195 -1195 -1195 -1196 -1196 -1196 -1196 -1196 -1196 -1196 -1196 -1196 -1196 -1195 -1195 -1195 -1195 -1196 -1195 -1195 -1195 -1196 -1196 -1196 -1196 -1196 -1196 -1196 -1196 -1196 -1196 -1196 -1196 -1196 -1196 -1196 -1196 -1196 -1196 -1196 -1196 -1196 -1196 -1196 -1196 -1196 -1196 -1196 -1196 -1196 -1196 -1196 -1196 -1196 -1196 -1196 -1196 -1196 -1196 -1196 -1196 -1196 -1196 -1196 -1196 -1196 -1196 -1196 -1196 -1196 -1196 -1196 -1196 -1196 -1196 -1196 -1196 -1196 -1196 -1196 -1196 -1197 -1196 -1196 -1196 -1196 -1196 -1196 -1196 -1196 -1196 -1196 -1196 -1196 -1196 -1196 -1196 -1196 -1196 -1196 -1196 -1196 -1196 -1196 -1197 -1197 -1197 -1197 -1197 -1197 -1197 -1198 -1198 -1198 -1198 -1198 -1198 -1198 -1198 -1198 -1198 -1198 -1198 -1198 -1198 -1198 -1198 -1198 -1198 -1198 -1198 -1198 -1198 -1198 -1198 -1198 -1198 -1198 -1198 -1197 -1198 -1198 -1198 -1198 -1197 -1197 -1197 -1197 -1197 -1197 -1197 -1197 -1197 -1197 -1197 -1197 -1197 -1197 -1197 -1197 -1197 -1197 -1197 -1197 -1197 -1197 -1197 -1197 -1197 -1196 -1196 -1196 -1196 -1196 -1196 -1195 -1195 -1195 -1195 -1195 -1195 -1195 -1195 -1195 -1195 -1195 -1195 -1195 -1195 -1195 -1195 -1195 -1195 -1195 -1195 -1195 -1195 -1195 -1195 -1194 -1194 -1194 -1194 -1194 -1194 -1194 -1194 -1194 -1194 -1194 -1193 -1194 -1194 -1193 -1193
-1190 -1190 -1190 -1190 -1190 -1190 -1190 -1190 -1190 -1190 -1190 -1190 -1190 -1190 -1190 -1190 -1190 -1190 -1190 -1190 -1190 -1190 -1190 -1190 -1190 -1190 -1190 -1190 -1190 -1190 -1190 -1190 -1190 -1190 -1190 -1191 -1190 -1190 -1190 -1190 -1190 -1190 -1190 -1190 -1190 -1190 -1191 -1190 -1190 -1190 -1190 -1190 -1191 -1191 -1190 -1191 -1191 -1191 -1191 -1190 -1190 -1190 -1190 -1190 -1191 -1190 -1190 -1190 -1191 -1191 -1191 -1190 -1191 -1191 -1191 -1191 -1191 -1191 -1191 -1191 -1190 -1191 -1190 -1190 -1191 -1191 -1191 -1191 -1191 -1191 -1191 -1191 -1191 -1190 -1190 -1190 -1190 -1189 -1189 -1189 -1189 -1189 -1189 -1189 -1189 -1189 -1188 -1189 -1188 -1188 -1189 -1189 -1188 -1189 -1188 -1189 -1189 -1189 -1189 -1189 -1189 -1188 -1188 -1188 -1188 -1188 -1188 -1188 -1188 -1188 -1188 -1188 -1188 -1188 -1189 -1189 -1189 -1189 -1189 -1189 -1190 -1190 -1190 -1190 -1191 -1190 -1191 -1190 -1191 -1191 -1191 -1191 -1191 -1191 -1191 -1191 -1191 -1191 -1191 -1191 -1191 -1191 -1191 -1191 -1191 -1192 -1192 -1192 -1192 -1192 -1192 -1193 -1193 -1193 -1193 -1194 -1194 -1194 -1194 -1194 -1194 -1194 -1194 -1194 -1195 -1194 -1194 -1194 -1195 -1195 -1195 -1195 -1195 -1195 -1194 -1195 -1195 -1195 -1195 -1195 -1195 -1195 -1195 -1195 -1195 -1195 -1195 -1195 -1195 -1195 -1195 -1195 -1195 -1195 -1195 -1195 -1195 -1195 -1195 -1195 -1195 -1195 -1195 -1195 -1195 -1196 -1196 -1196 -1195 -1195 -1195 -1196 -1195 -1195 -1195 -1196 -1196 -1195 -1195 -1196 -1195 -1195 -1195 -1196 -1196 -1195 -1196 -1196 -1196 -1195 -1195 -1195 -1195 -1195 -1195 -1196
-1198 -1198 -1198 -1198 -1199 -1198 -1198 -1199 -1198 -1198 -1199 -1198 -1198 -1198 -1198 -1198 -1197 -1198 -1198 -1198 -1198 -1198 -1198 -1198 -1198 -1198 -1198 -1198 -1197 -1197 -1198 -1198 -1198 -1198 -1198 -1197 -1197 -1197 -1197 -1197 -1197 -1197 -1197 -1197 -1197 -1197 -1197 -1197 -1197 -1197 -1197 -1197 -1197 -1197 -1197 -1197 -1196 -1196 -1196 -1196 -1196 -1195 -1196 -1195 -1195 -1195 -1195 -1195 -1195 -1195 -1195 -1195 -1195 -1195 -1195 -1195 -1195 -1195 -1195 -1195 -1195 -1195 -1195 -1195 -1195 -1195 -1195 -1195 -1194 -1194 -1194 -1194 -1194 -1194 -1194 -1194 -1193 -1194 -1194 -1194 -1193 -1194 -1193 -1193 -1193 -1193 -1193 -1194 -1193 -1193 -1193 -1193 -1193 -1192 -1193 -1193 -1193 -1192 -1192 -1192 -1192 -1192 -1192 -1192 -1192 -1192 -1192 -1192 -1192 -1192 -1192 -1192 -1192 -1192 -1192 -1192 -1192 -1191 -1191 -1192 -1191 -1192 -1192 -1191 -1191 -1191 -1191 -1191 -1191 -1191 -1191 -1191 -1191 -1191 -1191 -1190 -1190 -1190 -1190 -1190 -1190 -1190 -1190 -1190 -1190 -1190 -1190 -1190 -1190 -1190 -1190 -1190 -1190 -1190 -1190 -1190 -1190 -1190 -1190 -1190 -1190 -1190 -1189 -1190 -1190 -1190 -1190 -1190 -1190 -1190 -1190 -1190 -1190 -1190 -1190 -1190 -1189 -1190 -1190 -1190 -1190 -1190 -1190 -1190 -1190 -1190 -1190 -1190 -1190 -1190 -1190 -1190 -1190 -1190 -1190 -1190 -1190 -1190 -1190 -1190 -1190 -1190 -1190 -1190 -1190 -1190 -1190 -1190 -1190 -1190 -1190 -1190 -1190 -1190 -1190 -1190 -1190 -1190 -1190 -1190 -1190 -1190 -1190 -1190 -1190 -1190 -1190 -1190 -1190 -1190 -1190 -1191 -1190 -1190 -1190 -1190
-1191 -1191 -1191 -1191 -1191 -1191 -1191 -1191 -1191 -1191 -1191 -1191 -1192 -1192 -1192 -1192 -1192 -1193 -1193 -1193 -1193 -1194 -1193 -1193 -1194 -1194 -1194 -1194 -1194 -1194 -1194 -1195 -1194 -1195 -1195 -1195 -1195 -1195 -1195 -1194 -1195 -1195 -1195 -1195 -1195 -1194 -1195 -1195 -1195 -1195 -1195 -1195 -1195 -1195 -1195 -1195 -1195 -1195 -1195 -1195 -1195 -1195 -1195 -1195 -1195 -1195 -1195 -1195 -1195 -1195 -1195 -1195 -1195 -1195 -1195 -1195 -1195 -1195 -1195 -1195 -1196 -1196 -1195 -1195 -1196 -1195 -1196 -1195 -1195 -1195 -1196 -1195 -1195 -1196 -1195 -1195 -1195 -1195 -1195 -1195 -1196 -1196 -1196 -1196 -1195 -1196 -1196 -1196 -1196 -1196 -1196 -1196 -1196 -1196 -1195 -1196 -1196 -1195 -1196 -1195 -1196 -1196 -1196 -1196 -1196 -1195 -1196 -1196 -1196 -1196 -1196 -1196 -1196 -1196 -1196 -1196 -1196 -1196 -1196 -1196 -1196 -1196 -1196 -1196 -1196 -1196 -1196 -1196 -1196 -1196 -1196 -1196 -1196 -1196 -1196 -1196 -1196 -1196 -1196 -1196 -1196 -1196 -1196 -1196 -1196 -1196 -1196 -1196 -1196 -1196 -1196 -1196 -1196 -1196 -1196 -1196 -1196 -1196 -1196 -1196 -1196 -1197 -1196 -1196 -1196 -1196 -1196 -1196 -1196 -1196 -1196 -1196 -1196 -1196 -1196 -1196 -1196 -1196 -1196 -1196 -1196 -1197 -1196 -1197 -1197 -1197 -1198 -1198 -1198 -1198 -1198 -1198 -1198 -1198 -1198 -1198 -1199 -1198 -1198 -1198 -1198 -1198 -1198 -1198 -1198 -1198 -1198 -1198 -1198 -1198 -1198 -1198 -1198 -1198 -1198 -1198 -1198 -1198 -1198 -1198 -1198 -1197 -1198 -1197 -1197 -1197 -1197 -1197 -1197 -1197 -1197 -1197 -1197 -1197 -1197 -1197
-1191 -1190 -1190 -1190 -1190 -1190 -1190 -1190 -1190 -1190 -1190 -1190 -1190 -1190 -1190 -1190 -1190 -1190 -1190 -1190 -1190 -1190 -1190 -1190 -1190 -1190 -1190 -1189 -1190 -1190 -1190 -1190 -1190 -1190 -1190 -1190 -1190 -1190 -1190 -1190 -1190 -1190 -1190 -1190 -1190 -1190 -1190 -1190 -1190 -1190 -1190 -1190 -1190 -1190 -1190 -1190 -1190 -1190 -1190 -1190 -1190 -1190 -1190 -1190 -1190 -1190 -1190 -1190 -1190 -1190 -1190 -1190 -1190 -1190 -1190 -1190 -1190 -1190 -1190 -1190 -1190 -1190 -1190 -1190 -1190 -1190 -1190 -1190 -1190 -1190 -1190 -1190 -1190 -1190 -1190 -1190 -1190 -1190 -1190 -1190 -1190 -1190 -1190 -1190 -1190 -1190 -1190 -1190 -1190 -1190 -1190 -1191 -1190 -1191 -1190 -1191 -1191 -1190 -1190 -1190 -1191 -1190 -1190 -1191 -1190 -1191 -1191 -1191 -1191 -1191 -1191 -1191 -1190 -1191 -1191 -1191 -1191 -1191 -1191 -1191 -1191 -1191 -1190 -1191 -1191 -1190 -1191 -1190 -1190 -1190 -1190 -1190 -1190 -1189 -1189 -1189 -1189 -1189 -1189 -1189 -1189 -1189 -1188 -1188 -1188 -1188 -1188 -1188 -1188 -1188 -1188 -1189 -1189 -1189 -1189 -1188 -1189 -1189 -1188 -1189 -1188 -1188 -1188 -1188 -1188 -1188 -1188 -1188 -1188 -1188 -1188 -1189 -1189 -1189 -1189 -1190 -1190 -1190 -1190 -1190 -1190 -1191 -1190 -1190 -1191 -1191 -1191 -1191 -1191 -1191 -1191 -1191 -1191 -1191 -1191 -1191 -1191 -1191 -1191 -1191 -1191 -1192 -1192 -1192 -1192 -1192 -1193 -1193 -1193 -1193 -1193 -1193 -1194 -1194 -1194 -1194 -1194 -1194 -1194 -1194 -1194 -1195 -1194 -1195 -1194 -1195 -1195 -1195 -1195 -1195 -1195 -1195 -1195 -1195 -1195 -1195
-1196 -1196 -1196 -1196 -1196 -1196 -1196 -1196 -1196 -1197 -1196 -1197 -1196 -1196 -1197 -1196 -1196 -1196 -1196 -1196 -1196 -1196 -1196 -1196 -1197 -1197 -1196 -1196 -1196 -1196 -1196 -1196 -1196 -1196 -1196 -1196 -1196 -1196 -1196 -1196 -1196 -1196 -1196 -1196 -1196 -1196 -1196 -1196 -1197 -1197 -1197 -1197 -1197 -1198 -1198 -1198 -1198 -1198 -1198 -1198 -1198 -1198 -1198 -1198 -1198 -1198 -1198 -1198 -1198 -1198 -1198 -1198 -1198 -1198 -1198 -1198 -1198 -1198 -1198 -1198 -1198 -1198 -1198 -1198 -1198 -1198 -1198 -1198 -1197 -1197 -1197 -1197 -1197 -1197 -1197 -1197 -1196 -1197 -1197 -1197 -1197 -1197 -1197 -1197 -1197 -1197 -1197 -1197 -1197 -1197 -1197 -1197 -1196 -1196 -1196 -1196 -1196 -1196 -1195 -1195 -1195 -1195 -1195 -1195 -1195 -1195 -1195 -1195 -1195 -1195 -1195 -1195 -1195 -1195 -1195 -1195 -1195 -1195 -1195 -1195 -1195 -1195 -1195 -1195 -1194 -1194 -1194 -1194 -1194 -1194 -1194 -1194 -1194 -1193 -1193 -1193 -1193 -1193 -1194 -1193 -1194 -1193 -1193 -1193 -1193 -1193 -1193 -1193 -1193 -1193 -1192 -1192 -1193 -1193 -1192 -1192 -1192 -1192 -1192 -1192 -1192 -1192 -1192 -1192 -1192 -1192 -1192 -1192 -1192 -1192 -1192 -1191 -1192 -1192 -1191 -1191 -1192 -1191 -1191 -1191 -1192 -1191 -1191 -1191 -1191 -1191 -1191 -1191 -1191 -1190 -1190 -1190 -1190 -1190 -1190 -1190 -1190 -1190 -1190 -1190 -1190 -1190 -1190 -1190 -1190 -1190 -1190 -1190 -1190 -1190 -1190 -1190 -1190 -1190 -1190 -1190 -1190 -1190 -1190 -1190 -1189 -1190 -1190 -1190 -1190 -1190 -1190 -1190 -1190 -1190 -1190 -1190 -1190 -1190 -1190 -1190
-1189 -1189 -1189 -1189 -1189 -1189 -1189 -1189 -1188 -1188 -1188 -1188 -1188 -1188 -1188 -1188 -1188 -1188 -1189 -1189 -1189 -1189 -1189 -1189 -1189 -1188 -1188 -1188 -1188 -1188 -1188 -1188 -1188 -1188 -1188 -1189 -1188 -1189 -1189 -1189 -1189 -1189 -1189 -1190 -1190 -1190 -1190 -1190 -1191 -1190 -1191 -1191 -1191 -1191 -1191 -1191 -1191 -1191 -1191 -1191 -1191 -1191 -1191 -1191 -1191 -1191 -1191 -1191 -1191 -1192 -1192 -1192 -1192 -1193 -1193 -1193 -1193 -1193 -1194 -1194 -1193 -1194 -1194 -1194 -1194 -1194 -1194 -1194 -1194 -1195 -1195 -1194 -1194 -1195 -1195 -1195 -1195 -1195 -1194 -1195 -1195 -1195 -1194 -1195 -1195 -1195 -1195 -1195 -1195 -1195 -1195 -1195 -1195 -1195 -1195 -1195 -1195 -1195 -1195 -1195 -1195 -1195 -1195 -1195 -1195 -1195 -1195 -1195 -1195 -1195 -1195 -1195 -1196 -1195 -1196 -1195 -1195 -1195 -1195 -1195 -1195 -1195 -1195 -1195 -1195 -1195 -1196 -1195 -1195 -1196 -1195 -1195 -1195 -1196 -1196 -1195 -1195 -1195 -1196 -1196 -1196 -1196 -1196 -1196 -1196 -1196 -1195 -1195 -1195 -1195 -1195 -1195 -1196 -1195 -1195 -1196 -1195 -1195 -1196 -1196 -1196 -1196 -1196 -1196 -1196 -1196 -1196 -1196 -1196 -1196 -1196 -1196 -1196 -1196 -1196 -1196 -1196 -1196 -1196 -1196 -1196 -1196 -1196 -1196 -1196 -1196 -1196 -1196 -1196 -1196 -1196 -1196 -1196 -1196 -1196 -1196 -1196 -1196 -1196 -1196 -1197 -1197 -1196 -1196 -1196 -1196 -1196 -1196 -1196 -1196 -1196 -1197 -1196 -1196 -1196 -1197 -1196 -1196 -1196 -1196 -1196 -1197 -1196 -1196 -1196 -1196 -1196 -1196 -1196 -1196 -1196 -1196 -1196 -1196 -1196 -1196
-1194 -1194 -1194 -1194 -1194 -1194 -1193 -1193 -1193 -1193 -1193 -1193 -1193 -1193 -1193 -1193 -1193 -1193 -1192 -1192 -1192 -1192 -1192 -1192 -1193 -1192 -1192 -1192 -1192 -1192 -1192 -1192 -1192 -1192 -1192 -1192 -1192 -1192 -1192 -1192 -1192 -1192 -1191 -1192 -1192 -1191 -1191 -1191 -1192 -1191 -1191 -1191 -1191 -1191 -1191 -1191 -1191 -1190 -1190 -1190 -1190 -1190 -1190 -1190 -1190 -1190 -1190 -1190 -1190 -1190 -1190 -1190 -1190 -1190 -1190 -1190 -1190 -1190 -1190 -1190 -1190 -1190 -1190 -1190 -1190 -1190 -1189 -1189 -1190 -1190 -1190 -1190 -1190 -1190 -1190 -1190 -1190 -1190 -1190 -1190 -1190 -1189 -1190 -1190 -1190 -1190 -1190 -1190 -1190 -1190 -1190 -1190 -1190 -1190 -1190 -1190 -1190 -1190 -1190 -1190 -1190 -1190 -1190 -1190 -1190 -1190 -1190 -1190 -1190 -1190 -1190 -1190 -1190 -1190 -1190 -1190 -1190 -1190 -1190 -1190 -1190 -1190 -1190 -1190 -1190 -1190 -1190 -1190 -1190 -1190 -1190 -1190 -1190 -1190 -1190 -1190 -1190 -1190 -1190 -1190 -1190 -1190 -1190 -1190 -1190 -1191 -1191 -1191 -1191 -1190 -1190 -1190 -1191 -1190 -1190 -1190 -1190 -1190 -1191 -1191 -1190 -1191 -1191 -1191 -1191 -1191 -1191 -1191 -1191 -1191 -1191 -1191 -1191 -1190 -1190 -1191 -1191 -1191 -1190 -1190 -1191 -1191 -1191 -1191 -1190 -1190 -1190 -1190 -1190 -1190 -1189 -1189 -1189 -1189 -1189 -1189 -1188 -1188 -1188 -1188 -1188 -1188 -1188 -1188 -1189 -1189 -1188 -1189 -1189 -1189 -1189 -1189 -1189 -1189 -1188 -1189 -1188 -1188 -1188 -1188 -1188 -1188 -1188 -1188 -1188 -1188 -1189 -1189 -1189 -1189 -1189 -1189 -1190 -1190 -1190 -1190
-1195 -1195 -1195 -1196 -1195 -1196 -1196 -1196 -1196 -1196 -1196 -1196 -1196 -1196 -1195 -1195 -1196 -1195 -1196 -1195 -1196 -1195 -1196 -1196 -1196 -1196 -1196 -1196 -1196 -1196 -1196 -1196 -1196 -1196 -1196 -1196 -1196 -1196 -1196 -1196 -1196 -1196 -1196 -1196 -1196 -1196 -1196 -1196 -1196 -1196 -1196 -1196 -1196 -1196 -1196 -1196 -1196 -1196 -1196 -1196 -1196 -1196 -1196 -1196 -1196 -1196 -1196 -1196 -1196 -1196 -1196 -1196 -1196 -1196 -1196 -1196 -1196 -1196 -1196 -1196 -1196 -1196 -1196 -1196 -1196 -1196 -1196 -1196 -1196 -1196 -1196 -1196 -1196 -1196 -1196 -1196 -1196 -1196 -1196 -1196 -1196 -1196 -1196 -1196 -1197 -1197 -1197 -1197 -1197 -1198 -1197 -1198 -1198 -1198 -1198 -1198 -1198 -1198 -1198 -1198 -1198 -1198 -1198 -1198 -1198 -1198 -1198 -1198 -1198 -1198 -1198 -1198 -1198 -1198 -1198 -1198 -1198 -1197 -1198 -1198 -1197 -1198 -1198 -1198 -1198 -1198 -1197 -1197 -1197 -1197 -1197 -1197 -1197 -1197 -1197 -1197 -1197 -1197 -1197 -1197 -1197 -1197 -1197 -1197 -1197 -1197 -1197 -1197 -1196 -1196 -1196 -1196 -1196 -1196 -1195 -1195 -1195 -1195 -1195 -1195 -1195 -1195 -1195 -1195 -1195 -1195 -1195 -1195 -1195 -1195 -1195 -1195 -1195 -1195 -1195 -1194 -1195 -1195 -1195 -1194 -1194 -1195 -1194 -1194 -1194 -1194 -1194 -1194 -1194 -1194 -1193 -1193 -1194 -1193 -1194 -1193 -1194 -1193 -1193 -1193 -1193 -1193 -1193 -1193 -1193 -1193 -1192 -1192 -1192 -1192 -1192 -1192 -1192 -1192 -1192 -1192 -1192 -1192 -1192 -1192 -1192 -1192 -1192 -1192 -1192 -1192 -1192 -1192 -1192 -1192 -1192 -1191 -1192 -1192 -1192 -1192
-1190 -1190 -1190 -1191 -1190 -1190 -1190 -1190 -1190 -1190 -1190 -1190 -1190 -1190 -1190 -1191 -1191 -1190 -1191 -1191 -1190 -1190 -1190 -1190 -1190 -1190 -1191 -1190 -1190 -1191 -1190 -1191 -1190 -1190 -1191 -1190 -1191 -1191 -1191 -1191 -1190 -1191 -1191 -1191 -1191 -1191 -1190 -1191 -1190 -1191 -1190 -1190 -1190 -1190 -1190 -1190 -1189 -1189 -1189 -1189 -1189 -1189 -1188 -1189 -1188 -1188 -1188 -1188 -1188 -1188 -1188 -1188 -1189 -1189 -1189 -1189 -1189 -1189 -1189 -1189 -1189 -1188 -1188 -1188 -1188 -1188 -1188 -1188 -1188 -1188 -1188 -1188 -1188 -1188 -1189 -1189 -1189 -1189 -1189 -1190 -1190 -1190 -1190 -1190 -1191 -1190 -1190 -1191 -1191 -1191 -1191 -1191 -1191 -1191 -1191 -1191 -1191 -1191 -1191 -1191 -1191 -1191 -1191 -1191 -1191 -1192 -1192 -1192 -1193 -1192 -1193 -1193 -1193 -1193 -1194 -1193 -1193 -1194 -1194 -1194 -1194 -1194 -1194 -1195 -1194 -1194 -1195 -1195 -1195 -1194 -1194 -1194 -1195 -1194 -1195 -1195 -1195 -1195 -1195 -1195 -1194 -1195 -1195 -1195 -1195 -1195 -1195 -1195 -1195 -1195 -1195 -1195 -1195 -1195 -1195 -1195 -1195 -1195 -1195 -1195 -1195 -1195 -1195 -1195 -1195 -1195 -1196 -1195 -1195 -1196 -1195 -1195 -1195 -1195 -1196 -1195 -1195 -1195 -1196 -1195 -1195 -1195 -1195 -1195 -1195 -1195 -1196 -1195 -1195 -1195 -1195 -1195 -1195 -1195 -1196 -1196 -1196 -1196 -1196 -1195 -1196 -1195 -1196 -1195 -1196 -1195 -1195 -1195 -1196 -1195 -1196 -1195 -1196 -1196 -1196 -1196 -1195 -1196 -1196 -1196 -1196 -1196 -1196 -1196 -1196 -1196 -1196 -1196 -1196 -1196 -1196 -1196 -1196 -1196 -1196 -1196
-1196 -1197 -1197 -1197 -1197 -1197 -1197 -1197 -1197 -1197 -1197 -1197 -1197 -1197 -1197 -1196 -1196 -1196 -1196 -1196 -1196 -1195 -1196 -1195 -1195 -1195 -1195 -1195 -1195 -1195 -1195 -1195 -1195 -1195 -1195 -1195 -1195 -1195 -1195 -1195 -1195 -1195 -1194 -1195 -1195 -1195 -1194 -1194 -1194 -1194 -1194 -1194 -1194 -1194 -1194 -1194 -1194 -1194 -1193 -1193 -1193 -1193 -1193 -1193 -1193 -1193 -1193 -1193 -1193 -1193 -1193 -1193 -1193 -1192 -1192 -1192 -1192 -1192 -1192 -1192 -1192 -1192 -1192 -1192 -1192 -1192 -1192 -1192 -1192 -1192 -1192 -1192 -1192 -1191 -1191 -1192 -1192 -1192 -1192 -1192 -1192 -1191 -1191 -1191 -1191 -1191 -1191 -1191 -1191 -1191 -1191 -1191 -1190 -1190 -1190 -1190 -1190 -1190 -1189 -1190 -1190 -1190 -1190 -1190 -1190 -1190 -1190 -1190 -1190 -1190 -1190 -1190 -1190 -1190 -1190 -1190 -1190 -1190 -1189 -1190 -1190 -1190 -1190 -1189 -1190 -1190 -1190 -1190 -1190 -1190 -1190 -1190 -1190 -1190 -1190 -1190 -1190 -1190 -1190 -1190 -1190 -1189 -1189 -1191 -1190 -1190 -1190 -1190 -1190 -1190 -1190 -1190 -1190 -1190 -1190 -1190 -1190 -1190 -1190 -1190 -1190 -1190 -1190 -1190 -1190 -1190 -1190 -1190 -1190 -1190 -1190 -1190 -1190 -1190 -1190 -1190 -1190 -1190 -1190 -1190 -1190 -1190 -1190 -1190 -1190 -1190 -1190 -1190 -1191 -1191 -1190 -1190 -1190 -1190 -1190 -1190 -1190 -1190 -1191 -1190 -1190 -1190 -1190 -1190 -1190 -1191 -1190 -1191 -1190 -1190 -1191 -1190 -1190 -1190 -1191 -1191 -1191 -1190 -1190 -1191 -1191 -1191 -1191 -1191 -1191 -1191 -1191 -1191 -1191 -1190 -1191 -1190 -1191 -1190 -1190 -1191
-1194 -1195 -1195 -1195 -1195 -1195 -1195 -1195 -1195 -1195 -1195 -1195 -1195 -1195 -1195 -1195 -1195 -1195 -1195 -1195 -1195 -1195 -1195 -1195 -1195 -1195 -1195 -1195 -1195 -1195 -1195 -1195 -1195 -1196 -1195 -1195 -1195 -1195 -1195 -1195 -1195 -1195 -1195 -1196 -1195 -1195 -1195 -1195 -1195 -1195 -1195 -1195 -1196 -1195 -1195 -1195 -1195 -1195 -1195 -1195 -1195 -1195 -1196 -1196 -1195 -1196 -1196 -1196 -1195 -1195 -1196 -1195 -1196 -1195 -1195 -1196 -1195 -1196 -1196 -1196 -1196 -1196 -1196 -1196 -1196 -1196 -1196 -1196 -1196 -1196 -1196 -1196 -1196 -1196 -1196 -1196 -1196 -1196 -1196 -1196 -1196 -1196 -1196 -1196 -1196 -1196 -1196 -1196 -1196 -1196 -1196 -1196 -1196 -1196 -1196 -1196 -1196 -1196 -1196 -1196 -1196 -1196 -1196 -1196 -1196 -1196 -1196 -1197 -1196 -1196 -1196 -1196 -1196 -1196 -1196 -1196 -1197 -1196 -1196 -1196 -1196 -1196 -1196 -1196 -1196 -1196 -1196 -1196 -1196 -1196 -1196 -1196 -1196 -1196 -1196 -1196 -1196 -1196 -1196 -1196 -1197 -1196 -1197 -1197 -1197 -1197 -1197 -1198 -1198 -1198 -1198 -1198 -1198 -1198 -1198 -1198 -1198 -1198 -1198 -1199 -1198 -1198 -1198 -1198 -1198 -1198 -1198 -1198 -1198 -1198 -1198 -1198 -1198 -1198 -1198 -1198 -1198 -1198 -1198 -1197 -1198 -1197 -1197 -1197 -1197 -1197 -1197 -1197 -1197 -1197 -1197 -1197 -1197 -1197 -1197 -1197 -1197 -1197 -1197 -1197 -1197 -1197 -1197 -1197 -1196 -1196 -1196 -1196 -1196 -1196 -1196 -1195 -1195 -1195 -1195 -1195 -1195 -1195 -1195 -1195 -1195 -1195 -1194 -1195 -1195 -1195 -1195 -1195 -1195 -1195 -1195 -1195 -1194 -1195 -1195 -1195
-1190 -1190 -1190 -1190 -1190 -1190 -1190 -1190 -1190 -1190 -1190 -1190 -1190 -1190 -1190 -1190 -1190 -1190 -1190 -1190 -1190 -1190 -1190 -1190 -1190 -1190 -1190 -1190 -1190 -1190 -1190 -1190 -1190 -1190 -1190 -1190 -1190 -1190 -1190 -1190 -1190 -1190 -1190 -1190 -1190 -1190 -1190 -1190 -1190 -1190 -1190 -1190 -1190 -1190 -1190 -1190 -1190 -1190 -1190 -1190 -1190 -1190 -1190 -1190 -1190 -1190 -1190 -1190 -1190 -1191 -1191 -1191 -1190 -1190 -1190 -1191 -1190 -1190 -1190 -1191 -1190 -1190 -1190 -1190 -1191 -1191 -1191 -1191 -1191 -1191 -1191 -1191 -1191 -1191 -1191 -1191 -1191 -1191 -1190 -1191 -1190 -1191 -1191 -1190 -1191 -1190 -1190 -1190 -1190 -1190 -1190 -1190 -1190 -1189 -1189 -1189 -1189 -1189 -1189 -1188 -1188 -1188 -1188 -1188 -1188 -1188 -1188 -1188 -1189 -1189 -1189 -1189 -1188 -1189 -1189 -1188 -1188 -1189 -1188 -1188 -1188 -1188 -1188 -1188 -1188 -1188 -1188 -1188 -1188 -1189 -1189 -1189 -1189 -1189 -1190 -1190 -1190 -1190 -1190 -1190 -1191 -1191 -1190 -1191 -1191 -1191 -1191 -1191 -1191 -1191 -1191 -1191 -1191 -1191 -1191 -1191 -1191 -1191 -1191 -1191 -1192 -1192 -1192 -1192 -1193 -1193 -1193 -1193 -1193 -1193 -1193 -1193 -1193 -1194 -1194 -1194 -1194 -1194 -1194 -1194 -1194 -1195 -1195 -1194 -1195 -1194 -1195 -1195 -1195 -1195 -1195 -1195 -1195 -1195 -1195 -1195 -1195 -1195 -1195 -1194 -1195 -1195 -1195 -1195 -1195 -1195 -1195 -1195 -1195 -1195 -1195 -1195 -1195 -1195 -1195 -1195 -1195 -1196 -1196 -1196 -1195 -1196 -1195 -1195 -1195 -1195 -1195 -1196 -1195 -1195 -1195 -1195 -1195 -1195 -1195 -1195
-1196 -1196 -1196 -1196 -1197 -1196 -1197 -1197 -1197 -1197 -1197 -1198 -1197 -1197 -1198 -1198 -1198 -1198 -1198 -1198 -1198 -1198 -1198 -1198 -1198 -1198 -1198 -1198 -1198 -1198 -1198 -1198 -1198 -1198 -1198 -1198 -1198 -1198 -1198 -1198 -1198 -1198 -1198 -1198 -1198 -1197 -1197 -1198 -1197 -1197 -1197 -1197 -1197 -1197 -1197 -1197 -1197 -1197 -1197 -1197 -1197 -1197 -1197 -1197 -1197 -1197 -1197 -1197 -1197 -1197 -1197 -1196 -1196 -1196 -1196 -1196 -1195 -1195 -1195 -1195 -1195 -1195 -1195 -1195 -1195 -1195 -1195 -1195 -1195 -1195 -1195 -1195 -1195 -1195 -1195 -1195 -1195 -1195 -1195 -1195 -1195 -1195 -1194 -1194 -1195 -1194 -1194 -1194 -1194 -1194 -1193 -1194 -1193 -1193 -1193 -1193 -1194 -1193 -1193 -1193 -1193 -1193 -1193 -1193 -1193 -1193 -1193 -1193 -1193 -1193 -1192 -1192 -1192 -1192 -1192 -1192 -1192 -1192 -1192 -1192 -1192 -1192 -1192 -1192 -1192 -1192 -1192 -1192 -1192 -1192 -1192 -1191 -1192 -1192 -1192 -1192 -1191 -1191 -1191 -1191 -1191 -1191 -1191 -1191 -1191 -1191 -1191 -1190 -1190 -1190 -1190 -1190 -1190 -1190 -1190 -1190 -1190 -1190 -1190 -1190 -1190 -1190 -1190 -1190 -1190 -1190 -1190 -1190 -1190 -1190 -1190 -1190 -1190 -1190 -1190 -1190 -1190 -1190 -1190 -1190 -1190 -1190 -1190 -1190 -1190 -1190 -1190 -1190 -1190 -1190 -1190 -1190 -1190 -1190 -1190 -1190 -1190 -1190 -1190 -1190 -1190 -1190 -1190 -1190 -1190 -1190 -1190 -1190 -1190 -1190 -1190 -1190 -1190 -1190 -1190 -1190 -1190 -1190 -1190 -1190 -1190 -1190 -1190 -1190 -1191 -1190 -1190 -1190 -1190 -1190 -1190 -1190 -1190 -1190 -1190 -1190
-1189 -1190 -1190 -1190 -1191 -1190 -1191 -1190 -1190 -1191 -1191 -1190 -1191 -1191 -1191 -1190 -1191 -1191 -1191 -1191 -1191 -1191 -1191 -1191 -1191 -1191 -1192 -1192 -1192 -1192 -1192 -1193 -1193 -1193 -1193 -1193 -1193 -1194 -1194 -1194 -1194 -1194 -1194 -1194 -1194 -1195 -1194 -1195 -1195 -1195 -1195 -1195 -1195 -1195 -1195 -1195 -1195 -1195 -1195 -1195 -1195 -1195 -1195 -1194 -1195 -1195 -1195 -1195 -1195 -1195 -1195 -1195 -1195 -1195 -1195 -1195 -1195 -1195 -1195 -1195 -1195 -1195 -1195 -1195 -1195 -1195 -1195 -1195 -1195 -1195 -1196 -1195 -1195 -1195 -1195 -1196 -1196 -1196 -1195 -1195 -1195 -1195 -1195 -1195 -1196 -1195 -1195 -1195 -1196 -1195 -1196 -1196 -1195 -1195 -1195 -1195 -1195 -1195 -1195 -1195 -1196 -1196 -1196 -1196 -1196 -1195 -1196 -1195 -1195 -1195 -1195 -1195 -1196 -1195 -1195 -1196 -1196 -1195 -1196 -1196 -1196 -1196 -1196 -1195 -1196 -1196 -1196 -1196 -1196 -1196 -1196 -1196 -1196 -1196 -1196 -1196 -1196 -1196 -1196 -1196 -1196 -1196 -1196 -1196 -1196 -1195 -1196 -1196 -1196 -1196 -1196 -1196 -1196 -1196 -1196 -1196 -1196 -1196 -1196 -1196 -1196 -1196 -1196 -1196 -1196 -1196 -1196 -1196 -1196 -1196 -1197 -1196 -1196 -1196 -1196 -1196 -1196 -1196 -1196 -1196 -1196 -1196 -1196 -1196 -1196 -1196 -1196 -1196 -1196 -1196 -1196 -1196 -1196 -1196 -1196 -1196 -1196 -1197 -1197 -1197 -1197 -1198 -1197 -1198 -1198 -1198 -1198 -1198 -1198 -1198 -1198 -1198 -1198 -1198 -1198 -1198 -1198 -1198 -1198 -1198 -1198 -1198 -1198 -1198 -1198 -1198 -1198 -1198 -1198 -1198 -1198 -1198 -1197 -1198 -1197 -1197
-1192 -1192 -1192 -1192 -1192 -1192 -1191 -1191 -1191 -1191 -1191 -1191 -1191 -1191 -1191 -1190 -1190 -1190 -1190 -1190 -1190 -1190 -1190 -1190 -1190 -1190 -1190 -1190 -1190 -1190 -1190 -1190 -1190 -1190 -1190 -1190 -1190 -1190 -1190 -1190 -1190 -1190 -1190 -1189 -1190 -1189 -1190 -1190 -1190 -1190 -1190 -1190 -1190 -1190 -1190 -1190 -1190 -1190 -1190 -1190 -1190 -1190 -1190 -1190 -1190 -1190 -1190 -1190 -1190 -1190 -1190 -1190 -1190 -1190 -1190 -1190 -1190 -1190 -1190 -1190 -1190 -1190 -1190 -1190 -1190 -1190 -1190 -1190 -1190 -1190 -1190 -1190 -1190 -1190 -1190 -1190 -1190 -1190 -1190 -1190 -1190 -1190 -1190 -1190 -1190 -1190 -1190 -1190 -1190 -1190 -1190 -1190 -1190 -1190 -1190 -1190 -1190 -1190 -1190 -1190 -1190 -1190 -1190 -1190 -1190 -1191 -1191 -1190 -1191 -1190 -1190 -1190 -1190 -1191 -1190 -1190 -1191 -1190 -1190 -1190 -1191 -1191 -1191 -1190 -1190 -1191 -1191 -1190 -1191 -1191 -1191 -1191 -1191 -1191 -1191 -1190 -1191 -1190 -1191 -1191 -1191 -1190 -1191 -1190 -1190 -1190 -1190 -1190 -1189 -1189 -1189 -1189 -1189 -1189 -1189 -1188 -1189 -1188 -1188 -1188 -1188 -1188 -1188 -1189 -1189 -1188 -1189 -1189 -1189 -1188 -1189 -1188 -1189 -1189 -1188 -1188 -1188 -1188 -1188 -1188 -1188 -1188 -1188 -1188 -1188 -1189 -1189 -1189 -1189 -1189 -1190 -1190 -1190 -1190 -1190 -1191 -1190 -1191 -1191 -1191 -1191 -1191 -1191 -1191 -1191 -1191 -1191 -1191 -1191 -1191 -1191 -1191 -1191 -1191 -1191 -1191 -1192 -1192 -1192 -1192 -1192 -1193 -1193 -1193 -1193 -1193 -1193 -1193 -1193 -1194 -1194 -1194 -1194 -1194 -1194 -1194
-1196 -1196 -1196 -1196 -1196 -1196 -1196 -1196 -1196 -1196 -1196 -1196 -1196 -1196 -1196 -1196 -1196 -1196 -1196 -1196 -1196 -1196 -1196 -1196 -1196 -1197 -1196 -1196 -1196 -1196 -1196 -1196 -1196 -1196 -1196 -1196 -1196 -1197 -1196 -1196 -1196 -1196 -1196 -1197 -1196 -1196 -1196 -1196 -1196 -1196 -1197 -1196 -1196 -1196 -1196 -1196 -1196 -1196 -1196 -1196 -1196 -1196 -1196 -1196 -1197 -1197 -1197 -1197 -1197 -1197 -1198 -1197 -1198 -1198 -1198 -1198 -1198 -1198 -1198 -1198 -1199 -1198 -1198 -1198 -1198 -1198 -1198 -1198 -1198 -1198 -1198 -1198 -1198 -1198 -1198 -1198 -1198 -1198 -1198 -1198 -1197 -1197 -1198 -1197 -1197 -1197 -1197 -1197 -1197 -1197 -1197 -1197 -1197 -1197 -1197 -1197 -1197 -1197 -1197 -1197 -1197 -1197 -1197 -1197 -1197 -1197 -1197 -1196 -1196 -1196 -1196 -1196 -1196 -1195 -1195 -1195 -1195 -1195 -1195 -1195 -1195 -1195 -1195 -1195 -1195 -1195 -1195 -1195 -1195 -1195 -1195 -1195 -1195 -1195 -1195 -1195 -1195 -1195 -1195 -1195 -1194 -1194 -1194 -1194 -1194 -1194 -1194 -1193 -1193 -1193 -1194 -1194 -1193 -1194 -1193 -1193 -1193 -1193 -1194 -1193 -1193 -1193 -1193 -1193 -1193 -1193 -1192 -1192 -1192 -1192 -1192 -1192 -1193 -1192 -1192 -1192 -1192 -1192 -1192 -1192 -1192 -1192 -1191 -1192 -1192 -1192 -1192 -1191 -1191 -1191 -1192 -1191 -1192 -1191 -1192 -1191 -1191 -1191 -1191 -1191 -1191 -1191 -1191 -1191 -1191 -1191 -1190 -1190 -1190 -1190 -1190 -1190 -1190 -1190 -1190 -1190 -1190 -1190 -1190 -1190 -1190 -1190 -1190 -1190 -1190 -1190 -1190 -1190 -1190 -1190 -1190 -1190 -1190 -1190 -1190 -1190
-1190 -1191 -1191 -1191 -1190 -1191 -1191 -1191 -1191 -1191 -1190 -1190 -1190 -1189 -1190 -1189 -1189 -1189 -1189 -1189 -1189 -1188 -1188 -1188 -1188 -1188 -1188 -1188 -1188 -1188 -1188 -1188 -1189 -1189 -1188 -1189 -1189 -1189 -1188 -1188 -1188 -1188 -1188 -1188 -1188 -1188 -1188 -1188 -1188 -1188 -1188 -1188 -1188 -1189 -1189 -1189 -1189 -1189 -1190 -1190 -1190 -1190 -1190 -1190 -1191 -1191 -1191 -1191 -1191 -1191 -1191 -1191 -1191 -1191 -1191 -1191 -1191 -1191 -1191 -1191 -1191 -1191 -1191 -1191 -1192 -1192 -1192 -1193 -1193 -1193 -1193 -1193 -1193 -1193 -1193 -1194 -1194 -1194 -1194 -1194 -1194 -1195 -1195 -1194 -1195 -1194 -1194 -1195 -1194 -1194 -1194 -1195 -1195 -1194 -1195 -1194 -1195 -1195 -1195 -1195 -1195 -1195 -1195 -1195 -1195 -1195 -1195 -1195 -1195 -1195 -1195 -1195 -1195 -1195 -1195 -1195 -1195 -1195 -1195 -1195 -1195 -1195 -1195 -1195 -1196 -1196 -1195 -1195 -1195 -1195 -1195 -1195 -1196 -1195 -1195 -1195 -1195 -1195 -1195 -1195 -1195 -1195 -1196 -1195 -1196 -1196 -1196 -1195 -1195 -1195 -1195 -1195 -1196 -1195 -1195 -1196 -1195 -1196 -1196 -1196 -1196 -1195 -1196 -1195 -1195 -1195 -1195 -1195 -1196 -1195 -1196 -1196 -1196 -1196 -1196 -1196 -1196 -1196 -1195 -1196 -1196 -1196 -1195 -1196 -1196 -1196 -1196 -1196 -1196 -1196 -1196 -1196 -1196 -1196 -1196 -1196 -1196 -1196 -1196 -1196 -1196 -1196 -1196 -1196 -1196 -1196 -1196 -1196 -1196 -1196 -1196 -1196 -1196 -1196 -1197 -1196 -1196 -1196 -1196 -1196 -1196 -1196 -1196 -1196 -1196 -1196 -1196 -1196 -1196 -1196 -1196 -1196 -1196 -1196 -1196 -1196
-1195 -1195 -1195 -1195 -1195 -1194 -1195 -1194 -1194 -1194 -1194 -1194 -1194 -1194 -1193 -1194 -1193 -1194 -1194 -1194 -1194 -1193 -1193 -1193 -1193 -1193 -1193 -1193 -1193 -1193 -1193 -1193 -1193 -1193 -1192 -1192 -1192 -1193 -1192 -1192 -1192 -1192 -1192 -1192 -1192 -1192 -1192 -1192 -1192 -1192 -1192 -1192 -1192 -1192 -1192 -1191 -1192 -1192 -1191 -1191 -1191 -1192 -1191 -1191 -1191 -1191 -1191 -1191 -1191 -1191 -1191 -1190 -1190 -1190 -1190 -1190 -1190 -1190 -1190 -1190 -1190 -1190 -1190 -1190 -1189 -1190 -1190 -1190 -1190 -1190 -1190 -1190 -1190 -1190 -1190 -1190 -1190 -1190 -1190 -1190 -1190 -1190 -1190 -1190 -1190 -1190 -1190 -1190 -1190 -1190 -1190 -1190 -1190 -1190 -1190 -1190 -1190 -1189 -1190 -1190 -1190 -1190 -1190 -1190 -1190 -1190 -1190 -1190 -1190 -1190 -1190 -1190 -1190 -1190 -1190 -1190 -1190 -1190 -1190 -1190 -1190 -1190 -1191 -1190 -1190 -1190 -1190 -1190 -1190 -1190 -1190 -1190 -1190 -1190 -1190 -1190 -1190 -1190 -1190 -1190 -1190 -1190 -1190 -1190 -1190 -1190 -1190 -1190 -1190 -1190 -1190 -1190 -1190 -1190 -1190 -1190 -1190 -1190 -1190 -1190 -1191 -1190 -1190 -1191 -1191 -1190 -1191 -1190 -1190 -1191 -1191 -1190 -1190 -1191 -1191 -1191 -1191 -1191 -1191 -1191 -1191 -1191 -1190 -1191 -1191 -1191 -1191 -1191 -1190 -1191 -1191 -1191 -1191 -1191 -1191 -1191 -1191 -1191 -1191 -1191 -1190 -1190 -1190 -1190 -1190 -1189 -1189 -1189 -1189 -1189 -1189 -1188 -1188 -1188 -1188 -1188 -1188 -1188 -1188 -1188 -1188 -1188 -1189 -1189 -1189 -1189 -1189 -1189 -1189 -1188 -1188 -1188 -1188 -1188 -1188 -1188
-1194 -1195 -1196 -1196 -1196 -1195 -1195 -1196 -1195 -1195 -1196 -1195 -1195 -1195 -1196 -1195 -1195 -1195 -1196 -1195 -1196 -1196 -1196 -1196 -1196 -1196 -1196 -1195 -1196 -1195 -1195 -1195 -1195 -1195 -1195 -1196 -1196 -1195 -1196 -1196 -1195 -1196 -1196 -1196 -1196 -1196 -1196 -1196 -1196 -1196 -1196 -1196 -1196 -1196 -1196 -1196 -1196 -1196 -1196 -1196 -1196 -1196 -1196 -1196 -1196 -1196 -1196 -1196 -1196 -1196 -1196 -1196 -1196 -1196 -1196 -1196 -1196 -1196 -1196 -1196 -1196 -1196 -1196 -1197 -1196 -1196 -1196 -1196 -1196 -1196 -1197 -1196 -1196 -1196 -1197 -1196 -1196 -1196 -1196 -1196 -1196 -1197 -1196 -1196 -1196 -1196 -1196 -1196 -1196 -1196 -1196 -1196 -1196 -1196 -1196 -1196 -1196 -1196 -1196 -1197 -1197 -1197 -1197 -1197 -1197 -1198 -1198 -1198 -1198 -1198 -1198 -1198 -1198 -1198 -1198 -1198 -1198 -1198 -1198 -1198 -1198 -1198 -1198 -1198 -1198 -1197 -1198 -1198 -1198 -1198 -1198 -1198 -1198 -1198 -1198 -1197 -1198 -1198 -1198 -1198 -1198 -1197 -1197 -1197 -1197 -1197 -1197 -1197 -1197 -1197 -1197 -1197 -1197 -1197 -1197 -1197 -1197 -1197 -1197 -1197 -1197 -1197 -1197 -1196 -1196 -1196 -1196 -1196 -1196 -1195 -1195 -1195 -1195 -1195 -1195 -1195 -1195 -1195 -1195 -1195 -1195 -1195 -1195 -1195 -1195 -1195 -1195 -1195 -1195 -1195 -1195 -1195 -1195 -1195 -1195 -1195 -1194 -1194 -1194 -1194 -1194 -1194 -1194 -1194 -1194 -1193 -1193 -1193 -1193 -1193 -1193 -1193 -1193 -1193 -1193 -1193 -1193 -1193 -1193 -1193 -1193 -1192 -1193 -1192 -1192 -1192 -1192 -1192 -1192 -1192 -1192 -1192 -1192 -1192 -1192 -1192
-1190 -1190 -1190 -1190 -1190 -1190 -1190 -1190 -1190 -1190 -1190 -1190 -1190 -1190 -1190 -1190 -1190 -1190 -1190 -1190 -1190 -1190 -1190 -1190 -1190 -1190 -1190 -1191 -1191 -1191 -1191 -1190 -1191 -1191 -1190 -1190 -1190 -1191 -1190 -1190 -1191 -1191 -1190 -1191 -1190 -1191 -1191 -1191 -1191 -1191 -1191 -1191 -1191 -1191 -1191 -1190 -1190 -1191 -1190 -1191 -1190 -1191 -1191 -1191 -1191 -1191 -1191 -1190 -1190 -1190 -1190 -1190 -1189 -1189 -1189 -1189 -1189 -1189 -1188 -1189 -1188 -1188 -1188 -1188 -1188 -1188 -1189 -1188 -1188 -1188 -1188 -1189 -1189 -1189 -1189 -1189 -1188 -1188 -1188 -1188 -1188 -1188 -1188 -1188 -1188 -1188 -1188 -1189 -1189 -1189 -1189 -1189 -1189 -1189 -1190 -1190 -1190 -1190 -1191 -1190 -1191 -1191 -1191 -1191 -1191 -1191 -1191 -1191 -1191 -1191 -1191 -1191 -1191 -1191 -1191 -1191 -1191 -1191 -1191 -1192 -1192 -1192 -1192 -1193 -1193 -1193 -1193 -1193 -1193 -1193 -1194 -1193 -1194 -1194 -1194 -1194 -1194 -1194 -1194 -1194 -1194 -1194 -1195 -1195 -1195 -1195 -1195 -1194 -1195 -1195 -1195 -1195 -1195 -1195 -1195 -1195 -1194 -1195 -1195 -1195 -1195 -1195 -1195 -1195 -1195 -1195 -1195 -1195 -1195 -1195 -1195 -1195 -1195 -1195 -1195 -1195 -1195 -1195 -1195 -1195 -1195 -1195 -1196 -1195 -1195 -1196 -1195 -1195 -1196 -1195 -1195 -1195 -1195 -1195 -1195 -1195 -1195 -1195 -1196 -1195 -1196 -1195 -1195 -1195 -1195 -1195 -1196 -1196 -1195 -1195 -1195 -1196 -1196 -1196 -1196 -1196 -1195 -1195 -1196 -1195 -1196 -1195 -1195 -1196 -1195 -1195 -1196 -1196 -1196 -1195 -1196 -1196 -1196 -1196 -1196 -1196
-1198 -1198 -1198 -1198 -1198 -1198 -1198 -1198 -1198 -1197 -1198 -1197 -1197 -1197 -1197 -1197 -1197 -1197 -1197 -1197 -1197 -1197 -1197 -1197 -1197 -1197 -1197 -1197 -1197 -1197 -1197 -1196 -1196 -1196 -1196 -1196 -1196 -1196 -1195 -1195 -1195 -1195 -1195 -1195 -1195 -1195 -1195 -1195 -1195 -1195 -1195 -1195 -1195 -1195 -1195 -1195 -1195 -1195 -1195 -1194 -1195 -1195 -1194 -1194 -1194 -1194 -1194 -1194 -1194 -1194 -1194 -1194 -1194 -1193 -1194 -1193 -1193 -1193 -1193 -1193 -1193 -1193 -1193 -1193 -1193 -1193 -1193 -1193 -1192 -1193 -1192 -1192 -1192 -1192 -1192 -1192 -1192 -1192 -1192 -1192 -1192 -1192 -1192 -1192 -1192 -1192 -1192 -1192 -1191 -1192 -1192 -1192 -1192 -1191 -1191 -1192 -1192 -1191 -1191 -1191 -1191 -1191 -1191 -1191 -1191 -1191 -1191 -1190 -1190 -1190 -1190 -1190 -1190 -1190 -1190 -1190 -1190 -1190 -1190 -1190 -1190 -1190 -1190 -1190 -1190 -1190 -1190 -1190 -1190 -1190 -1190 -1190 -1190 -1190 -1190 -1190 -1190 -1190 -1190 -1190 -1190 -1190 -1190 -1190 -1190 -1190 -1190 -1190 -1190 -1190 -1190 -1190 -1190 -1190 -1190 -1190 -1190 -1190 -1190 -1190 -1190 -1190 -1190 -1190 -1190 -1190 -1190 -1190 -1190 -1190 -1190 -1190 -1190 -1190 -1190 -1190 -1190 -1190 -1190 -1190 -1190 -1190 -1190 -1190 -1190 -1190 -1191 -1190 -1190 -1190 -1190 -1190 -1190 -1190 -1190 -1190 -1190 -1190 -1190 -1190 -1190 -1190 -1190 -1190 -1191 -1190 -1190 -1190 -1190 -1190 -1190 -1190 -1190 -1190 -1190 -1191 -1191 -1190 -1190 -1191 -1191 -1190 -1191 -1191 -1190 -1190 -1191 -1190 -1190 -1190 -1190 -1190 -1190 -1191 -1191 -1191
-1193 -1194 -1194 -1194 -1194 -1195 -1195 -1194 -1194 -1195 -1194 -1194 -1195 -1195 -1195 -1195 -1195 -1195 -1195 -1195 -1195 -1194 -1195 -1195 -1195 -1195 -1195 -1195 -1195 -1195 -1195 -1195 -1195 -1195 -1195 -1195 -1195 -1195 -1195 -1195 -1195 -1195 -1195 -1195 -1195 -1195 -1195 -1196 -1196 -1196 -1196 -1196 -1195 -1195 -1196 -1195 -1195 -1195 -1195 -1195 -1196 -1195 -1195 -1195 -1195 -1196 -1196 -1195 -1195 -1196 -1195 -1195 -1195 -1195 -1195 -1196 -1195 -1196 -1196 -1196 -1196 -1196 -1196 -1195 -1195 -1195 -1195 -1195 -1196 -1195 -1195 -1195 -1196 -1196 -1196 -1196 -1196 -1196 -1196 -1195 -1196 -1196 -1196 -1196 -1196 -1196 -1196 -1196 -1196 -1196 -1196 -1196 -1196 -1196 -1196 -1196 -1196 -1196 -1196 -1196 -1196 -1196 -1196 -1196 -1196 -1196 -1196 -1196 -1196 -1196 -1196 -1196 -1196 -1196 -1196 -1196 -1196 -1196 -1196 -1196 -1196 -1196 -1196 -1196 -1196 -1196 -1196 -1196 -1196 -1196 -1196 -1196 -1197 -1196 -1196 -1196 -1196 -1196 -1196 -1196 -1196 -1196 -1196 -1196 -1196 -1196 -1196 -1196 -1196 -1196 -1196 -1196 -1196 -1196 -1196 -1196 -1197 -1197 -1197 -1197 -1197 -1198 -1198 -1198 -1198 -1198 -1198 -1198 -1198 -1199 -1198 -1198 -1198 -1198 -1198 -1198 -1198 -1198 -1198 -1198 -1198 -1198 -1198 -1198 -1198 -1198 -1198 -1198 -1198 -1198 -1198 -1198 -1198 -1198 -1198 -1197 -1198 -1197 -1197 -1197 -1197 -1197 -1197 -1197 -1197 -1197 -1197 -1197 -1197 -1197 -1197 -1197 -1197 -1197 -1197 -1197 -1197 -1197 -1197 -1196 -1196 -1196 -1196 -1196 -1196 -1196 -1196 -1195 -1195 -1195 -1195 -1195 -1195 -1195 -1195 -1195
-1190 -1190 -1190 -1190 -1190 -1190 -1190 -1190 -1190 -1190 -1190 -1190 -1190 -1190 -1190 -1190 -1190 -1190 -1190 -1190 -1190 -1190 -1190 -1190 -1190 -1190 -1190 -1190 -1190 -1190 -1190 -1190 -1190 -1190 -1190 -1190 -1190 -1190 -1190 -1190 -1190 -1190 -1190 -1190 -1190 -1190 -1190 -1190 -1190 -1190 -1190 -1190 -1190 -1190 -1190 -1190 -1190 -1190 -1190 -1190 -1190 -1190 -1190 -1190 -1190 -1190 -1190 -1190 -1191 -1190 -1191 -1190 -1190 -1190 -1190 -1190 -1190 -1190 -1190 -1190 -1190 -1190 -1190 -1190 -1191 -1190 -1191 -1191 -1191 -1191 -1190 -1191 -1190 -1191 -1190 -1190 -1190 -1190 -1190 -1191 -1191 -1191 -1190 -1191 -1190 -1191 -1191 -1191 -1191 -1191 -1191 -1191 -1191 -1191 -1191 -1191 -1191 -1191 -1191 -1190 -1191 -1190 -1191 -1190 -1190 -1190 -1190 -1189 -1189 -1189 -1189 -1189 -1189 -1189 -1189 -1188 -1188 -1188 -1188 -1188 -1188 -1188 -1188 -1188 -1188 -1189 -1189 -1189 -1189 -1189 -1188 -1189 -1189 -1188 -1188 -1188 -1188 -1188 -1188 -1188 -1188 -1188 -1188 -1188 -1189 -1189 -1189 -1189 -1189 -1189 -1189 -1190 -1190 -1191 -1191 -1190 -1191 -1191 -1191 -1191 -1191 -1191 -1191 -1191 -1191 -1191 -1191 -1191 -1191 -1191 -1191 -1191 -1191 -1192 -1192 -1192 -1192 -1192 -1192 -1192 -1193 -1193 -1193 -1193 -1193 -1193 -1193 -1194 -1194 -1194 -1194 -1194 -1194 -1194 -1194 -1194 -1194 -1195 -1195 -1194 -1194 -1194 -1194 -1194 -1195 -1194 -1194 -1195 -1195 -1195 -1195 -1195 -1195 -1195 -1195 -1195 -1195 -1195 -1195 -1195 -1195 -1195 -1195 -1195 -1195 -1195 -1195 -1195 -1195 -1195 -1195 -1195 -1195 -1195 -1195 -1195
-1196 -1196 -1196 -1197 -1197 -1196 -1196 -1196 -1196 -1196 -1196 -1196 -1196 -1196 -1196 -1196 -1196 -1196 -1196 -1196 -1196 -1196 -1196 -1197 -1197 -1197 -1197 -1198 -1198 -1198 -1198 -1198 -1198 -1198 -1198 -1198 -1198 -1198 -1198 -1198 -1198 -1198 -1198 -1198 -1198 -1198 -1198 -1198 -1198 -1198 -1198 -1198 -1198 -1198 -1198 -1198 -1198 -1198 -1197 -1198 -1198 -1198 -1198 -1197 -1197 -1197 -1197 -1197 -1197 -1197 -1197 -1197 -1197 -1197 -1197 -1197 -1197 -1197 -1198 -1197 -1198 -1197 -1197 -1197 -1197 -1197 -1197 -1196 -1196 -1196 -1196 -1196 -1195 -1195 -1195 -1195 -1195 -1195 -1195 -1195 -1195 -1195 -1195 -1195 -1195 -1195 -1195 -1195 -1194 -1195 -1195 -1195 -1195 -1195 -1195 -1195 -1195 -1194 -1194 -1194 -1194 -1194 -1194 -1194 -1193 -1194 -1194 -1194 -1193 -1194 -1193 -1193 -1193 -1193 -1193 -1193 -1193 -1193 -1193 -1193 -1193 -1193 -1193 -1192 -1193 -1192 -1192 -1192 -1192 -1192 -1192 -1192 -1192 -1192 -1192 -1192 -1192 -1192 -1192 -1192 -1192 -1192 -1192 -1192 -1192 -1192 -1192 -1192 -1192 -1191 -1192 -1191 -1192 -1191 -1191 -1191 -1191 -1192 -1191 -1191 -1191 -1191 -1191 -1191 -1190 -1190 -1190 -1190 -1190 -1190 -1190 -1190 -1190 -1190 -1190 -1190 -1190 -1190 -1190 -1190 -1190 -1190 -1190 -1190 -1190 -1190 -1190 -1190 -1190 -1190 -1190 -1190 -1190 -1190 -1190 -1190 -1190 -1190 -1190 -1190 -1190 -1190 -1190 -1190 -1190 -1190 -1190 -1190 -1190 -1190 -1190 -1190 -1190 -1190 -1190 -1190 -1190 -1190 -1190 -1190 -1190 -1190 -1190 -1190 -1190 -1190 -1190 -1190 -1190 -1190 -1190 -1190 -1190 -1190 -1190 -1190
-1189 -1188 -1188 -1188 -1188 -1188 -1188 -1188 -1188 -1188 -1188 -1188 -1189 -1189 -1189 -1189 -1190 -1190 -1190 -1190 -1190 -1191 -1190 -1190 -1190 -1191 -1191 -1191 -1191 -1191 -1191 -1191 -1191 -1191 -1191 -1191 -1191 -1191 -1191 -1191 -1191 -1191 -1192 -1192 -1192 -1192 -1193 -1193 -1193 -1193 -1193 -1193 -1193 -1193 -1194 -1194 -1194 -1194 -1194 -1194 -1194 -1194 -1195 -1194 -1195 -1195 -1194 -1195 -1194 -1195 -1195 -1194 -1194 -1195 -1195 -1195 -1195 -1195 -1195 -1195 -1195 -1195 -1195 -1195 -1195 -1195 -1195 -1195 -1195 -1195 -1195 -1195 -1195 -1195 -1195 -1195 -1195 -1195 -1195 -1195 -1195 -1196 -1195 -1196 -1195 -1195 -1195 -1195 -1195 -1195 -1195 -1196 -1195 -1195 -1195 -1195 -1195 -1195 -1195 -1195 -1196 -1195 -1196 -1196 -1195 -1195 -1196 -1195 -1196 -1195 -1195 -1195 -1195 -1196 -1196 -1196 -1196 -1196 -1196 -1196 -1195 -1195 -1195 -1195 -1195 -1196 -1195 -1195 -1195 -1195 -1196 -1196 -1196 -1196 -1196 -1196 -1196 -1196 -1196 -1196 -1196 -1196 -1196 -1196 -1196 -1196 -1196 -1196 -1196 -1196 -1196 -1196 -1196 -1196 -1196 -1196 -1196 -1196 -1196 -1196 -1196 -1196 -1196 -1196 -1196 -1196 -1196 -1196 -1196 -1196 -1196 -1196 -1196 -1196 -1196 -1196 -1196 -1196 -1196 -1196 -1196 -1196 -1196 -1196 -1196 -1196 -1196 -1196 -1196 -1196 -1196 -1196 -1197 -1196 -1196 -1196 -1196 -1196 -1196 -1196 -1196 -1196 -1196 -1196 -1196 -1196 -1196 -1196 -1196 -1196 -1196 -1196 -1196 -1197 -1197 -1197 -1198 -1198 -1197 -1198 -1198 -1198 -1198 -1198 -1198 -1198 -1198 -1198 -1198 -1198 -1198 -1198 -1198 -1198 -1198 -1198
-1193 -1192 -1192 -1192 -1192 -1192 -1192 -1192 -1192 -1192 -1192 -1191 -1192 -1191 -1192 -1192 -1192 -1192 -1191 -1191 -1191 -1191 -1191 -1191 -1191 -1191 -1191 -1191 -1191 -1191 -1190 -1190 -1191 -1190 -1190 -1190 -1190 -1190 -1190 -1190 -1190 -1190 -1190 -1190 -1190 -1190 -1190 -1190 -1190 -1190 -1190 -1190 -1190 -1190 -1190 -1190 -1190 -1190 -1189 -1190 -1190 -1189 -1190 -1190 -1190 -1190 -1190 -1190 -1190 -1190 -1190 -1190 -1190 -1190 -1190 -1190 -1190 -1190 -1190 -1190 -1190 -1190 -1190 -1190 -1190 -1190 -1190 -1190 -1190 -1190 -1190 -1190 -1190 -1190 -1190 -1190 -1190 -1190 -1190 -1190 -1190 -1190 -1190 -1190 -1190 -1190 -1191 -1190 -1190 -1191 -1190 -1190 -1190 -1190 -1190 -1190 -1190 -1190 -1190 -1190 -1190 -1191 -1190 -1190 -1190 -1190 -1190 -1190 -1190 -1190 -1190 -1190 -1190 -1191 -1190 -1190 -1190 -1190 -1191 -1190 -1191 -1191 -1191 -1190 -1191 -1190 -1190 -1190 -1190 -1190 -1191 -1190 -1190 -1191 -1191 -1191 -1191 -1191 -1191 -1191 -1191 -1191 -1191 -1191 -1191 -1190 -1191 -1191 -1191 -1191 -1190 -1191 -1191 -1191 -1191 -1191 -1191 -1191 -1190 -1190 -1190 -1190 -1190 -1190 -1189 -1189 -1189 -1189 -1189 -1189 -1189 -1188 -1189 -1188 -1188 -1188 -1188 -1188 -1188 -1189 -1188 -1189 -1189 -1189 -1189 -1189 -1189 -1189 -1189 -1188 -1188 -1188 -1188 -1188 -1188 -1188 -1188 -1188 -1188 -1188 -1188 -1188 -1189 -1189 -1189 -1190 -1190 -1190 -1190 -1190 -1190 -1191 -1191 -1191 -1191 -1190 -1191 -1191 -1191 -1191 -1191 -1191 -1191 -1191 -1191 -1191 -1191 -1191 -1191 -1191 -1191 -1191 -1192 -1192 -1192 -1192
-1195 -1196 -1196 -1196 -1196 -1196 -1196 -1196 -1195 -1196 -1196 -1196 -1196 -1196 -1196 -1196 -1196 -1196 -1196 -1196 -1196 -1196 -1196 -1196 -1196 -1196 -1196 -1196 -1196 -1196 -1196 -1196 -1196 -1196 -1196 -1196 -1196 -1196 -1197 -1196 -1196 -1196 -1196 -1196 -1196 -1196 -1196 -1196 -1196 -1197 -1196 -1196 -1196 -1196 -1196 -1196 -1196 -1196 -1196 -1196 -1197 -1196 -1196 -1196 -1196 -1196 -1196 -1196 -1196 -1196 -1196 -1196 -1196 -1196 -1196 -1196 -1196 -1196 -1196 -1197 -1197 -1197 -1197 -1197 -1198 -1198 -1198 -1198 -1198 -1198 -1198 -1198 -1199 -1198 -1198 -1198 -1198 -1198 -1198 -1198 -1198 -1198 -1198 -1198 -1198 -1198 -1198 -1198 -1198 -1198 -1198 -1198 -1198 -1198 -1198 -1198 -1198 -1198 -1198 -1198 -1197 -1197 -1197 -1197 -1197 -1197 -1197 -1197 -1197 -1197 -1197 -1197 -1197 -1197 -1197 -1198 -1198 -1197 -1197 -1197 -1197 -1197 -1197 -1196 -1196 -1196 -1196 -1196 -1196 -1195 -1196 -1195 -1195 -1195 -1195 -1195 -1195 -1195 -1195 -1195 -1195 -1195 -1195 -1195 -1195 -1195 -1195 -1195 -1195 -1195 -1195 -1195 -1195 -1195 -1195 -1195 -1194 -1194 -1194 -1194 -1194 -1194 -1193 -1193 -1194 -1193 -1193 -1193 -1193 -1193 -1194 -1193 -1193 -1193 -1193 -1193 -1193 -1193 -1193 -1193 -1192 -1192 -1192 -1193 -1192 -1192 -1192 -1192 -1192 -1192 -1192 -1192 -1192 -1192 -1192 -1192 -1192 -1192 -1192 -1192 -1192 -1192 -1192 -1192 -1192 -1192 -1192 -1191 -1191 -1191 -1191 -1191 -1191 -1191 -1191 -1191 -1191 -1191 -1191 -1191 -1190 -1190 -1190 -1190 -1190 -1190 -1190 -1190 -1190 -1190 -1190 -1190 -1190 -1190 -1190 -1190
-1190 -1190 -1191 -1191 -1191 -1191 -1191 -1191 -1191 -1190 -1191 -1191 -1191 -1190 -1191 -1191 -1191 -1191 -1191 -1191 -1191 -1191 -1190 -1190 -1191 -1190 -1190 -1190 -1190 -1190 -1190 -1189 -1189 -1189 -1189 -1189 -1188 -1188 -1189 -1188 -1188 -1188 -1189 -1188 -1188 -1188 -1188 -1188 -1188 -1189 -1189 -1188 -1189 -1189 -1189 -1188 -1189 -1188 -1188 -1188 -1188 -1188 -1188 -1188 -1188 -1188 -1188 -1188 -1188 -1189 -1189 -1189 -1189 -1190 -1190 -1190 -1190 -1190 -1191 -1191 -1191 -1191 -1191 -1191 -1191 -1191 -1191 -1191 -1191 -1191 -1191 -1191 -1191 -1191 -1191 -1191 -1191 -1191 -1192 -1192 -1192 -1192 -1192 -1193 -1193 -1193 -1193 -1193 -1193 -1193 -1194 -1194 -1193 -1194 -1194 -1194 -1194 -1194 -1195 -1194 -1194 -1195 -1195 -1195 -1195 -1195 -1194 -1195 -1194 -1195 -1195 -1195 -1195 -1194 -1195 -1194 -1195 -1195 -1195 -1195 -1195 -1195 -1195 -1195 -1195 -1195 -1195 -1195 -1195 -1195 -1195 -1195 -1195 -1195 -1195 -1195 -1195 -1195 -1195 -1196 -1196 -1195 -1196 -1195 -1196 -1196 -1196 -1195 -1195 -1195 -1195 -1195 -1195 -1195 -1195 -1195 -1195 -1195 -1196 -1196 -1195 -1196 -1195 -1195 -1195 -1195 -1195 -1196 -1196 -1196 -1196 -1196 -1196 -1196 -1196 -1195 -1195 -1196 -1195 -1195 -1195 -1195 -1195 -1195 -1196 -1195 -1196 -1196 -1196 -1196 -1196 -1196 -1196 -1196 -1196 -1196 -1196 -1196 -1196 -1196 -1196 -1195 -1196 -1196 -1196 -1196 -1196 -1196 -1196 -1196 -1196 -1196 -1196 -1196 -1196 -1196 -1196 -1196 -1196 -1196 -1196 -1196 -1196 -1196 -1196 -1196 -1196 -1197 -1196 -1196 -1196 -1196 -1196 -1196 -1196 -1196
-1195 -1195 -1195 -1195 -1195 -1195 -1195 -1195 -1195 -1195 -1195 -1195 -1195 -1195 -1195 -1195 -1195 -1195 -1195 -1195 -1195 -1194 -1194 -1194 -1194 -1194 -1194 -1194 -1194 -1193 -1194 -1193 -1194 -1194 -1193 -1193 -1193 -1193 -1193 -1193 -1193 -1193 -1193 -1193 -1193 -1192 -1193 -1193 -1192 -1192 -1192 -1193 -1192 -1192 -1192 -1192 -1192 -1192 -1192 -1192 -1192 -1192 -1192 -1192 -1192 -1192 -1192 -1191 -1192 -1192 -1192 -1192 -1192 -1192 -1192 -1191 -1191 -1191 -1191 -1191 -1191 -1191 -1191 -1191 -1191 -1190 -1191 -1190 -1190 -1190 -1190 -1190 -1190 -1190 -1190 -1190 -1190 -1190 -1190 -1190 -1190 -1190 -1190 -1190 -1190 -1190 -1190 -1190 -1190 -1190 -1190 -1190 -1190 -1190 -1190 -1190 -1190 -1190 -1190 -1190 -1190 -1190 -1190 -1190 -1190 -1190 -1190 -1190 -1190 -1190 -1190 -1190 -1190 -1190 -1190 -1190 -1190 -1190 -1190 -1190 -1190 -1190 -1190 -1190 -1190 -1190 -1190 -1190 -1190 -1190 -1190 -1190 -1190 -1190 -1190 -1190 -1190 -1190 -1190 -1190 -1190 -1190 -1190 -1190 -1190 -1190 -1190 -1190 -1190 -1190 -1190 -1190 -1190 -1190 -1190 -1190 -1190 -1190 -1190 -1190 -1190 -1190 -1190 -1190 -1190 -1190 -1190 -1190 -1190 -1190 -1190 -1190 -1190 -1191 -1190 -1191 -1191 -1191 -1191 -1190 -1190 -1190 -1190 -1191 -1190 -1191 -1190 -1191 -1191 -1190 -1191 -1191 -1191 -1191 -1191 -1191 -1191 -1191 -1190 -1191 -1191 -1190 -1191 -1191 -1191 -1191 -1191 -1191 -1191 -1190 -1190 -1191 -1191 -1191 -1191 -1190 -1190 -1190 -1190 -1190 -1189 -1189 -1189 -1189 -1189 -1189 -1189 -1189 -1188 -1188 -1188 -1188 -1188 -1188 -1189 -1188
-1194 -1196 -1195 -1196 -1196 -1196 -1195 -1195 -1196 -1195 -1196 -1196 -1196 -1196 -1195 -1195 -1196 -1195 -1195 -1195 -1195 -1195 -1195 -1196 -1196 -1195 -1195 -1196 -1195 -1196 -1195 -1195 -1196 -1195 -1195 -1196 -1196 -1196 -1196 -1196 -1196 -1196 -1196 -1196 -1195 -1196 -1195 -1195 -1195 -1195 -1196 -1196 -1195 -1196 -1196 -1196 -1196 -1196 -1196 -1196 -1196 -1196 -1196 -1196 -1196 -1196 -1196 -1196 -1196 -1196 -1196 -1196 -1196 -1196 -1196 -1196 -1196 -1196 -1196 -1196 -1196 -1196 -1196 -1196 -1196 -1196 -1196 -1196 -1196 -1196 -1196 -1196 -1196 -1196 -1196 -1197 -1196 -1196 -1196 -1196 -1196 -1196 -1196 -1196 -1196 -1196 -1196 -1196 -1196 -1196 -1196 -1196 -1196 -1196 -1196 -1197 -1197 -1196 -1196 -1196 -1196 -1196 -1196 -1196 -1196 -1196 -1196 -1196 -1196 -1196 -1196 -1196 -1196 -1196 -1196 -1197 -1197 -1197 -1197 -1197 -1197 -1198 -1198 -1198 -1198 -1198 -1198 -1198 -1198 -1198 -1198 -1198 -1198 -1198 -1198 -1198 -1198 -1198 -1198 -1198 -1198 -1198 -1198 -1198 -1198 -1198 -1198 -1198 -1198 -1198 -1198 -1198 -1198 -1198 -1198 -1197 -1198 -1197 -1198 -1197 -1197 -1197 -1197 -1197 -1197 -1197 -1197 -1197 -1197 -1197 -1197 -1197 -1197 -1197 -1197 -1197 -1197 -1196 -1197 -1196 -1196 -1196 -1196 -1196 -1196 -1196 -1195 -1195 -1195 -1195 -1195 -1195 -1195 -1195 -1195 -1195 -1195 -1195 -1195 -1195 -1195 -1195 -1195 -1195 -1195 -1195 -1195 -1195 -1195 -1195 -1195 -1195 -1194 -1194 -1194 -1194 -1194 -1194 -1193 -1194 -1194 -1193 -1193 -1193 -1193 -1193 -1193 -1193 -1193 -1193 -1193 -1193 -1193 -1193 -1193 -1193
-1190 -1190 -1190 -1190 -1190 -1190 -1190 -1190 -1190 -1190 -1190 -1190 -1190 -1190 -1190 -1190 -1190 -1190 -1190 -1190 -1190 -1190 -1190 -1190 -1190 -1190 -1190 -1191 -1190 -1190 -1190 -1190 -1190 -1190 -1190 -1190 -1190 -1190 -1191 -1190 -1190 -1190 -1190 -1190 -1191 -1190 -1191 -1190 -1190 -1191 -1190 -1191 -1191 -1190 -1190 -1190 -1191 -1191 -1190 -1191 -1191 -1190 -1191 -1190 -1191 -1191 -1191 -1191 -1190 -1191 -1190 -1191 -1191 -1191 -1190 -1191 -1191 -1191 -1190 -1191 -1191 -1190 -1191 -1190 -1190 -1190 -1190 -1190 -1189 -1189 -1189 -1189 -1189 -1189 -1189 -1189 -1188 -1188 -1188 -1188 -1188 -1188 -1188 -1189 -1189 -1189 -1189 -1189 -1189 -1189 -1189 -1189 -1188 -1188 -1188 -1188 -1188 -1188 -1188 -1188 -1188 -1188 -1188 -1189 -1189 -1189 -1189 -1190 -1189 -1190 -1190 -1190 -1190 -1191 -1191 -1191 -1190 -1191 -1191 -1191 -1191 -1191 -1191 -1191 -1191 -1191 -1191 -1191 -1191 -1191 -1191 -1191 -1191 -1192 -1192 -1191 -1192 -1192 -1192 -1192 -1193 -1193 -1193 -1193 -1193 -1194 -1193 -1194 -1194 -1194 -1194 -1194 -1194 -1194 -1194 -1194 -1194 -1195 -1194 -1195 -1195 -1194 -1194 -1195 -1195 -1195 -1195 -1194 -1195 -1195 -1194 -1195 -1195 -1195 -1195 -1195 -1195 -1195 -1195 -1195 -1195 -1195 -1195 -1195 -1195 -1195 -1195 -1195 -1195 -1195 -1195 -1195 -1195 -1195 -1195 -1196 -1196 -1195 -1195 -1196 -1196 -1195 -1195 -1196 -1196 -1195 -1195 -1196 -1196 -1196 -1195 -1195 -1196 -1196 -1196 -1196 -1196 -1195 -1195 -1196 -1196 -1195 -1195 -1196 -1195 -1195 -1196 -1195 -1196 -1196 -1196 -1196 -1195 -1195 -1195 -1195
-1198 -1198 -1198 -1198 -1198 -1198 -1198 -1198 -1198 -1198 -1198 -1198 -1198 -1198 -1198 -1198 -1198 -1198 -1198 -1198 -1197 -1197 -1197 -1197 -1198 -1197 -1197 -1197 -1197 -1197 -1197 -1197 -1197 -1197 -1197 -1197 -1197 -1197 -1197 -1197 -1197 -1197 -1197 -1197 -1197 -1196 -1196 -1196 -1196 -1196 -1196 -1196 -1195 -1195 -1195 -1195 -1195 -1195 -1195 -1195 -1195 -1195 -1195 -1195 -1195 -1195 -1195 -1195 -1195 -1195 -1195 -1195 -1195 -1195 -1195 -1195 -1195 -1195 -1195 -1194 -1194 -1194 -1194 -1194 -1194 -1194 -1193 -1194 -1194 -1194 -1193 -1193 -1193 -1194 -1193 -1193 -1193 -1193 -1193 -1193 -1193 -1193 -1192 -1193 -1193 -1192 -1193 -1192 -1192 -1192 -1192 -1192 -1192 -1192 -1192 -1192 -1192 -1192 -1192 -1192 -1192 -1192 -1192 -1192 -1192 -1192 -1192 -1192 -1191 -1192 -1191 -1192 -1191 -1191 -1191 -1191 -1191 -1191 -1191 -1191 -1191 -1191 -1191 -1191 -1190 -1190 -1190 -1190 -1190 -1190 -1190 -1190 -1190 -1190 -1190 -1190 -1190 -1190 -1190 -1190 -1190 -1190 -1190 -1190 -1190 -1190 -1190 -1190 -1190 -1190 -1190 -1190 -1190 -1190 -1190 -1190 -1190 -1190 -1190 -1190 -1190 -1190 -1190 -1190 -1190 -1190 -1190 -1190 -1190 -1190 -1190 -1190 -1190 -1190 -1190 -1190 -1190 -1190 -1190 -1190 -1190 -1190 -1190 -1190 -1190 -1190 -1190 -1190 -1190 -1190 -1190 -1190 -1190 -1190 -1190 -1190 -1190 -1190 -1190 -1190 -1190 -1190 -1190 -1190 -1190 -1190 -1190 -1190 -1190 -1190 -1190 -1190 -1190 -1190 -1190 -1190 -1190 -1190 -1190 -1190 -1190 -1190 -1190 -1190 -1190 -1190 -1191 -1190 -1191 -1190 -1190 -1191 -1190 -1190 -1191 -1190
-1191 -1192 -1192 -1192 -1193 -1193 -1192 -1193 -1193 -1193 -1193 -1193 -1193 -1194 -1194 -1194 -1194 -1194 -1194 -1195 -1194 -1194 -1194 -1195 -1195 -1195 -1195 -1195 -1194 -1195 -1194 -1195 -1195 -1195 -1195 -1195 -1195 -1194 -1195 -1195 -1195 -1195 -1195 -1195 -1195 -1195 -1195 -1195 -1195 -1195 -1195 -1195 -1195 -1195 -1195 -1195 -1195 -1195 -1195 -1195 -1196 -1195 -1196 -1195 -1195 -1195 -1195 -1196 -1195 -1195 -1195 -1195 -1195 -1195 -1195 -1195 -1195 -1195 -1195 -1195 -1195 -1195 -1195 -1196 -1195 -1196 -1196 -1195 -1196 -1195 -1195 -1196 -1196 -1196 -1196 -1196 -1195 -1196 -1195 -1196 -1196 -1195 -1196 -1196 -1195 -1195 -1195 -1195 -1195 -1196 -1196 -1195 -1196 -1196 -1196 -1196 -1196 -1196 -1196 -1196 -1196 -1196 -1196 -1196 -1196 -1196 -1196 -1196 -1196 -1196 -1196 -1196 -1196 -1196 -1196 -1196 -1196 -1196 -1196 -1196 -1196 -1196 -1196 -1196 -1196 -1196 -1196 -1196 -1196 -1196 -1196 -1197 -1196 -1196 -1196 -1196 -1196 -1196 -1196 -1196 -1196 -1196 -1196 -1196 -1196 -1196 -1196 -1196 -1196 -1196 -1196 -1196 -1196 -1196 -1196 -1196 -1196 -1196 -1196 -1196 -1196 -1196 -1196 -1196 -1196 -1196 -1196 -1196 -1196 -1196 -1196 -1197 -1197 -1197 -1197 -1197 -1198 -1197 -1198 -1198 -1198 -1198 -1198 -1198 -1198 -1198 -1198 -1199 -1198 -1198 -1198 -1198 -1198 -1198 -1198 -1198 -1198 -1198 -1198 -1198 -1198 -1198 -1198 -1198 -1198 -1198 -1198 -1198 -1198 -1198 -1197 -1198 -1197 -1197 -1197 -1197 -1197 -1197 -1197 -1197 -1197 -1197 -1197 -1197 -1197 -1197 -1197 -1197 -1197 -1197 -1197 -1197 -1197 -1197 -1196 -1196
-1190 -1190 -1190 -1190 -1190 -1190 -1190 -1190 -1190 -1190 -1190 -1190 -1190 -1190 -1189 -1190 -1190 -1190 -1190 -1190 -1190 -1190 -1190 -1190 -1190 -1190 -1190 -1190 -1190 -1190 -1190 -1190 -1190 -1190 -1190 -1190 -1190 -1190 -1190 -1190 -1190 -1190 -1190 -1190 -1190 -1190 -1190 -1190 -1190 -1190 -1190 -1190 -1190 -1190 -1190 -1190 -1190 -1190 -1190 -1190 -1190 -1190 -1190 -1190 -1190 -1190 -1190 -1190 -1190 -1191 -1190 -1190 -1190 -1190 -1190 -1190 -1190 -1190 -1190 -1190 -1190 -1190 -1190 -1190 -1190 -1190 -1190 -1190 -1190 -1190 -1190 -1190 -1190 -1190 -1190 -1190 -1190 -1191 -1191 -1190 -1191 -1190 -1191 -1191 -1190 -1190 -1191 -1190 -1191 -1190 -1190 -1190 -1190 -1191 -1191 -1191 -1191 -1191 -1190 -1190 -1191 -1191 -1191 -1191 -1191 -1191 -1191 -1191 -1191 -1191 -1191 -1191 -1191 -1191 -1191 -1191 -1191 -1191 -1190 -1190 -1190 -1190 -1190 -1189 -1189 -1189 -1189 -1189 -1189 -1188 -1188 -1189 -1189 -1188 -1188 -1188 -1188 -1188 -1189 -1188 -1189 -1188 -1189 -1189 -1188 -1189 -1189 -1189 -1188 -1188 -1188 -1188 -1188 -1188 -1188 -1188 -1188 -1189 -1188 -1189 -1189 -1189 -1189 -1189 -1189 -1190 -1190 -1190 -1190 -1190 -1191 -1191 -1191 -1191 -1191 -1191 -1191 -1191 -1191 -1191 -1191 -1191 -1191 -1191 -1191 -1191 -1191 -1191 -1191 -1191 -1191 -1192 -1192 -1192 -1193 -1193 -1192 -1193 -1193 -1193 -1193 -1193 -1193 -1194 -1194 -1194 -1194 -1194 -1194 -1194 -1195 -1195 -1195 -1195 -1195 -1195 -1194 -1195 -1195 -1195 -1195 -1195 -1195 -1195 -1195 -1195 -1195 -1195 -1194 -1195 -1194 -1195 -1195 -1195 -1195 -1195
-1196 -1196 -1197 -1196 -1197 -1196 -1196 -1196 -1196 -1196 -1196 -1196 -1196 -1196 -1196 -1197 -1196 -1196 -1196 -1196 -1196 -1196 -1196 -1196 -1196 -1196 -1196 -1196 -1196 -1196 -1196 -1196 -1196 -1196 -1196 -1196 -1196 -1197 -1197 -1197 -1197 -1197 -1197 -1197 -1198 -1198 -1198 -1198 -1198 -1198 -1198 -1198 -1198 -1198 -1199 -1198 -1198 -1198 -1199 -1198 -1198 -1198 -1198 -1198 -1198 -1198 -1198 -1198 -1198 -1198 -1198 -1198 -1198 -1198 -1198 -1197 -1198 -1198 -1198 -1198 -1197 -1197 -1197 -1197 -1197 -1197 -1197 -1197 -1197 -1197 -1197 -1197 -1197 -1197 -1197 -1197 -1197 -1197 -1197 -1197 -1197 -1197 -1196 -1196 -1196 -1196 -1196 -1196 -1196 -1195 -1195 -1195 -1195 -1195 -1195 -1195 -1195 -1195 -1195 -1195 -1195 -1195 -1195 -1195 -1195 -1195 -1195 -1195 -1195 -1195 -1195 -1195 -1194 -1195 -1194 -1194 -1194 -1194 -1194 -1194 -1194 -1194 -1194 -1194 -1194 -1193 -1193 -1193 -1194 -1193 -1194 -1193 -1193 -1193 -1193 -1193 -1193 -1193 -1193 -1193 -1193 -1192 -1192 -1192 -1192 -1192 -1192 -1192 -1192 -1192 -1192 -1192 -1192 -1192 -1192 -1192 -1192 -1192 -1192 -1192 -1192 -1192 -1192 -1192 -1192 -1192 -1192 -1192 -1192 -1191 -1191 -1191 -1191 -1191 -1191 -1191 -1191 -1191 -1191 -1191 -1190 -1190 -1190 -1190 -1190 -1190 -1190 -1190 -1190 -1190 -1190 -1190 -1190 -1190 -1190 -1190 -1190 -1190 -1190 -1190 -1190 -1190 -1190 -1190 -1190 -1190 -1190 -1190 -1190 -1190 -1190 -1190 -1190 -1190 -1190 -1190 -1190 -1190 -1190 -1190 -1190 -1190 -1190 -1190 -1190 -1190 -1190 -1190 -1190 -1190 -1190 -1190 -1190 -1190 -1190 -1190
-1188 -1188 -1188 -1188 -1188 -1188 -1189 -1189 -1189 -1188 -1189 -1189 -1189 -1189 -1188 -1188 -1188 -1188 -1188 -1188 -1188 -1188 -1188 -1188 -1188 -1189 -1188 -1189 -1189 -1189 -1189 -1190 -1190 -1190 -1190 -1190 -1190 -1191 -1191 -1190 -1190 -1191 -1191 -1190 -1191 -1191 -1191 -1191 -1191 -1191 -1191 -1191 -1191 -1191 -1191 -1191 -1191 -1192 -1191 -1192 -1192 -1193 -1192 -1193 -1193 -1193 -1193 -1193 -1193 -1194 -1194 -1194 -1194 -1194 -1194 -1194 -1194 -1194 -1194 -1195 -1195 -1195 -1195 -1194 -1195 -1195 -1195 -1195 -1195 -1195 -1195 -1195 -1195 -1195 -1195 -1195 -1195 -1195 -1195 -1195 -1195 -1195 -1195 -1195 -1195 -1195 -1195 -1195 -1195 -1195 -1195 -1195 -1195 -1195 -1195 -1195 -1196 -1195 -1195 -1196 -1195 -1195 -1196 -1196 -1196 -1195 -1195 -1196 -1195 -1195 -1195 -1195 -1195 -1195 -1195 -1195 -1196 -1196 -1196 -1196 -1196 -1195 -1195 -1195 -1195 -1195 -1195 -1195 -1195 -1196 -1196 -1196 -1196 -1196 -1195 -1195 -1195 -1196 -1195 -1195 -1196 -1195 -1195 -1196 -1196 -1196 -1196 -1196 -1196 -1196 -1196 -1196 -1196 -1196 -1196 -1196 -1196 -1196 -1196 -1196 -1195 -1196 -1196 -1196 -1196 -1196 -1196 -1196 -1196 -1196 -1196 -1196 -1196 -1196 -1196 -1196 -1196 -1196 -1196 -1196 -1196 -1196 -1196 -1196 -1196 -1196 -1196 -1196 -1196 -1196 -1196 -1196 -1196 -1196 -1196 -1196 -1196 -1197 -1196 -1196 -1196 -1196 -1196 -1196 -1196 -1196 -1196 -1196 -1196 -1196 -1196 -1197 -1196 -1196 -1196 -1196 -1196 -1196 -1196 -1196 -1196 -1196 -1196 -1196 -1196 -1196 -1197 -1197 -1197 -1197 -1197 -1197 -1197 -1197 -1198 -1198
-1193 -1193 -1193 -1193 -1193 -1193 -1192 -1193 -1192 -1192 -1192 -1192 -1192 -1192 -1192 -1192 -1192 -1192 -1192 -1192 -1192 -1192 -1192 -1192 -1192 -1192 -1192 -1192 -1192 -1191 -1192 -1192 -1192 -1192 -1191 -1191 -1191 -1191 -1191 -1191 -1191 -1191 -1191 -1191 -1191 -1191 -1191 -1190 -1190 -1190 -1190 -1190 -1190 -1190 -1190 -1190 -1190 -1190 -1190 -1190 -1190 -1190 -1190 -1190 -1190 -1190 -1190 -1190 -1190 -1190 -1190 -1190 -1190 -1190 -1190 -1190 -1190 -1190 -1190 -1190 -1190 -1190 -1190 -1190 -1190 -1190 -1190 -1190 -1190 -1190 -1190 -1190 -1190 -1190 -1190 -1190 -1190 -1190 -1190 -1190 -1190 -1190 -1190 -1190 -1190 -1190 -1190 -1190 -1190 -1190 -1190 -1190 -1190 -1190 -1190 -1190 -1190 -1190 -1190 -1190 -1190 -1190 -1190 -1190 -1190 -1190 -1190 -1190 -1190 -1190 -1190 -1190 -1190 -1190 -1190 -1190 -1190 -1190 -1190 -1190 -1190 -1191 -1190 -1190 -1190 -1190 -1190 -1190 -1190 -1190 -1190 -1190 -1190 -1190 -1190 -1190 -1191 -1191 -1191 -1191 -1190 -1191 -1191 -1191 -1190 -1190 -1190 -1191 -1190 -1191 -1190 -1190 -1191 -1191 -1190 -1191 -1190 -1191 -1191 -1191 -1190 -1191 -1191 -1191 -1191 -1191 -1191 -1191 -1190 -1190 -1191 -1191 -1190 -1191 -1190 -1190 -1190 -1190 -1190 -1190 -1189 -1189 -1189 -1189 -1189 -1189 -1188 -1188 -1188 -1188 -1188 -1188 -1189 -1188 -1189 -1189 -1189 -1188 -1189 -1188 -1189 -1189 -1188 -1188 -1188 -1188 -1188 -1188 -1188 -1188 -1188 -1188 -1188 -1188 -1188 -1189 -1189 -1189 -1189 -1189 -1190 -1189 -1190 -1190 -1190 -1190 -1190 -1191 -1191 -1191 -1191 -1191 -1191 -1191 -1191 -1191
-1195 -1196 -1196 -1196 -1196 -1196 -1196 -1195 -1196 -1196 -1196 -1196 -1196 -1195 -1196 -1196 -1196 -1196 -1196 -1195 -1196 -1196 -1196 -1196 -1196 -1196 -1196 -1196 -1196 -1196 -1196 -1196 -1196 -1196 -1196 -1196 -1196 -1196 -1196 -1196 -1196 -1196 -1196 -1196 -1196 -1196 -1196 -1196 -1196 -1196 -1196 -1196 -1196 -1196 -1196 -1196 -1196 -1197 -1196 -1196 -1196 -1196 -1196 -1196 -1196 -1196 -1196 -1196 -1196 -1196 -1196 -1196 -1197 -1197 -1196 -1196 -1196 -1196 -1196 -1196 -1197 -1196 -1196 -1196 -1196 -1196 -1196 -1196 -1196 -1196 -1196 -1196 -1196 -1196 -1197 -1197 -1197 -1197 -1198 -1198 -1198 -1198 -1198 -1198 -1198 -1198 -1198 -1198 -1198 -1198 -1198 -1199 -1198 -1198 -1198 -1198 -1198 -1198 -1198 -1198 -1198 -1198 -1198 -1198 -1198 -1198 -1198 -1198 -1198 -1198 -1198 -1198 -1197 -1198 -1197 -1197 -1197 -1197 -1197 -1197 -1197 -1197 -1197 -1197 -1197 -1197 -1197 -1197 -1197 -1197 -1197 -1197 -1197 -1197 -1197 -1197 -1197 -1197 -1196 -1196 -1196 -1196 -1196 -1196 -1196 -1196 -1195 -1195 -1195 -1195 -1195 -1195 -1195 -1195 -1195 -1195 -1195 -1195 -1195 -1195 -1195 -1195 -1195 -1195 -1195 -1195 -1195 -1195 -1195 -1195 -1194 -1194 -1194 -1194 -1194 -1194 -1194 -1193 -1193 -1193 -1194 -1193 -1194 -1194 -1194 -1193 -1193 -1193 -1193 -1193 -1193 -1193 -1193 -1193 -1193 -1193 -1193 -1192 -1192 -1192 -1192 -1192 -1192 -1192 -1192 -1192 -1192 -1192 -1192 -1192 -1192 -1192 -1192 -1192 -1192 -1192 -1192 -1192 -1191 -1192 -1192 -1192 -1192 -1191 -1191 -1191 -1191 -1192 -1191 -1191 -1191 -1191 -1191 -1191 -1191 -1191
-1190 -1191 -1191 -1191 -1191 -1191 -1191 -1190 -1191 -1191 -1190 -1190 -1191 -1190 -1191 -1191 -1190 -1190 -1190 -1191 -1190 -1191 -1191 -1191 -1190 -1191 -1191 -1191 -1191 -1191 -1191 -1191 -1191 -1191 -1190 -1191 -1190 -1191 -1191 -1191 -1191 -1190 -1190 -1190 -1190 -1189 -1189 -1190 -1189 -1189 -1189 -1189 -1188 -1188 -1188 -1188 -1188 -1188 -1188 -1188 -1188 -1188 -1189 -1188 -1189 -1189 -1189 -1189 -1189 -1189 -1189 -1189 -1189 -1188 -1188 -1188 -1188 -1188 -1188 -1188 -1188 -1188 -1189 -1189 -1189 -1189 -1189 -1190 -1190 -1190 -1190 -1190 -1191 -1190 -1191 -1191 -1191 -1190 -1191 -1191 -1191 -1191 -1191 -1191 -1191 -1191 -1191 -1191 -1191 -1191 -1191 -1191 -1191 -1192 -1192 -1192 -1192 -1192 -1193 -1193 -1193 -1193 -1193 -1193 -1193 -1194 -1194 -1194 -1194 -1194 -1194 -1194 -1194 -1194 -1195 -1195 -1195 -1195 -1195 -1194 -1194 -1194 -1194 -1195 -1195 -1195 -1195 -1195 -1195 -1195 -1195 -1195 -1195 -1195 -1195 -1195 -1195 -1195 -1195 -1195 -1195 -1195 -1195 -1195 -1195 -1195 -1195 -1195 -1195 -1195 -1195 -1195 -1195 -1196 -1195 -1195 -1195 -1196 -1195 -1195 -1195 -1195 -1195 -1195 -1195 -1195 -1195 -1195 -1195 -1195 -1196 -1196 -1196 -1195 -1196 -1196 -1195 -1195 -1195 -1196 -1195 -1196 -1195 -1195 -1196 -1196 -1196 -1196 -1196 -1196 -1196 -1196 -1196 -1195 -1196 -1195 -1195 -1196 -1196 -1195 -1196 -1195 -1196 -1196 -1196 -1196 -1196 -1196 -1196 -1195 -1196 -1196 -1196 -1196 -1196 -1196 -1196 -1196 -1196 -1196 -1196 -1196 -1196 -1196 -1196 -1196 -1196 -1196 -1196 -1196 -1196 -1196 -1196 -1196 -1196 -1196
-1197 -1197 -1197 -1197 -1197 -1197 -1196 -1196 -1196 -1196 -1196 -1196 -1195 -1195 -1195 -1195 -1195 -1195 -1195 -1195 -1195 -1195 -1195 -1195 -1195 -1195 -1195 -1195 -1195 -1195 -1195 -1195 -1195 -1194 -1195 -1194 -1195 -1194 -1194 -1194 -1194 -1194 -1194 -1194 -1194 -1194 -1193 -1193 -1193 -1193 -1193 -1193 -1193 -1193 -1193 -1193 -1193 -1193 -1193 -1193 -1193 -1193 -1193 -1192 -1192 -1192 -1192 -1192 -1192 -1192 -1192 -1192 -1192 -1192 -1192 -1192 -1192 -1192 -1192 -1191 -1192 -1192 -1192 -1192 -1192 -1192 -1191 -1191 -1191 -1192 -1192 -1191 -1192 -1192 -1191 -1191 -1191 -1191 -1191 -1191 -1191 -1191 -1190 -1190 -1190 -1190 -1190 -1190 -1190 -1190 -1190 -1190 -1190 -1190 -1190 -1190 -1190 -1190 -1190 -1190 -1190 -1190 -1190 -1190 -1190 -1190 -1190 -1190 -1190 -1190 -1190 -1190 -1190 -1190 -1190 -1190 -1190 -1190 -1190 -1190 -1190 -1190 -1190 -1190 -1190 -1190 -1190 -1190 -1190 -1190 -1190 -1190 -1190 -1190 -1190 -1190 -1190 -1190 -1190 -1190 -1190 -1190 -1190 -1190 -1190 -1190 -1190 -1190 -1190 -1190 -1190 -1190 -1190 -1190 -1190 -1190 -1190 -1190 -1190 -1190 -1190 -1190 -1190 -1190 -1190 -1190 -1190 -1190 -1190 -1190 -1190 -1190 -1190 -1190 -1190 -1190 -1190 -1190 -1190 -1190 -1190 -1190 -1190 -1190 -1190 -1190 -1190 -1190 -1190 -1191 -1191 -1191 -1191 -1191 -1191 -1191 -1191 -1191 -1190 -1190 -1190 -1190 -1190 -1191 -1190 -1191 -1190 -1191 -1191 -1190 -1191 -1191 -1191 -1191 -1191 -1191 -1191 -1191 -1191 -1190 -1190 -1191 -1191 -1191 -1191 -1191 -1191 -1191 -1191 -1191 -1191 -1190 -1190 -1190 -1190 -1190
-1194 -1195 -1195 -1195 -1195 -1195 -1195 -1195 -1195 -1195 -1195 -1195 -1195 -1195 -1195 -1195 -1195 -1195 -1195 -1195 -1195 -1196 -1196 -1195 -1196 -1195 -1196 -1195 -1196 -1195 -1195 -1196 -1195 -1195 -1195 -1195 -1196 -1195 -1196 -1196 -1196 -1195 -1196 -1195 -1196 -1196 -1195 -1195 -1195 -1196 -1195 -1196 -1196 -1196 -1196 -1196 -1195 -1196 -1195 -1195 -1195 -1195 -1196 -1196 -1196 -1196 -1195 -1196 -1196 -1196 -1196 -1196 -1196 -1196 -1196 -1196 -1196 -1196 -1196 -1196 -1196 -1196 -1196 -1196 -1196 -1196 -1196 -1196 -1196 -1196 -1196 -1196 -1196 -1196 -1196 -1196 -1196 -1196 -1196 -1196 -1196 -1196 -1196 -1196 -1196 -1196 -1197 -1196 -1196 -1196 -1196 -1196 -1197 -1196 -1197 -1196 -1196 -1196 -1196 -1196 -1196 -1197 -1196 -1196 -1196 -1197 -1197 -1197 -1196 -1197 -1196 -1197 -1196 -1196 -1196 -1196 -1196 -1196 -1196 -1196 -1196 -1196 -1196 -1196 -1196 -1196 -1196 -1196 -1196 -1196 -1197 -1197 -1197 -1197 -1198 -1198 -1198 -1198 -1198 -1198 -1198 -1198 -1198 -1198 -1198 -1198 -1198 -1199 -1199 -1198 -1198 -1198 -1198 -1198 -1198 -1198 -1198 -1198 -1198 -1198 -1198 -1198 -1198 -1198 -1198 -1198 -1198 -1198 -1198 -1197 -1198 -1197 -1197 -1197 -1197 -1197 -1197 -1197 -1197 -1197 -1197 -1197 -1197 -1197 -1197 -1197 -1197 -1198 -1197 -1197 -1197 -1197 -1197 -1196 -1196 -1196 -1196 -1196 -1196 -1196 -1195 -1195 -1195 -1195 -1195 -1195 -1195 -1195 -1195 -1195 -1195 -1195 -1195 -1195 -1195 -1195 -1195 -1195 -1195 -1195 -1195 -1195 -1195 -1195 -1194 -1195 -1194 -1194 -1194 -1194 -1194 -1194 -1193 -1194 -1193 -1194
-1190 -1190 -1190 -1190 -1190 -1190 -1190 -1190 -1190 -1190 -1190 -1190 -1190 -1190 -1190 -1190 -1190 -1190 -1190 -1190 -1190 -1190 -1190 -1190 -1191 -1190 -1190 -1190 -1190 -1190 -1190 -1190 -1190 -1190 -1190 -1190 -1190 -1190 -1191 -1190 -1190 -1191 -1190 -1190 -1190 -1191 -1190 -1190 -1190 -1190 -1190 -1190 -1190 -1190 -1190 -1190 -1190 -1191 -1191 -1190 -1191 -1191 -1190 -1190 -1190 -1191 -1190 -1191 -1190 -1191 -1190 -1191 -1191 -1190 -1191 -1191 -1191 -1191 -1191 -1191 -1190 -1190 -1191 -1190 -1191 -1191 -1190 -1191 -1191 -1191 -1191 -1191 -1191 -1191 -1191 -1191 -1190 -1190 -1190 -1190 -1190 -1189 -1189 -1189 -1189 -1189 -1189 -1189 -1189 -1188 -1189 -1189 -1188 -1188 -1188 -1189 -1188 -1188 -1189 -1189 -1189 -1189 -1188 -1189 -1189 -1189 -1189 -1189 -1188 -1188 -1188 -1188 -1188 -1188 -1188 -1188 -1188 -1188 -1188 -1189 -1189 -1189 -1189 -1189 -1190 -1190 -1190 -1191 -1190 -1191 -1191 -1191 -1190 -1191 -1191 -1191 -1191 -1191 -1191 -1191 -1191 -1191 -1191 -1191 -1191 -1191 -1191 -1192 -1191 -1192 -1192 -1192 -1192 -1192 -1193 -1193 -1193 -1193 -1193 -1193 -1193 -1194 -1194 -1194 -1194 -1194 -1195 -1194 -1194 -1194 -1194 -1194 -1195 -1194 -1195 -1195 -1195 -1194 -1195 -1194 -1195 -1195 -1195 -1195 -1195 -1195 -1195 -1195 -1194 -1195 -1195 -1195 -1195 -1195 -1195 -1195 -1195 -1195 -1195 -1195 -1195 -1195 -1195 -1195 -1195 -1195 -1196 -1195 -1195 -1196 -1195 -1196 -1196 -1195 -1195 -1196 -1195 -1195 -1195 -1196 -1195 -1195 -1195 -1195 -1195 -1195 -1195 -1195 -1196 -1195 -1195 -1196 -1196 -1195 -1195 -1195
-1197 -1198 -1198 -1198 -1198 -1199 -1198 -1198 -1198 -1198 -1198 -1199 -1198 -1199 -1198 -1198 -1198 -1198 -1198 -1198 -1198 -1198 -1198 -1198 -1198 -1198 -1198 -1198 -1198 -1198 -1198 -1198 -1198 -1198 -1198 -1198 -1198 -1198 -1197 -1198 -1197 -1197 -1197 -1197 -1197 -1197 -1197 -1197 -1197 -1197 -1197 -1198 -1197 -1197 -1197 -1197 -1197 -1197 -1197 -1197 -1197 -1197 -1196 -1196 -1196 -1196 -1196 -1196 -1195 -1195 -1195 -1195 -1195 -1195 -1195 -1195 -1195 -1195 -1195 -1195 -1195 -1195 -1195 -1195 -1195 -1195 -1195 -1195 -1195 -1195 -1195 -1195 -1195 -1194 -1194 -1194 -1194 -1194 -1194 -1194 -1194 -1194 -1194 -1194 -1194 -1194 -1193 -1193 -1194 -1193 -1194 -1193 -1193 -1193 -1193 -1192 -1193 -1193 -1193 -1192 -1193 -1192 -1192 -1192 -1192 -1192 -1192 -1192 -1192 -1192 -1192 -1192 -1192 -1192 -1192 -1192 -1192 -1192 -1192 -1192 -1192 -1192 -1192 -1191 -1192 -1191 -1192 -1191 -1192 -1191 -1191 -1191 -1191 -1191 -1191 -1191 -1191 -1191 -1190 -1190 -1190 -1190 -1190 -1190 -1190 -1189 -1190 -1190 -1190 -1190 -1190 -1190 -1190 -1190 -1190 -1190 -1190 -1190 -1190 -1190 -1190 -1190 -1190 -1190 -1190 -1190 -1190 -1190 -1190 -1190 -1190 -1190 -1190 -1190 -1190 -1190 -1190 -1190 -1190 -1190 -1190 -1190 -1190 -1190 -1190 -1190 -1190 -1190 -1190 -1190 -1190 -1190 -1190 -1190 -1190 -1190 -1190 -1190 -1190 -1190 -1190 -1190 -1190 -1190 -1190 -1190 -1190 -1190 -1190 -1190 -1190 -1190 -1190 -1190 -1190 -1190 -1190 -1190 -1190 -1190 -1190 -1190 -1190 -1190 -1190 -1190 -1190 -1190 -1190 -1190 -1190 -1190 -1190 -1190 -1190 -1190
-1191 -1191 -1191 -1191 -1191 -1191 -1191 -1191 -1191 -1191 -1191 -1191 -1191 -1191 -1191 -1192 -1192 -1192 -1192 -1192 -1192 -1193 -1193 -1192 -1193 -1193 -1193 -1194 -1194 -1193 -1194 -1194 -1194 -1194 -1194 -1195 -1194 -1195 -1195 -1194 -1194 -1194 -1195 -1195 -1195 -1195 -1195 -1195 -1195 -1195 -1194 -1194 -1195 -1195 -1195 -1195 -1195 -1195 -1195 -1195 -1195 -1195 -1195 -1195 -1195 -1195 -1195 -1195 -1195 -1195 -1195 -1195 -1195 -1195 -1195 -1195 -1196 -1196 -1196 -1195 -1196 -1195 -1195 -1196 -1196 -1196 -1196 -1196 -1196 -1195 -1195 -1195 -1195 -1195 -1196 -1196 -1195 -1195 -1196 -1195 -1196 -1195 -1195 -1195 -1195 -1196 -1196 -1196 -1196 -1195 -1196 -1196 -1196 -1196 -1196 -1195 -1196 -1195 -1195 -1195 -1196 -1195 -1196 -1196 -1196 -1196 -1196 -1196 -1196 -1196 -1196 -1196 -1196 -1196 -1196 -1196 -1196 -1196 -1195 -1196 -1196 -1196 -1196 -1196 -1196 -1196 -1196 -1196 -1196 -1196 -1196 -1196 -1196 -1196 -1196 -1196 -1196 -1196 -1196 -1196 -1196 -1196 -1196 -1196 -1196 -1196 -1196 -1196 -1196 -1196 -1197 -1196 -1197 -1196 -1196 -1196 -1196 -1196 -1196 -1196 -1196 -1196 -1196 -1196 -1196 -1196 -1196 -1196 -1197 -1196 -1196 -1196 -1196 -1196 -1196 -1196 -1196 -1196 -1196 -1196 -1196 -1196 -1196 -1196 -1196 -1196 -1197 -1197 -1197 -1197 -1197 -1198 -1198 -1198 -1198 -1198 -1198 -1198 -1198 -1198 -1198 -1199 -1199 -1198 -1198 -1198 -1198 -1198 -1198 -1198 -1198 -1198 -1198 -1198 -1198 -1198 -1198 -1198 -1198 -1198 -1198 -1198 -1198 -1198 -1198 -1198 -1198 -1197 -1197 -1197 -1197 -1197 -1197 -1197 -1197 -1197
-1192 -1191 -1191 -1191 -1191 -1190 -1190 -1190 -1190 -1190 -1190 -1190 -1190 -1190 -1190 -1190 -1190 -1190 -1190 -1190 -1190 -1190 -1190 -1190 -1190 -1190 -1190 -1190 -1190 -1190 -1190 -1190 -1190 -1190 -1190 -1190 -1190 -1190 -1190 -1190 -1190 -1190 -1190 -1190 -1190 -1190 -1190 -1190 -1190 -1190 -1190 -1190 -1190 -1190 -1190 -1190 -1190 -1190 -1190 -1190 -1190 -1190 -1190 -1190 -1190 -1190 -1190 -1190 -1190 -1190 -1190 -1190 -1190 -1190 -1190 -1190 -1190 -1190 -1190 -1190 -1191 -1190 -1190 -1190 -1190 -1190 -1191 -1190 -1190 -1190 -1190 -1190 -1190 -1190 -1190 -1190 -1190 -1190 -1190 -1190 -1190 -1190 -1190 -1190 -1190 -1190 -1190 -1190 -1190 -1190 -1191 -1191 -1191 -1190 -1190 -1191 -1191 -1191 -1190 -1190 -1191 -1191 -1191 -1191 -1190 -1190 -1191 -1191 -1191 -1190 -1191 -1191 -1191 -1191 -1191 -1191 -1191 -1191 -1190 -1191 -1191 -1191 -1191 -1191 -1190 -1190 -1191 -1191 -1191 -1191 -1191 -1191 -1190 -1190 -1190 -1190 -1190 -1190 -1190 -1189 -1189 -1189 -1189 -1189 -1189 -1189 -1188 -1188 -1189 -1188 -1188 -1189 -1189 -1189 -1188 -1189 -1189 -1189 -1189 -1189 -1189 -1189 -1189 -1189 -1188 -1188 -1188 -1188 -1188 -1188 -1188 -1188 -1188 -1188 -1189 -1188 -1189 -1189 -1189 -1190 -1190 -1190 -1190 -1190 -1190 -1191 -1191 -1191 -1191 -1191 -1191 -1191 -1191 -1191 -1191 -1191 -1191 -1191 -1191 -1191 -1191 -1191 -1191 -1191 -1191 -1192 -1192 -1192 -1192 -1192 -1193 -1193 -1193 -1193 -1193 -1193 -1193 -1194 -1194 -1194 -1194 -1194 -1194 -1194 -1195 -1194 -1195 -1195 -1195 -1195 -1195 -1195 -1195 -1195 -1195 -1195
-1196 -1196 -1196 -1196 -1196 -1196 -1196 -1196 -1196 -1196 -1196 -1196 -1196 -1196 -1196 -1196 -1197 -1196 -1196 -1196 -1196 -1197 -1196 -1196 -1196 -1197 -1196 -1196 -1196 -1196 -1196 -1196 -1196 -1196 -1197 -1196 -1196 -1196 -1196 -1196 -1196 -1196 -1196 -1196 -1196 -1196 -1196 -1196 -1196 -1196 -1196 -1196 -1197 -1197 -1197 -1197 -1197 -1197 -1198 -1198 -1198 -1198 -1198 -1198 -1198 -1198 -1198 -1198 -1198 -1199 -1198 -1198 -1198 -1198 -1198 -1198 -1198 -1198 -1198 -1198 -1198 -1198 -1198 -1197 -1198 -1198 -1198 -1198 -1198 -1198 -1198 -1198 -1198 -1198 -1197 -1197 -1197 -1197 -1197 -1197 -1197 -1197 -1197 -1197 -1197 -1197 -1197 -1197 -1197 -1198 -1198 -1197 -1197 -1197 -1197 -1197 -1196 -1196 -1196 -1196 -1196 -1196 -1196 -1196 -1196 -1195 -1195 -1195 -1195 -1195 -1195 -1195 -1195 -1195 -1195 -1195 -1195 -1195 -1195 -1195 -1195 -1195 -1195 -1195 -1195 -1195 -1194 -1195 -1195 -1194 -1194 -1194 -1194 -1194 -1194 -1194 -1194 -1194 -1194 -1193 -1193 -1193 -1194 -1194 -1193 -1193 -1193 -1193 -1193 -1193 -1193 -1193 -1193 -1193 -1192 -1192 -1192 -1192 -1193 -1192 -1192 -1192 -1192 -1192 -1192 -1192 -1192 -1192 -1192 -1192 -1192 -1192 -1192 -1192 -1192 -1192 -1192 -1192 -1192 -1192 -1192 -1192 -1192 -1191 -1191 -1191 -1191 -1191 -1191 -1191 -1191 -1191 -1191 -1191 -1190 -1191 -1190 -1190 -1190 -1190 -1190 -1190 -1190 -1190 -1190 -1190 -1190 -1190 -1190 -1190 -1190 -1190 -1190 -1190 -1190 -1190 -1190 -1190 -1190 -1190 -1190 -1190 -1190 -1190 -1190 -1190 -1190 -1190 -1190 -1190 -1190 -1190 -1190 -1190 -1190 -1190
-1190 -1190 -1190 -1190 -1190 -1189 -1189 -1189 -1189 -1189 -1189 -1189 -1189 -1188 -1188 -1189 -1188 -1188 -1189 -1188 -1189 -1188 -1189 -1189 -1189 -1189 -1189 -1189 -1189 -1189 -1189 -1188 -1188 -1188 -1188 -1188 -1188 -1188 -1188 -1188 -1188 -1189 -1189 -1189 -1189 -1190 -1190 -1190 -1190 -1190 -1191 -1191 -1191 -1191 -1191 -1191 -1191 -1191 -1191 -1191 -1191 -1191 -1191 -1191 -1191 -1191 -1191 -1191 -1191 -1191 -1191 -1191 -1191 -1192 -1192 -1192 -1192 -1192 -1193 -1193 -1193 -1193 -1193 -1193 -1193 -1194 -1194 -1194 -1194 -1194 -1194 -1195 -1195 -1195 -1194 -1194 -1195 -1195 -1195 -1195 -1195 -1195 -1195 -1195 -1195 -1195 -1195 -1195 -1195 -1195 -1195 -1195 -1195 -1195 -1195 -1194 -1195 -1195 -1195 -1195 -1195 -1195 -1195 -1195 -1195 -1195 -1195 -1195 -1195 -1195 -1196 -1195 -1195 -1195 -1195 -1196 -1196 -1196 -1195 -1195 -1196 -1195 -1195 -1196 -1195 -1196 -1195 -1195 -1195 -1195 -1195 -1196 -1196 -1196 -1196 -1196 -1195 -1195 -1195 -1195 -1195 -1195 -1195 -1196 -1196 -1196 -1196 -1196 -1196 -1196 -1196 -1196 -1195 -1195 -1195 -1195 -1195 -1196 -1196 -1195 -1196 -1196 -1196 -1195 -1196 -1196 -1196 -1196 -1196 -1196 -1196 -1196 -1196 -1196 -1196 -1196 -1196 -1196 -1196 -1196 -1196 -1196 -1196 -1196 -1196 -1196 -1196 -1196 -1196 -1196 -1196 -1196 -1196 -1196 -1196 -1196 -1196 -1196 -1196 -1196 -1196 -1196 -1196 -1196 -1196 -1196 -1196 -1196 -1196 -1196 -1197 -1196 -1197 -1196 -1196 -1196 -1196 -1196 -1196 -1196 -1196 -1196 -1196 -1196 -1197 -1196 -1196 -1196 -1196 -1196 -1196 -1196 -1196 -1196 -1196 -1196
-1194 -1194 -1194 -1194 -1194 -1194 -1194 -1194 -1194 -1194 -1193 -1193 -1193 -1193 -1193 -1193 -1193 -1193 -1193 -1193 -1193 -1193 -1193 -1192 -1193 -1193 -1193 -1192 -1192 -1192 -1192 -1192 -1192 -1192 -1192 -1192 -1192 -1192 -1192 -1192 -1192 -1192 -1192 -1192 -1192 -1192 -1191 -1191 -1191 -1192 -1192 -1191 -1191 -1192 -1191 -1192 -1191 -1191 -1191 -1191 -1190 -1190 -1190 -1190 -1190 -1190 -1190 -1190 -1190 -1190 -1190 -1190 -1190 -1190 -1190 -1190 -1190 -1190 -1190 -1190 -1190 -1190 -1190 -1190 -1190 -1190 -1190 -1190 -1190 -1190 -1190 -1190 -1190 -1190 -1190 -1190 -1190 -1190 -1190 -1190 -1190 -1190 -1190 -1190 -1190 -1190 -1190 -1190 -1190 -1190 -1190 -1190 -1190 -1190 -1190 -1190 -1190 -1190 -1190 -1190 -1190 -1190 -1190 -1190 -1190 -1190 -1190 -1190 -1190 -1190 -1190 -1190 -1190 -1190 -1190 -1190 -1190 -1191 -1190 -1190 -1190 -1190 -1190 -1190 -1190 -1191 -1190 -1190 -1190 -1190 -1190 -1190 -1190 -1190 -1190 -1190 -1190 -1190 -1190 -1190 -1190 -1190 -1190 -1191 -1190 -1190 -1191 -1191 -1191 -1191 -1191 -1191 -1190 -1191 -1191 -1190 -1191 -1190 -1191 -1191 -1190 -1191 -1191 -1190 -1190 -1191 -1190 -1191 -1191 -1191 -1191 -1191 -1191 -1191 -1191 -1191 -1191 -1191 -1191 -1191 -1191 -1191 -1191 -1191 -1191 -1191 -1191 -1191 -1191 -1190 -1191 -1190 -1190 -1190 -1190 -1190 -1189 -1189 -1189 -1189 -1189 -1189 -1189 -1189 -1189 -1189 -1189 -1189 -1189 -1189 -1188 -1189 -1188 -1189 -1189 -1189 -1189 -1188 -1189 -1189 -1188 -1188 -1188 -1188 -1188 -1188 -1188 -1188 -1188 -1188 -1189 -1189 -1189 -1189 -1189 -1189
-1195 -1195 -1196 -1196 -1196 -1195 -1195 -1195 -1195 -1196 -1196 -1196 -1196 -1196 -1196 -1195 -1196 -1195 -1195 -1196 -1196 -1195 -1195 -1195 -1195 -1196 -1196 -1196 -1196 -1196 -1196 -1196 -1196 -1196 -1196 -1196 -1196 -1196 -1196 -1196 -1196 -1196 -1196 -1196 -1196 -1196 -1196 -1196 -1196 -1196 -1196 -1196 -1196 -1196 -1196 -1196 -1196 -1196 -1196 -1196 -1196 -1196 -1196 -1196 -1196 -1196 -1196 -1196 -1196 -1196 -1196 -1196 -1196 -1196 -1197 -1196 -1196 -1196 -1196 -1196 -1196 -1196 -1196 -1196 -1196 -1196 -1196 -1197 -1197 -1196 -1196 -1196 -1196 -1196 -1196 -1196 -1196 -1196 -1196 -1196 -1196 -1196 -1197 -1196 -1196 -1196 -1196 -1196 -1196 -1197 -1197 -1197 -1197 -1197 -1198 -1198 -1198 -1198 -1198 -1198 -1198 -1198 -1198 -1198 -1198 -1198 -1199 -1198 -1198 -1198 -1198 -1198 -1198 -1198 -1198 -1198 -1198 -1198 -1198 -1198 -1198 -1198 -1198 -1198 -1197 -1198 -1198 -1198 -1198 -1197 -1197 -1197 -1197 -1197 -1197 -1197 -1197 -1197 -1197 -1197 -1197 -1197 -1197 -1198 -1198 -1197 -1197 -1197 -1197 -1197 -1197 -1197 -1197 -1197 -1196 -1196 -1196 -1196 -1196 -1196 -1195 -1195 -1195 -1195 -1195 -1195 -1195 -1195 -1195 -1195 -1195 -1195 -1195 -1195 -1195 -1195 -1195 -1195 -1195 -1195 -1195 -1195 -1195 -1195 -1195 -1194 -1194 -1194 -1194 -1194 -1194 -1194 -1194 -1194 -1194 -1194 -1193 -1193 -1194 -1193 -1193 -1193 -1194 -1193 -1193 -1193 -1193 -1193 -1193 -1192 -1193 -1193 -1193 -1192 -1192 -1192 -1192 -1192 -1192 -1192 -1192 -1192 -1192 -1192 -1192 -1192 -1192 -1192 -1192 -1192 -1192 -1192 -1192 -1192 -1192 -1192
-1190 -1190 -1191 -1191 -1190 -1190 -1190 -1191 -1190 -1190 -1190 -1191 -1190 -1190 -1190 -1191 -1191 -1191 -1191 -1191 -1191 -1191 -1190 -1190 -1191 -1190 -1190 -1191 -1191 -1191 -1191 -1190 -1191 -1191 -1191 -1190 -1191 -1191 -1191 -1191 -1191 -1191 -1191 -1191 -1191 -1191 -1191 -1191 -1191 -1191 -1191 -1190 -1191 -1191 -1190 -1191 -1190 -1190 -1190 -1190 -1190 -1190 -1189 -1189 -1189 -1189 -1189 -1189 -1189 -1188 -1188 -1188 -1189 -1189 -1188 -1188 -1189 -1189 -1189 -1189 -1189 -1189 -1189 -1189 -1189 -1189 -1189 -1188 -1188 -1188 -1188 -1188 -1188 -1188 -1188 -1188 -1189 -1188 -1189 -1189 -1189 -1189 -1189 -1190 -1190 -1190 -1191 -1191 -1191 -1191 -1191 -1191 -1191 -1191 -1191 -1191 -1191 -1191 -1191 -1191 -1191 -1191 -1191 -1191 -1191 -1191 -1191 -1191 -1192 -1192 -1192 -1192 -1192 -1193 -1193 -1193 -1193 -1194 -1193 -1193 -1194 -1194 -1194 -1194 -1194 -1194 -1194 -1194 -1194 -1195 -1195 -1194 -1194 -1195 -1195 -1195 -1195 -1195 -1195 -1195 -1195 -1195 -1195 -1195 -1195 -1195 -1194 -1195 -1195 -1195 -1195 -1195 -1195 -1195 -1195 -1195 -1195 -1195 -1195 -1195 -1195 -1195 -1195 -1195 -1195 -1195 -1195 -1195 -1195 -1195 -1195 -1195 -1195 -1195 -1195 -1196 -1196 -1196 -1196 -1196 -1195 -1196 -1196 -1195 -1196 -1196 -1196 -1196 -1196 -1196 -1196 -1195 -1195 -1195 -1196 -1196 -1195 -1195 -1196 -1195 -1196 -1196 -1196 -1196 -1196 -1195 -1196 -1196 -1196 -1195 -1195 -1195 -1195 -1196 -1196 -1195 -1196 -1195 -1196 -1196 -1196 -1196 -1196 -1196 -1196 -1196 -1196 -1196 -1196 -1196 -1196 -1196 -1196 -1196 -1196 -1196
-1197 -1197 -1197 -1197 -1197 -1197 -1197 -1197 -1197 -1197 -1197 -1198 -1197 -1198 -1197 -1197 -1197 -1197 -1197 -1197 -1196 -1196 -1196 -1196 -1196 -1196 -1196 -1195 -1195 -1195 -1195 -1195 -1195 -1195 -1195 -1195 -1195 -1195 -1195 -1195 -1195 -1195 -1195 -1195 -1195 -1195 -1195 -1195 -1195 -1195 -1195 -1194 -1195 -1195 -1194 -1194 -1194 -1194 -1194 -1193 -1193 -1194 -1194 -1193 -1193 -1194 -1193 -1193 -1194 -1193 -1193 -1193 -1193 -1193 -1193 -1193 -1193 -1192 -1192 -1192 -1192 -1192 -1192 -1192 -1192 -1192 -1192 -1193 -1192 -1192 -1192 -1192 -1192 -1192 -1192 -1192 -1192 -1192 -1192 -1192 -1192 -1192 -1191 -1192 -1192 -1191 -1191 -1191 -1191 -1191 -1191 -1191 -1191 -1191 -1191 -1191 -1190 -1190 -1190 -1190 -1190 -1190 -1190 -1190 -1190 -1190 -1190 -1190 -1190 -1190 -1190 -1190 -1190 -1190 -1190 -1190 -1190 -1190 -1190 -1190 -1190 -1190 -1190 -1190 -1190 -1190 -1190 -1190 -1190 -1190 -1190 -1190 -1190 -1190 -1190 -1190 -1191 -1190 -1190 -1190 -1190 -1190 -1190 -1190 -1190 -1190 -1190 -1190 -1190 -1190 -1190 -1190 -1190 -1190 -1190 -1190 -1190 -1190 -1190 -1190 -1190 -1190 -1190 -1190 -1190 -1190 -1190 -1190 -1190 -1190 -1190 -1190 -1190 -1190 -1190 -1190 -1191 -1190 -1190 -1190 -1190 -1190 -1190 -1190 -1190 -1190 -1190 -1190 -1190 -1190 -1190 -1191 -1191 -1191 -1190 -1190 -1190 -1190 -1190 -1191 -1190 -1190 -1190 -1190 -1191 -1191 -1191 -1191 -1191 -1190 -1191 -1191 -1191 -1190 -1191 -1190 -1191 -1190 -1190 -1191 -1191 -1191 -1191 -1191 -1191 -1190 -1191 -1191 -1191 -1191 -1191 -1191 -1191 -1191 -1191 -1191
-1194 -1195 -1194 -1195 -1195 -1195 -1195 -1195 -1195 -1195 -1195 -1195 -1195 -1195 -1195 -1195 -1195 -1195 -1195 -1195 -1195 -1195 -1195 -1195 -1195 -1195 -1195 -1195 -1195 -1196 -1196 -1195 -1195 -1196 -1195 -1196 -1196 -1196 -1196 -1195 -1195 -1195 -1195 -1195 -1195 -1196 -1195 -1195 -1195 -1195 -1195 -1195 -1196 -1195 -1195 -1196 -1195 -1195 -1196 -1195 -1195 -1196 -1196 -1195 -1195 -1196 -1195 -1196 -1196 -1196 -1196 -1196 -1196 -1196 -1196 -1195 -1196 -1195 -1195 -1196 -1196 -1196 -1196 -1196 -1196 -1196 -1196 -1196 -1196 -1196 -1196 -1196 -1196 -1196 -1196 -1196 -1196 -1196 -1196 -1196 -1196 -1196 -1196 -1196 -1196 -1196 -1196 -1196 -1196 -1196 -1196 -1196 -1196 -1196 -1196 -1196 -1196 -1196 -1196 -1196 -1196 -1196 -1196 -1196 -1196 -1196 -1197 -1196 -1196 -1196 -1196 -1196 -1196 -1196 -1196 -1196 -1196 -1196 -1196 -1196 -1196 -1196 -1196 -1196 -1196 -1196 -1196 -1196 -1196 -1196 -1196 -1196 -1197 -1196 -1196 -1196 -1196 -1196 -1196 -1196 -1196 -1196 -1196 -1196 -1196 -1197 -1197 -1197 -1197 -1198 -1198 -1198 -1198 -1198 -1197 -1198 -1198 -1198 -1198 -1199 -1198 -1198 -1198 -1199 -1198 -1198 -1198 -1199 -1198 -1198 -1198 -1198 -1198 -1198 -1198 -1197 -1198 -1198 -1198 -1198 -1198 -1198 -1198 -1197 -1198 -1198 -1198 -1197 -1197 -1197 -1197 -1197 -1197 -1197 -1197 -1197 -1197 -1197 -1197 -1197 -1197 -1197 -1197 -1197 -1197 -1197 -1197 -1197 -1197 -1196 -1196 -1197 -1196 -1196 -1196 -1196 -1195 -1195 -1195 -1195 -1195 -1195 -1195 -1195 -1195 -1195 -1195 -1195 -1195 -1195 -1195 -1195 -1195 -1195 -1195 -1195
-1190 -1190 -1190 -1190 -1190 -1190 -1190 -1190 -1190 -1190 -1190 -1190 -1190 -1190 -1190 -1190 -1190 -1190 -1190 -1190 -1190 -1190 -1190 -1190 -1190 -1190 -1190 -1190 -1190 -1190 -1190 -1190 -1190 -1190 -1190 -1190 -1190 -1190 -1190 -1190 -1190 -1191 -1190 -1190 -1190 -1190 -1190 -1190 -1190 -1190 -1190 -1190 -1190 -1190 -1190 -1190 -1190 -1190 -1190 -1190 -1190 -1190 -1190 -1191 -1190 -1190 -1190 -1190 -1191 -1190 -1191 -1190 -1190 -1191 -1191 -1191 -1191 -1191 -1190 -1191 -1190 -1191 -1191 -1191 -1190 -1190 -1190 -1191 -1191 -1191 -1191 -1191 -1191 -1191 -1191 -1191 -1191 -1191 -1191 -1191 -1190 -1191 -1191 -1191 -1191 -1190 -1191 -1191 -1191 -1191 -1190 -1190 -1191 -1190 -1190 -1190 -1190 -1190 -1189 -1189 -1189 -1189 -1189 -1189 -1189 -1188 -1188 -1189 -1188 -1189 -1189 -1189 -1188 -1188 -1189 -1189 -1189 -1189 -1189 -1189 -1188 -1189 -1189 -1188 -1188 -1188 -1188 -1188 -1188 -1188 -1188 -1188 -1188 -1188 -1189 -1189 -1189 -1189 -1189 -1190 -1190 -1190 -1191 -1190 -1191 -1190 -1191 -1191 -1191 -1191 -1191 -1191 -1191 -1191 -1191 -1191 -1191 -1191 -1191 -1191 -1191 -1191 -1192 -1191 -1192 -1192 -1192 -1192 -1192 -1192 -1193 -1193 -1193 -1193 -1193 -1193 -1194 -1194 -1194 -1194 -1194 -1194 -1194 -1194 -1194 -1195 -1195 -1195 -1195 -1195 -1195 -1195 -1195 -1195 -1194 -1195 -1195 -1195 -1195 -1195 -1195 -1195 -1195 -1195 -1195 -1195 -1195 -1195 -1195 -1195 -1195 -1195 -1195 -1195 -1195 -1196 -1195 -1195 -1195 -1195 -1195 -1195 -1195 -1196 -1195 -1195 -1195 -1195 -1195 -1196 -1195 -1195 -1196 -1195 -1196 -1195
-1196 -1196 -1197 -1196 -1196 -1196 -1196 -1196 -1196 -1196 -1196 -1196 -1197 -1197 -1197 -1197 -1198 -1198 -1198 -1198 -1198 -1198 -1198 -1198 -1198 -1198 -1199 -1198 -1199 -1199 -1198 -1198 -1199 -1198 -1198 -1198 -1198 -1198 -1198 -1198 -1198 -1198 -1198 -1198 -1198 -1197 -1198 -1198 -1198 -1198 -1198 -1198 -1198 -1197 -1197 -1197 -1197 -1197 -1197 -1197 -1197 -1197 -1197 -1197 -1197 -1197 -1197 -1197 -1197 -1197 -1198 -1197 -1197 -1197 -1197 -1197 -1197 -1196 -1196 -1196 -1196 -1196 -1196 -1195 -1196 -1195 -1195 -1195 -1195 -1195 -1195 -1195 -1195 -1195 -1195 -1195 -1195 -1195 -1195 -1195 -1195 -1195 -1195 -1195 -1195 -1195 -1195 -1194 -1195 -1194 -1194 -1194 -1194 -1194 -1194 -1194 -1194 -1194 -1194 -1194 -1194 -1194 -1194 -1193 -1193 -1193 -1193 -1193 -1193 -1193 -1193 -1193 -1193 -1193 -1192 -1193 -1193 -1193 -1193 -1192 -1192 -1192 -1192 -1192 -1192 -1192 -1192 -1192 -1192 -1192 -1192 -1192 -1192 -1192 -1192 -1191 -1192 -1192 -1191 -1192 -1192 -1192 -1192 -1192 -1191 -1191 -1191 -1191 -1191 -1191 -1191 -1191 -1190 -1190 -1191 -1190 -1190 -1190 -1190 -1190 -1190 -1190 -1190 -1190 -1190 -1190 -1190 -1190 -1190 -1190 -1190 -1190 -1190 -1190 -1190 -1190 -1190 -1190 -1190 -1190 -1190 -1190 -1190 -1190 -1190 -1190 -1190 -1190 -1190 -1190 -1190 -1190 -1190 -1190 -1190 -1190 -1190 -1190 -1190 -1190 -1190 -1190 -1190 -1190 -1190 -1190 -1190 -1190 -1190 -1190 -1190 -1190 -1190 -1190 -1190 -1190 -1189 -1190 -1190 -1190 -1190 -1190 -1190 -1190 -1190 -1190 -1190 -1190 -1191 -1190 -1190 -1190 -1190 -1190 -1190 -1190
-1188 -1189 -1189 -1189 -1189 -1189 -1190 -1190 -1190 -1190 -1191 -1190 -1191 -1191 -1191 -1190 -1191 -1191 -1191 -1191 -1191 -1191 -1191 -1191 -1191 -1191 -1191 -1191 -1191 -1191 -1192 -1192 -1192 -1192 -1192 -1192 -1192 -1193 -1193 -1193 -1193 -1193 -1193 -1194 -1194 -1194 -1194 -1194 -1194 -1194 -1194 -1195 -1195 -1195 -1195 -1195 -1195 -1195 -1194 -1195 -1195 -1195 -1194 -1195 -1195 -1195 -1195 -1195 -1195 -1195 -1195 -1195 -1195 -1195 -1195 -1195 -1195 -1195 -1195 -1195 -1195 -1196 -1195 -1195 -1195 -1195 -1196 -1195 -1195 -1196 -1196 -1195 -1195 -1195 -1195 -1195 -1195 -1196 -1195 -1196 -1196 -1196 -1196 -1195 -1195 -1196 -1195 -1196 -1196 -1196 -1196 -1195 -1196 -1196 -1196 -1196 -1196 -1195 -1195 -1196 -1195 -1195 -1196 -1196 -1196 -1196 -1196 -1196 -1196 -1196 -1195 -1195 -1196 -1196 -1195 -1196 -1196 -1195 -1196 -1196 -1196 -1196 -1196 -1196 -1196 -1196 -1196 -1196 -1196 -1196 -1196 -1196 -1196 -1196 -1196 -1196 -1196 -1196 -1196 -1196 -1196 -1196 -1196 -1196 -1196 -1196 -1196 -1196 -1196 -1196 -1196 -1196 -1196 -1196 -1196 -1196 -1196 -1196 -1196 -1196 -1196 -1196 -1196 -1196 -1197 -1196 -1196 -1196 -1196 -1196 -1196 -1196 -1196 -1196 -1197 -1196 -1196 -1196 -1196 -1197 -1196 -1196 -1197 -1196 -1196 -1196 -1196 -1196 -1197 -1196 -1196 -1196 -1196 -1196 -1196 -1196 -1196 -1196 -1197 -1196 -1196 -1197 -1197 -1197 -1197 -1198 -1198 -1198 -1198 -1198 -1198 -1198 -1198 -1198 -1198 -1198 -1199 -1198 -1198 -1198 -1198 -1198 -1198 -1198 -1198 -1198 -1198 -1198 -1198 -1198 -1198 -1198 -1198 -1198 -1198 -1198
-1192 -1192 -1192 -1192 -1192 -1192 -1192 -1191 -1192 -1192 -1192 -1191 -1191 -1191 -1191 -1191 -1191 -1191 -1191 -1191 -1191 -1190 -1191 -1190 -1190 -1190 -1190 -1190 -1190 -1190 -1190 -1190 -1190 -1190 -1190 -1190 -1190 -1190 -1190 -1190 -1190 -1190 -1190 -1190 -1190 -1190 -1190 -1190 -1190 -1190 -1190 -1190 -1190 -1190 -1190 -1190 -1190 -1190 -1190 -1190 -1190 -1190 -1190 -1190 -1190 -1190 -1190 -1190 -1190 -1190 -1190 -1190 -1190 -1190 -1190 -1190 -1190 -1190 -1190 -1190 -1190 -1190 -1190 -1190 -1190 -1190 -1190 -1190 -1190 -1190 -1190 -1190 -1190 -1190 -1190 -1191 -1191 -1190 -1191 -1190 -1190 -1190 -1190 -1191 -1190 -1190 -1190 -1190 -1190 -1191 -1190 -1190 -1191 -1190 -1190 -1191 -1190 -1190 -1190 -1190 -1190 -1190 -1190 -1190 -1190 -1191 -1190 -1190 -1191 -1190 -1190 -1190 -1191 -1191 -1191 -1191 -1190 -1190 -1191 -1190 -1191 -1190 -1191 -1190 -1191 -1191 -1191 -1191 -1191 -1191 -1191 -1191 -1191 -1191 -1191 -1191 -1191 -1191 -1191 -1191 -1191 -1191 -1191 -1191 -1191 -1191 -1191 -1190 -1190 -1190 -1190 -1190 -1190 -1190 -1189 -1189 -1189 -1189 -1189 -1189 -1189 -1188 -1189 -1188 -1189 -1188 -1188 -1188 -1189 -1189 -1189 -1189 -1189 -1189 -1189 -1189 -1189 -1189 -1189 -1189 -1188 -1188 -1188 -1188 -1188 -1188 -1188 -1189 -1188 -1189 -1189 -1189 -1189 -1189 -1189 -1190 -1190 -1190 -1190 -1191 -1190 -1191 -1191 -1191 -1191 -1191 -1191 -1191 -1191 -1191 -1191 -1191 -1191 -1191 -1191 -1191 -1191 -1191 -1192 -1191 -1191 -1192 -1192 -1192 -1192 -1192 -1193 -1193 -1193 -1193 -1193 -1194 -1194 -1194 -1194 -1194
-1195 -1196 -1197 -1196 -1196 -1196 -1196 -1197 -1196 -1196 -1196 -1196 -1196 -1196 -1196 -1196 -1196 -1197 -1196 -1196 -1196 -1196 -1196 -1196 -1196 -1196 -1196 -1196 -1197 -1197 -1196 -1197 -1196 -1196 -1196 -1196 -1196 -1196 -1196 -1197 -1196 -1196 -1197 -1196 -1196 -1197 -1197 -1196 -1196 -1196 -1196 -1196 -1196 -1197 -1196 -1197 -1196 -1196 -1196 -1196 -1196 -1196 -1196 -1196 -1196 -1196 -1197 -1196 -1197 -1197 -1197 -1197 -1198 -1197 -1198 -1198 -1198 -1198 -1198 -1198 -1198 -1198 -1198 -1198 -1198 -1198 -1198 -1198 -1198 -1198 -1198 -1198 -1198 -1198 -1198 -1198 -1198 -1198 -1198 -1198 -1198 -1198 -1198 -1198 -1198 -1198 -1197 -1198 -1198 -1198 -1197 -1197 -1197 -1197 -1197 -1197 -1197 -1197 -1197 -1197 -1197 -1197 -1197 -1197 -1197 -1197 -1197 -1197 -1197 -1197 -1197 -1197 -1197 -1196 -1196 -1196 -1196 -1196 -1196 -1195 -1195 -1195 -1195 -1195 -1195 -1195 -1195 -1195 -1195 -1195 -1195 -1195 -1195 -1195 -1195 -1195 -1195 -1195 -1195 -1195 -1195 -1195 -1194 -1195 -1194 -1194 -1194 -1194 -1194 -1194 -1194 -1194 -1194 -1194 -1194 -1194 -1194 -1194 -1193 -1193 -1194 -1193 -1193 -1193 -1193 -1193 -1193 -1193 -1193 -1193 -1192 -1193 -1192 -1193 -1192 -1192 -1192 -1192 -1192 -1192 -1192 -1192 -1192 -1192 -1192 -1192 -1192 -1192 -1192 -1192 -1192 -1192 -1192 -1192 -1192 -1192 -1192 -1192 -1192 -1192 -1191 -1192 -1191 -1191 -1191 -1191 -1191 -1191 -1190 -1191 -1190 -1190 -1190 -1190 -1190 -1190 -1190 -1190 -1190 -1190 -1190 -1190 -1190 -1190 -1190 -1190 -1190 -1190 -1190 -1190 -1190 -1190 -1190 -1190 -1190 -1190
-1191 -1191 -1191 -1191 -1191 -1191 -1191 -1191 -1191 -1191 -1191 -1191 -1191 -1191 -1191 -1191 -1190 -1190 -1190 -1190 -1190 -1190 -1189 -1189 -1189 -1189 -1189 -1188 -1189 -1189 -1189 -1188 -1188 -1188 -1189 -1188 -1189 -1189 -1189 -1189 -1189 -1189 -1189 -1189 -1189 -1189 -1188 -1188 -1188 -1188 -1188 -1188 -1188 -1188 -1189 -1189 -1189 -1189 -1189 -1189 -1189 -1189 -1190 -1190 -1190 -1190 -1190 -1190 -1191 -1191 -1191 -1191 -1191 -1191 -1191 -1191 -1191 -1191 -1191 -1191 -1191 -1191 -1191 -1191 -1191 -1191 -1191 -1191 -1192 -1192 -1192 -1192 -1193 -1192 -1193 -1193 -1193 -1193 -1194 -1194 -1194 -1194 -1194 -1194 -1194 -1194 -1194 -1195 -1194 -1194 -1195 -1195 -1195 -1195 -1195 -1195 -1194 -1195 -1195 -1195 -1195 -1195 -1195 -1195 -1195 -1195 -1195 -1195 -1195 -1195 -1195 -1195 -1195 -1195 -1195 -1195 -1195 -1195 -1195 -1195 -1195 -1195 -1196 -1195 -1195 -1195 -1196 -1195 -1195 -1195 -1195 -1196 -1195 -1195 -1195 -1196 -1196 -1196 -1196 -1195 -1195 -1195 -1195 -1195 -1195 -1196 -1195 -1196 -1196 -1196 -1195 -1196 -1196 -1195 -1195 -1196 -1195 -1196 -1196 -1196 -1196 -1196 -1196 -1196 -1196 -1196 -1195 -1196 -1195 -1195 -1196 -1195 -1196 -1196 -1196 -1195 -1196 -1196 -1196 -1196 -1196 -1196 -1196 -1196 -1196 -1196 -1196 -1196 -1196 -1196 -1196 -1196 -1196 -1196 -1196 -1196 -1196 -1196 -1196 -1196 -1196 -1196 -1196 -1196 -1196 -1196 -1196 -1196 -1196 -1196 -1196 -1196 -1196 -1196 -1196 -1196 -1196 -1196 -1196 -1197 -1197 -1196 -1196 -1196 -1196 -1196 -1196 -1196 -1196 -1196 -1197 -1197 -1197 -1196 -1196 -1196
-1195 -1195 -1195 -1195 -1195 -1195 -1195 -1195 -1195 -1195 -1195 -1194 -1194 -1194 -1195 -1194 -1194 -1194 -1194 -1194 -1193 -1194 -1194 -1194 -1193 -1194 -1194 -1193 -1193 -1193 -1193 -1193 -1193 -1193 -1193 -1193 -1193 -1193 -1192 -1193 -1193 -1192 -1192 -1192 -1192 -1192 -1192 -1192 -1192 -1192 -1192 -1192 -1192 -1192 -1192 -1192 -1192 -1192 -1192 -1192 -1192 -1192 -1192 -1192 -1192 -1192 -1191 -1191 -1191 -1192 -1192 -1191 -1191 -1191 -1191 -1190 -1191 -1191 -1190 -1190 -1190 -1190 -1190 -1190 -1190 -1190 -1190 -1190 -1190 -1190 -1190 -1190 -1190 -1190 -1190 -1190 -1190 -1190 -1190 -1190 -1190 -1190 -1190 -1190 -1190 -1190 -1190 -1190 -1190 -1190 -1190 -1190 -1190 -1190 -1190 -1190 -1190 -1190 -1190 -1190 -1190 -1190 -1190 -1190 -1190 -1190 -1190 -1190 -1190 -1190 -1190 -1190 -1190 -1190 -1190 -1190 -1190 -1190 -1190 -1190 -1190 -1190 -1190 -1190 -1190 -1190 -1190 -1190 -1190 -1190 -1191 -1190 -1190 -1191 -1190 -1190 -1190 -1190 -1190 -1190 -1191 -1190 -1190 -1190 -1190 -1190 -1190 -1190 -1190 -1190 -1191 -1190 -1191 -1190 -1190 -1190 -1190 -1190 -1190 -1190 -1190 -1190 -1190 -1191 -1190 -1191 -1191 -1191 -1191 -1191 -1191 -1191 -1191 -1190 -1191 -1191 -1191 -1191 -1190 -1191 -1190 -1191 -1191 -1191 -1191 -1191 -1191 -1190 -1191 -1191 -1191 -1191 -1191 -1191 -1191 -1191 -1191 -1191 -1191 -1191 -1191 -1191 -1191 -1191 -1191 -1190 -1190 -1190 -1190 -1190 -1190 -1189 -1189 -1189 -1189 -1189 -1189 -1189 -1189 -1188 -1189 -1188 -1188 -1188 -1189 -1188 -1188 -1189 -1189 -1189 -1189 -1189 -1189 -1189 -1189 -1189
-1195 -1195 -1196 -1196 -1196 -1196 -1196 -1195 -1195 -1195 -1195 -1195 -1196 -1196 -1196 -1196 -1196 -1195 -1195 -1196 -1196 -1195 -1195 -1196 -1196 -1196 -1196 -1196 -1196 -1196 -1196 -1196 -1196 -1196 -1196 -1195 -1196 -1195 -1196 -1196 -1196 -1196 -1195 -1196 -1196 -1196 -1196 -1196 -1196 -1196 -1196 -1196 -1196 -1196 -1196 -1196 -1196 -1196 -1196 -1196 -1196 -1196 -1196 -1196 -1196 -1196 -1196 -1196 -1196 -1196 -1196 -1196 -1196 -1196 -1196 -1196 -1196 -1196 -1196 -1196 -1196 -1196 -1196 -1196 -1197 -1196 -1196 -1197 -1196 -1196 -1196 -1196 -1197 -1196 -1196 -1196 -1196 -1196 -1197 -1196 -1196 -1197 -1197 -1197 -1196 -1196 -1196 -1196 -1196 -1196 -1196 -1197 -1196 -1196 -1196 -1196 -1196 -1196 -1196 -1196 -1196 -1196 -1196 -1196 -1197 -1197 -1197 -1197 -1198 -1198 -1198 -1198 -1198 -1198 -1198 -1198 -1198 -1199 -1198 -1198 -1198 -1198 -1199 -1198 -1198 -1198 -1198 -1198 -1198 -1198 -1198 -1198 -1198 -1198 -1198 -1197 -1198 -1198 -1198 -1198 -1198 -1198 -1198 -1198 -1197 -1198 -1197 -1198 -1197 -1197 -1197 -1197 -1197 -1197 -1197 -1197 -1197 -1197 -1197 -1197 -1197 -1197 -1198 -1197 -1197 -1197 -1197 -1197 -1196 -1196 -1196 -1196 -1196 -1196 -1196 -1196 -1195 -1195 -1195 -1195 -1195 -1195 -1195 -1195 -1196 -1195 -1195 -1195 -1195 -1195 -1195 -1195 -1195 -1195 -1195 -1195 -1195 -1195 -1195 -1195 -1195 -1194 -1194 -1194 -1194 -1194 -1194 -1194 -1194 -1194 -1194 -1194 -1193 -1194 -1193 -1194 -1194 -1194 -1193 -1193 -1193 -1193 -1193 -1193 -1193 -1193 -1192 -1192 -1192 -1193 -1192 -1192 -1192 -1193 -1192 -1192
-1190 -1190 -1190 -1191 -1190 -1191 -1190 -1190 -1190 -1190 -1190 -1190 -1190 -1191 -1191 -1191 -1190 -1190 -1190 -1190 -1191 -1191 -1190 -1190 -1190 -1190 -1190 -1191 -1191 -1190 -1191 -1190 -1191 -1190 -1191 -1191 -1190 -1191 -1190 -1191 -1191 -1190 -1191 -1191 -1191 -1190 -1191 -1191 -1191 -1191 -1191 -1191 -1191 -1191 -1191 -1191 -1191 -1191 -1190 -1191 -1191 -1191 -1191 -1191 -1191 -1191 -1191 -1190 -1191 -1191 -1191 -1190 -1190 -1190 -1190 -1190 -1189 -1189 -1189 -1189 -1189 -1189 -1189 -1189 -1189 -1189 -1189 -1188 -1188 -1188 -1189 -1188 -1189 -1189 -1188 -1189 -1189 -1189 -1189 -1189 -1189 -1189 -1188 -1188 -1188 -1188 -1188 -1188 -1188 -1188 -1188 -1189 -1188 -1189 -1189 -1189 -1190 -1190 -1190 -1190 -1190 -1190 -1191 -1190 -1191 -1191 -1191 -1191 -1191 -1191 -1191 -1191 -1191 -1191 -1191 -1191 -1191 -1191 -1191 -1191 -1191 -1191 -1192 -1191 -1192 -1192 -1192 -1192 -1192 -1193 -1193 -1193 -1193 -1194 -1194 -1193 -1194 -1194 -1194 -1194 -1194 -1194 -1194 -1195 -1195 -1195 -1195 -1195 -1195 -1195 -1195 -1194 -1195 -1195 -1195 -1195 -1195 -1195 -1195 -1195 -1195 -1195 -1195 -1195 -1195 -1195 -1195 -1195 -1195 -1195 -1195 -1195 -1195 -1195 -1195 -1195 -1195 -1195 -1195 -1196 -1195 -1195 -1195 -1195 -1196 -1196 -1196 -1196 -1195 -1196 -1196 -1196 -1196 -1196 -1196 -1196 -1195 -1195 -1195 -1195 -1196 -1196 -1195 -1196 -1196 -1196 -1196 -1196 -1196 -1196 -1196 -1195 -1195 -1196 -1196 -1195 -1196 -1196 -1196 -1196 -1196 -1196 -1195 -1195 -1196 -1195 -1195 -1196 -1195 -1196 -1196 -1196 -1196 -1196 -1196 -1196
-1198 -1198 -1198 -1198 -1198 -1198 -1198 -1198 -1198 -1198 -1198 -1198 -1198 -1198 -1197 -1197 -1197 -1197 -1197 -1197 -1197 -1197 -1197 -1198 -1197 -1197 -1197 -1197 -1197 -1197 -1197 -1197 -1197 -1197 -1197 -1197 -1196 -1196 -1196 -1196 -1196 -1196 -1196 -1195 -1195 -1195 -1195 -1195 -1195 -1195 -1195 -1195 -1195 -1195 -1195 -1195 -1195 -1195 -1195 -1195 -1195 -1195 -1195 -1195 -1195 -1195 -1194 -1195 -1194 -1194 -1194 -1194 -1194 -1194 -1194 -1194 -1193 -1193 -1194 -1193 -1194 -1194 -1193 -1193 -1193 -1193 -1194 -1193 -1193 -1193 -1193 -1193 -1192 -1192 -1192 -1192 -1192 -1193 -1193 -1192 -1192 -1192 -1192 -1192 -1192 -1192 -1192 -1192 -1192 -1192 -1192 -1192 -1192 -1192 -1192 -1192 -1192 -1192 -1191 -1192 -1192 -1192 -1191 -1191 -1191 -1191 -1192 -1192 -1191 -1191 -1190 -1191 -1190 -1190 -1190 -1190 -1190 -1190 -1190 -1190 -1190 -1190 -1190 -1190 -1190 -1190 -1190 -1190 -1190 -1190 -1190 -1190 -1190 -1190 -1190 -1190 -1190 -1190 -1190 -1190 -1190 -1190 -1190 -1190 -1190 -1190 -1190 -1190 -1190 -1190 -1190 -1190 -1190 -1190 -1190 -1190 -1190 -1190 -1190 -1190 -1190 -1190 -1190 -1190 -1190 -1190 -1190 -1190 -1190 -1190 -1190 -1190 -1190 -1190 -1190 -1190 -1190 -1190 -1190 -1190 -1190 -1190 -1190 -1191 -1190 -1190 -1191 -1190 -1190 -1190 -1190 -1191 -1191 -1190 -1190 -1190 -1190 -1190 -1190 -1190 -1190 -1190 -1190 -1191 -1190 -1190 -1191 -1190 -1191 -1190 -1190 -1190 -1190 -1190 -1190 -1190 -1190 -1190 -1190 -1191 -1191 -1190 -1190 -1191 -1191 -1191 -1191 -1191 -1191 -1191 -1191 -1190 -1191 -1191 -1191 -1191
-1193 -1194 -1194 -1194 -1194 -1194 -1194 -1194 -1194 -1195 -1194 -1194 -1195 -1195 -1195 -1194 -1195 -1195 -1195 -1195 -1195 -1195 -1195 -1195 -1195 -1195 -1195 -1195 -1195 -1195 -1195 -1195 -1195 -1195 -1195 -1195 -1195 -1195 -1195 -1195 -1195 -1195 -1195 -1195 -1195 -1195 -1195 -1195 -1195 -1196 -1195 -1195 -1195 -1196 -1195 -1195 -1196 -1196 -1195 -1195 -1196 -1195 -1196 -1195 -1195 -1195 -1195 -1195 -1196 -1196 -1196 -1196 -1195 -1195 -1195 -1195 -1195 -1196 -1195 -1196 -1196 -1196 -1196 -1196 -1196 -1196 -1195 -1196 -1196 -1195 -1195 -1196 -1195 -1195 -1195 -1196 -1196 -1196 -1196 -1196 -1196 -1196 -1196 -1196 -1195 -1196 -1196 -1196 -1196 -1196 -1196 -1196 -1196 -1196 -1196 -1196 -1196 -1196 -1196 -1196 -1196 -1196 -1196 -1196 -1196 -1196 -1196 -1196 -1196 -1196 -1196 -1196 -1196 -1196 -1196 -1196 -1196 -1196 -1196 -1196 -1196 -1196 -1196 -1196 -1197 -1196 -1196 -1196 -1196 -1196 -1196 -1196 -1196 -1197 -1196 -1196 -1197 -1197 -1196 -1197 -1196 -1196 -1196 -1197 -1196 -1196 -1196 -1196 -1196 -1196 -1197 -1196 -1196 -1196 -1196 -1196 -1196 -1196 -1196 -1196 -1197 -1197 -1197 -1198 -1198 -1197 -1198 -1198 -1198 -1198 -1198 -1198 -1198 -1199 -1198 -1198 -1198 -1198 -1198 -1198 -1198 -1198 -1198 -1198 -1198 -1198 -1198 -1198 -1198 -1198 -1198 -1198 -1198 -1198 -1198 -1198 -1198 -1198 -1197 -1197 -1198 -1198 -1198 -1197 -1197 -1197 -1197 -1197 -1197 -1197 -1197 -1197 -1197 -1197 -1197 -1197 -1197 -1197 -1197 -1198 -1197 -1197 -1197 -1197 -1197 -1196 -1196 -1196 -1196 -1196 -1196 -1195 -1196 -1195 -1195 -1195
-1190 -1190 -1190 -1190 -1190 -1190 -1190 -1190 -1190 -1190 -1190 -1190 -1190 -1190 -1190 -1190 -1190 -1190 -1190 -1190 -1190 -1190 -1190 -1190 -1190 -1190 -1190 -1190 -1190 -1190 -1190 -1190 -1190 -1190 -1190 -1190 -1190 -1190 -1190 -1190 -1190 -1190 -1190 -1190 -1190 -1190 -1190 -1190 -1191 -1190 -1191 -1190 -1190 -1190 -1191 -1190 -1190 -1190 -1190 -1190 -1190 -1190 -1190 -1190 -1190 -1190 -1190 -1190 -1190 -1190 -1190 -1190 -1190 -1191 -1190 -1190 -1190 -1190 -1190 -1191 -1190 -1190 -1190 -1190 -1190 -1190 -1190 -1191 -1191 -1191 -1191 -1190 -1191 -1191 -1190 -1191 -1191 -1191 -1190 -1191 -1191 -1191 -1191 -1191 -1191 -1191 -1191 -1190 -1191 -1191 -1191 -1191 -1191 -1191 -1191 -1191 -1191 -1191 -1191 -1191 -1191 -1191 -1191 -1191 -1191 -1191 -1191 -1191 -1190 -1190 -1190 -1190 -1189 -1189 -1189 -1189 -1189 -1189 -1189 -1189 -1189 -1188 -1189 -1188 -1189 -1188 -1189 -1188 -1188 -1189 -1189 -1189 -1189 -1189 -1189 -1189 -1189 -1188 -1188 -1188 -1188 -1188 -1188 -1188 -1188 -1188 -1188 -1188 -1189 -1189 -1189 -1189 -1189 -1189 -1190 -1190 -1190 -1190 -1190 -1191 -1190 -1191 -1191 -1191 -1191 -1191 -1191 -1191 -1191 -1191 -1191 -1191 -1191 -1191 -1191 -1191 -1191 -1191 -1191 -1192 -1192 -1192 -1192 -1193 -1193 -1193 -1193 -1193 -1193 -1193 -1194 -1194 -1194 -1194 -1194 -1194 -1194 -1194 -1194 -1195 -1195 -1195 -1195 -1195 -1195 -1195 -1195 -1195 -1195 -1195 -1195 -1195 -1194 -1194 -1195 -1195 -1195 -1195 -1195 -1195 -1195 -1195 -1195 -1195 -1195 -1195 -1195 -1195 -1195 -1195 -1195 -1195 -1195 -1195 -1195 -1195
-1196 -1197 -1197 -1197 -1197 -1197 -1197 -1196 -1196 -1196 -1196 -1196 -1196 -1196 -1196 -1196 -1196 -1196 -1196 -1196 -1197 -1196 -1196 -1197 -1197 -1197 -1197 -1197 -1197 -1197 -1197 -1198 -1198 -1198 -1198 -1198 -1198 -1198 -1198 -1198 -1198 -1199 -1198 -1198 -1198 -1198 -1198 -1198 -1198 -1198 -1198 -1198 -1198 -1198 -1198 -1198 -1198 -1198 -1198 -1198 -1198 -1197 -1198 -1197 -1198 -1198 -1198 -1198 -1198 -1197 -1197 -1197 -1197 -1197 -1197 -1197 -1197 -1197 -1197 -1197 -1197 -1197 -1198 -1197 -1197 -1197 -1197 -1197 -1197 -1196 -1196 -1197 -1196 -1196 -1196 -1196 -1196 -1195 -1195 -1195 -1195 -1195 -1195 -1195 -1195 -1195 -1195 -1195 -1195 -1195 -1195 -1195 -1195 -1195 -1195 -1195 -1195 -1195 -1195 -1195 -1195 -1195 -1194 -1195 -1194 -1194 -1194 -1194 -1193 -1194 -1194 -1194 -1194 -1194 -1194 -1194 -1194 -1194 -1193 -1193 -1193 -1193 -1193 -1193 -1193 -1193 -1193 -1192 -1193 -1193 -1193 -1193 -1193 -1192 -1192 -1192 -1192 -1192 -1192 -1192 -1192 -1192 -1192 -1192 -1192 -1192 -1192 -1192 -1192 -1192 -1192 -1192 -1191 -1192 -1192 -1192 -1191 -1191 -1192 -1191 -1192 -1191 -1191 -1191 -1191 -1191 -1191 -1190 -1190 -1190 -1190 -1190 -1190 -1190 -1189 -1190 -1190 -1190 -1190 -1190 -1190 -1190 -1190 -1190 -1190 -1190 -1190 -1190 -1190 -1190 -1190 -1190 -1190 -1190 -1190 -1190 -1190 -1190 -1190 -1190 -1190 -1190 -1190 -1190 -1190 -1190 -1190 -1190 -1190 -1190 -1190 -1190 -1190 -1190 -1190 -1190 -1190 -1190 -1190 -1190 -1190 -1190 -1190 -1190 -1190 -1190 -1190 -1190 -1190 -1190 -1190 -1190 -1190 -1190 -1190 -1190
-1189 -1188 -1189 -1189 -1189 -1188 -1188 -1188 -1188 -1188 -1187 -1188 -1188 -1188 -1189 -1188 -1189 -1189 -1189 -1190 -1189 -1190 -1190 -1190 -1190 -1190 -1191 -1191 -1190 -1191 -1191 -1191 -1191 -1191 -1191 -1191 -1191 -1191 -1191 -1191 -1191 -1191 -1191 -1191 -1191 -1192 -1192 -1192 -1192 -1192 -1192 -1192 -1193 -1193 -1193 -1193 -1193 -1193 -1194 -1193 -1194 -1194 -1194 -1194 -1194 -1194 -1195 -1195 -1195 -1195 -1194 -1195 -1195 -1195 -1195 -1195 -1195 -1195 -1195 -1195 -1195 -1195 -1195 -1195 -1195 -1195 -1195 -1195 -1195 -1195 -1195 -1195 -1195 -1195 -1195 -1196 -1195 -1195 -1195 -1195 -1195 -1195 -1196 -1196 -1196 -1195 -1195 -1195 -1196 -1195 -1195 -1195 -1195 -1196 -1196 -1196 -1195 -1196 -1195 -1196 -1195 -1195 -1195 -1195 -1196 -1196 -1195 -1195 -1195 -1196 -1196 -1195 -1195 -1196 -1195 -1195 -1195 -1195 -1196 -1196 -1196 -1196 -1196 -1196 -1196 -1195 -1196 -1195 -1196 -1195 -1196 -1196 -1196 -1196 -1196 -1196 -1196 -1196 -1196 -1196 -1196 -1196 -1196 -1196 -1196 -1196 -1196 -1196 -1196 -1196 -1196 -1196 -1196 -1196 -1196 -1196 -1196 -1196 -1196 -1196 -1196 -1196 -1196 -1196 -1196 -1196 -1196 -1196 -1196 -1196 -1196 -1196 -1196 -1196 -1196 -1197 -1196 -1196 -1196 -1197 -1197 -1197 -1196 -1196 -1196 -1197 -1196 -1196 -1196 -1196 -1196 -1196 -1197 -1196 -1197 -1196 -1196 -1196 -1196 -1196 -1196 -1196 -1196 -1196 -1196 -1196 -1196 -1196 -1196 -1196 -1196 -1196 -1196 -1196 -1196 -1196 -1196 -1197 -1197 -1197 -1197 -1198 -1198 -1198 -1198 -1198 -1198 -1198 -1198 -1198 -1198 -1199 -1198 -1199 -1198 -1198
-1193 -1192 -1192 -1192 -1192 -1192 -1192 -1192 -1192 -1192 -1192 -1192 -1192 -1192 -1192 -1192 -1192 -1192 -1192 -1192 -1192 -1192 -1191 -1192 -1192 -1192 -1192 -1191 -1191 -1191 -1191 -1191 -1191 -1191 -1190 -1190 -1190 -1190 -1190 -1190 -1190 -1190 -1190 -1190 -1190 -1190 -1190 -1190 -1190 -1190 -1190 -1190 -1190 -1190 -1190 -1190 -1190 -1190 -1190 -1190 -1190 -1190 -1190 -1190 -1190 -1189 -1190 -1190 -1190 -1190 -1190 -1190 -1190 -1190 -1190 -1191 -1190 -1190 -1190 -1190 -1190 -1190 -1190 -1190 -1190 -1190 -1190 -1190 -1190 -1190 -1190 -1190 -1190 -1190 -1190 -1190 -1190 -1190 -1190 -1190 -1190 -1190 -1190 -1190 -1190 -1190 -1190 -1190 -1190 -1190 -1190 -1190 -1191 -1190 -1190 -1190 -1191 -1190 -1190 -1190 -1190 -1190 -1190 -1190 -1190 -1190 -1190 -1190 -1190 -1191 -1190 -1190 -1190 -1190 -1190 -1190 -1190 -1190 -1191 -1190 -1190 -1191 -1190 -1190 -1190 -1190 -1190 -1191 -1191 -1190 -1191 -1191 -1190 -1191 -1190 -1190 -1191 -1191 -1190 -1190 -1191 -1191 -1191 -1191 -1191 -1191 -1191 -1191 -1190 -1191 -1191 -1191 -1191 -1191 -1191 -1191 -1191 -1191 -1191 -1191 -1191 -1191 -1191 -1190 -1190 -1190 -1190 -1190 -1190 -1189 -1189 -1189 -1189 -1189 -1189 -1188 -1188 -1188 -1188 -1188 -1188 -1188 -1188 -1189 -1189 -1189 -1189 -1189 -1189 -1189 -1189 -1189 -1189 -1189 -1188 -1188 -1188 -1188 -1188 -1188 -1188 -1188 -1189 -1188 -1188 -1189 -1189 -1189 -1189 -1189 -1190 -1190 -1190 -1190 -1190 -1190 -1191 -1191 -1191 -1191 -1191 -1191 -1191 -1191 -1191 -1191 -1191 -1191 -1191 -1191 -1191 -1191 -1191 -1191 -1192 -1191
-1195 -1196 -1196 -1196 -1196 -1196 -1196 -1196 -1196 -1196 -1196 -1196 -1196 -1196 -1196 -1196 -1196 -1196 -1196 -1196 -1196 -1196 -1196 -1196 -1196 -1196 -1196 -1196 -1196 -1196 -1196 -1196 -1196 -1196 -1196 -1196 -1196 -1196 -1196 -1196 -1196 -1196 -1197 -1197 -1197 -1196 -1196 -1196 -1196 -1196 -1197 -1196 -1196 -1196 -1196 -1196 -1197 -1196 -1196 -1196 -1196 -1196 -1197 -1196 -1196 -1196 -1196 -1196 -1196 -1196 -1196 -1196 -1196 -1196 -1197 -1196 -1196 -1196 -1197 -1196 -1196 -1196 -1197 -1196 -1197 -1197 -1197 -1198 -1198 -1198 -1198 -1198 -1198 -1198 -1198 -1198 -1198 -1198 -1198 -1199 -1198 -1198 -1199 -1198 -1198 -1198 -1198 -1198 -1198 -1198 -1198 -1198 -1198 -1198 -1198 -1198 -1198 -1198 -1198 -1198 -1198 -1198 -1198 -1198 -1197 -1197 -1197 -1197 -1197 -1197 -1198 -1197 -1197 -1197 -1197 -1197 -1197 -1197 -1197 -1197 -1197 -1197 -1197 -1197 -1197 -1197 -1197 -1197 -1196 -1196 -1196 -1196 -1196 -1196 -1196 -1195 -1195 -1195 -1195 -1195 -1195 -1195 -1195 -1195 -1195 -1195 -1195 -1195 -1195 -1195 -1195 -1195 -1194 -1195 -1195 -1195 -1195 -1195 -1195 -1194 -1194 -1194 -1195 -1194 -1194 -1194 -1193 -1194 -1194 -1194 -1194 -1194 -1194 -1194 -1193 -1193 -1194 -1193 -1193 -1193 -1193 -1193 -1193 -1193 -1192 -1193 -1193 -1193 -1192 -1192 -1192 -1192 -1192 -1192 -1192 -1192 -1192 -1192 -1192 -1192 -1192 -1192 -1192 -1192 -1192 -1192 -1192 -1192 -1192 -1192 -1192 -1192 -1192 -1192 -1192 -1191 -1191 -1191 -1192 -1191 -1191 -1191 -1191 -1191 -1191 -1191 -1190 -1190 -1190 -1190 -1190 -1190 -1190 -1190 -1190 -1190
-1190 -1190 -1191 -1191 -1191 -1191 -1190 -1191 -1191 -1191 -1191 -1191 -1191 -1191 -1191 -1191 -1191 -1191 -1191 -1191 -1190 -1191 -1191 -1191 -1191 -1191 -1191 -1191 -1191 -1191 -1190 -1190 -1190 -1190 -1190 -1190 -1189 -1189 -1189 -1189 -1189 -1189 -1189 -1189 -1188 -1189 -1189 -1188 -1188 -1189 -1188 -1189 -1188 -1189 -1189 -1189 -1189 -1189 -1189 -1189 -1188 -1189 -1188 -1188 -1188 -1188 -1188 -1188 -1188 -1188 -1188 -1188 -1189 -1189 -1189 -1190 -1189 -1189 -1190 -1190 -1190 -1190 -1190 -1191 -1191 -1191 -1191 -1191 -1191 -1191 -1191 -1191 -1191 -1191 -1191 -1191 -1191 -1191 -1191 -1191 -1191 -1192 -1191 -1192 -1192 -1192 -1192 -1193 -1193 -1193 -1193 -1193 -1193 -1194 -1194 -1194 -1194 -1194 -1194 -1194 -1194 -1195 -1194 -1194 -1195 -1195 -1195 -1195 -1195 -1195 -1195 -1195 -1195 -1194 -1195 -1195 -1195 -1195 -1195 -1195 -1195 -1195 -1195 -1195 -1195 -1195 -1195 -1195 -1195 -1195 -1195 -1195 -1195 -1195 -1195 -1195 -1195 -1195 -1195 -1195 -1195 -1196 -1195 -1195 -1195 -1196 -1195 -1195 -1195 -1195 -1195 -1195 -1195 -1196 -1195 -1195 -1195 -1195 -1195 -1195 -1195 -1196 -1195 -1196 -1196 -1196 -1196 -1196 -1196 -1195 -1195 -1195 -1196 -1195 -1196 -1196 -1196 -1196 -1196 -1196 -1196 -1196 -1196 -1196 -1196 -1196 -1196 -1196 -1196 -1196 -1196 -1196 -1196 -1196 -1196 -1196 -1196 -1196 -1196 -1196 -1196 -1196 -1196 -1196 -1196 -1196 -1196 -1196 -1196 -1196 -1197 -1196 -1196 -1196 -1196 -1196 -1196 -1196 -1196 -1196 -1196 -1196 -1196 -1196 -1196 -1196 -1196 -1196 -1196 -1196 -1196 -1196 -1196 -1196 -1196 -1197
-1196 -1196 -1195 -1196 -1196 -1195 -1195 -1195 -1195 -1195 -1195 -1195 -1195 -1195 -1195 -1195 -1195 -1195 -1195 -1195 -1195 -1195 -1195 -1195 -1195 -1195 -1194 -1194 -1194 -1194 -1194 -1194 -1194 -1194 -1193 -1194 -1194 -1194 -1194 -1194 -1194 -1193 -1194 -1193 -1193 -1193 -1193 -1193 -1193 -1193 -1193 -1193 -1193 -1192 -1192 -1192 -1193 -1192 -1192 -1192 -1192 -1192 -1192 -1192 -1192 -1192 -1192 -1192 -1192 -1192 -1192 -1192 -1192 -1192 -1192 -1192 -1192 -1192 -1191 -1192 -1192 -1191 -1192 -1191 -1191 -1192 -1191 -1191 -1191 -1191 -1191 -1191 -1190 -1190 -1190 -1190 -1190 -1190 -1190 -1190 -1190 -1190 -1190 -1190 -1190 -1190 -1190 -1190 -1190 -1190 -1190 -1190 -1190 -1190 -1190 -1190 -1190 -1190 -1190 -1190 -1190 -1190 -1190 -1190 -1190 -1190 -1190 -1190 -1190 -1190 -1190 -1190 -1190 -1190 -1190 -1190 -1190 -1190 -1190 -1190 -1190 -1190 -1190 -1190 -1190 -1190 -1190 -1190 -1190 -1190 -1190 -1190 -1190 -1190 -1190 -1190 -1190 -1190 -1190 -1190 -1190 -1190 -1190 -1190 -1190 -1190 -1191 -1190 -1190 -1190 -1190 -1190 -1190 -1190 -1190 -1190 -1190 -1190 -1190 -1190 -1190 -1190 -1190 -1190 -1190 -1190 -1191 -1190 -1190 -1191 -1190 -1191 -1190 -1190 -1190 -1190 -1190 -1191 -1191 -1190 -1190 -1191 -1190 -1190 -1190 -1191 -1191 -1190 -1190 -1190 -1190 -1191 -1190 -1191 -1191 -1191 -1191 -1191 -1191 -1191 -1191 -1191 -1191 -1191 -1191 -1191 -1191 -1191 -1191 -1191 -1191 -1191 -1191 -1191 -1191 -1191 -1191 -1191 -1191 -1190 -1190 -1190 -1190 -1190 -1190 -1190 -1189 -1189 -1189 -1189 -1189 -1189 -1189 -1188 -1189 -1189
-1194 -1196 -1196 -1195 -1195 -1195 -1195 -1195 -1195 -1196 -1196 -1195 -1195 -1195 -1195 -1196 -1196 -1196 -1196 -1196 -1196 -1195 -1195 -1196 -1195 -1196 -1195 -1196 -1196 -1196 -1196 -1196 -1195 -1196 -1196 -1196 -1196 -1196 -1196 -1196 -1195 -1196 -1196 -1196 -1196 -1196 -1196 -1196 -1196 -1195 -1196 -1195 -1195 -1196 -1195 -1196 -1196 -1196 -1196 -1196 -1196 -1196 -1196 -1196 -1196 -1196 -1196 -1196 -1196 -1196 -1196 -1196 -1196 -1196 -1196 -1196 -1196 -1196 -1196 -1196 -1196 -1196 -1196 -1196 -1196 -1196 -1196 -1196 -1196 -1196 -1196 -1196 -1196 -1196 -1196 -1196 -1196 -1196 -1196 -1196 -1196 -1197 -1196 -1196 -1196 -1196 -1196 -1196 -1196 -1196 -1196 -1196 -1196 -1196 -1196 -1196 -1196 -1196 -1196 -1196 -1196 -1197 -1196 -1196 -1196 -1196 -1196 -1197 -1196 -1196 -1196 -1196 -1197 -1196 -1196 -1196 -1197 -1196 -1197 -1197 -1197 -1197 -1197 -1197 -1198 -1197 -1198 -1198 -1198 -1198 -1198 -1198 -1198 -1198 -1199 -1199 -1199 -1198 -1198 -1198 -1198 -1198 -1198 -1198 -1198 -1198 -1198 -1198 -1198 -1198 -1198 -1198 -1198 -1198 -1198 -1198 -1198 -1198 -1198 -1198 -1197 -1198 -1197 -1197 -1197 -1197 -1197 -1197 -1197 -1197 -1197 -1197 -1197 -1197 -1197 -1197 -1198 -1197 -1197 -1197 -1197 -1197 -1197 -1196 -1196 -1196 -1196 -1196 -1196 -1196 -1196 -1195 -1195 -1195 -1195 -1195 -1195 -1195 -1195 -1195 -1195 -1195 -1195 -1195 -1195 -1195 -1195 -1195 -1195 -1195 -1195 -1195 -1195 -1195 -1194 -1195 -1194 -1194 -1194 -1194 -1194 -1194 -1194 -1194 -1194 -1193 -1193 -1193 -1193 -1193 -1194 -1194 -1193 -1193 -1193 -1193
-1190 -1190 -1190 -1190 -1190 -1190 -1190 -1190 -1190 -1190 -1190 -1190 -1190 -1190 -1190 -1190 -1190 -1190 -1190 -1190 -1190 -1190 -1190 -1190 -1190 -1190 -1190 -1190 -1190 -1191 -1191 -1190 -1191 -1191 -1191 -1190 -1190 -1191 -1190 -1190 -1191 -1190 -1191 -1191 -1190 -1190 -1191 -1190 -1191 -1191 -1191 -1190 -1191 -1191 -1191 -1191 -1191 -1190 -1190 -1190 -1191 -1190 -1191 -1190 -1191 -1191 -1191 -1191 -1191 -1191 -1191 -1191 -1191 -1191 -1191 -1191 -1191 -1191 -1191 -1191 -1191 -1191 -1191 -1191 -1191 -1191 -1190 -1190 -1190 -1190 -1190 -1190 -1190 -1189 -1189 -1189 -1189 -1189 -1189 -1189 -1188 -1188 -1189 -1189 -1188 -1188 -1189 -1189 -1188 -1189 -1189 -1189 -1189 -1189 -1189 -1189 -1188 -1188 -1188 -1188 -1188 -1188 -1188 -1188 -1188 -1188 -1189 -1189 -1189 -1189 -1189 -1189 -1189 -1190 -1190 -1190 -1190 -1191 -1190 -1191 -1191 -1191 -1191 -1191 -1191 -1191 -1191 -1191 -1191 -1191 -1191 -1191 -1191 -1191 -1191 -1191 -1191 -1191 -1191 -1192 -1192 -1192 -1193 -1192 -1193 -1193 -1193 -1193 -1194 -1193 -1194 -1194 -1194 -1194 -1194 -1194 -1194 -1194 -1194 -1194 -1194 -1195 -1195 -1195 -1195 -1195 -1195 -1195 -1195 -1195 -1195 -1195 -1195 -1195 -1195 -1195 -1195 -1195 -1195 -1195 -1195 -1195 -1195 -1195 -1195 -1195 -1195 -1195 -1195 -1195 -1195 -1195 -1195 -1195 -1195 -1196 -1195 -1195 -1196 -1195 -1196 -1196 -1196 -1196 -1196 -1196 -1196 -1195 -1196 -1195 -1195 -1195 -1195 -1195 -1195 -1195 -1195 -1195 -1196 -1195 -1195 -1196 -1195 -1196 -1195 -1196 -1195 -1196 -1196 -1195 -1196 -1196 -1196 -1196 -1196 -1196
-1198 -1198 -1199 -1199 -1199 -1199 -1199 -1199 -1198 -1198 -1198 -1198 -1198 -1198 -1198 -1198 -1198 -1198 -1198 -1198 -1198 -1198 -1198 -1198 -1198 -1198 -1198 -1197 -1198 -1197 -1197 -1197 -1197 -1197 -1197 -1197 -1197 -1197 -1197 -1197 -1197 -1197 -1197 -1198 -1197 -1197 -1197 -1197 -1197 -1197 -1197 -1197 -1197 -1196 -1196 -1196 -1196 -1196 -1195 -1195 -1195 -1195 -1195 -1195 -1195 -1195 -1195 -1195 -1195 -1195 -1195 -1195 -1195 -1195 -1195 -1195 -1195 -1195 -1195 -1195 -1195 -1195 -1194 -1194 -1194 -1194 -1194 -1194 -1194 -1194 -1194 -1194 -1194 -1194 -1194 -1193 -1193 -1193 -1193 -1193 -1193 -1193 -1193 -1193 -1193 -1193 -1193 -1193 -1193 -1193 -1192 -1192 -1192 -1192 -1192 -1193 -1192 -1192 -1192 -1192 -1192 -1192 -1192 -1192 -1192 -1192 -1192 -1192 -1192 -1191 -1192 -1192 -1192 -1192 -1192 -1192 -1192 -1191 -1192 -1191 -1191 -1191 -1191 -1191 -1191 -1191 -1190 -1190 -1190 -1190 -1190 -1190 -1190 -1190 -1190 -1190 -1190 -1190 -1190 -1190 -1190 -1190 -1190 -1190 -1190 -1190 -1190 -1190 -1190 -1190 -1190 -1190 -1190 -1190 -1190 -1190 -1190 -1190 -1190 -1190 -1190 -1190 -1190 -1190 -1190 -1190 -1190 -1190 -1190 -1190 -1190 -1190 -1190 -1190 -1190 -1190 -1190 -1190 -1190 -1190 -1190 -1190 -1190 -1190 -1190 -1190 -1190 -1190 -1190 -1190 -1190 -1190 -1190 -1190 -1190 -1190 -1190 -1190 -1190 -1190 -1190 -1190 -1191 -1190 -1190 -1190 -1191 -1190 -1190 -1190 -1190 -1190 -1190 -1190 -1190 -1190 -1190 -1190 -1190 -1190 -1190 -1190 -1190 -1190 -1191 -1190 -1190 -1190 -1190 -1190 -1190 -1190 -1191 -1191 -1190 -1190
-1191 -1191 -1191 -1191 -1192 -1191 -1192 -1192 -1192 -1192 -1193 -1193 -1193 -1193 -1193 -1194 -1193 -1194 -1194 -1194 -1194 -1194 -1194 -1194 -1194 -1194 -1195 -1194 -1195 -1195 -1195 -1195 -1195 -1194 -1195 -1195 -1195 -1195 -1195 -1195 -1195 -1195 -1195 -1195 -1195 -1195 -1195 -1195 -1195 -1195 -1195 -1195 -1195 -1195 -1195 -1195 -1195 -1195 -1195 -1195 -1195 -1195 -1195 -1195 -1196 -1195 -1195 -1195 -1195 -1196 -1195 -1195 -1196 -1196 -1196 -1195 -1195 -1195 -1196 -1195 -1195 -1195 -1195 -1196 -1196 -1195 -1196 -1196 -1196 -1196 -1196 -1195 -1196 -1196 -1196 -1196 -1196 -1196 -1196 -1196 -1196 -1196 -1196 -1196 -1196 -1195 -1196 -1196 -1196 -1195 -1196 -1195 -1196 -1196 -1195 -1196 -1196 -1196 -1196 -1196 -1196 -1196 -1196 -1196 -1196 -1196 -1196 -1196 -1196 -1196 -1196 -1196 -1196 -1196 -1196 -1196 -1196 -1196 -1196 -1196 -1196 -1197 -1196 -1196 -1196 -1196 -1196 -1196 -1196 -1196 -1196 -1196 -1196 -1196 -1196 -1197 -1197 -1197 -1196 -1197 -1196 -1196 -1196 -1196 -1197 -1196 -1196 -1196 -1196 -1196 -1196 -1196 -1197 -1197 -1196 -1196 -1197 -1196 -1196 -1196 -1196 -1196 -1196 -1196 -1196 -1196 -1196 -1196 -1196 -1196 -1196 -1196 -1196 -1196 -1197 -1197 -1197 -1197 -1197 -1198 -1197 -1198 -1198 -1198 -1198 -1198 -1198 -1198 -1199 -1198 -1198 -1198 -1199 -1199 -1198 -1198 -1198 -1198 -1199 -1198 -1198 -1198 -1198 -1198 -1198 -1198 -1198 -1198 -1198 -1198 -1198 -1198 -1198 -1198 -1198 -1197 -1198 -1197 -1197 -1197 -1197 -1197 -1197 -1197 -1197 -1197 -1197 -1197 -1197 -1197 -1197 -1197 -1197 -1197 -1197 -1197
-1190 -1190 -1190 -1190 -1190 -1190 -1190 -1190 -1190 -1190 -1190 -1190 -1190 -1190 -1190 -1190 -1190 -1190 -1190 -1190 -1190 -1190 -1190 -1190 -1190 -1190 -1190 -1190 -1190 -1190 -1190 -1190 -1190 -1190 -1190 -1190 -1190 -1190 -1190 -1190 -1190 -1190 -1190 -1190 -1190 -1190 -1190 -1190 -1190 -1190 -1190 -1190 -1190 -1190 -1190 -1190 -1190 -1190 -1190 -1190 -1190 -1190 -1190 -1190 -1190 -1190 -1190 -1190 -1190 -1190 -1191 -1190 -1191 -1191 -1191 -1190 -1190 -1190 -1190 -1190 -1190 -1190 -1190 -1190 -1190 -1191 -1190 -1190 -1190 -1190 -1190 -1190 -1190 -1190 -1190 -1190 -1191 -1190 -1190 -1190 -1191 -1191 -1191 -1190 -1191 -1191 -1191 -1191 -1190 -1191 -1191 -1191 -1191 -1191 -1191 -1190 -1190 -1191 -1190 -1191 -1191 -1191 -1191 -1191 -1191 -1191 -1191 -1191 -1191 -1191 -1191 -1191 -1191 -1191 -1191 -1191 -1191 -1191 -1191 -1191 -1191 -1190 -1190 -1190 -1190 -1190 -1190 -1190 -1189 -1190 -1189 -1189 -1188 -1189 -1189 -1189 -1189 -1189 -1188 -1189 -1188 -1189 -1188 -1189 -1189 -1188 -1189 -1189 -1189 -1189 -1189 -1189 -1189 -1189 -1188 -1188 -1188 -1188 -1188 -1188 -1188 -1188 -1188 -1189 -1189 -1189 -1189 -1189 -1190 -1190 -1190 -1190 -1190 -1190 -1190 -1190 -1190 -1191 -1191 -1191 -1191 -1191 -1191 -1191 -1191 -1191 -1191 -1191 -1191 -1191 -1191 -1191 -1191 -1192 -1192 -1192 -1192 -1192 -1192 -1192 -1193 -1193 -1193 -1193 -1193 -1194 -1194 -1194 -1194 -1194 -1194 -1194 -1194 -1194 -1194 -1195 -1194 -1195 -1194 -1195 -1195 -1195 -1195 -1195 -1195 -1195 -1195 -1195 -1194 -1195 -1195 -1195 -1195 -1195 -1195 -1195
-1196 -1197 -1197 -1197 -1197 -1196 -1197 -1197 -1196 -1196 -1196 -1196 -1196 -1197 -1197 -1196 -1197 -1197 -1196 -1197 -1197 -1196 -1196 -1197 -1196 -1196 -1196 -1196 -1197 -1196 -1196 -1196 -1196 -1196 -1196 -1197 -1196 -1196 -1196 -1196 -1196 -1197 -1197 -1197 -1197 -1197 -1197 -1198 -1198 -1198 -1198 -1198 -1198 -1198 -1198 -1198 -1198 -1198 -1199 -1198 -1198 -1198 -1198 -1198 -1198 -1198 -1198 -1198 -1198 -1198 -1198 -1198 -1198 -1198 -1198 -1198 -1198 -1198 -1198 -1198 -1198 -1197 -1197 -1198 -1197 -1197 -1197 -1197 -1197 -1197 -1198 -1197 -1197 -1197 -1197 -1197 -1197 -1197 -1197 -1197 -1198 -1197 -1197 -1197 -1197 -1197 -1196 -1196 -1196 -1196 -1196 -1196 -1196 -1195 -1195 -1195 -1195 -1195 -1195 -1195 -1195 -1195 -1195 -1195 -1195 -1195 -1195 -1195 -1195 -1195 -1195 -1195 -1195 -1195 -1195 -1195 -1195 -1194 -1195 -1194 -1194 -1194 -1194 -1194 -1194 -1194 -1194 -1194 -1194 -1194 -1194 -1194 -1193 -1194 -1194 -1193 -1193 -1193 -1193 -1193 -1193 -1193 -1193 -1193 -1193 -1192 -1193 -1192 -1193 -1192 -1192 -1192 -1192 -1193 -1192 -1192 -1192 -1192 -1192 -1192 -1192 -1192 -1192 -1192 -1192 -1192 -1192 -1192 -1192 -1191 -1192 -1191 -1192 -1191 -1191 -1191 -1191 -1191 -1191 -1191 -1191 -1191 -1191 -1191 -1191 -1190 -1190 -1190 -1190 -1190 -1190 -1190 -1190 -1190 -1190 -1190 -1190 -1190 -1190 -1190 -1190 -1190 -1190 -1190 -1190 -1190 -1190 -1190 -1190 -1190 -1190 -1190 -1190 -1190 -1190 -1190 -1190 -1190 -1190 -1190 -1190 -1190 -1190 -1190 -1190 -1190 -1190 -1190 -1190 -1190 -1190 -1190 -1190 -1190 -1190 -1190
-1189 -1189 -1189 -1188 -1189 -1189 -1189 -1189 -1188 -1189 -1188 -1188 -1189 -1189 -1189 -1189 -1189 -1189 -1189 -1188 -1188 -1188 -1188 -1188 -1188 -1188 -1188 -1189 -1189 -1189 -1189 -1189 -1189 -1189 -1189 -1190 -1190 -1190 -1190 -1190 -1191 -1191 -1191 -1191 -1191 -1191 -1191 -1191 -1191 -1191 -1191 -1191 -1191 -1191 -1191 -1191 -1191 -1191 -1191 -1191 -1191 -1192 -1192 -1192 -1192 -1192 -1193 -1193 -1193 -1193 -1193 -1194 -1194 -1194 -1194 -1194 -1194 -1194 -1194 -1194 -1194 -1195 -1195 -1194 -1194 -1195 -1195 -1195 -1195 -1195 -1195 -1195 -1195 -1194 -1195 -1195 -1195 -1195 -1195 -1195 -1195 -1195 -1195 -1195 -1195 -1195 -1195 -1195 -1195 -1195 -1195 -1195 -1195 -1195 -1195 -1195 -1195 -1195 -1195 -1196 -1196 -1196 -1195 -1196 -1195 -1195 -1195 -1195 -1196 -1196 -1196 -1195 -1195 -1196 -1196 -1195 -1196 -1195 -1195 -1195 -1196 -1196 -1196 -1196 -1195 -1196 -1196 -1195 -1196 -1195 -1195 -1195 -1196 -1196 -1196 -1196 -1196 -1196 -1196 -1196 -1196 -1196 -1195 -1196 -1196 -1195 -1196 -1196 -1196 -1196 -1196 -1196 -1196 -1196 -1196 -1196 -1196 -1196 -1196 -1196 -1196 -1196 -1196 -1196 -1196 -1196 -1196 -1196 -1196 -1196 -1196 -1196 -1196 -1196 -1196 -1196 -1196 -1196 -1196 -1196 -1196 -1196 -1196 -1196 -1196 -1196 -1196 -1196 -1196 -1196 -1197 -1197 -1197 -1197 -1196 -1197 -1196 -1196 -1197 -1196 -1196 -1197 -1197 -1196 -1196 -1196 -1197 -1196 -1196 -1197 -1196 -1196 -1196 -1196 -1197 -1196 -1197 -1196 -1196 -1196 -1196 -1196 -1196 -1196 -1197 -1196 -1196 -1196 -1196 -1196 -1197 -1196 -1197 -1197 -1197 -1197
-1194 -1193 -1193 -1194 -1193 -1193 -1193 -1193 -1193 -1193 -1193 -1192 -1192 -1193 -1192 -1192 -1192 -1192 -1192 -1192 -1192 -1192 -1192 -1192 -1192 -1192 -1192 -1192 -1192 -1192 -1192 -1192 -1192 -1192 -1192 -1192 -1192 -1192 -1192 -1192 -1192 -1191 -1191 -1191 -1191 -1191 -1191 -1191 -1191 -1191 -1191 -1190 -1190 -1190 -1190 -1190 -1190 -1190 -1190 -1190 -1190 -1190 -1190 -1190 -1190 -1190 -1190 -1190 -1190 -1190 -1190 -1190 -1190 -1190 -1190 -1190 -1190 -1190 -1190 -1190 -1190 -1190 -1190 -1190 -1190 -1190 -1190 -1190 -1190 -1190 -1190 -1190 -1190 -1190 -1190 -1190 -1190 -1190 -1190 -1190 -1190 -1190 -1190 -1190 -1190 -1190 -1190 -1190 -1190 -1190 -1190 -1190 -1190 -1190 -1190 -1190 -1190 -1190 -1190 -1190 -1190 -1190 -1190 -1190 -1190 -1190 -1190 -1190 -1190 -1190 -1190 -1190 -1190 -1190 -1191 -1190 -1190 -1190 -1190 -1190 -1191 -1190 -1190 -1190 -1191 -1191 -1190 -1190 -1190 -1191 -1190 -1190 -1190 -1191 -1190 -1190 -1190 -1190 -1191 -1190 -1191 -1191 -1191 -1191 -1191 -1191 -1191 -1191 -1190 -1191 -1190 -1191 -1190 -1191 -1190 -1191 -1191 -1191 -1191 -1191 -1191 -1191 -1191 -1191 -1191 -1191 -1191 -1191 -1191 -1191 -1190 -1191 -1191 -1191 -1191 -1191 -1191 -1191 -1191 -1190 -1190 -1190 -1190 -1190 -1189 -1189 -1189 -1189 -1189 -1189 -1189 -1189 -1188 -1188 -1188 -1188 -1189 -1188 -1189 -1189 -1188 -1189 -1189 -1189 -1189 -1189 -1189 -1189 -1189 -1188 -1188 -1188 -1188 -1188 -1188 -1188 -1188 -1188 -1188 -1188 -1189 -1189 -1189 -1189 -1189 -1190 -1190 -1190 -1190 -1191 -1190 -1190 -1191 -1191 -1191 -1191
-1195 -1196 -1196 -1196 -1196 -1196 -1196 -1196 -1195 -1196 -1196 -1195 -1196 -1195 -1196 -1196 -1196 -1196 -1196 -1196 -1196 -1196 -1196 -1196 -1196 -1196 -1196 -1196 -1196 -1196 -1196 -1196 -1196 -1196 -1196 -1196 -1196 -1196 -1196 -1196 -1197 -1196 -1196 -1196 -1196 -1196 -1196 -1196 -1196 -1196 -1196 -1196 -1196 -1196 -1196 -1196 -1196 -1196 -1197 -1197 -1196 -1196 -1196 -1196 -1196 -1196 -1196 -1196 -1196 -1196 -1196 -1196 -1197 -1196 -1196 -1196 -1196 -1196 -1196 -1196 -1196 -1196 -1196 -1196 -1196 -1196 -1196 -1196 -1196 -1196 -1196 -1196 -1196 -1196 -1196 -1196 -1196 -1197 -1197 -1197 -1197 -1197 -1197 -1198 -1198 -1198 -1198 -1198 -1198 -1198 -1198 -1198 -1198 -1198 -1198 -1199 -1198 -1198 -1198 -1198 -1198 -1199 -1198 -1198 -1198 -1198 -1198 -1198 -1198 -1198 -1198 -1197 -1198 -1198 -1198 -1198 -1198 -1198 -1198 -1198 -1197 -1197 -1197 -1197 -1197 -1197 -1197 -1197 -1197 -1197 -1197 -1197 -1197 -1197 -1197 -1197 -1197 -1197 -1197 -1198 -1197 -1197 -1196 -1196 -1196 -1196 -1196 -1196 -1196 -1196 -1195 -1195 -1195 -1195 -1195 -1195 -1195 -1195 -1195 -1195 -1195 -1195 -1195 -1195 -1195 -1195 -1195 -1195 -1195 -1195 -1195 -1195 -1195 -1195 -1194 -1194 -1194 -1194 -1194 -1194 -1194 -1194 -1194 -1194 -1194 -1194 -1194 -1194 -1193 -1193 -1194 -1193 -1193 -1193 -1194 -1193 -1193 -1193 -1193 -1193 -1193 -1193 -1192 -1192 -1192 -1192 -1193 -1193 -1192 -1192 -1192 -1192 -1192 -1192 -1192 -1192 -1192 -1192 -1192 -1192 -1192 -1192 -1192 -1192 -1192 -1192 -1192 -1191 -1192 -1191 -1192 -1192 -1191 -1191 -1192 -1191
-1190 -1191 -1191 -1191 -1191 -1190 -1191 -1191 -1191 -1191 -1191 -1191 -1191 -1191 -1191 -1191 -1190 -1190 -1191 -1190 -1190 -1191 -1191 -1191 -1191 -1191 -1191 -1191 -1191 -1191 -1191 -1191 -1191 -1191 -1191 -1191 -1191 -1191 -1191 -1191 -1191 -1191 -1191 -1191 -1190 -1191 -1190 -1190 -1190 -1190 -1190 -1189 -1189 -1189 -1189 -1189 -1189 -1189 -1189 -1189 -1188 -1188 -1188 -1188 -1188 -1189 -1189 -1189 -1189 -1189 -1189 -1189 -1189 -1189 -1189 -1188 -1189 -1188 -1188 -1188 -1188 -1188 -1188 -1188 -1188 -1188 -1188 -1189 -1189 -1189 -1189 -1190 -1190 -1190 -1190 -1190 -1190 -1190 -1190 -1191 -1191 -1191 -1191 -1191 -1191 -1191 -1191 -1191 -1191 -1191 -1191 -1191 -1191 -1191 -1191 -1191 -1191 -1191 -1192 -1192 -1192 -1192 -1193 -1193 -1193 -1193 -1193 -1193 -1193 -1194 -1194 -1194 -1194 -1194 -1194 -1194 -1194 -1195 -1195 -1195 -1195 -1195 -1195 -1195 -1195 -1195 -1195 -1195 -1195 -1195 -1195 -1195 -1195 -1195 -1195 -1195 -1195 -1195 -1195 -1195 -1195 -1195 -1195 -1195 -1195 -1195 -1195 -1195 -1195 -1195 -1195 -1195 -1195 -1195 -1195 -1195 -1195 -1195 -1195 -1196 -1195 -1195 -1196 -1195 -1196 -1195 -1196 -1196 -1196 -1196 -1195 -1195 -1196 -1195 -1195 -1195 -1195 -1196 -1195 -1196 -1196 -1196 -1196 -1196 -1195 -1195 -1195 -1196 -1196 -1196 -1196 -1196 -1196 -1196 -1196 -1196 -1196 -1196 -1195 -1195 -1196 -1196 -1195 -1196 -1196 -1196 -1196 -1196 -1196 -1196 -1196 -1196 -1196 -1196 -1196 -1196 -1196 -1196 -1196 -1196 -1196 -1196 -1196 -1196 -1196 -1196 -1196 -1196 -1196 -1196 -1196 -1196 -1196 -1196 -1196 -1196
-1197 -1198 -1198 -1198 -1198 -1197 -1197 -1197 -1196 -1196 -1197 -1196 -1196 -1196 -1196 -1195 -1196 -1196 -1195 -1195 -1195 -1195 -1195 -1195 -1195 -1195 -1195 -1195 -1195 -1195 -1195 -1195 -1195 -1195 -1195 -1195 -1194 -1195 -1195 -1195 -1195 -1195 -1194 -1194 -1194 -1194 -1194 -1194 -1194 -1194 -1194 -1193 -1194 -1193 -1194 -1193 -1193 -1193 -1193 -1193 -1193 -1193 -1193 -1193 -1193 -1193 -1193 -1192 -1193 -1192 -1193 -1192 -1192 -1192 -1192 -1192 -1192 -1192 -1192 -1192 -1192 -1192 -1192 -1192 -1192 -1192 -1192 -1192 -1192 -1191 -1192 -1192 -1192 -1192 -1191 -1192 -1191 -1191 -1191 -1191 -1191 -1191 -1191 -1191 -1191 -1191 -1190 -1191 -1190 -1190 -1190 -1190 -1189 -1190 -1190 -1190 -1190 -1190 -1190 -1190 -1190 -1190 -1190 -1190 -1190 -1190 -1190 -1190 -1190 -1190 -1190 -1190 -1190 -1190 -1190 -1190 -1190 -1190 -1190 -1190 -1190 -1191 -1190 -1190 -1190 -1190 -1190 -1190 -1190 -1190 -1190 -1190 -1190 -1190 -1190 -1190 -1190 -1190 -1190 -1190 -1190 -1190 -1190 -1190 -1190 -1190 -1190 -1190 -1190 -1190 -1190 -1190 -1190 -1190 -1190 -1190 -1190 -1190 -1190 -1191 -1190 -1191 -1191 -1190 -1190 -1191 -1190 -1190 -1190 -1190 -1190 -1190 -1190 -1190 -1190 -1191 -1190 -1190 -1190 -1190 -1190 -1191 -1190 -1190 -1190 -1190 -1190 -1191 -1190 -1190 -1190 -1190 -1191 -1190 -1190 -1190 -1191 -1191 -1191 -1191 -1191 -1191 -1191 -1190 -1190 -1191 -1190 -1190 -1191 -1191 -1191 -1191 -1191 -1191 -1191 -1191 -1191 -1191 -1191 -1191 -1191 -1191 -1191 -1191 -1191 -1191 -1191 -1191 -1191 -1191 -1191 -1191 -1191 -1191 -1191 -1190
-1194 -1195 -1195 -1195 -1195 -1195 -1195 -1195 -1195 -1195 -1195 -1195 -1195 -1195 -1195 -1195 -1195 -1195 -1195 -1195 -1196 -1195 -1196 -1196 -1196 -1196 -1195 -1195 -1196 -1195 -1195 -1196 -1196 -1196 -1196 -1196 -1196 -1195 -1195 -1195 -1196 -1195 -1195 -1196 -1196 -1196 -1196 -1196 -1196 -1195 -1196 -1196 -1195 -1195 -1195 -1196 -1196 -1196 -1196 -1196 -1196 -1196 -1196 -1196 -1196 -1196 -1196 -1196 -1195 -1196 -1196 -1196 -1196 -1196 -1196 -1196 -1196 -1196 -1196 -1196 -1196 -1196 -1196 -1196 -1196 -1196 -1196 -1196 -1196 -1196 -1196 -1196 -1196 -1196 -1196 -1196 -1196 -1196 -1196 -1196 -1196 -1196 -1196 -1196 -1196 -1196 -1196 -1196 -1196 -1196 -1196 -1196 -1196 -1196 -1196 -1196 -1197 -1196 -1196 -1197 -1196 -1196 -1196 -1197 -1196 -1196 -1196 -1196 -1197 -1197 -1197 -1196 -1197 -1197 -1197 -1196 -1196 -1196 -1196 -1196 -1196 -1196 -1196 -1196 -1197 -1196 -1196 -1196 -1196 -1197 -1196 -1196 -1196 -1196 -1197 -1197 -1197 -1197 -1197 -1198 -1198 -1197 -1198 -1198 -1198 -1198 -1198 -1198 -1199 -1199 -1199 -1198 -1199 -1199 -1198 -1198 -1198 -1198 -1198 -1198 -1198 -1198 -1198 -1198 -1198 -1198 -1198 -1198 -1198 -1198 -1198 -1198 -1198 -1198 -1198 -1197 -1198 -1198 -1197 -1197 -1197 -1197 -1197 -1197 -1197 -1197 -1197 -1197 -1197 -1197 -1197 -1197 -1197 -1197 -1197 -1197 -1197 -1196 -1197 -1197 -1196 -1196 -1196 -1196 -1196 -1195 -1196 -1195 -1195 -1195 -1195 -1195 -1195 -1195 -1195 -1195 -1195 -1195 -1195 -1195 -1195 -1195 -1195 -1195 -1195 -1195 -1195 -1195 -1195 -1195 -1195 -1195 -1195 -1194 -1194 -1194
-1190 -1190 -1190 -1190 -1190 -1190 -1190 -1190 -1190 -1190 -1190 -1190 -1190 -1190 -1190 -1190 -1190 -1190 -1190 -1190 -1190 -1190 -1190 -1190 -1191 -1190 -1190 -1190 -1191 -1190 -1190 -1190 -1190 -1190 -1190 -1190 -1190 -1190 -1190 -1191 -1190 -1190 -1190 -1191 -1190 -1190 -1191 -1190 -1191 -1191 -1191 -1191 -1190 -1190 -1191 -1190 -1190 -1190 -1191 -1190 -1190 -1191 -1191 -1191 -1191 -1191 -1191 -1191 -1190 -1191 -1191 -1191 -1190 -1190 -1191 -1190 -1191 -1191 -1190 -1191 -1191 -1191 -1191 -1191 -1191 -1191 -1191 -1191 -1191 -1191 -1191 -1191 -1191 -1191 -1191 -1191 -1191 -1191 -1191 -1191 -1191 -1191 -1191 -1190 -1190 -1190 -1189 -1189 -1189 -1189 -1189 -1189 -1189 -1189 -1189 -1188 -1188 -1189 -1189 -1189 -1189 -1188 -1188 -1189 -1189 -1189 -1189 -1189 -1189 -1188 -1189 -1188 -1189 -1188 -1188 -1188 -1188 -1188 -1188 -1188 -1188 -1188 -1189 -1189 -1189 -1189 -1189 -1189 -1190 -1190 -1190 -1190 -1190 -1191 -1190 -1191 -1191 -1191 -1191 -1191 -1191 -1191 -1191 -1191 -1191 -1191 -1191 -1191 -1191 -1191 -1191 -1191 -1191 -1191 -1192 -1192 -1192 -1192 -1192 -1193 -1193 -1193 -1193 -1193 -1193 -1193 -1194 -1194 -1194 -1194 -1194 -1194 -1194 -1194 -1195 -1195 -1195 -1195 -1195 -1195 -1195 -1195 -1195 -1195 -1195 -1195 -1195 -1195 -1195 -1195 -1195 -1195 -1195 -1195 -1195 -1195 -1195 -1195 -1195 -1195 -1195 -1195 -1195 -1195 -1195 -1195 -1195 -1195 -1195 -1195 -1195 -1195 -1196 -1196 -1196 -1196 -1195 -1195 -1196 -1196 -1195 -1195 -1196 -1195 -1196 -1196 -1196 -1195 -1195 -1195 -1196 -1195 -1196 -1196 -1196 -1196
-1196 -1197 -1197 -1197 -1197 -1197 -1198 -1198 -1198 -1198 -1198 -1198 -1198 -1198 -1198 -1198 -1198 -1198 -1199 -1199 -1198 -1198 -1199 -1198 -1198 -1198 -1198 -1198 -1198 -1198 -1198 -1198 -1198 -1198 -1198 -1198 -1198 -1198 -1198 -1198 -1198 -1198 -1197 -1197 -1197 -1197 -1197 -1197 -1197 -1197 -1197 -1197 -1197 -1197 -1197 -1197 -1197 -1197 -1197 -1197 -1197 -1198 -1197 -1197 -1197 -1197 -1197 -1196 -1196 -1196 -1196 -1196 -1196 -1195 -1195 -1195 -1195 -1195 -1195 -1195 -1195 -1195 -1195 -1195 -1195 -1195 -1195 -1195 -1195 -1195 -1195 -1195 -1195 -1195 -1195 -1195 -1195 -1195 -1195 -1194 -1194 -1194 -1194 -1194 -1194 -1194 -1194 -1194 -1194 -1194 -1194 -1193 -1194 -1194 -1193 -1193 -1193 -1193 -1193 -1193 -1193 -1193 -1193 -1192 -1193 -1193 -1192 -1192 -1192 -1192 -1192 -1192 -1192 -1192 -1192 -1192 -1192 -1192 -1192 -1192 -1192 -1192 -1192 -1192 -1192 -1192 -1192 -1192 -1192 -1191 -1192 -1192 -1192 -1191 -1191 -1191 -1192 -1191 -1191 -1191 -1191 -1191 -1190 -1190 -1190 -1190 -1190 -1190 -1190 -1190 -1190 -1190 -1190 -1190 -1190 -1190 -1190 -1190 -1190 -1190 -1190 -1190 -1190 -1190 -1190 -1190 -1190 -1190 -1190 -1190 -1190 -1190 -1190 -1190 -1190 -1190 -1190 -1190 -1190 -1190 -1190 -1190 -1190 -1190 -1190 -1190 -1190 -1190 -1190 -1190 -1190 -1190 -1190 -1190 -1190 -1190 -1190 -1190 -1190 -1190 -1190 -1190 -1190 -1190 -1190 -1190 -1190 -1191 -1190 -1190 -1190 -1190 -1190 -1190 -1190 -1190 -1190 -1190 -1190 -1190 -1190 -1190 -1190 -1190 -1190 -1190 -1190 -1190 -1190 -1190 -1190 -1190 -1190 -1190 -1190 -1190
-1190 -1190 -1191 -1191 -1191 -1191 -1191 -1191 -1191 -1191 -1191 -1191 -1191 -1191 -1191 -1191 -1191 -1191 -1191 -1192 -1192 -1191 -1192 -1192 -1192 -1193 -1193 -1193 -1193 -1193 -1194 -1194 -1194 -1194 -1194 -1194 -1194 -1194 -1194 -1194 -1195 -1195 -1195 -1195 -1195 -1195 -1195 -1195 -1195 -1195 -1195 -1195 -1195 -1195 -1195 -1195 -1195 -1195 -1195 -1195 -1195 -1195 -1195 -1195 -1195 -1195 -1195 -1195 -1195 -1195 -1195 -1195 -1195 -1195 -1195 -1195 -1195 -1195 -1196 -1195 -1195 -1196 -1195 -1196 -1195 -1196 -1196 -1196 -1195 -1196 -1195 -1196 -1195 -1195 -1196 -1195 -1195 -1196 -1196 -1196 -1196 -1196 -1196 -1196 -1196 -1196 -1195 -1196 -1195 -1195 -1195 -1196 -1195 -1196 -1196 -1196 -1196 -1196 -1195 -1195 -1196 -1196 -1196 -1195 -1196 -1196 -1196 -1196 -1196 -1196 -1196 -1196 -1196 -1196 -1196 -1196 -1196 -1196 -1196 -1196 -1196 -1196 -1196 -1196 -1196 -1196 -1196 -1196 -1196 -1196 -1196 -1196 -1196 -1196 -1196 -1196 -1196 -1196 -1196 -1196 -1196 -1196 -1196 -1196 -1196 -1196 -1196 -1196 -1196 -1196 -1196 -1196 -1196 -1197 -1196 -1196 -1196 -1197 -1196 -1196 -1196 -1196 -1197 -1196 -1196 -1197 -1196 -1196 -1196 -1197 -1197 -1196 -1197 -1196 -1196 -1196 -1196 -1196 -1197 -1196 -1196 -1196 -1196 -1196 -1196 -1196 -1196 -1196 -1196 -1197 -1197 -1197 -1197 -1197 -1198 -1198 -1198 -1198 -1198 -1198 -1198 -1198 -1198 -1198 -1198 -1199 -1199 -1199 -1199 -1199 -1198 -1198 -1198 -1198 -1198 -1198 -1198 -1198 -1198 -1198 -1198 -1198 -1198 -1198 -1198 -1198 -1198 -1198 -1198 -1198 -1197 -1197 -1198 -1197 -1197 -1198
-1192 -1192 -1192 -1192 -1192 -1191 -1191 -1191 -1191 -1190 -1190 -1190 -1190 -1190 -1190 -1190 -1190 -1190 -1190 -1190 -1190 -1190 -1190 -1190 -1190 -1190 -1190 -1191 -1190 -1190 -1190 -1190 -1190 -1190 -1190 -1190 -1190 -1190 -1190 -1190 -1190 -1190 -1190 -1190 -1190 -1190 -1190 -1190 -1190 -1190 -1190 -1190 -1190 -1190 -1190 -1190 -1190 -1190 -1190 -1190 -1190 -1190 -1190 -1190 -1190 -1190 -1190 -1190 -1190 -1190 -1190 -1190 -1190 -1190 -1190 -1190 -1190 -1190 -1190 -1191 -1190 -1191 -1191 -1190 -1191 -1191 -1191 -1190 -1190 -1190 -1190 -1190 -1190 -1190 -1190 -1190 -1190 -1190 -1190 -1190 -1191 -1191 -1190 -1191 -1191 -1190 -1191 -1191 -1191 -1191 -1191 -1191 -1190 -1190 -1191 -1191 -1190 -1191 -1190 -1191 -1190 -1191 -1191 -1191 -1191 -1190 -1191 -1191 -1191 -1191 -1191 -1190 -1191 -1191 -1191 -1191 -1191 -1191 -1191 -1191 -1191 -1191 -1191 -1191 -1191 -1191 -1191 -1191 -1191 -1191 -1190 -1191 -1191 -1191 -1191 -1191 -1191 -1191 -1191 -1190 -1190 -1190 -1190 -1190 -1189 -1189 -1189 -1189 -1189 -1189 -1189 -1188 -1188 -1188 -1189 -1189 -1189 -1189 -1189 -1189 -1189 -1189 -1189 -1189 -1189 -1189 -1189 -1189 -1189 -1188 -1188 -1188 -1188 -1188 -1188 -1188 -1188 -1188 -1189 -1189 -1189 -1189 -1189 -1190 -1190 -1190 -1190 -1190 -1190 -1191 -1190 -1191 -1190 -1191 -1191 -1191 -1191 -1191 -1191 -1191 -1191 -1191 -1191 -1191 -1191 -1191 -1191 -1191 -1192 -1192 -1192 -1192 -1192 -1192 -1192 -1193 -1193 -1193 -1193 -1193 -1193 -1194 -1194 -1194 -1194 -1194 -1194 -1194 -1195 -1194 -1195 -1195 -1195 -1195 -1195 -1195
-1196 -1196 -1196 -1196 -1196 -1196 -1196 -1196 -1196 -1196 -1196 -1196 -1196 -1196 -1196 -1196 -1197 -1197 -1196 -1197 -1197 -1197 -1196 -1196 -1196 -1196 -1197 -1197 -1196 -1197 -1196 -1197 -1196 -1196 -1196 -1197 -1196 -1196 -1196 -1197 -1196 -1196 -1196 -1196 -1196 -1196 -1196 -1196 -1196 -1196 -1196 -1196 -1196 -1196 -1196 -1197 -1197 -1197 -1197 -1197 -1197 -1197 -1198 -1198 -1198 -1198 -1198 -1198 -1198 -1198 -1198 -1198 -1198 -1199 -1198 -1198 -1198 -1198 -1198 -1198 -1198 -1198 -1198 -1198 -1198 -1198 -1198 -1198 -1198 -1198 -1198 -1198 -1198 -1198 -1198 -1198 -1198 -1198 -1198 -1198 -1198 -1198 -1197 -1197 -1197 -1197 -1197 -1197 -1197 -1197 -1197 -1197 -1198 -1197 -1197 -1198 -1197 -1197 -1197 -1197 -1197 -1197 -1197 -1197 -1196 -1196 -1196 -1196 -1195 -1195 -1195 -1195 -1195 -1195 -1195 -1195 -1195 -1195 -1195 -1195 -1195 -1195 -1195 -1195 -1195 -1195 -1195 -1195 -1195 -1195 -1195 -1195 -1195 -1195 -1194 -1194 -1194 -1194 -1194 -1194 -1194 -1194 -1194 -1194 -1193 -1194 -1194 -1194 -1193 -1194 -1193 -1194 -1193 -1193 -1193 -1193 -1193 -1193 -1193 -1193 -1192 -1193 -1193 -1192 -1193 -1192 -1192 -1192 -1193 -1192 -1192 -1192 -1192 -1192 -1192 -1192 -1192 -1192 -1192 -1192 -1192 -1192 -1192 -1192 -1192 -1191 -1191 -1192 -1192 -1192 -1191 -1191 -1192 -1191 -1191 -1191 -1191 -1191 -1191 -1191 -1190 -1190 -1190 -1190 -1190 -1190 -1190 -1190 -1190 -1190 -1190 -1190 -1190 -1190 -1190 -1190 -1190 -1190 -1190 -1190 -1190 -1190 -1190 -1190 -1190 -1190 -1190 -1190 -1190 -1190 -1190 -1190 -1190 -1190 -1190 -1190
-1190 -1191 -1191 -1191 -1191 -1191 -1190 -1190 -1190 -1190 -1189 -1189 -1189 -1189 -1189 -1189 -1188 -1188 -1189 -1188 -1188 -1188 -1189 -1189 -1189 -1189 -1189 -1189 -1189 -1189 -1189 -1189 -1189 -1189 -1189 -1188 -1188 -1188 -1188 -1188 -1188 -1188 -1188 -1188 -1189 -1189 -1189 -1189 -1189 -1189 -1190 -1189 -1190 -1190 -1190 -1191 -1190 -1191 -1191 -1191 -1191 -1191 -1191 -1191 -1191 -1191 -1191 -1191 -1191 -1191 -1191 -1191 -1192 -1191 -1191 -1192 -1192 -1192 -1192 -1192 -1192 -1193 -1193 -1193 -1193 -1193 -1193 -1194 -1194 -1194 -1194 -1194 -1194 -1195 -1194 -1195 -1194 -1194 -1195 -1195 -1195 -1195 -1195 -1195 -1194 -1195 -1195 -1195 -1195 -1195 -1195 -1195 -1195 -1195 -1195 -1195 -1195 -1195 -1195 -1195 -1195 -1195 -1195 -1195 -1195 -1195 -1195 -1195 -1195 -1195 -1195 -1195 -1196 -1195 -1195 -1196 -1196 -1196 -1196 -1196 -1195 -1196 -1196 -1196 -1195 -1196 -1195 -1196 -1196 -1195 -1195 -1195 -1195 -1196 -1196 -1196 -1196 -1196 -1196 -1196 -1196 -1195 -1196 -1196 -1195 -1196 -1196 -1196 -1196 -1196 -1196 -1196 -1196 -1196 -1196 -1196 -1196 -1196 -1196 -1195 -1195 -1196 -1196 -1196 -1196 -1196 -1196 -1196 -1196 -1196 -1196 -1196 -1196 -1196 -1196 -1196 -1196 -1196 -1196 -1196 -1196 -1196 -1196 -1196 -1196 -1196 -1196 -1196 -1196 -1196 -1196 -1196 -1196 -1196 -1196 -1196 -1196 -1196 -1196 -1196 -1196 -1196 -1196 -1196 -1196 -1197 -1196 -1197 -1196 -1197 -1197 -1197 -1196 -1197 -1196 -1196 -1196 -1196 -1197 -1196 -1196 -1196 -1196 -1197 -1197 -1196 -1196 -1196 -1196 -1196 -1197 -1196 -1196 -1197 -1196 -1196
-1195 -1194 -1195 -1194 -1194 -1194 -1194 -1194 -1194 -1194 -1194 -1194 -1194 -1194 -1193 -1193 -1193 -1193 -1193 -1193 -1193 -1193 -1193 -1193 -1193 -1192 -1193 -1193 -1192 -1193 -1192 -1192 -1193 -1192 -1192 -1192 -1192 -1192 -1192 -1192 -1192 -1192 -1192 -1192 -1192 -1192 -1192 -1192 -1192 -1192 -1192 -1192 -1191 -1192 -1191 -1192 -1192 -1192 -1191 -1192 -1192 -1191 -1191 -1191 -1191 -1191 -1191 -1191 -1190 -1190 -1190 -1190 -1190 -1190 -1190 -1190 -1190 -1190 -1190 -1190 -1190 -1190 -1190 -1190 -1190 -1190 -1190 -1190 -1190 -1190 -1190 -1190 -1190 -1190 -1190 -1190 -1190 -1190 -1190 -1190 -1190 -1190 -1190 -1190 -1190 -1190 -1190 -1190 -1190 -1190 -1190 -1190 -1190 -1190 -1190 -1190 -1190 -1190 -1190 -1190 -1190 -1190 -1190 -1190 -1190 -1190 -1190 -1190 -1190 -1190 -1190 -1190 -1190 -1190 -1190 -1190 -1190 -1190 -1190 -1190 -1190 -1190 -1191 -1190 -1190 -1190 -1190 -1190 -1190 -1190 -1190 -1191 -1190 -1190 -1190 -1190 -1190 -1190 -1190 -1191 -1191 -1190 -1191 -1190 -1190 -1191 -1190 -1190 -1190 -1191 -1190 -1190 -1190 -1191 -1191 -1191 -1191 -1191 -1191 -1190 -1190 -1191 -1191 -1191 -1190 -1190 -1191 -1191 -1191 -1191 -1191 -1191 -1191 -1191 -1191 -1191 -1191 -1191 -1191 -1191 -1191 -1191 -1191 -1191 -1191 -1191 -1191 -1191 -1191 -1191 -1191 -1191 -1191 -1191 -1190 -1190 -1190 -1190 -1190 -1190 -1189 -1189 -1189 -1189 -1189 -1189 -1189 -1188 -1189 -1189 -1188 -1189 -1188 -1188 -1189 -1189 -1189 -1189 -1189 -1189 -1189 -1189 -1189 -1189 -1188 -1188 -1188 -1188 -1188 -1188 -1188 -1188 -1188 -1188 -1188 -1189
-1195 -1196 -1196 -1196 -1196 -1196 -1196 -1196 -1196 -1195 -1196 -1196 -1196 -1196 -1196 -1195 -1196 -1196 -1196 -1196 -1196 -1196 -1196 -1196 -1196 -1196 -1196 -1196 -1196 -1196 -1196 -1196 -1196 -1196 -1196 -1196 -1196 -1196 -1196 -1196 -1196 -1196 -1196 -1196 -1196 -1196 -1196 -1196 -1196 -1196 -1196 -1196 -1196 -1196 -1196 -1196 -1196 -1196 -1196 -1196 -1196 -1196 -1196 -1196 -1196 -1196 -1196 -1196 -1196 -1197 -1196 -1196 -1197 -1196 -1196 -1196 -1196 -1196 -1197 -1197 -1196 -1196 -1196 -1196 -1197 -1196 -1197 -1197 -1196 -1197 -1197 -1197 -1197 -1197 -1196 -1197 -1197 -1196 -1197 -1196 -1196 -1196 -1196 -1196 -1196 -1196 -1196 -1196 -1196 -1196 -1196 -1196 -1196 -1196 -1197 -1197 -1198 -1198 -1198 -1198 -1198 -1198 -1198 -1198 -1198 -1198 -1198 -1198 -1198 -1199 -1198 -1198 -1198 -1198 -1198 -1198 -1198 -1198 -1198 -1198 -1198 -1198 -1198 -1198 -1198 -1198 -1198 -1198 -1198 -1198 -1198 -1198 -1198 -1198 -1198 -1197 -1197 -1198 -1197 -1197 -1197 -1197 -1197 -1197 -1197 -1197 -1197 -1198 -1197 -1197 -1197 -1197 -1198 -1197 -1197 -1197 -1197 -1197 -1196 -1196 -1196 -1196 -1196 -1196 -1196 -1195 -1195 -1195 -1195 -1195 -1195 -1195 -1195 -1195 -1195 -1195 -1195 -1195 -1195 -1195 -1195 -1195 -1195 -1195 -1195 -1195 -1195 -1195 -1195 -1195 -1195 -1194 -1194 -1194 -1194 -1194 -1194 -1194 -1194 -1194 -1194 -1194 -1194 -1193 -1194 -1193 -1193 -1193 -1193 -1193 -1193 -1193 -1193 -1193 -1193 -1193 -1193 -1192 -1192 -1192 -1193 -1192 -1192 -1193 -1192 -1192 -1192 -1192 -1192 -1192 -1192 -1192 -1192 -1192 -1192 -1192
-1190 -1190 -1190 -1190 -1191 -1191 -1191 -1190 -1191 -1190 -1190 -1190 -1190 -1191 -1190 -1191 -1191 -1191 -1191 -1191 -1191 -1190 -1191 -1191 -1191 -1191 -1191 -1191 -1191 -1190 -1190 -1190 -1191 -1191 -1191 -1191 -1190 -1191 -1191 -1191 -1191 -1191 -1191 -1191 -1191 -1191 -1191 -1191 -1191 -1191 -1191 -1191 -1191 -1191 -1191 -1191 -1191 -1191 -1191 -1191 -1191 -1190 -1190 -1190 -1190 -1190 -1189 -1189 -1189 -1189 -1189 -1189 -1189 -1188 -1189 -1189 -1188 -1188 -1188 -1188 -1189 -1188 -1189 -1189 -1189 -1189 -1189 -1189 -1189 -1189 -1188 -1189 -1188 -1188 -1188 -1188 -1188 -1188 -1188 -1189 -1188 -1189 -1189 -1189 -1189 -1189 -1190 -1190 -1190 -1190 -1191 -1191 -1191 -1191 -1191 -1191 -1191 -1191 -1191 -1191 -1191 -1191 -1191 -1191 -1191 -1191 -1191 -1192 -1191 -1191 -1191 -1191 -1191 -1192 -1192 -1192 -1192 -1193 -1193 -1193 -1193 -1193 -1193 -1193 -1194 -1194 -1194 -1194 -1194 -1194 -1194 -1194 -1195 -1195 -1195 -1195 -1195 -1195 -1195 -1195 -1195 -1195 -1195 -1195 -1195 -1195 -1195 -1195 -1195 -1195 -1195 -1195 -1195 -1195 -1195 -1195 -1195 -1195 -1195 -1195 -1195 -1195 -1195 -1195 -1195 -1195 -1195 -1195 -1195 -1195 -1195 -1196 -1196 -1196 -1195 -1195 -1195 -1195 -1196 -1195 -1196 -1196 -1195 -1195 -1196 -1196 -1196 -1195 -1195 -1195 -1195 -1196 -1196 -1196 -1196 -1196 -1196 -1195 -1195 -1196 -1196 -1196 -1195 -1195 -1196 -1196 -1196 -1196 -1196 -1196 -1196 -1196 -1196 -1196 -1196 -1195 -1196 -1196 -1196 -1196 -1196 -1196 -1196 -1196 -1196 -1196 -1196 -1196 -1196 -1196 -1196 -1196 -1196 -1196 -1196 -1196
-1197 -1198 -1198 -1198 -1197 -1197 -1197 -1197 -1197 -1197 -1197 -1197 -1197 -1197 -1197 -1198 -1197 -1197 -1198 -1197 -1197 -1197 -1197 -1197 -1197 -1197 -1196 -1196 -1196 -1196 -1195 -1195 -1195 -1195 -1195 -1195 -1195 -1195 -1195 -1195 -1195 -1195 -1195 -1195 -1195 -1195 -1195 -1195 -1195 -1195 -1195 -1195 -1195 -1195 -1195 -1195 -1195 -1195 -1194 -1194 -1194 -1194 -1194 -1194 -1194 -1194 -1194 -1194 -1194 -1193 -1193 -1193 -1193 -1193 -1193 -1193 -1193 -1193 -1193 -1193 -1193 -1193 -1193 -1193 -1193 -1193 -1192 -1192 -1192 -1193 -1193 -1192 -1192 -1192 -1192 -1192 -1192 -1192 -1192 -1192 -1192 -1192 -1192 -1192 -1192 -1192 -1192 -1192 -1191 -1192 -1191 -1192 -1191 -1191 -1192 -1191 -1191 -1191 -1191 -1191 -1191 -1191 -1190 -1190 -1190 -1190 -1190 -1190 -1190 -1190 -1190 -1190 -1190 -1190 -1190 -1190 -1190 -1190 -1190 -1190 -1190 -1190 -1190 -1190 -1190 -1190 -1190 -1190 -1190 -1190 -1190 -1190 -1190 -1190 -1190 -1190 -1190 -1190 -1190 -1190 -1190 -1190 -1190 -1190 -1190 -1190 -1190 -1190 -1190 -1190 -1190 -1190 -1190 -1190 -1190 -1190 -1190 -1190 -1190 -1190 -1190 -1190 -1190 -1190 -1190 -1190 -1190 -1190 -1190 -1190 -1190 -1190 -1190 -1190 -1190 -1190 -1190 -1190 -1190 -1191 -1190 -1191 -1190 -1190 -1190 -1190 -1190 -1190 -1190 -1190 -1190 -1190 -1190 -1190 -1190 -1191 -1190 -1190 -1190 -1191 -1190 -1190 -1191 -1191 -1190 -1191 -1191 -1191 -1191 -1191 -1191 -1191 -1191 -1191 -1191 -1191 -1190 -1191 -1191 -1191 -1190 -1190 -1191 -1191 -1190 -1190 -1191 -1191 -1191 -1191 -1191 -1191 -1191 -1191 -1191 -1191
-1194 -1195 -1195 -1195 -1195 -1195 -1195 -1195 -1195 -1195 -1195 -1195 -1195 -1195 -1195 -1195 -1195 -1195 -1195 -1195 -1195 -1195 -1195 -1195 -1195 -1195 -1195 -1195 -1195 -1195 -1195 -1195 -1195 -1195 -1195 -1195 -1195 -1196 -1196 -1196 -1195 -1195 -1196 -1195 -1196 -1195 -1196 -1195 -1196 -1195 -1196 -1196 -1196 -1195 -1195 -1196 -1196 -1196 -1196 -1196 -1196 -1196 -1196 -1196 -1195 -1196 -1195 -1195 -1196 -1195 -1195 -1196 -1196 -1196 -1196 -1196 -1196 -1196 -1196 -1196 -1196 -1196 -1195 -1196 -1195 -1196 -1196 -1196 -1196 -1196 -1196 -1196 -1196 -1196 -1196 -1196 -1196 -1196 -1196 -1196 -1196 -1196 -1196 -1196 -1196 -1196 -1196 -1196 -1196 -1196 -1196 -1197 -1196 -1196 -1196 -1196 -1196 -1196 -1196 -1196 -1196 -1196 -1196 -1196 -1196 -1196 -1196 -1196 -1196 -1197 -1197 -1197 -1196 -1196 -1196 -1196 -1196 -1196 -1196 -1196 -1196 -1196 -1196 -1196 -1197 -1196 -1197 -1196 -1197 -1196 -1196 -1196 -1196 -1196 -1197 -1196 -1196 -1197 -1196 -1196 -1197 -1197 -1197 -1196 -1196 -1196 -1196 -1197 -1196 -1197 -1197 -1197 -1197 -1197 -1198 -1198 -1198 -1198 -1198 -1198 -1198 -1198 -1199 -1198 -1199 -1198 -1198 -1198 -1199 -1199 -1198 -1198 -1198 -1198 -1198 -1198 -1198 -1198 -1198 -1198 -1198 -1198 -1198 -1198 -1198 -1198 -1198 -1198 -1198 -1198 -1198 -1197 -1198 -1197 -1197 -1197 -1197 -1197 -1197 -1197 -1197 -1197 -1197 -1197 -1197 -1197 -1197 -1198 -1197 -1197 -1197 -1197 -1197 -1197 -1196 -1196 -1196 -1196 -1196 -1195 -1196 -1196 -1195 -1195 -1195 -1195 -1195 -1195 -1195 -1195 -1195 -1195 -1195 -1195 -1195 -1195
-1190 -1190 -1191 -1190 -1190 -1190 -1190 -1190 -1190 -1190 -1190 -1190 -1190 -1190 -1190 -1190 -1190 -1190 -1190 -1190 -1190 -1190 -1190 -1190 -1190 -1190 -1190 -1190 -1190 -1190 -1190 -1190 -1190 -1190 -1190 -1190 -1190 -1190 -1190 -1190 -1190 -1190 -1190 -1190 -1191 -1190 -1191 -1191 -1190 -1190 -1190 -1190 -1190 -1190 -1190 -1190 -1190 -1190 -1190 -1190 -1190 -1190 -1190 -1190 -1190 -1191 -1191 -1190 -1190 -1191 -1190 -1190 -1191 -1190 -1190 -1191 -1191 -1191 -1191 -1191 -1191 -1191 -1191 -1191 -1191 -1191 -1191 -1191 -1190 -1191 -1191 -1191 -1191 -1190 -1191 -1191 -1191 -1191 -1191 -1191 -1191 -1191 -1191 -1191 -1190 -1191 -1191 -1191 -1191 -1191 -1191 -1191 -1191 -1191 -1191 -1191 -1191 -1191 -1190 -1190 -1190 -1190 -1189 -1190 -1189 -1189 -1189 -1189 -1188 -1189 -1189 -1188 -1188 -1188 -1188 -1188 -1188 -1189 -1189 -1189 -1189 -1189 -1189 -1189 -1189 -1189 -1189 -1188 -1188 -1188 -1188 -1188 -1188 -1188 -1188 -1188 -1188 -1188 -1188 -1189 -1189 -1189 -1189 -1190 -1190 -1190 -1190 -1190 -1191 -1191 -1191 -1191 -1191 -1191 -1191 -1191 -1191 -1191 -1191 -1191 -1191 -1191 -1191 -1191 -1191 -1191 -1191 -1191 -1191 -1192 -1192 -1192 -1192 -1193 -1193 -1193 -1193 -1193 -1194 -1194 -1193 -1194 -1194 -1194 -1194 -1194 -1194 -1194 -1194 -1194 -1194 -1195 -1195 -1195 -1195 -1195 -1195 -1195 -1195 -1195 -1195 -1195 -1195 -1195 -1195 -1195 -1194 -1195 -1195 -1195 -1195 -1195 -1195 -1195 -1195 -1195 -1195 -1195 -1195 -1195 -1195 -1195 -1195 -1195 -1195 -1195 -1195 -1195 -1196 -1196 -1196 -1195 -1196 -1196 -1195 -1196
-1196 -1196 -1197 -1197 -1196 -1196 -1196 -1196 -1197 -1196 -1196 -1196 -1196 -1196 -1196 -1196 -1197 -1197 -1197 -1197 -1198 -1198 -1198 -1198 -1198 -1198 -1198 -1198 -1198 -1198 -1199 -1199 -1199 -1198 -1198 -1199 -1199 -1198 -1198 -1198 -1198 -1198 -1198 -1198 -1198 -1198 -1198 -1198 -1198 -1198 -1198 -1198 -1198 -1198 -1198 -1197 -1198 -1198 -1197 -1198 -1198 -1197 -1197 -1197 -1197 -1197 -1197 -1197 -1197 -1197 -1197 -1197 -1198 -1197 -1197 -1197 -1197 -1197 -1197 -1197 -1197 -1197 -1196 -1196 -1196 -1196 -1196 -1196 -1195 -1195 -1195 -1195 -1195 -1195 -1195 -1195 -1195 -1195 -1195 -1195 -1195 -1195 -1195 -1195 -1195 -1195 -1195 -1195 -1195 -1195 -1195 -1195 -1195 -1195 -1194 -1194 -1194 -1194 -1194 -1194 -1194 -1194 -1194 -1194 -1194 -1193 -1194 -1193 -1193 -1193 -1193 -1193 -1193 -1193 -1193 -1193 -1193 -1193 -1193 -1193 -1193 -1193 -1193 -1192 -1192 -1192 -1192 -1192 -1192 -1192 -1192 -1192 -1192 -1192 -1192 -1192 -1192 -1192 -1192 -1192 -1192 -1192 -1192 -1192 -1192 -1192 -1192 -1192 -1192 -1191 -1191 -1192 -1191 -1191 -1191 -1191 -1191 -1191 -1191 -1190 -1190 -1190 -1190 -1190 -1190 -1190 -1190 -1190 -1190 -1190 -1190 -1190 -1190 -1190 -1190 -1190 -1190 -1190 -1190 -1190 -1190 -1190 -1190 -1190 -1190 -1190 -1190 -1190 -1190 -1190 -1190 -1190 -1190 -1190 -1190 -1190 -1190 -1190 -1190 -1190 -1190 -1190 -1190 -1190 -1190 -1190 -1190 -1190 -1190 -1190 -1190 -1190 -1190 -1190 -1190 -1190 -1190 -1190 -1190 -1190 -1190 -1190 -1190 -1190 -1190 -1190 -1190 -1190 -1190 -1190 -1190 -1190 -1190 -1190 -1190 -1191
-1188 -1188 -1189 -1189 -1189 -1189 -1189 -1189 -1189 -1190 -1189 -1190 -1190 -1190 -1190 -1190 -1191 -1191 -1191 -1191 -1191 -1191 -1191 -1191 -1191 -1191 -1191 -1191 -1191 -1191 -1191 -1191 -1191 -1191 -1191 -1192 -1192 -1192 -1192 -1192 -1192 -1193 -1193 -1193 -1193 -1193 -1194 -1194 -1194 -1194 -1194 -1194 -1194 -1194 -1194 -1195 -1194 -1195 -1195 -1195 -1195 -1195 -1195 -1195 -1195 -1195 -1195 -1195 -1195 -1195 -1195 -1195 -1195 -1195 -1195 -1195 -1195 -1195 -1195 -1195 -1195 -1195 -1195 -1195 -1195 -1195 -1195 -1195 -1196 -1196 -1195 -1195 -1196 -1196 -1196 -1196 -1196 -1195 -1196 -1196 -1196 -1196 -1195 -1195 -1196 -1196 -1195 -1196 -1195 -1196 -1196 -1195 -1196 -1196 -1195 -1196 -1196 -1196 -1195 -1196 -1195 -1196 -1196 -1196 -1196 -1196 -1196 -1196 -1196 -1196 -1196 -1196 -1196 -1196 -1196 -1196 -1196 -1196 -1195 -1196 -1196 -1196 -1196 -1196 -1196 -1196 -1196 -1196 -1196 -1196 -1196 -1196 -1196 -1196 -1196 -1196 -1196 -1196 -1196 -1196 -1196 -1196 -1196 -1196 -1196 -1196 -1196 -1196 -1196 -1196 -1196 -1196 -1196 -1196 -1196 -1196 -1196 -1196 -1196 -1196 -1196 -1196 -1196 -1196 -1196 -1196 -1196 -1197 -1197 -1197 -1197 -1197 -1196 -1197 -1196 -1196 -1196 -1196 -1196 -1197 -1196 -1197 -1196 -1197 -1197 -1197 -1197 -1196 -1197 -1197 -1197 -1196 -1197 -1196 -1197 -1196 -1197 -1196 -1196 -1196 -1196 -1196 -1197 -1196 -1196 -1197 -1197 -1197 -1197 -1197 -1197 -1198 -1198 -1198 -1198 -1198 -1198 -1198 -1198 -1198 -1198 -1198 -1198 -1199 -1198 -1198 -1198 -1198 -1198 -1198 -1198 -1198 -1198 -1198 -1198 -1198
-1192 -1192 -1192 -1192 -1192 -1192 -1192 -1192 -1192 -1192 -1192 -1192 -1192 -1192 -1192 -1192 -1191 -1192 -1191 -1192 -1191 -1191 -1191 -1191 -1191 -1191 -1190 -1190 -1190 -1190 -1190 -1190 -1190 -1190 -1190 -1190 -1190 -1190 -1190 -1190 -1190 -1190 -1190 -1190 -1190 -1190 -1190 -1190 -1190 -1190 -1190 -1190 -1190 -1190 -1190 -1190 -1190 -1190 -1190 -1190 -1190 -1190 -1190 -1190 -1190 -1190 -1190 -1190 -1190 -1190 -1190 -1190 -1190 -1190 -1190 -1190 -1190 -1190 -1190 -1190 -1190 -1190 -1190 -1190 -1190 -1190 -1190 -1190 -1190 -1190 -1190 -1190 -1190 -1190 -1190 -1190 -1190 -1190 -1191 -1190 -1190 -1190 -1191 -1190 -1190 -1190 -1190 -1190 -1190 -1190 -1190 -1190 -1190 -1190 -1190 -1190 -1191 -1190 -1191 -1191 -1191 -1190 -1191 -1190 -1190 -1190 -1190 -1191 -1191 -1190 -1190 -1190 -1191 -1191 -1191 -1191 -1190 -1191 -1191 -1191 -1191 -1191 -1190 -1191 -1191 -1190 -1191 -1190 -1191 -1190 -1191 -1191 -1191 -1191 -1191 -1191 -1191 -1191 -1191 -1190 -1191 -1191 -1191 -1191 -1191 -1191 -1190 -1191 -1191 -1191 -1191 -1191 -1190 -1190 -1190 -1190 -1190 -1190 -1189 -1189 -1189 -1189 -1189 -1189 -1189 -1189 -1189 -1189 -1189 -1189 -1188 -1189 -1189 -1189 -1189 -1188 -1189 -1189 -1189 -1189 -1189 -1189 -1188 -1188 -1188 -1188 -1188 -1188 -1188 -1188 -1188 -1188 -1188 -1188 -1189 -1189 -1189 -1189 -1190 -1190 -1190 -1190 -1190 -1191 -1191 -1191 -1191 -1191 -1191 -1191 -1191 -1191 -1191 -1191 -1191 -1191 -1191 -1191 -1191 -1191 -1191 -1191 -1191 -1192 -1192 -1192 -1192 -1192 -1192 -1192 -1193 -1193 -1193 -1193 -1193 -1194
-1196 -1196 -1196 -1196 -1196 -1196 -1196 -1196 -1196 -1196 -1196 -1196 -1196 -1197 -1196 -1196 -1196 -1196 -1196 -1196 -1196 -1196 -1196 -1196 -1196 -1196 -1196 -1196 -1196 -1196 -1196 -1196 -1197 -1196 -1197 -1196 -1197 -1196 -1196 -1196 -1196 -1196 -1196 -1197 -1196 -1196 -1197 -1196 -1197 -1197 -1197 -1197 -1197 -1196 -1196 -1196 -1196 -1196 -1196 -1196 -1197 -1196 -1196 -1196 -1197 -1197 -1196 -1197 -1196 -1196 -1196 -1196 -1197 -1197 -1197 -1198 -1198 -1198 -1198 -1198 -1198 -1198 -1198 -1198 -1198 -1198 -1199 -1198 -1198 -1199 -1198 -1198 -1198 -1198 -1198 -1198 -1198 -1198 -1198 -1198 -1198 -1198 -1198 -1198 -1198 -1198 -1198 -1198 -1198 -1198 -1198 -1198 -1198 -1198 -1198 -1197 -1197 -1197 -1197 -1197 -1197 -1197 -1197 -1197 -1197 -1198 -1198 -1198 -1197 -1197 -1198 -1197 -1197 -1198 -1197 -1197 -1196 -1196 -1196 -1196 -1196 -1196 -1196 -1196 -1196 -1195 -1195 -1195 -1195 -1195 -1195 -1195 -1195 -1195 -1195 -1196 -1195 -1195 -1195 -1195 -1195 -1195 -1195 -1195 -1195 -1195 -1195 -1195 -1195 -1194 -1195 -1194 -1194 -1194 -1194 -1194 -1194 -1193 -1193 -1194 -1193 -1194 -1194 -1194 -1193 -1193 -1193 -1193 -1193 -1193 -1193 -1193 -1193 -1193 -1193 -1192 -1193 -1192 -1193 -1192 -1192 -1192 -1193 -1192 -1192 -1193 -1192 -1192 -1192 -1192 -1192 -1192 -1192 -1192 -1192 -1192 -1192 -1192 -1192 -1192 -1192 -1192 -1192 -1192 -1191 -1192 -1191 -1191 -1191 -1191 -1191 -1191 -1191 -1191 -1191 -1190 -1190 -1190 -1190 -1190 -1190 -1190 -1190 -1190 -1190 -1190 -1190 -1190 -1190 -1190 -1190 -1190 -1190 -1190 -1190 -1190
-1191 -1191 -1191 -1191 -1191 -1191 -1191 -1191 -1191 -1191 -1191 -1191 -1191 -1191 -1191 -1191 -1191 -1191 -1191 -1191 -1190 -1190 -1190 -1190 -1190 -1189 -1189 -1189 -1189 -1189 -1189 -1188 -1188 -1188 -1188 -1188 -1189 -1189 -1188 -1189 -1189 -1189 -1189 -1189 -1189 -1189 -1189 -1189 -1189 -1189 -1188 -1188 -1188 -1188 -1188 -1188 -1188 -1188 -1188 -1189 -1189 -1189 -1189 -1189 -1189 -1189 -1190 -1190 -1190 -1190 -1190 -1191 -1191 -1190 -1191 -1191 -1191 -1191 -1191 -1191 -1191 -1191 -1191 -1191 -1191 -1191 -1191 -1192 -1191 -1191 -1191 -1192 -1192 -1192 -1192 -1193 -1193 -1193 -1193 -1193 -1193 -1194 -1194 -1194 -1194 -1194 -1194 -1194 -1194 -1195 -1195 -1194 -1194 -1195 -1195 -1195 -1195 -1195 -1195 -1195 -1195 -1195 -1195 -1195 -1195 -1195 -1195 -1195 -1195 -1195 -1195 -1195 -1195 -1195 -1195 -1195 -1195 -1195 -1195 -1195 -1195 -1196 -1195 -1196 -1195 -1195 -1196 -1196 -1196 -1195 -1196 -1196 -1196 -1196 -1195 -1195 -1195 -1195 -1196 -1196 -1196 -1195 -1196 -1196 -1196 -1196 -1195 -1196 -1195 -1195 -1196 -1196 -1196 -1196 -1196 -1196 -1196 -1196 -1196 -1195 -1196 -1196 -1196 -1196 -1196 -1196 -1196 -1196 -1196 -1196 -1196 -1196 -1196 -1196 -1196 -1196 -1196 -1196 -1196 -1196 -1196 -1196 -1196 -1196 -1196 -1196 -1196 -1196 -1196 -1196 -1196 -1196 -1196 -1196 -1196 -1196 -1196 -1196 -1196 -1196 -1196 -1196 -1196 -1196 -1196 -1196 -1196 -1196 -1196 -1196 -1196 -1196 -1196 -1196 -1196 -1196 -1196 -1196 -1196 -1196 -1197 -1196 -1196 -1197 -1197 -1197 -1197 -1197 -1196 -1196 -1196 -1196 -1196 -1196 -1196 -1197
-1195 -1195 -1196 -1195 -1195 -1195 -1195 -1195 -1195 -1195 -1195 -1195 -1195 -1195 -1195 -1195 -1195 -1194 -1194 -1194 -1194 -1194 -1194 -1194 -1194 -1194 -1194 -1194 -1193 -1193 -1194 -1193 -1194 -1193 -1193 -1193 -1193 -1193 -1193 -1193 -1193 -1193 -1193 -1192 -1192 -1193 -1193 -1192 -1192 -1192 -1193 -1192 -1192 -1192 -1192 -1192 -1192 -1192 -1192 -1192 -1192 -1192 -1192 -1192 -1192 -1192 -1192 -1192 -1192 -1192 -1192 -1191 -1192 -1192 -1191 -1191 -1191 -1191 -1191 -1191 -1191 -1190 -1191 -1190 -1190 -1190 -1190 -1190 -1190 -1190 -1190 -1190 -1190 -1190 -1190 -1190 -1190 -1190 -1190 -1190 -1190 -1190 -1190 -1190 -1190 -1190 -1190 -1190 -1190 -1190 -1190 -1190 -1190 -1190 -1190 -1190 -1190 -1190 -1190 -1190 -1190 -1190 -1190 -1190 -1190 -1190 -1190 -1190 -1190 -1190 -1190 -1190 -1190 -1190 -1190 -1190 -1190 -1190 -1190 -1190 -1190 -1190 -1190 -1190 -1190 -1190 -1190 -1190 -1190 -1190 -1190 -1190 -1190 -1190 -1190 -1190 -1190 -1191 -1190 -1190 -1191 -1190 -1190 -1190 -1190 -1190 -1190 -1190 -1190 -1190 -1190 -1191 -1190 -1190 -1191 -1190 -1190 -1191 -1191 -1190 -1190 -1190 -1190 -1190 -1190 -1191 -1190 -1190 -1191 -1191 -1191 -1191 -1190 -1191 -1191 -1191 -1191 -1190 -1190 -1190 -1191 -1191 -1190 -1191 -1191 -1191 -1191 -1191 -1191 -1191 -1191 -1191 -1191 -1191 -1191 -1191 -1191 -1191 -1191 -1191 -1191 -1191 -1191 -1191 -1191 -1191 -1191 -1191 -1191 -1190 -1190 -1190 -1190 -1190 -1190 -1189 -1189 -1189 -1189 -1189 -1189 -1189 -1188 -1189 -1188 -1189 -1188 -1189 -1188 -1189 -1189 -1189 -1189 -1189 -1189 -1189
-1195 -1196 -1196 -1196 -1196 -1196 -1195 -1196 -1196 -1196 -1196 -1195 -1196 -1196 -1195 -1195 -1196 -1196 -1196 -1196 -1196 -1196 -1196 -1196 -1196 -1195 -1196 -1195 -1196 -1196 -1196 -1196 -1196 -1196 -1196 -1196 -1196 -1196 -1196 -1195 -1196 -1195 -1196 -1196 -1196 -1196 -1196 -1196 -1196 -1196 -1196 -1196 -1196 -1196 -1196 -1196 -1196 -1196 -1196 -1196 -1196 -1196 -1196 -1196 -1196 -1196 -1196 -1197 -1196 -1196 -1196 -1196 -1196 -1196 -1196 -1196 -1196 -1196 -1196 -1196 -1196 -1196 -1196 -1196 -1196 -1196 -1196 -1197 -1196 -1196 -1196 -1197 -1197 -1197 -1197 -1196 -1197 -1197 -1196 -1197 -1196 -1196 -1196 -1197 -1197 -1197 -1197 -1197 -1197 -1196 -1196 -1196 -1196 -1196 -1197 -1197 -1196 -1196 -1197 -1196 -1196 -1197 -1196 -1196 -1196 -1196 -1196 -1197 -1197 -1197 -1197 -1197 -1198 -1198 -1198 -1198 -1198 -1198 -1198 -1198 -1198 -1198 -1198 -1198 -1199 -1198 -1199 -1199 -1198 -1198 -1198 -1198 -1199 -1198 -1198 -1198 -1198 -1198 -1198 -1198 -1198 -1198 -1198 -1198 -1198 -1198 -1198 -1198 -1198 -1198 -1198 -1197 -1197 -1197 -1197 -1197 -1197 -1197 -1197 -1197 -1197 -1198 -1197 -1197 -1197 -1197 -1198 -1198 -1197 -1197 -1197 -1197 -1197 -1197 -1196 -1196 -1196 -1196 -1196 -1196 -1195 -1195 -1195 -1195 -1195 -1195 -1195 -1195 -1196 -1195 -1195 -1195 -1195 -1195 -1195 -1195 -1195 -1195 -1195 -1195 -1195 -1195 -1195 -1195 -1195 -1195 -1194 -1194 -1194 -1194 -1194 -1194 -1194 -1194 -1193 -1194 -1194 -1194 -1194 -1194 -1194 -1194 -1193 -1193 -1193 -1193 -1193 -1193 -1193 -1193 -1193 -1192 -1193 -1193 -1193 -1193
-1190 -1190 -1191 -1191 -1190 -1191 -1190 -1190 -1191 -1190 -1190 -1190 -1190 -1190 -1190 -1190 -1190 -1190 -1190 -1191 -1191 -1191 -1191 -1191 -1190 -1190 -1190 -1191 -1191 -1190 -1191 -1191 -1191 -1191 -1191 -1191 -1191 -1190 -1191 -1191 -1191 -1191 -1191 -1191 -1191 -1191 -1190 -1191 -1191 -1191 -1191 -1191 -1191 -1191 -1191 -1191 -1191 -1191 -1191 -1191 -1191 -1191 -1191 -1191 -1191 -1191 -1191 -1191 -1191 -1191 -1191 -1191 -1191 -1191 -1191 -1191 -1191 -1190 -1190 -1190 -1190 -1189 -1189 -1189 -1189 -1189 -1189 -1189 -1189 -1189 -1189 -1188 -1189 -1189 -1189 -1189 -1189 -1189 -1189 -1189 -1189 -1189 -1189 -1189 -1189 -1189 -1189 -1188 -1189 -1188 -1188 -1188 -1188 -1188 -1189 -1188 -1189 -1189 -1189 -1189 -1189 -1189 -1190 -1190 -1190 -1190 -1190 -1191 -1191 -1191 -1191 -1191 -1191 -1191 -1191 -1191 -1191 -1191 -1191 -1191 -1191 -1191 -1191 -1191 -1192 -1192 -1192 -1192 -1192 -1192 -1192 -1192 -1193 -1193 -1193 -1193 -1193 -1194 -1193 -1193 -1194 -1194 -1194 -1194 -1194 -1194 -1194 -1195 -1194 -1195 -1195 -1195 -1195 -1195 -1195 -1195 -1195 -1195 -1195 -1195 -1195 -1195 -1195 -1195 -1195 -1195 -1195 -1195 -1195 -1195 -1195 -1195 -1195 -1195 -1195 -1195 -1195 -1195 -1196 -1196 -1196 -1195 -1195 -1195 -1195 -1196 -1196 -1196 -1196 -1195 -1196 -1196 -1195 -1196 -1196 -1196 -1195 -1195 -1196 -1196 -1196 -1196 -1196 -1195 -1196 -1196 -1196 -1196 -1196 -1196 -1196 -1196 -1196 -1196 -1196 -1196 -1196 -1196 -1196 -1196 -1196 -1196 -1196 -1196 -1196 -1196 -1195 -1196 -1196 -1196 -1195 -1196 -1196 -1196 -1196 -1195
-1198 -1198 -1198 -1198 -1198 -1198 -1198 -1198 -1198 -1198 -1198 -1198 -1198 -1198 -1198 -1197 -1198 -1198 -1198 -1198 -1197 -1197 -1197 -1197 -1197 -1197 -1197 -1198 -1197 -1198 -1198 -1197 -1197 -1197 -1197 -1198 -1197 -1197 -1197 -1197 -1196 -1196 -1196 -1196 -1196 -1196 -1196 -1196 -1195 -1195 -1195 -1195 -1195 -1195 -1195 -1195 -1196 -1195 -1195 -1195 -1195 -1195 -1195 -1195 -1195 -1195 -1195 -1195 -1195 -1195 -1195 -1195 -1195 -1195 -1194 -1194 -1194 -1194 -1194 -1194 -1194 -1194 -1193 -1194 -1193 -1194 -1194 -1193 -1194 -1194 -1194 -1193 -1194 -1193 -1193 -1193 -1193 -1193 -1193 -1193 -1192 -1193 -1193 -1193 -1193 -1192 -1192 -1192 -1192 -1192 -1192 -1192 -1192 -1192 -1192 -1192 -1192 -1192 -1192 -1192 -1192 -1192 -1192 -1192 -1192 -1192 -1192 -1192 -1192 -1191 -1192 -1192 -1191 -1191 -1191 -1191 -1191 -1190 -1190 -1190 -1191 -1190 -1190 -1190 -1190 -1190 -1190 -1190 -1190 -1190 -1190 -1190 -1190 -1190 -1190 -1190 -1191 -1190 -1190 -1190 -1190 -1190 -1190 -1190 -1190 -1190 -1190 -1190 -1190 -1190 -1190 -1190 -1191 -1190 -1190 -1190 -1190 -1190 -1190 -1190 -1191 -1190 -1190 -1190 -1190 -1190 -1190 -1190 -1190 -1190 -1190 -1190 -1190 -1190 -1190 -1190 -1191 -1190 -1190 -1190 -1190 -1190 -1190 -1190 -1190 -1190 -1190 -1190 -1190 -1191 -1190 -1190 -1190 -1190 -1191 -1190 -1190 -1190 -1190 -1190 -1190 -1190 -1190 -1190 -1190 -1190 -1190 -1191 -1190 -1190 -1190 -1191 -1191 -1191 -1190 -1190 -1190 -1190 -1190 -1190 -1190 -1190 -1191 -1191 -1190 -1191 -1191 -1191 -1191 -1191 -1190 -1190 -1191 -1190 -1191 -1191
-1193 -1193 -1193 -1194 -1193 -1194 -1194 -1194 -1194 -1194 -1194 -1194 -1194 -1194 -1195 -1195 -1195 -1195 -1195 -1195 -1195 -1195 -1195 -1195 -1195 -1195 -1195 -1195 -1195 -1195 -1195 -1195 -1195 -1195 -1195 -1195 -1195 -1195 -1195 -1195 -1195 -1195 -1195 -1195 -1196 -1195 -1195 -1195 -1195 -1195 -1196 -1195 -1196 -1195 -1196 -1196 -1196 -1196 -1196 -1196 -1196 -1196 -1196 -1196 -1196 -1196 -1195 -1196 -1195 -1196 -1195 -1196 -1196 -1196 -1196 -1196 -1196 -1196 -1196 -1196 -1196 -1196 -1195 -1196 -1195 -1196 -1196 -1196 -1196 -1196 -1196 -1196 -1196 -1196 -1196 -1196 -1196 -1196 -1196 -1196 -1195 -1196 -1196 -1196 -1196 -1196 -1196 -1196 -1196 -1196 -1196 -1196 -1196 -1196 -1196 -1196 -1196 -1196 -1196 -1196 -1196 -1196 -1196 -1196 -1196 -1196 -1196 -1196 -1196 -1196 -1196 -1196 -1196 -1196 -1196 -1196 -1196 -1196 -1196 -1196 -1196 -1196 -1196 -1196 -1197 -1196 -1197 -1196 -1197 -1197 -1196 -1197 -1197 -1196 -1196 -1197 -1196 -1196 -1197 -1197 -1197 -1196 -1196 -1197 -1197 -1196 -1197 -1196 -1196 -1196 -1196 -1196 -1197 -1196 -1196 -1196 -1196 -1197 -1197 -1196 -1197 -1196 -1196 -1196 -1197 -1197 -1197 -1198 -1197 -1198 -1198 -1198 -1198 -1198 -1198 -1198 -1198 -1198 -1198 -1199 -1198 -1198 -1198 -1198 -1198 -1199 -1198 -1198 -1198 -1198 -1198 -1198 -1198 -1198 -1198 -1198 -1198 -1198 -1198 -1198 -1198 -1198 -1198 -1198 -1198 -1198 -1198 -1197 -1198 -1198 -1197 -1197 -1197 -1197 -1197 -1197 -1197 -1198 -1198 -1197 -1198 -1198 -1198 -1197 -1197 -1197 -1197 -1197 -1197 -1197 -1196 -1196 -1196 -1196 -1196 -1196
-1191 -1190 -1190 -1190 -1190 -1190 -1190 -1190 -1190 -1190 -1190 -1190 -1190 -1190 -1190 -1190 -1190 -1190 -1190 -1190 -1190 -1190 -1190 -1190 -1190 -1190 -1190 -1190 -1190 -1190 -1190 -1190 -1190 -1190 -1190 -1190 -1190 -1190 -1190 -1190 -1190 -1190 -1190 -1190 -1190 -1190 -1190 -1190 -1190 -1190 -1190 -1190 -1190 -1190 -1190 -1190 -1190 -1191 -1190 -1190 -1191 -1190 -1191 -1191 -1190 -1190 -1190 -1191 -1190 -1190 -1190 -1190 -1190 -1190 -1191 -1191 -1191 -1191 -1190 -1190 -1191 -1190 -1190 -1191 -1190 -1190 -1191 -1191 -1191 -1190 -1191 -1191 -1191 -1191 -1191 -1191 -1191 -1191 -1191 -1190 -1191 -1191 -1191 -1191 -1191 -1191 -1191 -1191 -1191 -1191 -1191 -1191 -1191 -1191 -1191 -1191 -1191 -1191 -1191 -1191 -1191 -1191 -1191 -1191 -1191 -1191 -1191 -1191 -1191 -1191 -1191 -1190 -1190 -1190 -1190 -1190 -1190 -1190 -1190 -1189 -1189 -1189 -1189 -1189 -1189 -1189 -1189 -1189 -1188 -1189 -1189 -1189 -1189 -1189 -1189 -1189 -1189 -1189 -1189 -1189 -1189 -1189 -1189 -1188 -1188 -1188 -1188 -1188 -1188 -1188 -1188 -1189 -1189 -1189 -1189 -1189 -1189 -1189 -1190 -1190 -1190 -1190 -1191 -1190 -1191 -1191 -1191 -1191 -1191 -1191 -1191 -1191 -1191 -1191 -1191 -1191 -1191 -1191 -1191 -1191 -1191 -1192 -1192 -1191 -1192 -1192 -1192 -1192 -1192 -1193 -1193 -1193 -1193 -1193 -1194 -1194 -1194 -1194 -1194 -1194 -1194 -1194 -1194 -1195 -1195 -1195 -1194 -1195 -1195 -1195 -1195 -1195 -1195 -1195 -1195 -1195 -1195 -1195 -1195 -1195 -1195 -1195 -1195 -1195 -1195 -1195 -1195 -1195 -1195 -1195 -1195 -1195 -1195 -1195 -1195 -1195
-1196 -1196 -1197 -1197 -1197 -1196 -1197 -1196 -1197 -1197 -1197 -1196 -1197 -1197 -1196 -1196 -1197 -1197 -1196 -1196 -1197 -1197 -1196 -1196 -1196 -1197 -1196 -1196 -1196 -1197 -1197 -1197 -1197 -1197 -1197 -1197 -1197 -1198 -1198 -1198 -1198 -1198 -1198 -1198 -1199 -1198 -1198 -1198 -1199 -1199 -1198 -1198 -1198 -1198 -1198 -1198 -1198 -1198 -1198 -1198 -1198 -1198 -1198 -1198 -1198 -1198 -1198 -1198 -1198 -1198 -1198 -1198 -1198 -1198 -1198 -1198 -1197 -1197 -1197 -1197 -1197 -1197 -1197 -1197 -1197 -1198 -1198 -1197 -1197 -1198 -1197 -1197 -1197 -1197 -1197 -1196 -1196 -1196 -1196 -1196 -1196 -1196 -1196 -1195 -1195 -1195 -1195 -1195 -1195 -1195 -1195 -1195 -1195 -1195 -1195 -1195 -1195 -1195 -1195 -1195 -1195 -1195 -1195 -1195 -1195 -1195 -1195 -1195 -1195 -1194 -1194 -1194 -1194 -1194 -1194 -1194 -1194 -1194 -1194 -1194 -1193 -1194 -1193 -1194 -1194 -1193 -1193 -1193 -1193 -1193 -1193 -1193 -1193 -1193 -1193 -1193 -1193 -1192 -1192 -1192 -1192 -1193 -1192 -1192 -1192 -1192 -1192 -1192 -1192 -1192 -1192 -1192 -1192 -1192 -1192 -1192 -1192 -1192 -1192 -1192 -1191 -1191 -1192 -1191 -1192 -1192 -1191 -1191 -1191 -1191 -1191 -1191 -1191 -1191 -1190 -1190 -1190 -1190 -1190 -1190 -1190 -1190 -1190 -1190 -1190 -1190 -1190 -1190 -1190 -1190 -1190 -1190 -1190 -1190 -1190 -1190 -1190 -1190 -1190 -1190 -1190 -1190 -1190 -1190 -1190 -1190 -1190 -1190 -1190 -1190 -1190 -1190 -1190 -1190 -1190 -1190 -1190 -1190 -1190 -1190 -1190 -1190 -1190 -1190 -1190 -1190 -1190 -1190 -1190 -1190 -1190 -1190 -1190 -1190 -1190 -1190
-1189 -1189 -1189 -1189 -1189 -1189 -1189 -1189 -1188 -1188 -1189 -1188 -1188 -1188 -1188 -1188 -1188 -1188 -1188 -1189 -1189 -1189 -1189 -1189 -1189 -1190 -1190 -1190 -1190 -1191 -1190 -1191 -1191 -1191 -1191 -1191 -1191 -1191 -1191 -1191 -1191 -1191 -1191 -1191 -1191 -1191 -1191 -1191 -1191 -1191 -1191 -1192 -1192 -1192 -1192 -1193 -1193 -1193 -1193 -1193 -1194 -1194 -1194 -1194 -1194 -1194 -1194 -1194 -1194 -1195 -1194 -1195 -1195 -1195 -1195 -1195 -1194 -1195 -1195 -1195 -1195 -1195 -1195 -1195 -1195 -1195 -1195 -1195 -1195 -1195 -1195 -1195 -1195 -1195 -1195 -1195 -1195 -1195 -1195 -1195 -1195 -1195 -1195 -1195 -1195 -1195 -1195 -1195 -1195 -1196 -1195 -1196 -1196 -1196 -1195 -1196 -1196 -1196 -1196 -1195 -1196 -1196 -1196 -1195 -1196 -1195 -1195 -1195 -1195 -1195 -1196 -1196 -1196 -1196 -1196 -1196 -1196 -1196 -1195 -1195 -1196 -1196 -1196 -1196 -1196 -1196 -1196 -1196 -1196 -1196 -1196 -1195 -1196 -1195 -1195 -1196 -1196 -1196 -1196 -1196 -1196 -1196 -1196 -1196 -1196 -1196 -1196 -1196 -1196 -1196 -1196 -1196 -1196 -1196 -1196 -1196 -1196 -1196 -1196 -1196 -1196 -1196 -1196 -1196 -1196 -1196 -1196 -1196 -1196 -1196 -1196 -1196 -1196 -1196 -1197 -1196 -1196 -1196 -1196 -1197 -1197 -1196 -1197 -1197 -1196 -1197 -1196 -1197 -1196 -1196 -1196 -1197 -1196 -1196 -1196 -1197 -1196 -1197 -1197 -1196 -1197 -1196 -1197 -1197 -1196 -1196 -1196 -1196 -1196 -1196 -1196 -1197 -1196 -1196 -1196 -1197 -1196 -1197 -1196 -1196 -1196 -1197 -1197 -1198 -1197 -1198 -1198 -1198 -1198 -1198 -1198 -1198 -1198 -1198 -1198 -1198
-1193 -1193 -1193 -1193 -1192 -1193 -1192 -1192 -1192 -1192 -1192 -1192 -1193 -1192 -1192 -1192 -1192 -1192 -1192 -1192 -1192 -1192 -1192 -1192 -1192 -1192 -1191 -1192 -1191 -1191 -1191 -1192 -1191 -1191 -1191 -1191 -1191 -1191 -1191 -1190 -1190 -1190 -1191 -1190 -1190 -1190 -1190 -1190 -1190 -1190 -1190 -1190 -1190 -1190 -1190 -1190 -1190 -1190 -1190 -1190 -1190 -1190 -1190 -1190 -1190 -1190 -1190 -1190 -1190 -1190 -1190 -1190 -1190 -1190 -1190 -1190 -1190 -1190 -1190 -1190 -1190 -1190 -1190 -1190 -1190 -1190 -1190 -1190 -1190 -1190 -1190 -1190 -1190 -1190 -1190 -1190 -1190 -1190 -1190 -1190 -1190 -1190 -1190 -1190 -1190 -1190 -1190 -1190 -1190 -1190 -1190 -1190 -1190 -1190 -1190 -1190 -1190 -1190 -1191 -1190 -1191 -1190 -1190 -1190 -1190 -1190 -1190 -1190 -1190 -1191 -1191 -1190 -1190 -1191 -1190 -1191 -1191 -1190 -1190 -1190 -1191 -1190 -1190 -1190 -1191 -1190 -1191 -1191 -1191 -1191 -1191 -1190 -1191 -1191 -1191 -1191 -1191 -1191 -1190 -1190 -1191 -1191 -1191 -1191 -1191 -1191 -1190 -1191 -1191 -1191 -1191 -1191 -1191 -1191 -1191 -1191 -1191 -1191 -1191 -1190 -1191 -1191 -1191 -1191 -1191 -1191 -1191 -1191 -1191 -1190 -1190 -1190 -1190 -1190 -1189 -1189 -1189 -1189 -1188 -1189 -1189 -1189 -1188 -1189 -1188 -1189 -1189 -1188 -1189 -1189 -1189 -1189 -1189 -1189 -1189 -1189 -1189 -1188 -1189 -1189 -1188 -1188 -1188 -1188 -1188 -1188 -1188 -1188 -1188 -1189 -1189 -1189 -1189 -1189 -1190 -1190 -1190 -1190 -1190 -1191 -1191 -1191 -1191 -1191 -1191 -1191 -1191 -1191 -1191 -1191 -1191 -1191 -1191 -1191 -1191 -1191
-1195 -1196 -1196 -1196 -1196 -1196 -1196 -1196 -1196 -1196 -1196 -1196 -1196 -1196 -1196 -1196 -1196 -1196 -1196 -1196 -1196 -1196 -1196 -1196 -1196 -1196 -1196 -1196 -1196 -1196 -1196 -1196 -1196 -1196 -1196 -1196 -1196 -1196 -1196 -1196 -1196 -1196 -1196 -1197 -1196 -1197 -1196 -1197 -1196 -1196 -1197 -1197 -1197 -1196 -1196 -1196 -1197 -1196 -1196 -1197 -1196 -1197 -1197 -1197 -1197 -1197 -1196 -1197 -1197 -1197 -1197 -1197 -1196 -1197 -1196 -1196 -1197 -1196 -1196 -1196 -1196 -1196 -1197 -1196 -1196 -1197 -1196 -1197 -1197 -1197 -1197 -1198 -1198 -1198 -1198 -1198 -1198 -1198 -1198 -1198 -1198 -1198 -1199 -1198 -1198 -1198 -1199 -1199 -1198 -1198 -1199 -1198 -1199 -1198 -1198 -1198 -1198 -1199 -1198 -1198 -1198 -1198 -1198 -1198 -1198 -1198 -1197 -1198 -1198 -1198 -1198 -1197 -1197 -1197 -1197 -1197 -1197 -1197 -1197 -1197 -1197 -1198 -1198 -1197 -1197 -1197 -1197 -1197 -1197 -1197 -1197 -1197 -1197 -1196 -1196 -1196 -1196 -1196 -1196 -1195 -1196 -1195 -1195 -1195 -1195 -1195 -1195 -1195 -1195 -1195 -1195 -1195 -1195 -1195 -1195 -1195 -1195 -1195 -1195 -1195 -1195 -1195 -1195 -1195 -1195 -1194 -1194 -1194 -1194 -1194 -1194 -1194 -1194 -1194 -1194 -1194 -1194 -1193 -1194 -1193 -1194 -1194 -1193 -1193 -1193 -1193 -1193 -1193 -1193 -1192 -1193 -1193 -1193 -1192 -1193 -1193 -1193 -1193 -1192 -1192 -1192 -1192 -1192 -1192 -1192 -1192 -1192 -1192 -1192 -1192 -1192 -1192 -1192 -1192 -1192 -1192 -1192 -1192 -1192 -1192 -1192 -1191 -1191 -1191 -1192 -1191 -1191 -1191 -1190 -1190 -1191 -1190 -1190 -1190 -1190 -1190
-1190 -1191 -1191 -1191 -1190 -1191 -1191 -1191 -1191 -1191 -1191 -1191 -1191 -1191 -1191 -1191 -1191 -1191 -1191 -1191 -1191 -1191 -1191 -1191 -1191 -1191 -1191 -1191 -1191 -1191 -1191 -1191 -1191 -1190 -1191 -1191 -1190 -1190 -1190 -1190 -1190 -1189 -1189 -1189 -1189 -1189 -1189 -1189 -1189 -1189 -1189 -1189 -1189 -1189 -1189 -1189 -1189 -1189 -1189 -1189 -1189 -1189 -1189 -1189 -1189 -1188 -1188 -1188 -1188 -1188 -1188 -1188 -1188 -1188 -1188 -1188 -1189 -1189 -1189 -1189 -1189 -1190 -1190 -1190 -1190 -1190 -1190 -1191 -1191 -1191 -1191 -1191 -1191 -1191 -1191 -1191 -1191 -1191 -1191 -1191 -1191 -1191 -1192 -1192 -1192 -1191 -1192 -1192 -1192 -1192 -1192 -1193 -1193 -1193 -1193 -1193 -1193 -1193 -1194 -1194 -1194 -1194 -1194 -1194 -1194 -1194 -1195 -1195 -1195 -1195 -1195 -1194 -1195 -1195 -1195 -1195 -1195 -1195 -1195 -1195 -1195 -1195 -1195 -1194 -1195 -1195 -1195 -1195 -1195 -1195 -1195 -1195 -1195 -1195 -1195 -1195 -1195 -1195 -1195 -1195 -1195 -1195 -1195 -1195 -1196 -1196 -1195 -1195 -1196 -1196 -1196 -1195 -1196 -1195 -1196 -1196 -1196 -1196 -1196 -1196 -1196 -1196 -1195 -1196 -1195 -1195 -1196 -1196 -1196 -1196 -1196 -1196 -1196 -1195 -1196 -1196 -1195 -1196 -1195 -1196 -1196 -1196 -1196 -1196 -1196 -1196 -1196 -1196 -1196 -1196 -1195 -1196 -1196 -1196 -1196 -1196 -1196 -1196 -1196 -1196 -1196 -1196 -1196 -1196 -1196 -1196 -1196 -1196 -1196 -1196 -1196 -1196 -1196 -1196 -1197 -1196 -1196 -1196 -1196 -1196 -1196 -1196 -1196 -1196 -1196 -1196 -1196 -1196 -1196 -1196 -1196 -1196 -1196 -1196 -1196 -1196
-1196 -1196 -1197 -1196 -1196 -1196 -1195 -1196 -1195 -1195 -1195 -1195 -1195 -1195 -1196 -1195 -1196 -1195 -1195 -1195 -1195 -1195 -1195 -1195 -1195 -1195 -1195 -1195 -1195 -1195 -1195 -1195 -1194 -1194 -1194 -1194 -1194 -1194 -1194 -1194 -1194 -1194 -1193 -1193 -1194 -1193 -1193 -1194 -1194 -1194 -1193 -1193 -1193 -1193 -1192 -1193 -1193 -1193 -1193 -1193 -1193 -1193 -1192 -1192 -1193 -1192 -1192 -1192 -1192 -1192 -1192 -1192 -1192 -1192 -1192 -1192 -1192 -1192 -1192 -1192 -1192 -1192 -1192 -1192 -1192 -1191 -1191 -1192 -1192 -1192 -1191 -1191 -1191 -1191 -1191 -1191 -1191 -1190 -1190 -1190 -1190 -1190 -1190 -1190 -1190 -1190 -1190 -1190 -1190 -1190 -1190 -1190 -1190 -1190 -1190 -1190 -1190 -1190 -1190 -1190 -1190 -1190 -1190 -1190 -1190 -1190 -1190 -1190 -1190 -1190 -1190 -1190 -1190 -1190 -1190 -1190 -1190 -1190 -1190 -1190 -1190 -1190 -1190 -1190 -1190 -1190 -1190 -1190 -1190 -1190 -1190 -1190 -1190 -1190 -1190 -1190 -1190 -1190 -1190 -1190 -1190 -1190 -1190 -1190 -1190 -1190 -1190 -1190 -1190 -1190 -1191 -1190 -1191 -1191 -1191 -1190 -1190 -1191 -1191 -1190 -1190 -1190 -1190 -1190 -1191 -1190 -1190 -1190 -1191 -1190 -1190 -1191 -1191 -1190 -1191 -1191 -1190 -1190 -1190 -1191 -1190 -1190 -1190 -1191 -1191 -1190 -1190 -1191 -1191 -1191 -1191 -1191 -1191 -1191 -1190 -1191 -1191 -1190 -1191 -1191 -1191 -1191 -1191 -1191 -1190 -1191 -1191 -1191 -1191 -1190 -1191 -1191 -1191 -1191 -1191 -1191 -1191 -1191 -1191 -1191 -1191 -1191 -1191 -1191 -1190 -1190 -1190 -1190 -1190 -1190 -1189 -1189 -1189 -1189 -1189 -1189
-1194 -1195 -1196 -1196 -1195 -1196 -1195 -1195 -1195 -1195 -1196 -1195 -1195 -1196 -1195 -1196 -1196 -1196 -1196 -1196 -1195 -1195 -1196 -1196 -1196 -1195 -1196 -1195 -1195 -1196 -1195 -1196 -1196 -1196 -1196 -1196 -1196 -1196 -1196 -1196 -1196 -1196 -1196 -1195 -1195 -1196 -1196 -1196 -1196 -1196 -1196 -1196 -1196 -1196 -1196 -1196 -1195 -1196 -1196 -1196 -1195 -1196 -1196 -1196 -1196 -1196 -1196 -1196 -1196 -1196 -1196 -1196 -1196 -1196 -1196 -1196 -1196 -1196 -1196 -1196 -1196 -1196 -1196 -1196 -1196 -1196 -1196 -1196 -1196 -1196 -1196 -1196 -1196 -1196 -1196 -1196 -1196 -1196 -1196 -1196 -1196 -1196 -1196 -1196 -1197 -1197 -1196 -1196 -1197 -1196 -1196 -1197 -1197 -1196 -1197 -1197 -1196 -1196 -1196 -1196 -1197 -1196 -1197 -1196 -1196 -1196 -1196 -1197 -1197 -1196 -1196 -1196 -1196 -1196 -1197 -1196 -1196 -1196 -1196 -1196 -1197 -1196 -1196 -1197 -1197 -1197 -1198 -1198 -1198 -1198 -1198 -1198 -1198 -1198 -1199 -1198 -1198 -1198 -1199 -1198 -1199 -1199 -1198 -1199 -1199 -1198 -1198 -1198 -1198 -1198 -1198 -1198 -1198 -1198 -1198 -1198 -1198 -1198 -1198 -1198 -1198 -1198 -1198 -1198 -1198 -1198 -1198 -1197 -1197 -1197 -1197 -1197 -1197 -1197 -1197 -1197 -1197 -1197 -1198 -1197 -1198 -1197 -1198 -1197 -1197 -1197 -1197 -1197 -1197 -1197 -1196 -1196 -1196 -1196 -1196 -1195 -1195 -1195 -1195 -1195 -1195 -1195 -1195 -1195 -1195 -1195 -1195 -1195 -1195 -1195 -1195 -1195 -1195 -1195 -1195 -1195 -1195 -1195 -1195 -1195 -1195 -1195 -1194 -1194 -1194 -1194 -1194 -1194 -1194 -1194 -1194 -1194 -1194 -1194 -1194 -1193
-1190 -1190 -1190 -1190 -1190 -1190 -1190 -1190 -1190 -1190 -1190 -1190 -1190 -1190 -1190 -1191 -1191 -1190 -1191 -1190 -1190 -1190 -1190 -1190 -1190 -1190 -1190 -1190 -1190 -1190 -1190 -1190 -1190 -1190 -1191 -1190 -1191 -1191 -1191 -1190 -1191 -1191 -1190 -1190 -1190 -1190 -1191 -1191 -1191 -1191 -1191 -1191 -1191 -1191 -1191 -1191 -1191 -1191 -1191 -1190 -1191 -1191 -1191 -1191 -1191 -1191 -1191 -1191 -1191 -1191 -1191 -1191 -1191 -1191 -1191 -1191 -1191 -1191 -1191 -1191 -1191 -1191 -1191 -1191 -1191 -1191 -1191 -1191 -1191 -1191 -1191 -1191 -1190 -1190 -1190 -1190 -1189 -1189 -1189 -1189 -1189 -1189 -1189 -1189 -1188 -1188 -1188 -1189 -1189 -1188 -1188 -1189 -1189 -1189 -1189 -1189 -1189 -1189 -1189 -1189 -1189 -1189 -1188 -1189 -1188 -1188 -1188 -1188 -1188 -1188 -1188 -1189 -1188 -1189 -1189 -1189 -1189 -1190 -1190 -1190 -1190 -1190 -1191 -1191 -1191 -1191 -1191 -1191 -1191 -1191 -1191 -1191 -1191 -1191 -1191 -1191 -1192 -1191 -1191 -1191 -1192 -1192 -1192 -1192 -1192 -1192 -1192 -1193 -1193 -1193 -1193 -1193 -1193 -1193 -1194 -1194 -1194 -1194 -1194 -1194 -1194 -1194 -1194 -1195 -1195 -1194 -1195 -1195 -1195 -1195 -1195 -1195 -1195 -1195 -1195 -1195 -1195 -1195 -1195 -1195 -1195 -1195 -1195 -1195 -1195 -1195 -1195 -1195 -1195 -1195 -1195 -1195 -1195 -1195 -1196 -1195 -1195 -1196 -1195 -1195 -1195 -1196 -1195 -1196 -1195 -1196 -1196 -1195 -1195 -1196 -1195 -1196 -1196 -1195 -1196 -1195 -1195 -1196 -1196 -1195 -1196 -1195 -1196 -1196 -1196 -1196 -1196 -1195 -1195 -1196 -1196 -1196 -1196 -1196 -1196 -1196
-1198 -1198 -1198 -1199 -1198 -1199 -1199 -1199 -1198 -1199 -1199 -1199 -1198 -1198 -1198 -1198 -1198 -1198 -1198 -1198 -1198 -1198 -1198 -1198 -1198 -1198 -1198 -1198 -1198 -1198 -1198 -1198 -1198 -1197 -1197 -1197 -1197 -1197 -1197 -1197 -1197 -1197 -1197 -1198 -1197 -1197 -1197 -1198 -1197 -1198 -1197 -1197 -1197 -1197 -1197 -1197 -1196 -1196 -1196 -1196 -1196 -1196 -1195 -1195 -1195 -1195 -1195 -1195 -1195 -1196 -1195 -1195 -1195 -1195 -1195 -1195 -1195 -1195 -1195 -1195 -1195 -1195 -1195 -1195 -1195 -1195 -1194 -1195 -1194 -1194 -1194 -1194 -1194 -1194 -1194 -1193 -1193 -1194 -1194 -1194 -1194 -1193 -1194 -1194 -1193 -1193 -1193 -1193 -1193 -1193 -1193 -1193 -1193 -1193 -1193 -1193 -1192 -1192 -1193 -1193 -1193 -1192 -1192 -1192 -1192 -1192 -1192 -1192 -1192 -1192 -1192 -1192 -1192 -1192 -1192 -1192 -1192 -1192 -1192 -1192 -1192 -1192 -1192 -1191 -1192 -1192 -1192 -1191 -1191 -1191 -1191 -1191 -1191 -1190 -1190 -1190 -1190 -1190 -1190 -1190 -1190 -1190 -1190 -1190 -1190 -1190 -1190 -1190 -1190 -1190 -1190 -1190 -1190 -1190 -1190 -1190 -1190 -1190 -1190 -1190 -1190 -1190 -1190 -1190 -1190 -1190 -1190 -1190 -1190 -1190 -1190 -1190 -1190 -1190 -1190 -1190 -1190 -1190 -1190 -1190 -1190 -1190 -1190 -1190 -1190 -1190 -1190 -1190 -1190 -1190 -1190 -1190 -1190 -1190 -1190 -1190 -1190 -1190 -1190 -1190 -1190 -1190 -1190 -1190 -1190 -1190 -1190 -1190 -1190 -1190 -1190 -1190 -1190 -1190 -1190 -1190 -1190 -1190 -1190 -1190 -1190 -1191 -1190 -1191 -1190 -1191 -1190 -1191 -1191 -1191 -1190 -1190 -1190 -1190 -1190 -1191
-1191 -1191 -1191 -1192 -1192 -1191 -1191 -1192 -1192 -1192 -1192 -1192 -1192 -1192 -1193 -1193 -1193 -1193 -1193 -1193 -1194 -1194 -1194 -1194 -1194 -1194 -1194 -1194 -1195 -1195 -1195 -1195 -1195 -1195 -1195 -1195 -1195 -1195 -1195 -1195 -1195 -1195 -1194 -1195 -1195 -1195 -1195 -1195 -1195 -1195 -1195 -1195 -1195 -1195 -1195 -1195 -1195 -1195 -1195 -1195 -1195 -1195 -1196 -1195 -1195 -1195 -1196 -1196 -1196 -1196 -1196 -1195 -1195 -1196 -1196 -1196 -1196 -1196 -1196 -1195 -1196 -1196 -1196 -1196 -1196 -1196 -1195 -1195 -1196 -1196 -1196 -1196 -1196 -1196 -1196 -1196 -1195 -1195 -1195 -1195 -1196 -1196 -1196 -1196 -1196 -1196 -1196 -1196 -1196 -1195 -1196 -1196 -1196 -1195 -1196 -1196 -1196 -1196 -1196 -1196 -1196 -1196 -1196 -1196 -1196 -1196 -1196 -1196 -1196 -1196 -1196 -1196 -1196 -1196 -1196 -1196 -1196 -1196 -1196 -1196 -1196 -1196 -1196 -1196 -1196 -1196 -1196 -1196 -1196 -1196 -1196 -1197 -1196 -1196 -1196 -1196 -1196 -1197 -1196 -1197 -1197 -1197 -1196 -1196 -1196 -1196 -1196 -1196 -1196 -1196 -1196 -1196 -1196 -1196 -1196 -1196 -1197 -1196 -1197 -1196 -1196 -1196 -1197 -1197 -1196 -1197 -1197 -1197 -1196 -1196 -1196 -1196 -1197 -1197 -1197 -1196 -1197 -1196 -1196 -1197 -1197 -1197 -1198 -1197 -1198 -1198 -1198 -1198 -1198 -1198 -1198 -1198 -1199 -1198 -1198 -1199 -1199 -1199 -1199 -1198 -1198 -1198 -1198 -1198 -1198 -1198 -1198 -1198 -1198 -1198 -1198 -1198 -1198 -1198 -1198 -1198 -1198 -1198 -1198 -1198 -1197 -1198 -1198 -1198 -1197 -1197 -1197 -1197 -1197 -1197 -1197 -1197 -1197 -1197 -1197 -1197
-1191 -1190 -1191 -1190 -1190 -1190 -1190 -1190 -1190 -1190 -1190 -1190 -1190 -1190 -1190 -1190 -1190 -1190 -1190 -1190 -1190 -1190 -1190 -1190 -1190 -1190 -1190 -1190 -1190 -1190 -1190 -1190 -1190 -1190 -1190 -1190 -1190 -1190 -1190 -1190 -1190 -1190 -1190 -1190 -1190 -1190 -1190 -1190 -1190 -1190 -1190 -1190 -1190 -1190 -1190 -1190 -1190 -1190 -1190 -1190 -1190 -1190 -1190 -1190 -1190 -1190 -1190 -1190 -1190 -1190 -1190 -1190 -1190 -1191 -1190 -1190 -1190 -1190 -1191 -1190 -1190 -1190 -1190 -1190 -1190 -1190 -1190 -1190 -1190 -1191 -1190 -1191 -1190 -1190 -1190 -1190 -1190 -1191 -1191 -1190 -1191 -1191 -1191 -1191 -1190 -1191 -1191 -1191 -1191 -1191 -1191 -1191 -1190 -1191 -1191 -1191 -1190 -1191 -1190 -1191 -1191 -1191 -1191 -1191 -1191 -1191 -1191 -1191 -1191 -1191 -1190 -1191 -1191 -1191 -1191 -1191 -1191 -1191 -1191 -1191 -1191 -1191 -1191 -1191 -1191 -1191 -1191 -1191 -1190 -1190 -1190 -1190 -1189 -1190 -1189 -1189 -1189 -1189 -1189 -1189 -1188 -1189 -1189 -1189 -1189 -1189 -1189 -1189 -1189 -1189 -1189 -1189 -1189 -1189 -1189 -1189 -1189 -1189 -1188 -1188 -1188 -1188 -1188 -1188 -1188 -1189 -1188 -1188 -1188 -1189 -1189 -1189 -1189 -1189 -1190 -1190 -1190 -1190 -1190 -1191 -1191 -1191 -1191 -1191 -1191 -1191 -1191 -1191 -1191 -1191 -1191 -1191 -1191 -1191 -1191 -1191 -1191 -1191 -1192 -1192 -1192 -1192 -1192 -1192 -1193 -1193 -1193 -1193 -1193 -1194 -1193 -1194 -1194 -1194 -1194 -1194 -1194 -1194 -1195 -1194 -1195 -1195 -1195 -1195 -1195 -1195 -1195 -1195 -1195 -1194 -1194 -1195 -1195 -1195 -1195 -1195
-1196 -1196 -1197 -1197 -1196 -1196 -1196 -1197 -1196 -1197 -1196 -1197 -1196 -1197 -1196 -1196 -1196 -1196 -1196 -1197 -1196 -1197 -1196 -1196 -1197 -1196 -1197 -1196 -1197 -1196 -1196 -1196 -1197 -1197 -1197 -1196 -1196 -1196 -1197 -1196 -1196 -1196 -1196 -1196 -1197 -1197 -1197 -1197 -1197 -1197 -1197 -1198 -1198 -1198 -1198 -1198 -1198 -1198 -1198 -1198 -1198 -1198 -1199 -1199 -1198 -1199 -1198 -1198 -1198 -1198 -1198 -1198 -1198 -1198 -1198 -1198 -1198 -1198 -1198 -1198 -1198 -1198 -1198 -1198 -1198 -1198 -1198 -1198 -1198 -1197 -1197 -1198 -1198 -1197 -1197 -1197 -1197 -1197 -1197 -1197 -1197 -1197 -1197 -1197 -1197 -1197 -1197 -1197 -1197 -1197 -1196 -1197 -1196 -1196 -1197 -1196 -1196 -1196 -1196 -1195 -1195 -1195 -1195 -1195 -1195 -1195 -1195 -1196 -1195 -1195 -1195 -1195 -1195 -1195 -1195 -1195 -1195 -1195 -1195 -1195 -1195 -1195 -1195 -1195 -1194 -1194 -1194 -1194 -1194 -1194 -1194 -1194 -1193 -1194 -1194 -1193 -1193 -1193 -1194 -1194 -1193 -1193 -1193 -1193 -1193 -1193 -1193 -1193 -1193 -1193 -1193 -1193 -1192 -1193 -1193 -1192 -1192 -1192 -1192 -1192 -1192 -1192 -1192 -1192 -1192 -1192 -1192 -1192 -1192 -1192 -1192 -1192 -1192 -1191 -1192 -1192 -1191 -1191 -1192 -1192 -1191 -1191 -1191 -1191 -1191 -1191 -1191 -1191 -1191 -1190 -1190 -1190 -1190 -1190 -1190 -1190 -1190 -1190 -1190 -1190 -1190 -1190 -1190 -1190 -1190 -1190 -1190 -1190 -1190 -1190 -1190 -1190 -1190 -1190 -1190 -1190 -1190 -1190 -1190 -1190 -1190 -1190 -1190 -1190 -1190 -1190 -1190 -1190 -1191 -1190 -1190 -1190 -1190 -1190 -1190 -1190
-1189 -1189 -1189 -1189 -1189 -1189 -1189 -1188 -1189 -1188 -1188 -1188 -1188 -1188 -1188 -1188 -1189 -1189 -1189 -1189 -1189 -1189 -1189 -1189 -1189 -1188 -1189 -1188 -1188 -1188 -1188 -1188 -1188 -1188 -1189 -1189 -1189 -1189 -1189 -1189 -1189 -1190 -1190 -1190 -1191 -1190 -1191 -1191 -1191 -1190 -1191 -1191 -1191 -1191 -1191 -1191 -1191 -1191 -1191 -1191 -1191 -1191 -1192 -1191 -1192 -1192 -1192 -1192 -1192 -1192 -1192 -1193 -1193 -1193 -1193 -1193 -1194 -1194 -1194 -1194 -1194 -1194 -1194 -1195 -1194 -1195 -1195 -1194 -1195 -1194 -1195 -1195 -1195 -1195 -1195 -1195 -1195 -1195 -1195 -1195 -1195 -1195 -1195 -1195 -1195 -1195 -1195 -1195 -1195 -1195 -1195 -1195 -1195 -1195 -1195 -1195 -1195 -1196 -1196 -1196 -1195 -1195 -1195 -1196 -1195 -1196 -1195 -1196 -1195 -1196 -1196 -1196 -1195 -1196 -1195 -1195 -1195 -1196 -1196 -1195 -1195 -1195 -1195 -1196 -1195 -1196 -1196 -1196 -1195 -1196 -1196 -1196 -1196 -1195 -1196 -1196 -1196 -1196 -1196 -1196 -1196 -1196 -1196 -1196 -1196 -1196 -1195 -1195 -1196 -1196 -1196 -1196 -1196 -1195 -1196 -1196 -1196 -1196 -1196 -1196 -1196 -1196 -1196 -1196 -1196 -1196 -1196 -1196 -1196 -1196 -1196 -1196 -1196 -1196 -1196 -1196 -1196 -1196 -1196 -1196 -1196 -1196 -1196 -1196 -1196 -1196 -1196 -1196 -1196 -1196 -1196 -1196 -1197 -1196 -1196 -1197 -1196 -1197 -1196 -1196 -1197 -1196 -1196 -1196 -1196 -1196 -1197 -1196 -1196 -1197 -1197 -1196 -1196 -1197 -1196 -1197 -1196 -1196 -1197 -1197 -1196 -1197 -1196 -1197 -1196 -1196 -1196 -1196 -1196 -1196 -1196 -1197 -1196 -1196 -1196 -1196
-1194 -1194 -1194 -1194 -1194 -1194 -1193 -1194 -1194 -1193 -1193 -1193 -1193 -1193 -1193 -1193 -1193 -1193 -1193 -1192 -1193 -1193 -1192 -1193 -1192 -1192 -1192 -1193 -1192 -1192 -1192 -1192 -1192 -1192 -1192 -1192 -1192 -1192 -1192 -1192 -1192 -1192 -1192 -1192 -1192 -1192 -1191 -1191 -1191 -1191 -1191 -1191 -1191 -1191 -1191 -1191 -1190 -1190 -1190 -1190 -1190 -1190 -1190 -1190 -1190 -1190 -1190 -1190 -1190 -1190 -1190 -1190 -1190 -1190 -1190 -1190 -1190 -1190 -1190 -1190 -1190 -1190 -1190 -1190 -1190 -1190 -1190 -1190 -1190 -1190 -1190 -1190 -1190 -1190 -1190 -1190 -1190 -1190 -1190 -1190 -1190 -1190 -1190 -1190 -1190 -1190 -1190 -1190 -1190 -1190 -1190 -1190 -1190 -1190 -1190 -1191 -1190 -1190 -1190 -1190 -1190 -1190 -1190 -1190 -1190 -1190 -1190 -1190 -1190 -1191 -1190 -1190 -1190 -1191 -1190 -1190 -1190 -1191 -1190 -1190 -1190 -1190 -1190 -1190 -1190 -1191 -1190 -1190 -1191 -1191 -1191 -1190 -1190 -1190 -1191 -1190 -1191 -1190 -1191 -1190 -1190 -1191 -1191 -1190 -1191 -1191 -1190 -1190 -1191 -1191 -1191 -1191 -1191 -1191 -1191 -1191 -1190 -1190 -1191 -1191 -1191 -1191 -1191 -1191 -1191 -1191 -1191 -1191 -1191 -1191 -1191 -1191 -1191 -1191 -1191 -1191 -1191 -1191 -1191 -1191 -1191 -1191 -1191 -1191 -1190 -1190 -1190 -1190 -1189 -1190 -1189 -1189 -1189 -1189 -1189 -1189 -1189 -1189 -1188 -1189 -1188 -1188 -1189 -1189 -1189 -1189 -1189 -1189 -1189 -1189 -1189 -1188 -1189 -1189 -1188 -1188 -1188 -1188 -1188 -1188 -1188 -1188 -1188 -1188 -1189 -1189 -1189 -1189 -1189 -1190 -1190 -1190 -1190 -1190 -1190 -1191
-1195 -1196 -1196 -1196 -1196 -1196 -1196 -1196 -1196 -1196 -1196 -1196 -1196 -1195 -1196 -1195 -1196 -1195 -1196 -1195 -1196 -1196 -1196 -1196 -1196 -1196 -1196 -1196 -1196 -1196 -1196 -1196 -1196 -1196 -1196 -1196 -1196 -1196 -1196 -1196 -1196 -1196 -1196 -1196 -1196 -1196 -1196 -1196 -1196 -1196 -1196 -1196 -1196 -1196 -1196 -1196 -1196 -1197 -1196 -1196 -1196 -1197 -1196 -1197 -1196 -1196 -1196 -1196 -1196 -1197 -1196 -1196 -1196 -1196 -1197 -1196 -1197 -1196 -1197 -1196 -1196 -1197 -1196 -1197 -1197 -1196 -1197 -1196 -1196 -1196 -1197 -1196 -1197 -1196 -1196 -1196 -1196 -1197 -1197 -1197 -1197 -1197 -1197 -1197 -1197 -1198 -1198 -1198 -1198 -1198 -1198 -1198 -1198 -1198 -1198 -1199 -1199 -1198 -1198 -1199 -1198 -1198 -1199 -1198 -1199 -1198 -1198 -1198 -1198 -1198 -1198 -1198 -1198 -1198 -1198 -1198 -1198 -1198 -1198 -1198 -1198 -1198 -1198 -1198 -1198 -1198 -1197 -1197 -1197 -1197 -1197 -1197 -1197 -1197 -1197 -1197 -1198 -1197 -1197 -1197 -1197 -1197 -1197 -1197 -1197 -1197 -1197 -1197 -1196 -1196 -1196 -1196 -1195 -1196 -1196 -1196 -1195 -1195 -1195 -1195 -1195 -1195 -1195 -1195 -1195 -1195 -1195 -1195 -1196 -1195 -1195 -1195 -1195 -1195 -1195 -1195 -1195 -1195 -1195 -1195 -1195 -1194 -1194 -1194 -1194 -1194 -1194 -1194 -1194 -1194 -1193 -1194 -1193 -1194 -1193 -1193 -1193 -1194 -1193 -1193 -1193 -1193 -1193 -1193 -1193 -1193 -1193 -1193 -1192 -1192 -1192 -1192 -1192 -1192 -1192 -1192 -1192 -1192 -1192 -1192 -1192 -1192 -1192 -1192 -1192 -1192 -1192 -1192 -1192 -1192 -1192 -1192 -1192 -1191 -1192 -1191
-1190 -1191 -1191 -1191 -1191 -1190 -1190 -1190 -1191 -1190 -1191 -1191 -1191 -1190 -1191 -1191 -1191 -1190 -1191 -1191 -1191 -1191 -1191 -1191 -1191 -1191 -1191 -1191 -1191 -1191 -1190 -1191 -1191 -1191 -1191 -1191 -1191 -1191 -1191 -1191 -1191 -1191 -1191 -1191 -1191 -1191 -1191 -1191 -1191 -1191 -1191 -1190 -1190 -1190 -1190 -1189 -1189 -1189 -1189 -1189 -1189 -1189 -1189 -1189 -1189 -1189 -1189 -1188 -1189 -1189 -1189 -1189 -1189 -1189 -1189 -1189 -1189 -1189 -1189 -1189 -1189 -1189 -1188 -1188 -1188 -1188 -1188 -1188 -1188 -1188 -1189 -1189 -1189 -1189 -1189 -1189 -1190 -1190 -1190 -1190 -1190 -1191 -1190 -1191 -1191 -1191 -1191 -1191 -1191 -1191 -1191 -1191 -1191 -1191 -1191 -1191 -1191 -1191 -1191 -1191 -1191 -1191 -1191 -1192 -1192 -1192 -1192 -1193 -1193 -1193 -1193 -1193 -1193 -1194 -1194 -1194 -1194 -1194 -1194 -1194 -1195 -1195 -1195 -1195 -1195 -1195 -1195 -1194 -1195 -1195 -1195 -1195 -1195 -1195 -1195 -1195 -1195 -1195 -1195 -1195 -1195 -1195 -1195 -1195 -1195 -1195 -1195 -1195 -1195 -1195 -1195 -1195 -1195 -1196 -1195 -1195 -1195 -1195 -1195 -1196 -1195 -1195 -1196 -1195 -1196 -1196 -1195 -1195 -1195 -1196 -1195 -1195 -1196 -1195 -1196 -1196 -1195 -1196 -1195 -1196 -1196 -1196 -1196 -1196 -1196 -1196 -1196 -1196 -1196 -1196 -1196 -1196 -1196 -1196 -1196 -1196 -1196 -1196 -1196 -1196 -1196 -1196 -1196 -1196 -1196 -1196 -1196 -1196 -1196 -1196 -1196 -1196 -1196 -1196 -1196 -1196 -1196 -1196 -1196 -1196 -1196 -1196 -1196 -1196 -1196 -1196 -1196 -1196 -1196 -1196 -1196 -1196 -1196 -1196 -1196 -1196
-1197 -1197 -1198 -1198 -1197 -1198 -1197 -1197 -1197 -1197 -1197 -1197 -1197 -1197 -1197 -1196 -1196 -1196 -1196 -1196 -1195 -1196 -1195 -1196 -1195 -1195 -1195 -1195 -1195 -1195 -1195 -1195 -1195 -1195 -1195 -1195 -1195 -1195 -1195 -1195 -1195 -1195 -1195 -1195 -1195 -1195 -1195 -1195 -1194 -1194 -1194 -1194 -1194 -1194 -1194 -1194 -1194 -1194 -1194 -1194 -1193 -1194 -1194 -1193 -1194 -1193 -1193 -1193 -1193 -1193 -1193 -1193 -1193 -1193 -1193 -1192 -1193 -1193 -1192 -1193 -1192 -1192 -1192 -1193 -1192 -1192 -1192 -1192 -1192 -1192 -1192 -1192 -1192 -1192 -1192 -1192 -1192 -1192 -1191 -1192 -1192 -1192 -1192 -1191 -1192 -1191 -1191 -1191 -1191 -1191 -1191 -1190 -1191 -1190 -1190 -1190 -1190 -1190 -1190 -1190 -1190 -1190 -1190 -1190 -1190 -1190 -1190 -1190 -1190 -1190 -1190 -1190 -1190 -1190 -1190 -1190 -1190 -1190 -1190 -1190 -1190 -1190 -1190 -1190 -1190 -1190 -1191 -1190 -1190 -1190 -1190 -1190 -1190 -1190 -1190 -1190 -1190 -1190 -1190 -1190 -1190 -1190 -1190 -1190 -1191 -1190 -1190 -1190 -1190 -1190 -1190 -1190 -1190 -1190 -1190 -1190 -1190 -1190 -1190 -1190 -1190 -1190 -1190 -1190 -1190 -1190 -1190 -1191 -1191 -1191 -1190 -1190 -1190 -1190 -1190 -1190 -1190 -1191 -1190 -1190 -1190 -1190 -1190 -1191 -1191 -1190 -1190 -1191 -1190 -1191 -1190 -1191 -1190 -1190 -1190 -1191 -1191 -1191 -1191 -1191 -1191 -1191 -1191 -1191 -1191 -1191 -1191 -1190 -1190 -1190 -1191 -1191 -1191 -1191 -1191 -1191 -1191 -1191 -1191 -1191 -1191 -1191 -1191 -1191 -1191 -1191 -1191 -1191 -1191 -1191 -1191 -1191 -1191 -1191 -1191 -1191
-1194 -1195 -1195 -1195 -1195 -1195 -1195 -1195 -1195 -1195 -1195 -1195 -1195 -1195 -1195 -1195 -1195 -1195 -1195 -1195 -1195 -1195 -1196 -1196 -1195 -1195 -1195 -1196 -1195 -1196 -1196 -1196 -1196 -1195 -1196 -1196 -1196 -1196 -1196 -1195 -1195 -1196 -1195 -1195 -1196 -1195 -1195 -1196 -1195 -1196 -1196 -1196 -1196 -1196 -1196 -1196 -1196 -1196 -1196 -1196 -1195 -1196 -1196 -1196 -1196 -1196 -1196 -1196 -1196 -1196 -1196 -1196 -1195 -1196 -1196 -1196 -1196 -1196 -1196 -1196 -1196 -1196 -1196 -1196 -1196 -1196 -1196 -1196 -1196 -1196 -1196 -1196 -1196 -1196 -1196 -1196 -1196 -1196 -1196 -1196 -1196 -1196 -1196 -1196 -1196 -1196 -1196 -1196 -1196 -1196 -1196 -1196 -1196 -1196 -1196 -1196 -1196 -1196 -1197 -1197 -1196 -1197 -1197 -1197 -1196 -1196 -1196 -1196 -1197 -1196 -1197 -1196 -1196 -1196 -1197 -1197 -1197 -1196 -1196 -1196 -1197 -1196 -1197 -1196 -1196 -1196 -1196 -1196 -1196 -1196 -1197 -1196 -1196 -1196 -1196 -1196 -1196 -1197 -1196 -1197 -1197 -1197 -1198 -1198 -1198 -1198 -1198 -1198 -1198 -1198 -1198 -1198 -1198 -1199 -1199 -1198 -1198 -1198 -1198 -1199 -1198 -1198 -1198 -1198 -1198 -1198 -1198 -1198 -1198 -1198 -1198 -1198 -1198 -1198 -1198 -1198 -1198 -1198 -1198 -1198 -1197 -1197 -1197 -1198 -1197 -1197 -1197 -1197 -1197 -1197 -1197 -1197 -1198 -1197 -1197 -1198 -1197 -1197 -1197 -1197 -1197 -1197 -1197 -1197 -1197 -1197 -1196 -1196 -1196 -1196 -1196 -1195 -1195 -1195 -1195 -1195 -1195 -1195 -1195 -1196 -1196 -1195 -1195 -1195 -1195 -1195 -1195 -1195 -1195 -1195 -1195 -1195 -1195 -1195 -1195 -1195
-1190 -1190 -1190 -1190 -1190 -1190 -1190 -1190 -1190 -1190 -1190 -1190 -1190 -1190 -1190 -1190 -1190 -1190 -1190 -1190 -1190 -1190 -1190 -1190 -1190 -1190 -1190 -1190 -1190 -1190 -1191 -1190 -1190 -1190 -1190 -1190 -1190 -1190 -1191 -1190 -1190 -1190 -1190 -1190 -1190 -1190 -1190 -1190 -1190 -1191 -1191 -1191 -1191 -1191 -1191 -1190 -1190 -1191 -1190 -1190 -1191 -1190 -1190 -1191 -1190 -1191 -1191 -1191 -1191 -1191 -1191 -1191 -1190 -1190 -1190 -1191 -1190 -1190 -1191 -1191 -1190 -1191 -1191 -1191 -1191 -1191 -1191 -1191 -1191 -1191 -1191 -1191 -1191 -1191 -1191 -1191 -1191 -1191 -1191 -1191 -1191 -1191 -1191 -1191 -1191 -1191 -1190 -1190 -1190 -1190 -1190 -1190 -1189 -1189 -1189 -1189 -1189 -1189 -1189 -1188 -1189 -1189 -1189 -1189 -1188 -1188 -1189 -1189 -1189 -1189 -1189 -1189 -1189 -1189 -1189 -1189 -1189 -1188 -1188 -1188 -1189 -1188 -1188 -1188 -1188 -1188 -1189 -1189 -1189 -1189 -1189 -1190 -1190 -1190 -1190 -1190 -1190 -1191 -1191 -1191 -1191 -1191 -1191 -1191 -1191 -1191 -1191 -1191 -1191 -1191 -1191 -1191 -1191 -1191 -1191 -1191 -1191 -1191 -1191 -1192 -1192 -1192 -1193 -1193 -1193 -1193 -1193 -1193 -1194 -1194 -1194 -1194 -1194 -1194 -1194 -1194 -1194 -1195 -1194 -1195 -1195 -1195 -1195 -1195 -1195 -1195 -1195 -1195 -1195 -1195 -1195 -1195 -1195 -1195 -1195 -1195 -1195 -1195 -1195 -1195 -1195 -1195 -1195 -1195 -1195 -1195 -1195 -1195 -1195 -1195 -1195 -1196 -1195 -1196 -1195 -1195 -1196 -1196 -1196 -1195 -1196 -1196 -1196 -1195 -1196 -1196 -1196 -1196 -1196 -1195 -1195 -1196 -1195 -1195 -1196 -1196
-1196 -1197 -1197 -1197 -1197 -1197 -1197 -1197 -1197 -1198 -1198 -1198 -1198 -1198 -1198 -1198 -1198 -1198 -1198 -1198 -1198 -1199 -1198 -1198 -1198 -1198 -1199 -1198 -1198 -1198 -1198 -1198 -1198 -1198 -1198 -1198 -1198 -1198 -1198 -1198 -1198 -1198 -1198 -1198 -1198 -1198 -1197 -1198 -1198 -1198 -1197 -1197 -1197 -1197 -1197 -1197 -1198 -1197 -1197 -1198 -1198 -1198 -1197 -1197 -1197 -1197 -1197 -1197 -1197 -1197 -1196 -1196 -1196 -1196 -1196 -1196 -1196 -1196 -1195 -1195 -1195 -1195 -1195 -1196 -1195 -1195 -1195 -1195 -1195 -1195 -1195 -1195 -1195 -1195 -1195 -1195 -1195 -1195 -1195 -1195 -1195 -1195 -1195 -1194 -1194 -1194 -1194 -1194 -1194 -1193 -1194 -1194 -1193 -1194 -1194 -1193 -1194 -1194 -1193 -1193 -1193 -1194 -1193 -1193 -1193 -1193 -1193 -1193 -1192 -1193 -1193 -1192 -1193 -1193 -1193 -1192 -1193 -1193 -1193 -1192 -1192 -1192 -1192 -1192 -1192 -1192 -1192 -1192 -1192 -1192 -1192 -1192 -1192 -1192 -1192 -1192 -1192 -1192 -1192 -1191 -1191 -1191 -1191 -1191 -1191 -1191 -1191 -1190 -1191 -1190 -1190 -1190 -1190 -1190 -1190 -1190 -1190 -1190 -1190 -1190 -1190 -1190 -1190 -1191 -1190 -1190 -1190 -1190 -1190 -1190 -1190 -1190 -1190 -1190 -1190 -1190 -1190 -1190 -1190 -1190 -1190 -1190 -1190 -1190 -1190 -1190 -1190 -1190 -1190 -1190 -1190 -1190 -1190 -1190 -1190 -1190 -1190 -1190 -1190 -1190 -1190 -1190 -1190 -1190 -1190 -1190 -1190 -1190 -1190 -1190 -1190 -1190 -1190 -1190 -1190 -1190 -1190 -1190 -1190 -1191 -1190 -1190 -1190 -1191 -1191 -1190 -1191 -1190 -1190 -1190 -1190 -1190 -1190 -1190 -1190 -1190
-1190 -1190 -1190 -1191 -1190 -1191 -1191 -1191 -1191 -1191 -1191 -1191 -1191 -1191 -1191 -1191 -1191 -1192 -1191 -1191 -1191 -1191 -1191 -1191 -1192 -1192 -1192 -1192 -1192 -1193 -1193 -1193 -1193 -1194 -1193 -1194 -1194 -1194 -1193 -1194 -1194 -1194 -1195 -1194 -1195 -1195 -1195 -1195 -1195 -1195 -1195 -1195 -1195 -1195 -1195 -1195 -1195 -1195 -1195 -1195 -1195 -1195 -1195 -1195 -1195 -1195 -1195 -1195 -1195 -1195 -1195 -1195 -1195 -1195 -1195 -1195 -1195 -1195 -1195 -1196 -1195 -1195 -1195 -1195 -1195 -1196 -1196 -1196 -1196 -1196 -1196 -1195 -1196 -1196 -1196 -1196 -1196 -1195 -1195 -1195 -1195 -1195 -1196 -1195 -1196 -1196 -1196 -1196 -1195 -1195 -1196 -1195 -1196 -1196 -1196 -1196 -1196 -1196 -1196 -1196 -1196 -1196 -1196 -1196 -1196 -1196 -1196 -1195 -1195 -1195 -1196 -1196 -1196 -1196 -1196 -1196 -1196 -1196 -1196 -1196 -1196 -1196 -1196 -1196 -1196 -1196 -1196 -1196 -1196 -1196 -1196 -1196 -1196 -1196 -1196 -1196 -1197 -1196 -1196 -1196 -1196 -1196 -1196 -1196 -1196 -1196 -1196 -1196 -1196 -1196 -1196 -1196 -1197 -1196 -1196 -1196 -1196 -1197 -1196 -1197 -1196 -1196 -1197 -1196 -1196 -1196 -1196 -1196 -1196 -1197 -1196 -1196 -1196 -1197 -1196 -1196 -1197 -1197 -1196 -1197 -1196 -1196 -1197 -1196 -1196 -1196 -1196 -1196 -1197 -1196 -1197 -1196 -1196 -1196 -1196 -1197 -1197 -1197 -1198 -1198 -1198 -1198 -1198 -1198 -1198 -1198 -1198 -1198 -1199 -1198 -1199 -1199 -1198 -1198 -1199 -1198 -1198 -1198 -1198 -1198 -1198 -1198 -1198 -1198 -1198 -1198 -1198 -1198 -1198 -1198 -1198 -1198 -1198 -1198 -1198 -1198
-1192 -1192 -1192 -1192 -1192 -1192 -1192 -1192 -1191 -1192 -1191 -1191 -1191 -1191 -1190 -1190 -1190 -1190 -1190 -1190 -1190 -1190 -1190 -1190 -1190 -1190 -1190 -1190 -1190 -1190 -1190 -1190 -1190 -1190 -1190 -1190 -1190 -1190 -1190 -1190 -1190 -1190 -1190 -1190 -1190 -1190 -1190 -1190 -1190 -1190 -1190 -1190 -1190 -1190 -1190 -1190 -1190 -1190 -1190 -1190 -1190 -1190 -1190 -1190 -1190 -1190 -1190 -1190 -1190 -1190 -1190 -1190 -1190 -1190 -1190 -1190 -1190 -1190 -1190 -1190 -1190 -1190 -1190 -1190 -1190 -1190 -1190 -1190 -1191 -1190 -1190 -1190 -1190 -1190 -1190 -1190 -1190 -1190 -1190 -1190 -1191 -1190 -1191 -1190 -1191 -1191 -1190 -1191 -1190 -1191 -1191 -1190 -1190 -1190 -1190 -1191 -1190 -1190 -1190 -1191 -1190 -1191 -1190 -1191 -1191 -1191 -1191 -1191 -1191 -1191 -1191 -1191 -1191 -1190 -1191 -1191 -1191 -1191 -1191 -1191 -1191 -1191 -1191 -1191 -1191 -1191 -1191 -1191 -1191 -1191 -1191 -1191 -1191 -1191 -1191 -1191 -1191 -1191 -1191 -1191 -1191 -1191 -1190 -1190 -1190 -1190 -1190 -1190 -1189 -1189 -1189 -1189 -1189 -1189 -1189 -1188 -1189 -1188 -1189 -1188 -1188 -1189 -1189 -1189 -1189 -1188 -1189 -1189 -1189 -1189 -1189 -1189 -1189 -1189 -1189 -1188 -1188 -1188 -1188 -1188 -1189 -1189 -1189 -1189 -1189 -1189 -1190 -1189 -1190 -1190 -1190 -1190 -1190 -1191 -1191 -1191 -1191 -1191 -1191 -1191 -1191 -1191 -1191 -1191 -1191 -1191 -1191 -1192 -1191 -1192 -1191 -1192 -1191 -1192 -1191 -1192 -1192 -1192 -1193 -1193 -1193 -1193 -1193 -1194 -1193 -1194 -1194 -1194 -1194 -1194 -1194 -1194 -1194 -1195 -1195 -1195
-1196 -1196 -1196 -1197 -1196 -1197 -1196 -1196 -1197 -1196 -1196 -1196 -1196 -1196 -1196 -1196 -1196 -1196 -1196 -1197 -1196 -1197 -1197 -1197 -1196 -1197 -1196 -1196 -1197 -1196 -1196 -1196 -1197 -1196 -1197 -1197 -1197 -1197 -1196 -1197 -1196 -1197 -1196 -1196 -1196 -1196 -1196 -1196 -1196 -1197 -1197 -1196 -1196 -1196 -1196 -1196 -1196 -1196 -1197 -1196 -1196 -1196 -1197 -1197 -1197 -1198 -1198 -1198 -1198 -1198 -1198 -1198 -1198 -1198 -1198 -1198 -1199 -1199 -1198 -1199 -1198 -1198 -1198 -1198 -1198 -1198 -1198 -1198 -1198 -1198 -1198 -1198 -1198 -1198 -1198 -1198 -1198 -1198 -1198 -1198 -1198 -1198 -1198 -1198 -1197 -1197 -1197 -1197 -1197 -1197 -1197 -1197 -1197 -1198 -1198 -1197 -1197 -1197 -1197 -1197 -1197 -1197 -1197 -1197 -1197 -1197 -1196 -1197 -1196 -1196 -1196 -1196 -1196 -1196 -1195 -1195 -1195 -1195 -1195 -1195 -1196 -1195 -1195 -1195 -1195 -1195 -1195 -1195 -1195 -1195 -1195 -1195 -1195 -1195 -1195 -1195 -1195 -1195 -1195 -1195 -1194 -1194 -1194 -1194 -1194 -1194 -1193 -1194 -1194 -1194 -1194 -1193 -1193 -1194 -1194 -1193 -1194 -1193 -1193 -1193 -1193 -1193 -1193 -1193 -1193 -1193 -1193 -1193 -1192 -1193 -1192 -1192 -1192 -1192 -1192 -1192 -1192 -1192 -1192 -1192 -1192 -1192 -1192 -1192 -1192 -1192 -1192 -1192 -1192 -1192 -1192 -1191 -1192 -1191 -1192 -1192 -1192 -1191 -1191 -1191 -1191 -1191 -1191 -1191 -1191 -1190 -1190 -1190 -1190 -1190 -1190 -1190 -1190 -1190 -1190 -1190 -1190 -1190 -1190 -1190 -1190 -1190 -1190 -1190 -1190 -1190 -1191 -1190 -1190 -1190 -1190 -1190 -1190 -1190 -1190 -1190
-1191 -1191 -1191 -1191 -1191 -1191 -1191 -1191 -1191 -1191 -1190 -1190 -1190 -1190 -1190 -1189 -1189 -1189 -1189 -1189 -1189 -1189 -1188 -1189 -1188 -1189 -1189 -1188 -1189 -1189 -1189 -1189 -1189 -1189 -1189 -1189 -1189 -1189 -1189 -1189 -1189 -1188 -1188 -1188 -1188 -1188 -1188 -1188 -1189 -1189 -1189 -1189 -1189 -1189 -1189 -1190 -1190 -1190 -1190 -1191 -1190 -1190 -1191 -1191 -1191 -1191 -1191 -1191 -1191 -1191 -1191 -1191 -1191 -1191 -1191 -1191 -1191 -1191 -1192 -1191 -1192 -1192 -1192 -1192 -1192 -1192 -1193 -1193 -1193 -1193 -1194 -1194 -1194 -1193 -1194 -1194 -1194 -1194 -1194 -1194 -1195 -1195 -1195 -1195 -1195 -1195 -1195 -1195 -1195 -1195 -1195 -1195 -1195 -1195 -1195 -1195 -1195 -1195 -1195 -1195 -1195 -1195 -1195 -1195 -1195 -1195 -1195 -1195 -1195 -1195 -1195 -1195 -1195 -1195 -1195 -1195 -1196 -1195 -1195 -1196 -1196 -1196 -1196 -1196 -1195 -1196 -1195 -1196 -1196 -1196 -1196 -1196 -1196 -1195 -1196 -1196 -1196 -1195 -1196 -1196 -1196 -1196 -1196 -1195 -1195 -1196 -1196 -1196 -1195 -1196 -1195 -1196 -1195 -1196 -1196 -1196 -1196 -1196 -1196 -1196 -1196 -1196 -1195 -1196 -1196 -1196 -1196 -1196 -1196 -1196 -1196 -1196 -1196 -1196 -1196 -1196 -1196 -1196 -1196 -1196 -1196 -1196 -1196 -1196 -1196 -1196 -1196 -1196 -1196 -1196 -1196 -1196 -1196 -1196 -1196 -1196 -1196 -1196 -1196 -1196 -1196 -1196 -1196 -1196 -1196 -1196 -1196 -1196 -1197 -1196 -1196 -1196 -1196 -1196 -1197 -1197 -1196 -1196 -1197 -1196 -1196 -1196 -1197 -1196 -1196 -1197 -1197 -1197 -1197 -1197 -1197 -1197 -1197 -1197 -1197 -1196
-1195 -1195 -1195 -1195 -1195 -1195 -1195 -1194 -1194 -1194 -1194 -1194 -1194 -1194 -1194 -1194 -1194 -1194 -1194 -1193 -1194 -1193 -1194 -1193 -1194 -1193 -1193 -1193 -1193 -1193 -1193 -1193 -1192 -1193 -1193 -1192 -1192 -1193 -1192 -1192 -1193 -1192 -1193 -1192 -1192 -1192 -1192 -1192 -1192 -1192 -1192 -1192 -1192 -1192 -1192 -1192 -1192 -1192 -1192 -1192 -1192 -1191 -1192 -1191 -1192 -1191 -1191 -1191 -1191 -1191 -1191 -1190 -1190 -1190 -1190 -1190 -1190 -1190 -1190 -1190 -1190 -1190 -1190 -1190 -1190 -1190 -1190 -1191 -1190 -1190 -1190 -1190 -1191 -1190 -1190 -1190 -1190 -1190 -1190 -1190 -1190 -1190 -1190 -1190 -1190 -1190 -1190 -1190 -1190 -1190 -1190 -1191 -1190 -1190 -1190 -1190 -1190 -1190 -1190 -1190 -1190 -1190 -1190 -1190 -1190 -1190 -1190 -1190 -1190 -1190 -1190 -1190 -1190 -1190 -1190 -1190 -1190 -1190 -1190 -1190 -1190 -1191 -1190 -1190 -1190 -1190 -1190 -1191 -1190 -1190 -1191 -1190 -1191 -1191 -1190 -1191 -1190 -1190 -1190 -1190 -1190 -1190 -1191 -1190 -1191 -1190 -1191 -1190 -1191 -1191 -1190 -1191 -1190 -1191 -1191 -1191 -1191 -1191 -1191 -1191 -1191 -1191 -1191 -1191 -1191 -1191 -1191 -1191 -1191 -1191 -1190 -1191 -1191 -1190 -1191 -1191 -1191 -1191 -1191 -1191 -1191 -1191 -1191 -1191 -1191 -1191 -1191 -1191 -1191 -1191 -1191 -1191 -1191 -1191 -1191 -1191 -1191 -1191 -1190 -1191 -1190 -1190 -1190 -1190 -1189 -1189 -1189 -1189 -1189 -1189 -1189 -1189 -1189 -1188 -1189 -1188 -1188 -1188 -1189 -1189 -1189 -1189 -1189 -1189 -1189 -1189 -1189 -1189 -1189 -1189 -1189 -1188 -1188 -1188 -1188 -1188
-1195 -1195 -1196 -1196 -1196 -1196 -1196 -1196 -1196 -1196 -1196 -1195 -1196 -1196 -1196 -1196 -1196 -1196 -1196 -1196 -1196 -1196 -1196 -1196 -1196 -1196 -1196 -1196 -1195 -1195 -1196 -1196 -1196 -1196 -1196 -1196 -1196 -1196 -1196 -1196 -1196 -1196 -1196 -1196 -1196 -1196 -1196 -1196 -1196 -1196 -1196 -1196 -1196 -1196 -1196 -1196 -1196 -1196 -1196 -1196 -1196 -1196 -1196 -1196 -1196 -1196 -1196 -1196 -1196 -1196 -1196 -1197 -1196 -1196 -1196 -1196 -1196 -1197 -1196 -1197 -1196 -1196 -1197 -1196 -1196 -1196 -1196 -1196 -1196 -1196 -1196 -1196 -1197 -1197 -1197 -1197 -1197 -1197 -1197 -1197 -1196 -1196 -1196 -1197 -1196 -1197 -1197 -1196 -1196 -1196 -1196 -1197 -1197 -1196 -1196 -1197 -1197 -1197 -1197 -1197 -1198 -1198 -1198 -1198 -1198 -1198 -1198 -1198 -1198 -1198 -1198 -1198 -1198 -1198 -1198 -1198 -1199 -1198 -1198 -1198 -1198 -1198 -1198 -1198 -1198 -1198 -1198 -1198 -1198 -1198 -1198 -1198 -1198 -1198 -1198 -1198 -1198 -1198 -1198 -1198 -1197 -1197 -1197 -1197 -1197 -1197 -1197 -1197 -1197 -1197 -1197 -1198 -1197 -1197 -1197 -1198 -1197 -1198 -1197 -1197 -1197 -1197 -1196 -1197 -1197 -1196 -1196 -1195 -1196 -1196 -1195 -1195 -1195 -1195 -1195 -1195 -1195 -1195 -1195 -1195 -1195 -1195 -1195 -1195 -1195 -1195 -1195 -1195 -1195 -1195 -1195 -1195 -1195 -1195 -1195 -1195 -1194 -1194 -1194 -1194 -1194 -1194 -1194 -1194 -1194 -1194 -1194 -1194 -1194 -1193 -1193 -1193 -1193 -1193 -1193 -1193 -1193 -1193 -1193 -1193 -1193 -1193 -1193 -1193 -1193 -1193 -1192 -1193 -1192 -1192 -1192 -1192 -1192 -1192 -1192 -1192
-1190 -1190 -1191 -1191 -1191 -1190 -1190 -1191 -1190 -1191 -1190 -1191 -1191 -1190 -1191 -1191 -1190 -1190 -1190 -1190 -1190 -1190 -1190 -1190 -1191 -1191 -1191 -1191 -1191 -1191 -1191 -1191 -1191 -1191 -1191 -1191 -1191 -1191 -1191 -1191 -1191 -1191 -1191 -1191 -1191 -1191 -1191 -1191 -1191 -1191 -1191 -1191 -1191 -1191 -1191 -1191 -1191 -1191 -1191 -1191 -1191 -1191 -1191 -1191 -1191 -1191 -1191 -1190 -1190 -1190 -1190 -1189 -1189 -1189 -1189 -1189 -1189 -1188 -1189 -1189 -1189 -1189 -1188 -1189 -1189 -1189 -1189 -1189 -1189 -1189 -1189 -1189 -1189 -1189 -1189 -1188 -1188 -1188 -1189 -1188 -1189 -1188 -1188 -1188 -1188 -1189 -1189 -1189 -1189 -1190 -1189 -1189 -1190 -1190 -1190 -1191 -1191 -1191 -1191 -1191 -1191 -1191 -1191 -1191 -1191 -1191 -1191 -1191 -1191 -1191 -1191 -1191 -1191 -1192 -1191 -1192 -1192 -1192 -1192 -1192 -1192 -1192 -1193 -1193 -1193 -1193 -1193 -1193 -1193 -1194 -1194 -1194 -1194 -1194 -1194 -1194 -1194 -1195 -1195 -1195 -1195 -1195 -1195 -1195 -1194 -1195 -1195 -1195 -1195 -1195 -1195 -1195 -1195 -1195 -1195 -1195 -1195 -1195 -1195 -1195 -1195 -1195 -1195 -1195 -1195 -1195 -1195 -1195 -1195 -1196 -1195 -1195 -1196 -1195 -1195 -1195 -1196 -1196 -1196 -1196 -1196 -1196 -1196 -1196 -1196 -1196 -1196 -1196 -1196 -1196 -1195 -1196 -1195 -1195 -1196 -1196 -1196 -1196 -1196 -1196 -1196 -1196 -1196 -1196 -1196 -1195 -1196 -1196 -1196 -1196 -1196 -1196 -1196 -1196 -1196 -1196 -1196 -1196 -1196 -1195 -1196 -1196 -1196 -1196 -1196 -1196 -1196 -1196 -1196 -1196 -1196 -1196 -1196 -1196 -1196 -1196
-1198 -1198 -1198 -1198 -1198 -1198 -1198 -1198 -1198 -1198 -1197 -1197 -1197 -1197 -1197 -1197 -1197 -1197 -1197 -1198 -1198 -1198 -1198 -1198 -1197 -1197 -1197 -1197 -1197 -1197 -1196 -1196 -1196 -1196 -1196 -1196 -1196 -1195 -1195 -1195 -1195 -1195 -1195 -1195 -1196 -1195 -1195 -1195 -1195 -1195 -1195 -1195 -1195 -1195 -1195 -1195 -1195 -1195 -1195 -1195 -1195 -1195 -1195 -1194 -1194 -1194 -1194 -1194 -1194 -1194 -1194 -1194 -1194 -1194 -1194 -1193 -1194 -1194 -1193 -1193 -1193 -1193 -1193 -1193 -1193 -1193 -1193 -1193 -1193 -1193 -1192 -1193 -1192 -1193 -1193 -1193 -1192 -1192 -1192 -1192 -1193 -1192 -1192 -1192 -1192 -1192 -1192 -1192 -1192 -1192 -1192 -1192 -1192 -1192 -1192 -1192 -1191 -1191 -1191 -1192 -1191 -1191 -1191 -1191 -1191 -1191 -1190 -1190 -1190 -1190 -1190 -1190 -1190 -1190 -1190 -1190 -1190 -1190 -1190 -1190 -1190 -1190 -1190 -1190 -1190 -1190 -1190 -1190 -1190 -1191 -1190 -1191 -1190 -1190 -1190 -1190 -1190 -1190 -1190 -1190 -1190 -1190 -1190 -1190 -1190 -1190 -1190 -1190 -1190 -1190 -1190 -1190 -1190 -1190 -1190 -1190 -1190 -1190 -1190 -1190 -1190 -1190 -1190 -1190 -1190 -1190 -1190 -1190 -1190 -1190 -1190 -1190 -1190 -1190 -1190 -1190 -1190 -1190 -1190 -1190 -1191 -1191 -1190 -1191 -1190 -1191 -1191 -1190 -1191 -1190 -1190 -1190 -1190 -1190 -1190 -1190 -1191 -1190 -1191 -1190 -1191 -1191 -1191 -1190 -1190 -1191 -1191 -1190 -1190 -1191 -1191 -1191 -1191 -1190 -1191 -1191 -1191 -1191 -1191 -1191 -1191 -1191 -1191 -1191 -1190 -1191 -1191 -1191 -1191 -1190 -1191 -1191 -1191 -1191 -1191 -1191
-1194 -1194 -1195 -1195 -1195 -1195 -1195 -1194 -1195 -1195 -1195 -1195 -1195 -1195 -1195 -1195 -1195 -1195 -1195 -1195 -1195 -1195 -1195 -1195 -1195 -1195 -1195 -1195 -1195 -1195 -1195 -1195 -1195 -1195 -1195 -1195 -1195 -1195 -1195 -1195 -1196 -1196 -1196 -1196 -1196 -1196 -1196 -1196 -1196 -1196 -1196 -1196 -1195 -1196 -1195 -1196 -1196 -1196 -1195 -1196 -1195 -1195 -1196 -1196 -1196 -1196 -1196 -1196 -1196 -1195 -1196 -1196 -1196 -1196 -1196 -1196 -1196 -1196 -1196 -1196 -1196 -1196 -1196 -1196 -1196 -1195 -1196 -1196 -1196 -1196 -1195 -1196 -1196 -1196 -1196 -1196 -1196 -1196 -1196 -1196 -1196 -1196 -1196 -1196 -1196 -1196 -1196 -1196 -1196 -1196 -1196 -1196 -1196 -1196 -1196 -1196 -1196 -1196 -1196 -1196 -1196 -1196 -1196 -1196 -1196 -1196 -1196 -1196 -1196 -1196 -1196 -1196 -1197 -1196 -1196 -1197 -1197 -1197 -1196 -1196 -1197 -1197 -1196 -1197 -1196 -1197 -1196 -1197 -1197 -1197 -1197 -1197 -1197 -1197 -1197 -1196 -1197 -1197 -1196 -1197 -1196 -1197 -1196 -1196 -1196 -1196 -1196 -1196 -1196 -1196 -1196 -1196 -1196 -1197 -1197 -1197 -1197 -1198 -1197 -1198 -1198 -1198 -1198 -1198 -1198 -1198 -1199 -1198 -1199 -1198 -1199 -1199 -1198 -1198 -1198 -1198 -1198 -1198 -1198 -1198 -1198 -1198 -1198 -1198 -1198 -1198 -1198 -1198 -1198 -1198 -1198 -1198 -1198 -1198 -1198 -1198 -1198 -1197 -1197 -1197 -1197 -1197 -1197 -1197 -1197 -1197 -1198 -1197 -1198 -1197 -1198 -1198 -1197 -1197 -1197 -1197 -1197 -1197 -1197 -1196 -1196 -1196 -1196 -1196 -1196 -1196 -1196 -1195 -1195 -1195 -1195 -1195 -1195 -1195 -1195 -1196
-1191 -1190 -1190 -1190 -1190 -1190 -1190 -1190 -1190 -1190 -1190 -1190 -1190 -1190 -1190 -1190 -1190 -1190 -1190 -1190 -1190 -1190 -1190 -1190 -1190 -1190 -1190 -1190 -1190 -1190 -1190 -1190 -1190 -1190 -1190 -1190 -1190 -1191 -1190 -1190 -1190 -1190 -1190 -1191 -1190 -1190 -1190 -1191 -1190 -1191 -1191 -1190 -1191 -1191 -1190 -1190 -1190 -1191 -1190 -1190 -1190 -1190 -1190 -1191 -1190 -1190 -1190 -1191 -1190 -1190 -1190 -1191 -1191 -1191 -1191 -1190 -1191 -1191 -1191 -1191 -1191 -1191 -1191 -1190 -1191 -1191 -1191 -1191 -1191 -1191 -1190 -1191 -1191 -1191 -1191 -1191 -1191 -1191 -1190 -1191 -1191 -1191 -1191 -1191 -1191 -1191 -1191 -1191 -1191 -1191 -1191 -1191 -1191 -1191 -1191 -1191 -1191 -1191 -1191 -1191 -1191 -1190 -1191 -1190 -1190 -1190 -1190 -1189 -1189 -1189 -1189 -1189 -1189 -1189 -1189 -1189 -1189 -1189 -1189 -1189 -1189 -1189 -1188 -1189 -1189 -1189 -1189 -1189 -1189 -1189 -1189 -1189 -1189 -1188 -1188 -1188 -1188 -1188 -1188 -1188 -1188 -1188 -1189 -1189 -1189 -1189 -1190 -1190 -1190 -1190 -1190 -1190 -1191 -1191 -1191 -1191 -1191 -1191 -1191 -1191 -1191 -1191 -1191 -1191 -1191 -1191 -1191 -1192 -1191 -1192 -1191 -1191 -1192 -1192 -1192 -1192 -1192 -1192 -1193 -1193 -1193 -1193 -1193 -1193 -1194 -1194 -1194 -1194 -1194 -1194 -1194 -1194 -1195 -1195 -1194 -1195 -1195 -1195 -1195 -1195 -1195 -1195 -1195 -1195 -1195 -1195 -1195 -1195 -1195 -1195 -1195 -1195 -1195 -1196 -1195 -1195 -1195 -1195 -1195 -1195 -1195 -1195 -1195 -1195 -1195 -1195 -1195 -1195 -1195 -1195 -1195 -1196 -1196 -1196 -1196 -1195
-1196 -1197 -1196 -1197 -1196 -1197 -1196 -1196 -1197 -1196 -1196 -1196 -1197 -1196 -1197 -1196 -1197 -1197 -1197 -1196 -1197 -1197 -1197 -1197 -1198 -1198 -1198 -1198 -1198 -1198 -1198 -1198 -1198 -1198 -1198 -1198 -1198 -1199 -1199 -1198 -1198 -1199 -1198 -1198 -1198 -1198 -1198 -1198 -1198 -1198 -1198 -1198 -1198 -1198 -1198 -1198 -1198 -1198 -1198 -1198 -1198 -1198 -1197 -1197 -1198 -1198 -1197 -1197 -1197 -1197 -1197 -1197 -1197 -1197 -1197 -1198 -1198 -1197 -1198 -1197 -1198 -1197 -1197 -1197 -1197 -1196 -1197 -1196 -1196 -1196 -1196 -1196 -1195 -1195 -1195 -1195 -1195 -1195 -1195 -1195 -1196 -1195 -1195 -1195 -1195 -1195 -1195 -1195 -1195 -1195 -1195 -1195 -1195 -1195 -1195 -1195 -1195 -1194 -1195 -1195 -1194 -1194 -1194 -1194 -1194 -1194 -1194 -1194 -1194 -1194 -1193 -1194 -1194 -1194 -1193 -1193 -1194 -1193 -1193 -1193 -1193 -1193 -1193 -1193 -1193 -1192 -1193 -1193 -1193 -1192 -1192 -1192 -1193 -1192 -1192 -1192 -1192 -1192 -1192 -1192 -1192 -1192 -1192 -1192 -1192 -1192 -1192 -1192 -1192 -1192 -1192 -1192 -1192 -1191 -1192 -1191 -1191 -1191 -1191 -1191 -1191 -1191 -1190 -1190 -1190 -1190 -1190 -1190 -1190 -1190 -1190 -1190 -1190 -1190 -1190 -1190 -1190 -1190 -1190 -1190 -1190 -1190 -1190 -1190 -1190 -1190 -1190 -1190 -1190 -1190 -1190 -1190 -1190 -1190 -1190 -1190 -1190 -1190 -1190 -1190 -1190 -1190 -1190 -1190 -1190 -1190 -1190 -1190 -1190 -1190 -1190 -1190 -1190 -1190 -1190 -1190 -1190 -1190 -1190 -1190 -1190 -1190 -1190 -1190 -1190 -1190 -1190 -1190 -1190 -1190 -1190 -1190 -1190 -1190 -1190 -1190
-1188 -1188 -1188 -1188 -1188 -1188 -1188 -1189 -1189 -1189 -1189 -1189 -1189 -1189 -1190 -1190 -1190 -1190 -1191 -1191 -1191 -1191 -1191 -1191 -1191 -1191 -1191 -1191 -1191 -1191 -1191 -1191 -1192 -1191 -1191 -1191 -1192 -1191 -1191 -1192 -1192 -1192 -1192 -1192 -1192 -1193 -1193 -1193 -1193 -1194 -1194 -1194 -1194 -1194 -1194 -1194 -1194 -1194 -1195 -1195 -1194 -1195 -1195 -1195 -1195 -1195 -1195 -1195 -1195 -1195 -1195 -1195 -1195 -1195 -1195 -1195 -1195 -1195 -1195 -1195 -1195 -1195 -1195 -1195 -1195 -1195 -1195 -1195 -1195 -1195 -1195 -1195 -1195 -1195 -1195 -1195 -1195 -1195 -1195 -1195 -1195 -1196 -1196 -1196 -1195 -1196 -1196 -1196 -1196 -1196 -1196 -1196 -1196 -1195 -1195 -1196 -1195 -1195 -1195 -1196 -1196 -1196 -1196 -1195 -1196 -1196 -1196 -1196 -1196 -1196 -1196 -1196 -1196 -1196 -1196 -1196 -1196 -1196 -1196 -1196 -1196 -1196 -1195 -1196 -1196 -1196 -1196 -1196 -1196 -1196 -1196 -1196 -1196 -1196 -1196 -1196 -1196 -1196 -1196 -1196 -1196 -1196 -1196 -1196 -1196 -1196 -1196 -1196 -1196 -1196 -1196 -1196 -1196 -1196 -1196 -1196 -1196 -1196 -1196 -1196 -1196 -1196 -1196 -1196 -1196 -1196 -1196 -1197 -1196 -1196 -1196 -1197 -1197 -1196 -1197 -1197 -1197 -1196 -1197 -1197 -1197 -1196 -1196 -1196 -1196 -1197 -1197 -1197 -1196 -1197 -1197 -1197 -1196 -1197 -1196 -1197 -1197 -1196 -1196 -1196 -1197 -1197 -1197 -1196 -1196 -1197 -1196 -1196 -1197 -1197 -1197 -1197 -1197 -1198 -1198 -1198 -1198 -1198 -1198 -1198 -1198 -1198 -1198 -1198 -1199 -1199 -1198 -1198 -1198 -1198 -1198 -1198 -1198 -1198 -1198 -1198
-1193 -1192 -1193 -1192 -1192 -1192 -1192 -1192 -1192 -1192 -1192 -1192 -1192 -1192 -1192 -1192 -1192 -1192 -1191 -1192 -1191 -1191 -1192 -1191 -1191 -1191 -1191 -1191 -1191 -1191 -1190 -1190 -1190 -1190 -1190 -1190 -1190 -1190 -1190 -1190 -1190 -1190 -1190 -1190 -1190 -1190 -1190 -1190 -1190 -1190 -1190 -1190 -1190 -1190 -1190 -1190 -1190 -1190 -1190 -1190 -1190 -1190 -1190 -1190 -1190 -1191 -1190 -1190 -1190 -1190 -1190 -1190 -1190 -1190 -1190 -1190 -1190 -1190 -1190 -1190 -1191 -1190 -1190 -1190 -1190 -1190 -1190 -1190 -1190 -1190 -1190 -1190 -1190 -1190 -1191 -1190 -1190 -1190 -1190 -1190 -1190 -1191 -1190 -1190 -1191 -1190 -1191 -1191 -1190 -1191 -1191 -1190 -1190 -1191 -1190 -1190 -1190 -1190 -1191 -1191 -1190 -1191 -1191 -1191 -1190 -1191 -1190 -1191 -1190 -1191 -1190 -1191 -1190 -1191 -1190 -1190 -1190 -1191 -1191 -1191 -1191 -1191 -1191 -1191 -1191 -1191 -1191 -1191 -1191 -1191 -1191 -1191 -1191 -1191 -1191 -1191 -1191 -1191 -1191 -1191 -1191 -1191 -1191 -1191 -1191 -1191 -1191 -1191 -1191 -1191 -1191 -1191 -1191 -1191 -1191 -1191 -1190 -1191 -1190 -1190 -1190 -1190 -1190 -1189 -1189 -1189 -1189 -1189 -1189 -1188 -1189 -1189 -1189 -1189 -1189 -1188 -1189 -1189 -1189 -1189 -1189 -1189 -1189 -1189 -1189 -1189 -1189 -1189 -1188 -1188 -1188 -1188 -1188 -1188 -1188 -1188 -1188 -1189 -1189 -1189 -1189 -1189 -1189 -1190 -1190 -1190 -1190 -1190 -1191 -1191 -1191 -1191 -1191 -1191 -1191 -1191 -1191 -1191 -1191 -1191 -1191 -1191 -1191 -1191 -1191 -1191 -1191 -1191 -1192 -1192 -1192 -1192 -1192 -1192 -1193 -1193
-1196 -1196 -1197 -1196 -1196 -1196 -1196 -1196 -1196 -1196 -1196 -1196 -1196 -1196 -1196 -1196 -1196 -1196 -1196 -1196 -1196 -1196 -1196 -1196 -1196 -1196 -1196 -1196 -1196 -1196 -1196 -1196 -1196 -1196 -1196 -1196 -1197 -1197 -1197 -1197 -1197 -1197 -1196 -1197 -1196 -1196 -1196 -1196 -1196 -1197 -1196 -1197 -1197 -1197 -1197 -1197 -1197 -1196 -1197 -1196 -1197 -1196 -1196 -1197 -1196 -1196 -1197 -1197 -1197 -1196 -1196 -1196 -1196 -1196 -1196 -1197 -1197 -1197 -1198 -1197 -1198 -1198 -1198 -1198 -1198 -1198 -1198 -1198 -1198 -1198 -1198 -1199 -1198 -1199 -1198 -1199 -1199 -1199 -1198 -1198 -1198 -1198 -1198 -1198 -1198 -1198 -1198 -1198 -1198 -1198 -1198 -1198 -1198 -1198 -1198 -1198 -1198 -1198 -1198 -1197 -1197 -1197 -1197 -1197 -1197 -1197 -1197 -1197 -1197 -1197 -1197 -1198 -1197 -1198 -1198 -1197 -1197 -1197 -1197 -1197 -1197 -1196 -1196 -1196 -1196 -1196 -1196 -1196 -1196 -1195 -1195 -1195 -1195 -1195 -1195 -1195 -1196 -1195 -1195 -1195 -1195 -1195 -1195 -1195 -1195 -1195 -1195 -1195 -1195 -1195 -1195 -1195 -1195 -1195 -1195 -1194 -1194 -1194 -1194 -1194 -1194 -1194 -1194 -1194 -1193 -1194 -1194 -1194 -1193 -1194 -1193 -1193 -1193 -1193 -1193 -1193 -1193 -1193 -1193 -1193 -1193 -1192 -1192 -1193 -1193 -1192 -1192 -1192 -1192 -1192 -1192 -1192 -1192 -1192 -1192 -1192 -1192 -1192 -1192 -1192 -1192 -1192 -1192 -1192 -1192 -1192 -1192 -1191 -1192 -1191 -1192 -1192 -1191 -1191 -1191 -1191 -1191 -1191 -1191 -1190 -1191 -1190 -1190 -1190 -1190 -1190 -1190 -1190 -1190 -1190 -1190 -1190 -1190 -1190 -1191 -1190
-1191 -1191 -1191 -1191 -1191 -1191 -1191 -1191 -1191 -1191 -1191 -1191 -1191 -1191 -1191 -1191 -1191 -1191 -1191 -1191 -1191 -1191 -1191 -1191 -1190 -1190 -1190 -1190 -1190 -1190 -1189 -1189 -1189 -1189 -1189 -1189 -1189 -1189 -1189 -1189 -1189 -1189 -1189 -1189 -1188 -1189 -1189 -1189 -1189 -1189 -1189 -1189 -1189 -1189 -1189 -1189 -1188 -1188 -1188 -1188 -1188 -1188 -1188 -1188 -1189 -1189 -1189 -1189 -1189 -1190 -1190 -1190 -1190 -1190 -1190 -1191 -1191 -1191 -1191 -1191 -1191 -1191 -1191 -1191 -1191 -1191 -1191 -1191 -1192 -1191 -1192 -1191 -1191 -1191 -1192 -1191 -1192 -1192 -1192 -1192 -1192 -1193 -1193 -1193 -1193 -1193 -1194 -1194 -1194 -1194 -1194 -1194 -1194 -1195 -1195 -1195 -1194 -1195 -1195 -1195 -1195 -1195 -1195 -1195 -1195 -1195 -1195 -1195 -1195 -1195 -1195 -1195 -1195 -1195 -1195 -1195 -1195 -1195 -1195 -1195 -1195 -1195 -1195 -1195 -1195 -1195 -1195 -1195 -1195 -1195 -1196 -1195 -1196 -1196 -1195 -1195 -1196 -1196 -1196 -1196 -1196 -1195 -1196 -1196 -1196 -1195 -1196 -1196 -1195 -1195 -1195 -1196 -1195 -1195 -1196 -1196 -1196 -1196 -1196 -1196 -1196 -1196 -1196 -1195 -1195 -1196 -1196 -1196 -1195 -1196 -1196 -1196 -1196 -1196 -1196 -1196 -1196 -1195 -1195 -1196 -1195 -1195 -1196 -1196 -1196 -1196 -1195 -1196 -1196 -1196 -1196 -1196 -1196 -1196 -1196 -1196 -1196 -1196 -1196 -1196 -1196 -1196 -1196 -1196 -1196 -1196 -1196 -1196 -1196 -1196 -1196 -1196 -1196 -1196 -1196 -1196 -1196 -1196 -1196 -1196 -1196 -1196 -1196 -1196 -1196 -1196 -1196 -1197 -1197 -1196 -1196 -1197 -1197 -1196 -1196 -1196
-1195 -1195 -1196 -1195 -1195 -1196 -1195 -1195 -1195 -1195 -1195 -1195 -1195 -1195 -1195 -1195 -1195 -1195 -1195 -1195 -1195 -1195 -1194 -1194 -1194 -1194 -1194 -1194 -1194 -1194 -1194 -1194 -1194 -1194 -1194 -1194 -1193 -1194 -1193 -1194 -1193 -1193 -1193 -1193 -1193 -1193 -1193 -1193 -1192 -1192 -1192 -1192 -1192 -1192 -1193 -1192 -1193 -1192 -1192 -1192 -1192 -1192 -1192 -1192 -1192 -1192 -1192 -1192 -1192 -1192 -1192 -1192 -1192 -1192 -1192 -1191 -1192 -1192 -1192 -1192 -1191 -1191 -1191 -1191 -1191 -1191 -1190 -1190 -1190 -1190 -1190 -1190 -1190 -1190 -1190 -1190 -1190 -1190 -1190 -1190 -1190 -1190 -1190 -1190 -1190 -1190 -1190 -1190 -1190 -1190 -1190 -1190 -1190 -1190 -1190 -1190 -1190 -1190 -1190 -1190 -1190 -1190 -1190 -1190 -1190 -1190 -1190 -1190 -1190 -1190 -1190 -1190 -1190 -1190 -1190 -1190 -1190 -1190 -1190 -1190 -1190 -1190 -1190 -1190 -1190 -1190 -1190 -1190 -1190 -1190 -1190 -1190 -1190 -1190 -1190 -1190 -1190 -1190 -1190 -1190 -1190 -1191 -1191 -1191 -1191 -1191 -1190 -1190 -1190 -1190 -1190 -1190 -1190 -1190 -1191 -1190 -1191 -1190 -1191 -1190 -1191 -1191 -1191 -1191 -1191 -1190 -1190 -1190 -1190 -1190 -1190 -1191 -1190 -1191 -1191 -1190 -1191 -1190 -1191 -1191 -1191 -1191 -1191 -1190 -1190 -1191 -1191 -1191 -1191 -1191 -1191 -1191 -1191 -1191 -1191 -1191 -1191 -1191 -1191 -1191 -1191 -1191 -1191 -1191 -1191 -1191 -1191 -1191 -1191 -1191 -1191 -1191 -1191 -1191 -1190 -1190 -1190 -1190 -1190 -1190 -1189 -1189 -1189 -1189 -1189 -1189 -1189 -1188 -1189 -1188 -1189 -1189 -1188 -1189 -1189 -1189
-1195 -1195 -1195 -1196 -1196 -1196 -1196 -1196 -1196 -1196 -1196 -1196 -1196 -1196 -1196 -1196 -1196 -1196 -1195 -1195 -1196 -1196 -1196 -1196 -1196 -1196 -1196 -1196 -1196 -1196 -1196 -1196 -1196 -1196 -1196 -1196 -1196 -1196 -1196 -1196 -1196 -1196 -1195 -1196 -1196 -1195 -1195 -1196 -1195 -1196 -1196 -1196 -1196 -1196 -1196 -1196 -1196 -1196 -1196 -1196 -1196 -1196 -1196 -1196 -1196 -1196 -1196 -1196 -1196 -1196 -1196 -1196 -1196 -1196 -1196 -1196 -1196 -1196 -1196 -1196 -1196 -1196 -1196 -1196 -1196 -1196 -1196 -1196 -1197 -1197 -1196 -1196 -1197 -1196 -1197 -1197 -1197 -1197 -1196 -1197 -1197 -1197 -1196 -1196 -1196 -1196 -1196 -1197 -1197 -1197 -1197 -1197 -1196 -1197 -1197 -1196 -1197 -1196 -1196 -1197 -1196 -1197 -1196 -1196 -1196 -1197 -1196 -1196 -1197 -1196 -1196 -1197 -1197 -1197 -1197 -1198 -1198 -1198 -1198 -1198 -1198 -1198 -1198 -1198 -1198 -1198 -1198 -1198 -1199 -1199 -1199 -1198 -1198 -1198 -1198 -1198 -1198 -1198 -1198 -1198 -1198 -1198 -1198 -1198 -1198 -1198 -1198 -1198 -1198 -1198 -1198 -1198 -1198 -1198 -1198 -1197 -1197 -1197 -1197 -1197 -1197 -1197 -1197 -1197 -1198 -1197 -1197 -1197 -1197 -1197 -1197 -1198 -1197 -1197 -1197 -1197 -1197 -1196 -1197 -1196 -1196 -1196 -1196 -1196 -1195 -1196 -1196 -1195 -1195 -1195 -1195 -1195 -1195 -1195 -1196 -1195 -1195 -1196 -1195 -1195 -1195 -1195 -1195 -1195 -1195 -1195 -1195 -1195 -1195 -1194 -1194 -1194 -1194 -1194 -1194 -1194 -1194 -1194 -1193 -1194 -1193 -1194 -1194 -1194 -1193 -1193 -1193 -1194 -1193 -1193 -1193 -1193 -1193 -1193 -1193 -1193
-1190 -1190 -1191 -1191 -1191 -1191 -1190 -1190 -1191 -1190 -1191 -1191 -1191 -1190 -1190 -1190 -1190 -1190 -1190 -1190 -1190 -1191 -1190 -1191 -1191 -1191 -1190 -1191 -1191 -1190 -1191 -1191 -1191 -1190 -1190 -1190 -1191 -1190 -1191 -1191 -1190 -1191 -1191 -1191 -1191 -1191 -1191 -1191 -1191 -1191 -1191 -1191 -1191 -1191 -1191 -1191 -1191 -1191 -1191 -1191 -1191 -1191 -1191 -1191 -1191 -1191 -1191 -1191 -1191 -1191 -1191 -1191 -1191 -1191 -1191 -1191 -1191 -1191 -1191 -1190 -1190 -1190 -1190 -1190 -1190 -1189 -1189 -1189 -1189 -1189 -1189 -1189 -1189 -1189 -1189 -1189 -1189 -1188 -1188 -1189 -1189 -1188 -1189 -1189 -1189 -1189 -1189 -1189 -1189 -1189 -1189 -1189 -1188 -1188 -1188 -1188 -1188 -1188 -1189 -1189 -1188 -1189 -1189 -1189 -1189 -1189 -1190 -1190 -1190 -1190 -1191 -1190 -1190 -1191 -1191 -1191 -1191 -1191 -1191 -1191 -1191 -1191 -1191 -1191 -1191 -1191 -1191 -1191 -1191 -1191 -1192 -1191 -1192 -1192 -1192 -1192 -1192 -1193 -1193 -1193 -1193 -1193 -1194 -1194 -1194 -1194 -1194 -1194 -1194 -1194 -1194 -1194 -1195 -1195 -1195 -1195 -1195 -1195 -1195 -1195 -1195 -1195 -1195 -1195 -1194 -1195 -1195 -1195 -1195 -1195 -1195 -1195 -1195 -1195 -1195 -1195 -1195 -1195 -1195 -1195 -1196 -1195 -1195 -1195 -1195 -1195 -1195 -1195 -1196 -1195 -1196 -1196 -1195 -1196 -1196 -1196 -1196 -1196 -1195 -1195 -1196 -1196 -1196 -1195 -1196 -1196 -1196 -1195 -1196 -1196 -1196 -1196 -1196 -1196 -1196 -1196 -1196 -1196 -1196 -1195 -1196 -1196 -1196 -1196 -1196 -1196 -1196 -1196 -1196 -1196 -1196 -1196 -1196 -1196 -1196 -1196
-1198 -1198 -1199 -1199 -1198 -1199 -1198 -1198 -1198 -1198 -1198 -1198 -1198 -1198 -1198 -1198 -1198 -1198 -1198 -1198 -1198 -1197 -1197 -1198 -1197 -1198 -1197 -1197 -1197 -1197 -1197 -1197 -1197 -1197 -1197 -1198 -1198 -1198 -1198 -1197 -1197 -1197 -1197 -1197 -1197 -1197 -1196 -1196 -1196 -1196 -1196 -1196 -1195 -1195 -1195 -1195 -1195 -1195 -1195 -1195 -1196 -1196 -1195 -1195 -1195 -1195 -1195 -1195 -1195 -1195 -1195 -1195 -1195 -1195 -1195 -1195 -1195 -1195 -1194 -1194 -1194 -1194 -1194 -1194 -1194 -1194 -1194 -1194 -1193 -1194 -1194 -1194 -1194 -1194 -1193 -1193 -1193 -1193 -1193 -1193 -1193 -1193 -1192 -1193 -1193 -1193 -1193 -1193 -1192 -1193 -1192 -1192 -1192 -1192 -1192 -1192 -1192 -1192 -1192 -1192 -1192 -1192 -1192 -1192 -1192 -1192 -1192 -1192 -1192 -1191 -1192 -1192 -1191 -1192 -1192 -1192 -1191 -1191 -1191 -1191 -1191 -1191 -1190 -1190 -1190 -1190 -1190 -1190 -1190 -1190 -1190 -1190 -1190 -1190 -1190 -1190 -1190 -1190 -1190 -1190 -1190 -1190 -1190 -1190 -1190 -1190 -1190 -1190 -1190 -1190 -1190 -1190 -1190 -1190 -1190 -1190 -1190 -1190 -1190 -1190 -1190 -1190 -1190 -1190 -1190 -1190 -1190 -1190 -1190 -1190 -1190 -1190 -1190 -1190 -1190 -1190 -1190 -1190 -1190 -1190 -1190 -1190 -1190 -1190 -1190 -1190 -1190 -1190 -1190 -1190 -1190 -1190 -1191 -1190 -1191 -1191 -1191 -1190 -1191 -1191 -1190 -1191 -1190 -1190 -1190 -1190 -1190 -1190 -1190 -1190 -1190 -1190 -1191 -1190 -1191 -1191 -1191 -1190 -1190 -1191 -1191 -1190 -1191 -1190 -1191 -1191 -1190 -1191 -1190 -1191 -1191 -1191 -1190 -1191 -1191 -1190
-1192 -1192 -1192 -1193 -1193 -1193 -1193 -1193 -1193 -1194 -1194 -1194 -1194 -1194 -1194 -1194 -1194 -1195 -1194 -1195 -1195 -1195 -1195 -1195 -1195 -1195 -1195 -1195 -1195 -1195 -1195 -1195 -1195 -1195 -1195 -1195 -1195 -1195 -1195 -1195 -1195 -1195 -1195 -1195 -1195 -1195 -1196 -1196 -1195 -1196 -1195 -1195 -1195 -1195 -1195 -1196 -1195 -1196 -1196 -1196 -1196 -1196 -1195 -1196 -1195 -1196 -1196 -1196 -1196 -1196 -1196 -1195 -1196 -1195 -1196 -1196 -1195 -1195 -1196 -1196 -1196 -1195 -1195 -1195 -1196 -1196 -1195 -1195 -1196 -1195 -1196 -1196 -1196 -1196 -1196 -1196 -1196 -1196 -1196 -1195 -1195 -1196 -1196 -1195 -1196 -1196 -1196 -1196 -1196 -1196 -1196 -1196 -1196 -1196 -1196 -1196 -1196 -1196 -1196 -1196 -1196 -1196 -1196 -1196 -1196 -1197 -1196 -1196 -1196 -1196 -1196 -1196 -1196 -1196 -1196 -1196 -1196 -1196 -1196 -1196 -1196 -1196 -1196 -1196 -1196 -1196 -1196 -1197 -1196 -1197 -1197 -1197 -1196 -1196 -1197 -1196 -1196 -1196 -1196 -1196 -1196 -1196 -1196 -1197 -1197 -1197 -1197 -1197 -1196 -1197 -1197 -1197 -1196 -1196 -1197 -1196 -1196 -1197 -1196 -1197 -1197 -1196 -1197 -1196 -1196 -1196 -1196 -1196 -1197 -1197 -1197 -1197 -1198 -1198 -1198 -1198 -1198 -1198 -1198 -1198 -1198 -1199 -1198 -1199 -1199 -1198 -1199 -1199 -1198 -1198 -1198 -1198 -1198 -1198 -1198 -1198 -1198 -1198 -1198 -1198 -1198 -1198 -1198 -1198 -1198 -1198 -1198 -1198 -1198 -1197 -1197 -1198 -1197 -1197 -1198 -1197 -1197 -1197 -1197 -1197 -1197 -1198 -1197 -1198 -1197 -1198 -1197 -1197 -1197 -1197 -1197 -1197 -1197 -1196 -1196 -1196
-1191 -1190 -1190 -1190 -1190 -1190 -1190 -1191 -1190 -1190 -1190 -1190 -1190 -1190 -1190 -1190 -1190 -1190 -1190 -1190 -1190 -1190 -1190 -1190 -1190 -1191 -1191 -1190 -1190 -1190 -1190 -1190 -1190 -1190 -1190 -1190 -1190 -1190 -1190 -1190 -1190 -1190 -1190 -1190 -1190 -1190 -1190 -1190 -1190 -1190 -1190 -1190 -1190 -1190 -1190 -1190 -1190 -1190 -1190 -1190 -1190 -1191 -1191 -1190 -1190 -1190 -1190 -1191 -1191 -1191 -1191 -1190 -1190 -1190 -1190 -1190 -1190 -1190 -1191 -1190 -1191 -1190 -1190 -1191 -1191 -1191 -1191 -1191 -1191 -1191 -1190 -1191 -1190 -1191 -1191 -1191 -1191 -1191 -1191 -1191 -1191 -1191 -1191 -1191 -1191 -1190 -1191 -1191 -1191 -1191 -1191 -1191 -1191 -1191 -1191 -1191 -1191 -1191 -1191 -1191 -1191 -1190 -1191 -1191 -1191 -1191 -1191 -1191 -1191 -1191 -1191 -1191 -1191 -1191 -1191 -1191 -1191 -1190 -1190 -1190 -1190 -1190 -1189 -1189 -1189 -1189 -1189 -1189 -1189 -1188 -1188 -1188 -1189 -1188 -1188 -1188 -1189 -1188 -1189 -1189 -1188 -1189 -1189 -1189 -1189 -1189 -1189 -1188 -1188 -1188 -1188 -1189 -1188 -1188 -1188 -1188 -1189 -1189 -1189 -1189 -1189 -1189 -1190 -1190 -1190 -1190 -1190 -1191 -1191 -1191 -1191 -1191 -1191 -1191 -1191 -1191 -1191 -1191 -1191 -1191 -1191 -1191 -1191 -1191 -1191 -1191 -1191 -1192 -1192 -1192 -1192 -1192 -1193 -1193 -1193 -1193 -1193 -1193 -1193 -1193 -1194 -1193 -1194 -1194 -1194 -1194 -1194 -1195 -1195 -1195 -1195 -1195 -1195 -1195 -1195 -1194 -1195 -1195 -1195 -1195 -1195 -1195 -1195 -1195 -1195 -1195 -1195 -1195 -1195 -1195 -1195 -1195 -1195 -1195 -1195 -1195
-1197 -1196 -1197 -1197 -1197 -1197 -1196 -1197 -1197 -1197 -1196 -1197 -1196 -1197 -1197 -1197 -1197 -1196 -1196 -1196 -1196 -1196 -1196 -1196 -1197 -1196 -1196 -1197 -1196 -1196 -1196 -1196 -1196 -1197 -1197 -1197 -1197 -1197 -1197 -1197 -1198 -1198 -1198 -1198 -1198 -1198 -1198 -1198 -1198 -1199 -1199 -1198 -1198 -1198 -1199 -1198 -1198 -1198 -1198 -1198 -1198 -1198 -1198 -1198 -1198 -1198 -1198 -1198 -1198 -1198 -1198 -1198 -1198 -1198 -1198 -1198 -1198 -1197 -1197 -1197 -1197 -1197 -1197 -1197 -1197 -1197 -1197 -1197 -1197 -1197 -1197 -1197 -1197 -1197 -1197 -1198 -1197 -1197 -1197 -1197 -1197 -1196 -1196 -1196 -1196 -1196 -1196 -1196 -1195 -1195 -1195 -1195 -1196 -1195 -1195 -1195 -1195 -1195 -1196 -1195 -1195 -1195 -1195 -1195 -1195 -1195 -1195 -1195 -1195 -1195 -1195 -1195 -1194 -1194 -1194 -1194 -1194 -1194 -1194 -1194 -1193 -1194 -1194 -1194 -1194 -1194 -1194 -1193 -1194 -1193 -1193 -1193 -1193 -1193 -1193 -1193 -1193 -1193 -1193 -1193 -1192 -1193 -1193 -1192 -1192 -1192 -1193 -1192 -1192 -1192 -1192 -1192 -1192 -1192 -1192 -1192 -1192 -1192 -1192 -1192 -1192 -1192 -1192 -1192 -1192 -1192 -1192 -1191 -1192 -1191 -1191 -1191 -1191 -1191 -1191 -1191 -1191 -1190 -1191 -1190 -1190 -1190 -1190 -1190 -1190 -1190 -1190 -1190 -1190 -1190 -1190 -1190 -1190 -1190 -1190 -1190 -1190 -1190 -1190 -1190 -1190 -1190 -1190 -1190 -1190 -1190 -1190 -1190 -1190 -1190 -1190 -1190 -1190 -1190 -1190 -1190 -1190 -1190 -1190 -1190 -1190 -1190 -1190 -1190 -1190 -1190 -1190 -1190 -1190 -1190 -1190 -1190 -1190 -1190 -1190 -1190
-1189 -1188 -1189 -1189 -1189 -1189 -1189 -1189 -1189 -1189 -1189 -1189 -1188 -1189 -1188 -1188 -1188 -1188 -1188 -1188 -1188 -1188 -1188 -1188 -1189 -1189 -1189 -1189 -1190 -1189 -1190 -1190 -1190 -1190 -1191 -1191 -1191 -1191 -1191 -1191 -1191 -1191 -1191 -1191 -1191 -1191 -1191 -1191 -1191 -1192 -1191 -1191 -1191 -1192 -1192 -1192 -1192 -1192 -1192 -1193 -1193 -1193 -1193 -1193 -1194 -1194 -1194 -1194 -1194 -1194 -1194 -1194 -1194 -1194 -1195 -1195 -1194 -1194 -1194 -1195 -1195 -1195 -1195 -1195 -1195 -1195 -1195 -1195 -1195 -1195 -1195 -1195 -1194 -1195 -1195 -1195 -1195 -1195 -1195 -1195 -1195 -1195 -1195 -1195 -1195 -1195 -1195 -1195 -1195 -1195 -1195 -1196 -1196 -1195 -1196 -1196 -1195 -1196 -1196 -1196 -1195 -1196 -1196 -1196 -1196 -1195 -1195 -1196 -1196 -1195 -1195 -1195 -1196 -1196 -1195 -1196 -1196 -1196 -1196 -1195 -1195 -1196 -1195 -1195 -1196 -1196 -1196 -1196 -1196 -1196 -1196 -1196 -1196 -1196 -1196 -1195 -1196 -1196 -1196 -1196 -1195 -1196 -1196 -1196 -1196 -1196 -1196 -1196 -1196 -1196 -1196 -1196 -1196 -1196 -1196 -1196 -1196 -1196 -1196 -1196 -1196 -1196 -1196 -1196 -1196 -1196 -1196 -1196 -1196 -1196 -1196 -1196 -1196 -1196 -1196 -1196 -1196 -1196 -1196 -1196 -1196 -1196 -1196 -1196 -1196 -1196 -1196 -1197 -1197 -1197 -1197 -1196 -1197 -1196 -1197 -1196 -1196 -1197 -1197 -1197 -1196 -1196 -1196 -1197 -1197 -1197 -1196 -1197 -1197 -1197 -1196 -1196 -1196 -1196 -1196 -1196 -1196 -1197 -1196 -1196 -1196 -1196 -1196 -1197 -1197 -1197 -1197 -1197 -1198 -1198 -1198 -1198 -1198 -1198 -1198 -1198
-1194 -1193 -1193 -1193 -1193 -1193 -1193 -1192 -1192 -1193 -1192 -1192 -1192 -1192 -1192 -1192 -1192 -1192 -1192 -1192 -1192 -1192 -1192 -1192 -1192 -1192 -1192 -1192 -1192 -1192 -1192 -1192 -1192 -1192 -1191 -1191 -1192 -1191 -1191 -1191 -1191 -1191 -1191 -1191 -1191 -1190 -1190 -1190 -1190 -1190 -1190 -1190 -1190 -1190 -1190 -1190 -1190 -1190 -1190 -1190 -1190 -1190 -1190 -1190 -1190 -1190 -1190 -1190 -1190 -1190 -1190 -1190 -1190 -1190 -1190 -1190 -1190 -1190 -1190 -1190 -1190 -1190 -1190 -1190 -1190 -1190 -1190 -1190 -1190 -1190 -1190 -1190 -1190 -1190 -1190 -1190 -1190 -1190 -1190 -1190 -1190 -1190 -1190 -1190 -1190 -1190 -1190 -1190 -1190 -1190 -1190 -1190 -1190 -1190 -1190 -1190 -1190 -1190 -1190 -1191 -1191 -1190 -1191 -1191 -1190 -1190 -1190 -1190 -1190 -1190 -1190 -1190 -1190 -1190 -1190 -1190 -1190 -1190 -1190 -1191 -1190 -1191 -1190 -1190 -1191 -1191 -1190 -1190 -1190 -1190 -1191 -1191 -1191 -1191 -1191 -1191 -1191 -1191 -1190 -1191 -1190 -1191 -1191 -1191 -1191 -1191 -1191 -1191 -1191 -1191 -1191 -1191 -1191 -1191 -1191 -1191 -1191 -1191 -1191 -1191 -1191 -1191 -1191 -1191 -1191 -1191 -1191 -1191 -1191 -1191 -1191 -1191 -1191 -1190 -1190 -1190 -1190 -1190 -1190 -1189 -1189 -1189 -1189 -1189 -1189 -1189 -1188 -1189 -1189 -1189 -1189 -1189 -1188 -1189 -1189 -1189 -1189 -1189 -1189 -1189 -1189 -1189 -1189 -1189 -1189 -1188 -1188 -1188 -1188 -1188 -1188 -1188 -1188 -1189 -1189 -1189 -1189 -1190 -1189 -1190 -1190 -1190 -1190 -1190 -1191 -1191 -1191 -1191 -1191 -1191 -1191 -1191 -1191 -1191 -1191 -1192
-1195 -1196 -1196 -1196 -1196 -1196 -1196 -1196 -1196 -1196 -1195 -1196 -1196 -1196 -1196 -1196 -1196 -1196 -1196 -1196 -1196 -1196 -1196 -1196 -1196 -1196 -1196 -1196 -1196 -1196 -1196 -1196 -1196 -1197 -1197 -1196 -1196 -1196 -1196 -1196 -1196 -1196 -1196 -1196 -1196 -1196 -1196 -1196 -1197 -1197 -1196 -1197 -1197 -1197 -1196 -1196 -1197 -1197 -1196 -1197 -1197 -1197 -1196 -1196 -1196 -1197 -1196 -1197 -1197 -1197 -1196 -1197 -1196 -1197 -1196 -1196 -1196 -1196 -1197 -1197 -1196 -1196 -1196 -1197 -1196 -1196 -1196 -1196 -1196 -1196 -1197 -1197 -1197 -1197 -1197 -1198 -1198 -1198 -1198 -1198 -1198 -1198 -1198 -1198 -1198 -1198 -1198 -1199 -1199 -1199 -1198 -1199 -1198 -1198 -1198 -1198 -1199 -1198 -1198 -1198 -1198 -1198 -1198 -1198 -1198 -1198 -1198 -1198 -1198 -1198 -1198 -1197 -1198 -1197 -1198 -1197 -1197 -1197 -1197 -1197 -1197 -1197 -1197 -1197 -1197 -1197 -1198 -1197 -1198 -1197 -1198 -1198 -1197 -1197 -1197 -1197 -1196 -1197 -1197 -1196 -1196 -1196 -1195 -1196 -1195 -1196 -1195 -1195 -1195 -1195 -1195 -1195 -1195 -1195 -1195 -1195 -1195 -1195 -1195 -1195 -1195 -1195 -1195 -1195 -1195 -1195 -1195 -1195 -1195 -1195 -1194 -1194 -1194 -1194 -1194 -1194 -1194 -1194 -1194 -1193 -1194 -1194 -1194 -1194 -1193 -1194 -1193 -1193 -1193 -1193 -1193 -1193 -1193 -1193 -1193 -1193 -1193 -1193 -1192 -1193 -1192 -1192 -1192 -1192 -1192 -1192 -1192 -1192 -1192 -1192 -1192 -1192 -1192 -1192 -1192 -1192 -1192 -1192 -1192 -1192 -1192 -1192 -1192 -1192 -1191 -1191 -1191 -1192 -1192 -1191 -1191 -1191 -1191 -1191 -1191 -1190
-1191 -1191 -1191 -1191 -1191 -1191 -1191 -1191 -1191 -1191 -1191 -1190 -1191 -1191 -1191 -1191 -1191 -1191 -1191 -1191 -1191 -1191 -1191 -1191 -1191 -1191 -1191 -1191 -1191 -1191 -1191 -1191 -1191 -1191 -1191 -1191 -1191 -1191 -1191 -1190 -1190 -1190 -1190 -1190 -1190 -1189 -1189 -1189 -1189 -1189 -1189 -1189 -1189 -1189 -1188 -1189 -1189 -1189 -1189 -1189 -1188 -1189 -1189 -1189 -1189 -1189 -1189 -1189 -1189 -1189 -1189 -1188 -1188 -1188 -1188 -1188 -1188 -1188 -1189 -1188 -1189 -1189 -1189 -1189 -1190 -1190 -1190 -1190 -1191 -1190 -1190 -1191 -1191 -1191 -1191 -1191 -1191 -1191 -1191 -1191 -1191 -1191 -1191 -1191 -1191 -1191 -1191 -1191 -1191 -1191 -1192 -1192 -1192 -1192 -1192 -1192 -1193 -1193 -1193 -1193 -1194 -1194 -1194 -1194 -1194 -1194 -1194 -1194 -1194 -1194 -1195 -1195 -1195 -1195 -1195 -1195 -1195 -1195 -1195 -1195 -1195 -1195 -1195 -1195 -1195 -1195 -1195 -1195 -1195 -1195 -1195 -1195 -1195 -1195 -1195 -1195 -1195 -1195 -1195 -1196 -1195 -1195 -1195 -1195 -1195 -1195 -1195 -1196 -1195 -1195 -1195 -1196 -1196 -1195 -1195 -1196 -1196 -1196 -1196 -1195 -1195 -1196 -1195 -1196 -1195 -1195 -1195 -1195 -1195 -1196 -1196 -1196 -1196 -1196 -1196 -1196 -1195 -1196 -1196 -1196 -1196 -1196 -1196 -1196 -1196 -1196 -1196 -1196 -1196 -1196 -1196 -1196 -1196 -1196 -1195 -1195 -1196 -1196 -1196 -1196 -1196 -1196 -1196 -1196 -1196 -1196 -1196 -1196 -1196 -1196 -1196 -1196 -1196 -1196 -1196 -1196 -1196 -1196 -1196 -1196 -1196 -1196 -1196 -1196 -1196 -1196 -1196 -1196 -1196 -1196 -1196 -1196 -1196 -1196 -1196 -1196
-1197 -1197 -1197 -1197 -1197 -1197 -1196 -1196 -1196 -1196 -1196 -1195 -1195 -1195 -1195 -1195 -1195 -1195 -1195 -1195 -1196 -1195 -1195 -1195 -1195 -1195 -1195 -1195 -1195 -1195 -1195 -1195 -1195 -1195 -1195 -1194 -1194 -1194 -1194 -1194 -1194 -1194 -1194 -1193 -1193 -1194 -1194 -1194 -1193 -1194 -1193 -1193 -1193 -1193 -1193 -1193 -1193 -1193 -1193 -1193 -1193 -1192 -1192 -1193 -1193 -1192 -1192 -1192 -1193 -1192 -1192 -1192 -1192 -1192 -1192 -1192 -1192 -1192 -1192 -1192 -1192 -1192 -1192 -1192 -1192 -1192 -1192 -1192 -1192 -1192 -1191 -1191 -1192 -1191 -1192 -1191 -1191 -1191 -1191 -1191 -1190 -1190 -1190 -1190 -1190 -1190 -1190 -1190 -1190 -1190 -1190 -1190 -1190 -1190 -1190 -1190 -1190 -1190 -1190 -1190 -1190 -1190 -1190 -1190 -1190 -1190 -1190 -1190 -1190 -1190 -1190 -1190 -1190 -1190 -1190 -1190 -1190 -1190 -1190 -1190 -1190 -1190 -1190 -1190 -1190 -1190 -1190 -1190 -1190 -1190 -1190 -1190 -1190 -1190 -1190 -1190 -1190 -1190 -1190 -1190 -1190 -1190 -1190 -1190 -1190 -1190 -1190 -1190 -1190 -1190 -1190 -1190 -1191 -1191 -1190 -1191 -1190 -1191 -1191 -1191 -1190 -1190 -1191 -1190 -1190 -1190 -1190 -1191 -1190 -1190 -1190 -1190 -1190 -1191 -1190 -1190 -1191 -1191 -1191 -1190 -1190 -1190 -1191 -1191 -1191 -1191 -1191 -1191 -1191 -1191 -1191 -1191 -1191 -1191 -1191 -1191 -1191 -1191 -1191 -1191 -1191 -1191 -1191 -1190 -1191 -1190 -1191 -1191 -1191 -1191 -1191 -1191 -1191 -1191 -1191 -1191 -1191 -1191 -1191 -1191 -1191 -1191 -1191 -1191 -1191 -1191 -1191 -1191 -1191 -1190 -1190 -1190 -1190 -1190 -1189 -1189
-1194 -1195 -1195 -1195 -1195 -1195 -1195 -1195 -1195 -1195 -1196 -1195 -1195 -1196 -1195 -1195 -1196 -1195 -1196 -1196 -1196 -1195 -1196 -1195 -1196 -1196 -1196 -1196 -1196 -1195 -1196 -1196 -1196 -1196 -1195 -1195 -1195 -1196 -1196 -1196 -1196 -1196 -1196 -1196 -1196 -1195 -1195 -1196 -1196 -1196 -1196 -1196 -1196 -1196 -1196 -1196 -1196 -1195 -1196 -1195 -1196 -1196 -1196 -1196 -1196 -1196 -1196 -1195 -1196 -1196 -1196 -1196 -1196 -1196 -1196 -1196 -1196 -1196 -1196 -1196 -1196 -1196 -1196 -1196 -1196 -1197 -1196 -1196 -1196 -1196 -1196 -1196 -1196 -1196 -1196 -1196 -1196 -1196 -1196 -1196 -1196 -1196 -1196 -1196 -1196 -1197 -1196 -1196 -1196 -1196 -1197 -1196 -1196 -1197 -1197 -1197 -1197 -1197 -1196 -1196 -1196 -1196 -1197 -1197 -1196 -1197 -1197 -1197 -1197 -1197 -1196 -1196 -1196 -1197 -1196 -1197 -1197 -1196 -1197 -1197 -1196 -1196 -1197 -1196 -1196 -1196 -1196 -1197 -1197 -1197 -1198 -1197 -1198 -1198 -1198 -1198 -1198 -1199 -1198 -1198 -1198 -1198 -1198 -1199 -1199 -1198 -1198 -1198 -1199 -1198 -1198 -1198 -1198 -1198 -1198 -1198 -1198 -1198 -1198 -1198 -1198 -1198 -1198 -1198 -1198 -1198 -1197 -1198 -1198 -1198 -1198 -1198 -1198 -1197 -1197 -1197 -1197 -1197 -1197 -1197 -1198 -1197 -1197 -1198 -1198 -1197 -1197 -1197 -1197 -1197 -1197 -1197 -1197 -1196 -1196 -1196 -1196 -1196 -1196 -1195 -1195 -1195 -1196 -1195 -1195 -1195 -1195 -1195 -1195 -1195 -1195 -1195 -1195 -1195 -1195 -1195 -1195 -1195 -1195 -1195 -1195 -1195 -1195 -1195 -1195 -1194 -1195 -1194 -1194 -1194 -1194 -1194 -1194 -1194 -1194 -1194
-1190 -1190 -1190 -1190 -1191 -1190 -1190 -1190 -1190 -1190 -1190 -1190 -1190 -1190 -1190 -1190 -1190 -1190 -1190 -1190 -1190 -1190 -1190 -1190 -1191 -1190 -1191 -1190 -1191 -1191 -1190 -1190 -1190 -1190 -1190 -1191 -1190 -1190 -1190 -1191 -1190 -1191 -1191 -1191 -1190 -1190 -1191 -1191 -1190 -1190 -1191 -1190 -1190 -1191 -1191 -1191 -1191 -1191 -1190 -1191 -1191 -1191 -1191 -1191 -1191 -1191 -1191 -1191 -1191 -1191 -1191 -1191 -1191 -1191 -1191 -1191 -1191 -1191 -1191 -1191 -1191 -1191 -1191 -1191 -1191 -1191 -1191 -1191 -1191 -1191 -1191 -1191 -1191 -1191 -1191 -1190 -1191 -1190 -1190 -1190 -1190 -1189 -1189 -1189 -1189 -1189 -1189 -1189 -1189 -1188 -1189 -1189 -1189 -1189 -1189 -1189 -1189 -1189 -1189 -1189 -1189 -1189 -1189 -1189 -1189 -1189 -1188 -1188 -1188 -1188 -1188 -1188 -1188 -1189 -1189 -1189 -1189 -1189 -1189 -1189 -1189 -1190 -1190 -1190 -1190 -1191 -1191 -1191 -1191 -1191 -1191 -1191 -1191 -1191 -1191 -1191 -1191 -1191 -1191 -1191 -1191 -1191 -1191 -1191 -1191 -1192 -1192 -1192 -1192 -1192 -1192 -1193 -1193 -1192 -1193 -1193 -1193 -1193 -1193 -1194 -1193 -1194 -1194 -1194 -1194 -1194 -1194 -1195 -1195 -1195 -1195 -1195 -1195 -1195 -1195 -1195 -1195 -1195 -1195 -1195 -1195 -1195 -1195 -1195 -1195 -1195 -1195 -1195 -1195 -1195 -1195 -1195 -1195 -1195 -1195 -1195 -1195 -1195 -1195 -1195 -1195 -1196 -1196 -1195 -1195 -1196 -1195 -1195 -1196 -1195 -1195 -1195 -1195 -1196 -1196 -1196 -1196 -1196 -1196 -1196 -1196 -1196 -1196 -1195 -1196 -1196 -1196 -1196 -1196 -1196 -1196 -1195 -1196 -1196 -1196 -1196
-1197 -1198 -1198 -1198 -1198 -1198 -1198 -1198 -1198 -1198 -1199 -1199 -1199 -1198 -1199 -1199 -1198 -1198 -1198 -1198 -1198 -1198 -1198 -1198 -1198 -1198 -1198 -1198 -1198 -1198 -1198 -1198 -1198 -1198 -1198 -1198 -1198 -1198 -1197 -1198 -1197 -1197 -1197 -1197 -1197 -1197 -1197 -1197 -1197 -1197 -1197 -1198 -1197 -1197 -1197 -1197 -1197 -1197 -1197 -1197 -1197 -1196 -1196 -1196 -1196 -1196 -1195 -1195 -1195 -1195 -1196 -1195 -1195 -1195 -1195 -1195 -1195 -1195 -1195 -1195 -1195 -1195 -1195 -1195 -1195 -1195 -1195 -1195 -1195 -1195 -1195 -1195 -1194 -1194 -1194 -1194 -1194 -1194 -1194 -1194 -1194 -1193 -1194 -1194 -1194 -1194 -1193 -1194 -1194 -1193 -1193 -1193 -1193 -1193 -1193 -1193 -1193 -1192 -1193 -1193 -1193 -1193 -1192 -1192 -1192 -1192 -1192 -1193 -1192 -1192 -1192 -1192 -1192 -1192 -1192 -1192 -1192 -1192 -1192 -1192 -1192 -1192 -1192 -1192 -1191 -1192 -1192 -1192 -1192 -1191 -1191 -1191 -1191 -1191 -1191 -1191 -1191 -1190 -1190 -1190 -1190 -1190 -1190 -1190 -1190 -1190 -1190 -1190 -1190 -1190 -1190 -1190 -1191 -1190 -1190 -1190 -1190 -1190 -1190 -1190 -1190 -1190 -1190 -1190 -1190 -1190 -1190 -1190 -1190 -1190 -1190 -1191 -1190 -1190 -1190 -1190 -1190 -1190 -1190 -1190 -1190 -1190 -1190 -1190 -1190 -1190 -1190 -1190 -1190 -1190 -1190 -1190 -1190 -1190 -1191 -1190 -1190 -1190 -1190 -1190 -1190 -1190 -1190 -1190 -1190 -1190 -1190 -1190 -1190 -1190 -1190 -1191 -1191 -1190 -1191 -1190 -1191 -1190 -1190 -1190 -1190 -1190 -1190 -1190 -1190 -1190 -1190 -1191 -1190 -1191 -1191 -1190 -1191 -1190 -1190 -1191
-1191 -1191 -1191 -1191 -1191 -1191 -1191 -1191 -1191 -1192 -1191 -1191 -1191 -1192 -1192 -1192 -1192 -1193 -1193 -1193 -1193 -1193 -1193 -1193 -1194 -1194 -1194 -1194 -1194 -1194 -1194 -1194 -1194 -1195 -1195 -1195 -1195 -1195 -1195 -1195 -1195 -1195 -1195 -1195 -1195 -1195 -1195 -1195 -1195 -1195 -1195 -1195 -1195 -1195 -1195 -1195 -1195 -1195 -1195 -1195 -1195 -1195 -1195 -1195 -1195 -1195 -1195 -1195 -1195 -1195 -1195 -1196 -1196 -1195 -1196 -1196 -1196 -1196 -1196 -1196 -1195 -1196 -1196 -1196 -1195 -1196 -1196 -1196 -1196 -1195 -1196 -1196 -1196 -1196 -1196 -1196 -1196 -1196 -1196 -1196 -1196 -1196 -1195 -1195 -1196 -1196 -1196 -1196 -1196 -1196 -1196 -1196 -1196 -1196 -1196 -1196 -1196 -1196 -1196 -1196 -1196 -1196 -1196 -1195 -1196 -1196 -1196 -1196 -1196 -1196 -1196 -1196 -1196 -1196 -1196 -1196 -1196 -1196 -1196 -1196 -1196 -1196 -1196 -1196 -1196 -1196 -1196 -1196 -1196 -1197 -1196 -1196 -1196 -1196 -1196 -1196 -1196 -1196 -1196 -1196 -1196 -1196 -1196 -1197 -1197 -1197 -1196 -1197 -1197 -1197 -1196 -1196 -1196 -1196 -1197 -1197 -1196 -1196 -1197 -1197 -1197 -1196 -1197 -1196 -1196 -1196 -1196 -1197 -1197 -1197 -1196 -1196 -1197 -1197 -1197 -1197 -1197 -1196 -1196 -1196 -1197 -1196 -1196 -1196 -1197 -1197 -1197 -1197 -1198 -1198 -1198 -1198 -1198 -1198 -1198 -1198 -1198 -1198 -1198 -1199 -1199 -1199 -1198 -1199 -1198 -1198 -1198 -1198 -1198 -1198 -1198 -1198 -1198 -1198 -1198 -1198 -1198 -1198 -1198 -1198 -1198 -1198 -1198 -1198 -1198 -1198 -1198 -1198 -1197 -1197 -1197 -1197 -1197 -1197 -1197 -1197
-1192 -1191 -1191 -1191 -1190 -1190 -1190 -1190 -1190 -1190 -1190 -1190 -1190 -1190 -1190 -1190 -1190 -1190 -1190 -1190 -1190 -1190 -1190 -1190 -1190 -1190 -1190 -1190 -1190 -1190 -1190 -1190 -1190 -1190 -1190 -1190 -1190 -1190 -1190 -1191 -1190 -1190 -1190 -1190 -1190 -1190 -1190 -1190 -1190 -1190 -1190 -1190 -1190 -1190 -1190 -1190 -1190 -1190 -1190 -1190 -1190 -1190 -1190 -1190 -1190 -1190 -1190 -1190 -1190 -1190 -1190 -1190 -1190 -1190 -1191 -1191 -1190 -1191 -1191 -1191 -1190 -1191 -1191 -1191 -1190 -1190 -1190 -1190 -1191 -1190 -1190 -1190 -1190 -1190 -1190 -1191 -1190 -1190 -1191 -1190 -1190 -1191 -1190 -1191 -1190 -1190 -1191 -1191 -1191 -1191 -1191 -1191 -1191 -1191 -1191 -1191 -1191 -1191 -1191 -1191 -1191 -1190 -1191 -1191 -1191 -1191 -1191 -1191 -1191 -1191 -1191 -1191 -1191 -1191 -1191 -1191 -1191 -1191 -1191 -1191 -1191 -1191 -1191 -1191 -1191 -1191 -1191 -1191 -1191 -1191 -1191 -1191 -1191 -1190 -1190 -1190 -1190 -1189 -1189 -1189 -1189 -1189 -1189 -1189 -1189 -1189 -1189 -1188 -1188 -1189 -1189 -1189 -1189 -1189 -1189 -1189 -1189 -1189 -1189 -1189 -1189 -1189 -1189 -1189 -1188 -1188 -1188 -1188 -1188 -1188 -1188 -1189 -1189 -1189 -1189 -1189 -1189 -1190 -1190 -1190 -1190 -1190 -1190 -1191 -1191 -1190 -1191 -1191 -1191 -1191 -1191 -1191 -1191 -1191 -1191 -1191 -1191 -1191 -1192 -1191 -1191 -1192 -1191 -1192 -1192 -1192 -1192 -1193 -1193 -1193 -1193 -1193 -1193 -1194 -1194 -1194 -1194 -1194 -1194 -1194 -1194 -1194 -1195 -1195 -1195 -1195 -1195 -1195 -1195 -1195 -1195 -1195 -1195 -1195 -1195 -1195
-1196 -1196 -1196 -1197 -1196 -1196 -1196 -1197 -1196 -1197 -1197 -1197 -1197 -1196 -1197 -1196 -1197 -1197 -1196 -1196 -1197 -1196 -1197 -1197 -1196 -1197 -1197 -1197 -1197 -1197 -1197 -1197 -1196 -1197 -1196 -1196 -1196 -1197 -1196 -1196 -1196 -1196 -1197 -1196 -1197 -1196 -1196 -1197 -1196 -1197 -1197 -1197 -1197 -1198 -1198 -1198 -1198 -1198 -1198 -1198 -1198 -1198 -1198 -1198 -1199 -1199 -1199 -1198 -1199 -1199 -1198 -1199 -1199 -1198 -1198 -1198 -1198 -1198 -1198 -1198 -1198 -1198 -1198 -1198 -1198 -1198 -1198 -1198 -1198 -1198 -1198 -1197 -1198 -1198 -1198 -1198 -1198 -1197 -1197 -1197 -1197 -1197 -1197 -1197 -1197 -1197 -1197 -1198 -1197 -1197 -1197 -1197 -1197 -1197 -1197 -1197 -1196 -1196 -1196 -1196 -1196 -1195 -1195 -1195 -1195 -1195 -1195 -1195 -1195 -1195 -1195 -1195 -1195 -1195 -1195 -1195 -1195 -1195 -1195 -1195 -1195 -1195 -1195 -1195 -1195 -1195 -1195 -1195 -1195 -1194 -1194 -1194 -1194 -1194 -1194 -1194 -1194 -1194 -1194 -1194 -1193 -1194 -1193 -1194 -1193 -1193 -1193 -1193 -1193 -1193 -1193 -1193 -1193 -1193 -1193 -1192 -1193 -1193 -1193 -1192 -1192 -1192 -1192 -1192 -1192 -1192 -1192 -1192 -1192 -1192 -1192 -1192 -1192 -1192 -1192 -1192 -1192 -1192 -1191 -1192 -1192 -1192 -1191 -1192 -1191 -1191 -1192 -1192 -1191 -1191 -1191 -1191 -1190 -1191 -1190 -1190 -1190 -1190 -1190 -1190 -1190 -1190 -1190 -1190 -1190 -1190 -1190 -1190 -1190 -1190 -1190 -1190 -1190 -1190 -1190 -1190 -1190 -1190 -1190 -1190 -1190 -1190 -1190 -1190 -1190 -1190 -1190 -1190 -1190 -1190 -1191 -1190 -1190 -1190 -1190 -1191
-1190 -1190 -1190 -1190 -1190 -1189 -1189 -1189 -1189 -1189 -1189 -1188 -1188 -1188 -1189 -1188 -1189 -1189 -1189 -1189 -1189 -1189 -1189 -1189 -1189 -1189 -1189 -1189 -1189 -1188 -1189 -1188 -1188 -1188 -1188 -1188 -1189 -1188 -1189 -1189 -1189 -1189 -1189 -1189 -1190 -1190 -1190 -1190 -1191 -1190 -1191 -1191 -1191 -1191 -1191 -1191 -1191 -1191 -1191 -1191 -1191 -1191 -1191 -1191 -1191 -1191 -1191 -1192 -1191 -1191 -1192 -1192 -1192 -1192 -1193 -1193 -1193 -1193 -1193 -1194 -1194 -1194 -1194 -1194 -1194 -1194 -1194 -1194 -1194 -1195 -1195 -1195 -1195 -1195 -1195 -1194 -1195 -1195 -1195 -1195 -1195 -1195 -1195 -1195 -1195 -1195 -1195 -1195 -1195 -1195 -1195 -1195 -1195 -1195 -1195 -1195 -1195 -1196 -1195 -1195 -1195 -1195 -1195 -1195 -1195 -1195 -1195 -1196 -1196 -1196 -1195 -1196 -1195 -1196 -1196 -1196 -1196 -1196 -1196 -1196 -1196 -1196 -1196 -1196 -1196 -1195 -1196 -1195 -1196 -1196 -1196 -1196 -1196 -1196 -1196 -1196 -1196 -1196 -1196 -1196 -1196 -1196 -1196 -1196 -1196 -1196 -1196 -1196 -1195 -1196 -1196 -1196 -1196 -1196 -1196 -1196 -1196 -1196 -1196 -1196 -1196 -1196 -1196 -1196 -1196 -1196 -1196 -1196 -1196 -1196 -1196 -1196 -1196 -1196 -1196 -1196 -1196 -1197 -1196 -1196 -1196 -1196 -1196 -1196 -1196 -1196 -1196 -1196 -1196 -1196 -1196 -1196 -1196 -1196 -1196 -1197 -1196 -1196 -1196 -1197 -1197 -1196 -1197 -1197 -1197 -1197 -1196 -1196 -1196 -1197 -1196 -1196 -1197 -1196 -1196 -1197 -1197 -1196 -1197 -1197 -1197 -1197 -1197 -1197 -1197 -1197 -1197 -1197 -1196 -1196 -1196 -1196 -1196 -1196 -1197 -1196
-1194 -1194 -1194 -1194 -1194 -1194 -1194 -1194 -1194 -1193 -1194 -1193 -1193 -1193 -1193 -1193 -1193 -1193 -1193 -1193 -1193 -1193 -1193 -1193 -1193 -1192 -1192 -1192 -1192 -1193 -1192 -1192 -1192 -1192 -1192 -1192 -1192 -1192 -1192 -1192 -1192 -1192 -1192 -1192 -1192 -1192 -1192 -1192 -1192 -1192 -1191 -1191 -1192 -1192 -1191 -1191 -1191 -1191 -1191 -1191 -1190 -1190 -1190 -1190 -1190 -1190 -1190 -1190 -1190 -1190 -1190 -1190 -1190 -1190 -1190 -1190 -1190 -1190 -1190 -1190 -1190 -1190 -1190 -1190 -1190 -1190 -1190 -1190 -1190 -1190 -1190 -1190 -1190 -1190 -1190 -1190 -1190 -1190 -1190 -1190 -1190 -1190 -1190 -1190 -1190 -1190 -1190 -1190 -1190 -1190 -1190 -1190 -1190 -1190 -1190 -1190 -1190 -1190 -1190 -1190 -1190 -1190 -1190 -1190 -1190 -1190 -1190 -1190 -1190 -1190 -1191 -1190 -1190 -1191 -1190 -1191 -1191 -1191 -1191 -1190 -1191 -1190 -1190 -1190 -1190 -1190 -1190 -1190 -1190 -1190 -1191 -1190 -1190 -1191 -1191 -1190 -1191 -1190 -1191 -1190 -1190 -1190 -1190 -1191 -1191 -1191 -1191 -1191 -1191 -1191 -1191 -1191 -1191 -1191 -1191 -1191 -1191 -1191 -1191 -1191 -1191 -1191 -1191 -1191 -1191 -1191 -1191 -1191 -1191 -1191 -1191 -1191 -1191 -1191 -1191 -1191 -1191 -1191 -1191 -1191 -1191 -1191 -1191 -1191 -1191 -1191 -1191 -1191 -1190 -1190 -1190 -1190 -1190 -1189 -1189 -1189 -1189 -1189 -1189 -1189 -1188 -1189 -1189 -1189 -1189 -1189 -1189 -1189 -1188 -1189 -1189 -1189 -1189 -1189 -1189 -1189 -1189 -1189 -1188 -1188 -1188 -1188 -1188 -1188 -1188 -1189 -1189 -1188 -1189 -1189 -1189 -1189 -1189 -1190 -1190 -1190
-1195 -1196 -1196 -1196 -1196 -1196 -1196 -1196 -1196 -1196 -1196 -1196 -1196 -1196 -1196 -1196 -1196 -1196 -1196 -1196 -1196 -1196 -1196 -1196 -1196 -1196 -1196 -1196 -1196 -1196 -1196 -1196 -1196 -1196 -1196 -1196 -1196 -1196 -1196 -1196 -1196 -1196 -1196 -1196 -1196 -1196 -1196 -1196 -1196 -1196 -1196 -1196 -1196 -1196 -1196 -1196 -1196 -1196 -1196 -1196 -1196 -1196 -1196 -1197 -1197 -1196 -1196 -1197 -1197 -1196 -1196 -1197 -1197 -1197 -1196 -1196 -1197 -1197 -1196 -1197 -1196 -1197 -1196 -1196 -1196 -1197 -1197 -1196 -1197 -1196 -1196 -1197 -1197 -1196 -1197 -1196 -1196 -1196 -1197 -1197 -1197 -1197 -1196 -1197 -1196 -1196 -1197 -1197 -1197 -1197 -1198 -1197 -1198 -1198 -1198 -1198 -1198 -1198 -1198 -1199 -1199 -1199 -1199 -1198 -1198 -1198 -1199 -1199 -1198 -1198 -1198 -1199 -1198 -1198 -1198 -1198 -1198 -1198 -1198 -1198 -1198 -1198 -1198 -1198 -1198 -1198 -1198 -1197 -1198 -1198 -1197 -1197 -1197 -1197 -1197 -1197 -1197 -1197 -1197 -1197 -1197 -1197 -1197 -1197 -1198 -1197 -1198 -1197 -1197 -1197 -1197 -1197 -1196 -1196 -1196 -1196 -1196 -1196 -1196 -1196 -1195 -1195 -1195 -1195 -1195 -1195 -1196 -1195 -1195 -1195 -1195 -1195 -1195 -1195 -1195 -1195 -1195 -1195 -1195 -1195 -1195 -1195 -1195 -1195 -1194 -1194 -1194 -1194 -1194 -1194 -1194 -1194 -1193 -1194 -1194 -1194 -1194 -1193 -1194 -1193 -1193 -1194 -1193 -1193 -1193 -1193 -1193 -1193 -1193 -1193 -1193 -1192 -1192 -1192 -1192 -1192 -1192 -1192 -1192 -1192 -1192 -1192 -1192 -1192 -1192 -1192 -1192 -1192 -1192 -1192 -1192 -1192 -1192 -1192 -1192 -1192
-1191 -1191 -1190 -1191 -1191 -1191 -1191 -1191 -1191 -1190 -1191 -1190 -1190 -1190 -1191 -1191 -1191 -1191 -1190 -1191 -1191 -1191 -1191 -1191 -1190 -1191 -1191 -1191 -1191 -1191 -1191 -1191 -1191 -1191 -1191 -1191 -1191 -1191 -1191 -1191 -1191 -1191 -1191 -1191 -1191 -1191 -1191 -1191 -1191 -1191 -1191 -1191 -1191 -1191 -1190 -1191 -1190 -1190 -1190 -1190 -1189 -1189 -1189 -1189 -1189 -1189 -1189 -1189 -1189 -1188 -1189 -1188 -1188 -1189 -1189 -1189 -1189 -1189 -1189 -1189 -1189 -1189 -1189 -1189 -1189 -1188 -1188 -1188 -1188 -1188 -1188 -1188 -1188 -1188 -1188 -1189 -1189 -1189 -1189 -1189 -1190 -1190 -1190 -1190 -1191 -1191 -1191 -1190 -1191 -1191 -1191 -1191 -1191 -1191 -1191 -1191 -1191 -1191 -1191 -1192 -1191 -1191 -1191 -1191 -1192 -1192 -1192 -1192 -1192 -1193 -1192 -1193 -1193 -1193 -1193 -1193 -1194 -1194 -1194 -1194 -1194 -1194 -1194 -1194 -1194 -1194 -1195 -1195 -1195 -1195 -1195 -1195 -1195 -1195 -1195 -1195 -1195 -1195 -1195 -1195 -1195 -1195 -1195 -1195 -1195 -1195 -1195 -1195 -1195 -1195 -1195 -1195 -1195 -1195 -1195 -1196 -1195 -1195 -1196 -1196 -1196 -1195 -1196 -1196 -1196 -1196 -1196 -1196 -1196 -1196 -1196 -1195 -1196 -1196 -1196 -1196 -1196 -1196 -1196 -1196 -1196 -1196 -1196 -1196 -1195 -1196 -1196 -1196 -1196 -1196 -1195 -1196 -1195 -1196 -1196 -1195 -1196 -1196 -1196 -1196 -1196 -1196 -1196 -1196 -1196 -1196 -1195 -1195 -1196 -1196 -1196 -1196 -1196 -1196 -1196 -1196 -1196 -1196 -1196 -1196 -1196 -1196 -1196 -1196 -1196 -1196 -1196 -1196 -1196 -1196 -1196 -1196 -1196 -1197 -1196 -1196
-1197 -1197 -1198 -1198 -1198 -1197 -1197 -1197 -1197 -1197 -1198 -1198 -1198 -1197 -1197 -1197 -1197 -1197 -1196 -1196 -1196 -1196 -1196 -1196 -1196 -1196 -1195 -1195 -1195 -1195 -1195 -1195 -1196 -1195 -1195 -1195 -1195 -1195 -1195 -1195 -1195 -1195 -1195 -1195 -1195 -1195 -1195 -1195 -1195 -1195 -1195 -1194 -1194 -1194 -1194 -1194 -1194 -1194 -1194 -1194 -1194 -1194 -1194 -1194 -1194 -1194 -1194 -1194 -1194 -1193 -1193 -1193 -1193 -1193 -1193 -1193 -1193 -1193 -1193 -1192 -1192 -1192 -1193 -1192 -1192 -1192 -1193 -1192 -1192 -1192 -1192 -1192 -1192 -1192 -1192 -1192 -1192 -1192 -1192 -1192 -1192 -1192 -1192 -1192 -1192 -1192 -1192 -1192 -1192 -1192 -1191 -1191 -1191 -1191 -1191 -1190 -1190 -1191 -1190 -1190 -1190 -1190 -1190 -1190 -1190 -1190 -1190 -1190 -1190 -1190 -1190 -1190 -1190 -1190 -1190 -1190 -1190 -1190 -1190 -1190 -1190 -1190 -1190 -1190 -1190 -1190 -1190 -1190 -1191 -1190 -1190 -1190 -1190 -1190 -1190 -1190 -1190 -1190 -1190 -1190 -1190 -1190 -1190 -1190 -1190 -1190 -1190 -1190 -1190 -1190 -1190 -1190 -1190 -1190 -1190 -1190 -1190 -1190 -1190 -1190 -1190 -1190 -1190 -1190 -1190 -1190 -1190 -1191 -1190 -1190 -1190 -1191 -1190 -1191 -1190 -1191 -1190 -1190 -1190 -1190 -1190 -1190 -1190 -1190 -1190 -1190 -1190 -1191 -1190 -1191 -1190 -1191 -1190 -1190 -1190 -1191 -1191 -1191 -1191 -1191 -1191 -1191 -1191 -1190 -1191 -1191 -1191 -1191 -1191 -1191 -1191 -1191 -1191 -1191 -1191 -1191 -1191 -1191 -1191 -1191 -1191 -1191 -1191 -1191 -1191 -1191 -1191 -1191 -1191 -1191 -1191 -1191 -1191 -1191 -1191 -1191
-1194 -1195 -1195 -1195 -1195 -1195 -1195 -1195 -1195 -1195 -1195 -1195 -1195 -1195 -1195 -1195 -1195 -1195 -1195 -1195 -1195 -1195 -1195 -1195 -1195 -1195 -1195 -1196 -1195 -1195 -1196 -1195 -1196 -1195 -1195 -1196 -1196 -1195 -1196 -1196 -1196 -1195 -1196 -1196 -1196 -1196 -1195 -1196 -1195 -1196 -1196 -1196 -1196 -1196 -1196 -1196 -1196 -1195 -1195 -1195 -1196 -1196 -1196 -1196 -1196 -1196 -1196 -1196 -1196 -1196 -1196 -1196 -1196 -1196 -1196 -1196 -1195 -1195 -1196 -1196 -1196 -1196 -1196 -1196 -1196 -1196 -1196 -1196 -1196 -1196 -1196 -1196 -1196 -1196 -1196 -1196 -1196 -1196 -1196 -1196 -1196 -1196 -1196 -1196 -1196 -1196 -1197 -1196 -1196 -1196 -1196 -1196 -1196 -1196 -1196 -1196 -1196 -1196 -1196 -1196 -1196 -1196 -1197 -1196 -1197 -1196 -1196 -1196 -1197 -1197 -1197 -1197 -1196 -1197 -1196 -1197 -1196 -1197 -1196 -1197 -1197 -1197 -1197 -1196 -1197 -1197 -1197 -1196 -1197 -1196 -1196 -1197 -1197 -1196 -1196 -1197 -1196 -1196 -1196 -1196 -1196 -1197 -1197 -1197 -1197 -1197 -1197 -1198 -1198 -1198 -1198 -1198 -1198 -1198 -1198 -1198 -1199 -1199 -1198 -1199 -1199 -1198 -1198 -1199 -1198 -1198 -1199 -1198 -1198 -1198 -1198 -1198 -1198 -1198 -1198 -1198 -1198 -1198 -1198 -1198 -1198 -1198 -1198 -1198 -1197 -1198 -1198 -1198 -1197 -1197 -1197 -1197 -1198 -1197 -1198 -1197 -1198 -1198 -1197 -1198 -1197 -1197 -1197 -1197 -1197 -1197 -1197 -1197 -1196 -1196 -1196 -1196 -1196 -1196 -1195 -1195 -1195 -1195 -1195 -1195 -1196 -1196 -1195 -1195 -1195 -1195 -1195 -1195 -1195 -1195 -1195 -1195 -1195 -1195 -1195 -1195
-1191 -1190 -1190 -1190 -1191 -1190 -1190 -1190 -1190 -1190 -1190 -1190 -1190 -1190 -1190 -1190 -1190 -1190 -1190 -1190 -1190 -1190 -1190 -1190 -1190 -1190 -1190 -1190 -1190 -1191 -1190 -1190 -1190 -1190 -1190 -1191 -1191 -1190 -1190 -1190 -1191 -1190 -1191 -1190 -1190 -1191 -1190 -1190 -1190 -1190 -1190 -1190 -1191 -1191 -1191 -1191 -1190 -1191 -1191 -1190 -1190 -1191 -1190 -1191 -1190 -1190 -1190 -1190 -1191 -1191 -1191 -1191 -1191 -1191 -1191 -1191 -1191 -1191 -1191 -1191 -1191 -1190 -1191 -1190 -1191 -1191 -1191 -1191 -1191 -1191 -1191 -1191 -1191 -1191 -1191 -1191 -1191 -1191 -1191 -1191 -1191 -1191 -1191 -1191 -1191 -1191 -1191 -1191 -1191 -1191 -1190 -1190 -1190 -1190 -1190 -1190 -1189 -1189 -1189 -1189 -1189 -1189 -1189 -1189 -1189 -1189 -1189 -1189 -1189 -1189 -1189 -1189 -1189 -1189 -1189 -1189 -1189 -1189 -1189 -1189 -1189 -1188 -1188 -1188 -1188 -1188 -1188 -1188 -1188 -1188 -1189 -1189 -1189 -1189 -1189 -1190 -1190 -1190 -1190 -1190 -1190 -1191 -1191 -1191 -1191 -1191 -1191 -1191 -1191 -1191 -1191 -1191 -1191 -1191 -1191 -1191 -1192 -1191 -1191 -1191 -1192 -1191 -1192 -1192 -1192 -1192 -1192 -1193 -1193 -1193 -1193 -1193 -1194 -1194 -1194 -1194 -1194 -1194 -1194 -1194 -1194 -1195 -1195 -1194 -1195 -1195 -1195 -1195 -1195 -1195 -1195 -1195 -1195 -1195 -1195 -1195 -1195 -1195 -1195 -1196 -1195 -1195 -1195 -1195 -1195 -1195 -1195 -1195 -1195 -1195 -1195 -1195 -1195 -1195 -1196 -1196 -1195 -1195 -1195 -1196 -1196 -1196 -1196 -1195 -1195 -1196 -1195 -1196 -1196 -1196 -1196 -1196 -1196 -1196 -1196 -1196
-1196 -1196 -1197 -1197 -1197 -1197 -1197 -1197 -1196 -1197 -1197 -1197 -1197 -1198 -1197 -1198 -1198 -1198 -1198 -1198 -1198 -1198 -1198 -1199 -1199 -1198 -1199 -1198 -1198 -1199 -1199 -1199 -1198 -1198 -1198 -1199 -1198 -1198 -1198 -1198 -1198 -1198 -1198 -1198 -1198 -1198 -1198 -1198 -1198 -1198 -1198 -1198 -1198 -1198 -1197 -1198 -1197 -1197 -1197 -1197 -1197 -1197 -1197 -1197 -1197 -1197 -1198 -1197 -1197 -1198 -1197 -1197 -1197 -1197 -1197 -1196 -1196 -1196 -1196 -1196 -1196 -1196 -1195 -1195 -1195 -1195 -1195 -1195 -1196 -1195 -1195 -1195 -1195 -1195 -1195 -1195 -1195 -1195 -1195 -1195 -1195 -1195 -1195 -1195 -1195 -1195 -1195 -1195 -1194 -1194 -1194 -1194 -1194 -1194 -1194 -1194 -1194 -1194 -1194 -1193 -1194 -1194 -1194 -1194 -1193 -1193 -1193 -1193 -1193 -1193 -1193 -1193 -1193 -1193 -1193 -1192 -1192 -1193 -1192 -1192 -1192 -1192 -1192 -1192 -1192 -1192 -1192 -1192 -1192 -1192 -1192 -1192 -1192 -1192 -1192 -1192 -1192 -1192 -1192 -1192 -1192 -1192 -1192 -1192 -1191 -1191 -1192 -1191 -1191 -1191 -1191 -1191 -1191 -1191 -1190 -1190 -1190 -1190 -1190 -1190 -1190 -1190 -1190 -1190 -1190 -1190 -1190 -1190 -1190 -1190 -1190 -1190 -1190 -1190 -1190 -1190 -1190 -1190 -1190 -1190 -1190 -1190 -1190 -1190 -1190 -1190 -1190 -1191 -1190 -1190 -1190 -1190 -1190 -1190 -1190 -1190 -1190 -1190 -1190 -1190 -1190 -1190 -1190 -1190 -1190 -1190 -1190 -1190 -1190 -1190 -1190 -1190 -1190 -1190 -1190 -1190 -1190 -1190 -1190 -1190 -1190 -1190 -1190 -1190 -1191 -1191 -1190 -1190 -1191 -1191 -1191 -1190 -1191 -1191 -1190 -1190
-1189 -1189 -1190 -1190 -1190 -1190 -1190 -1191 -1191 -1191 -1191 -1191 -1191 -1191 -1191 -1191 -1191 -1191 -1191 -1192 -1192 -1191 -1191 -1191 -1192 -1192 -1191 -1191 -1192 -1192 -1192 -1192 -1192 -1193 -1193 -1193 -1193 -1193 -1193 -1194 -1194 -1194 -1194 -1194 -1194 -1194 -1194 -1194 -1195 -1195 -1195 -1195 -1195 -1195 -1195 -1195 -1195 -1195 -1195 -1195 -1195 -1195 -1195 -1195 -1195 -1195 -1195 -1195 -1195 -1195 -1195 -1195 -1195 -1195 -1195 -1195 -1195 -1195 -1195 -1195 -1195 -1195 -1195 -1195 -1195 -1196 -1196 -1196 -1196 -1195 -1196 -1196 -1195 -1196 -1196 -1195 -1195 -1196 -1196 -1195 -1196 -1196 -1196 -1196 -1195 -1196 -1195 -1196 -1196 -1195 -1196 -1196 -1196 -1195 -1195 -1196 -1196 -1196 -1196 -1196 -1196 -1196 -1196 -1196 -1196 -1196 -1196 -1196 -1196 -1196 -1195 -1196 -1196 -1196 -1196 -1196 -1196 -1196 -1196 -1196 -1196 -1196 -1196 -1196 -1196 -1196 -1196 -1196 -1196 -1196 -1196 -1196 -1196 -1197 -1196 -1196 -1196 -1196 -1196 -1196 -1196 -1196 -1196 -1196 -1196 -1196 -1196 -1196 -1196 -1196 -1196 -1196 -1196 -1196 -1196 -1196 -1196 -1196 -1197 -1197 -1197 -1197 -1197 -1197 -1197 -1197 -1196 -1197 -1196 -1196 -1196 -1197 -1197 -1197 -1197 -1197 -1196 -1197 -1197 -1196 -1197 -1196 -1197 -1196 -1197 -1196 -1197 -1197 -1196 -1197 -1196 -1196 -1197 -1197 -1196 -1197 -1197 -1197 -1196 -1197 -1197 -1197 -1198 -1198 -1198 -1198 -1198 -1198 -1198 -1198 -1198 -1198 -1199 -1198 -1198 -1198 -1199 -1198 -1199 -1199 -1198 -1198 -1198 -1198 -1198 -1198 -1198 -1198 -1198 -1198 -1198 -1198 -1198 -1198 -1198 -1198
-1193 -1192 -1192 -1192 -1192 -1192 -1192 -1192 -1191 -1191 -1192 -1191 -1192 -1191 -1191 -1191 -1191 -1191 -1190 -1191 -1191 -1190 -1190 -1190 -1190 -1190 -1190 -1190 -1190 -1190 -1190 -1190 -1190 -1190 -1190 -1190 -1190 -1190 -1190 -1190 -1190 -1190 -1190 -1190 -1190 -1190 -1190 -1190 -1190 -1190 -1190 -1190 -1190 -1191 -1190 -1190 -1190 -1190 -1190 -1191 -1190 -1190 -1190 -1190 -1190 -1190 -1190 -1190 -1190 -1190 -1190 -1190 -1190 -1190 -1190 -1190 -1190 -1190 -1190 -1190 -1190 -1190 -1190 -1190 -1190 -1190 -1190 -1190 -1190 -1190 -1190 -1191 -1190 -1191 -1191 -1191 -1190 -1191 -1191 -1190 -1190 -1190 -1190 -1190 -1190 -1190 -1190 -1190 -1191 -1191 -1191 -1190 -1190 -1191 -1191 -1191 -1190 -1191 -1191 -1191 -1191 -1191 -1191 -1191 -1190 -1191 -1191 -1191 -1191 -1191 -1191 -1191 -1191 -1191 -1191 -1191 -1191 -1191 -1191 -1190 -1191 -1191 -1191 -1191 -1191 -1191 -1191 -1191 -1191 -1191 -1191 -1191 -1191 -1191 -1191 -1191 -1191 -1191 -1191 -1191 -1191 -1191 -1191 -1191 -1191 -1191 -1191 -1191 -1191 -1190 -1190 -1190 -1190 -1190 -1189 -1189 -1189 -1189 -1189 -1188 -1188 -1188 -1189 -1189 -1189 -1189 -1189 -1189 -1189 -1189 -1189 -1189 -1189 -1189 -1189 -1189 -1189 -1189 -1188 -1188 -1188 -1188 -1188 -1188 -1188 -1188 -1188 -1189 -1189 -1189 -1189 -1189 -1190 -1190 -1190 -1191 -1190 -1191 -1191 -1191 -1191 -1191 -1191 -1191 -1191 -1191 -1191 -1191 -1191 -1191 -1191 -1191 -1191 -1191 -1192 -1191 -1192 -1192 -1192 -1192 -1192 -1192 -1192 -1193 -1193 -1193 -1193 -1193 -1194 -1193 -1194 -1194 -1194 -1194 -1194 -1194
-1196 -1196 -1196 -1196 -1196 -1196 -1197 -1196 -1196 -1196 -1197 -1196 -1196 -1196 -1196 -1196 -1196 -1197 -1196 -1196 -1196 -1196 -1196 -1197 -1196 -1197 -1197 -1197 -1197 -1197 -1197 -1196 -1197 -1196 -1196 -1197 -1197 -1196 -1196 -1197 -1196 -1196 -1197 -1197 -1197 -1196 -1197 -1197 -1197 -1196 -1197 -1197 -1196 -1196 -1197 -1196 -1196 -1196 -1197 -1196 -1196 -1196 -1197 -1197 -1196 -1197 -1197 -1197 -1197 -1198 -1197 -1198 -1198 -1198 -1198 -1198 -1198 -1199 -1198 -1199 -1198 -1199 -1199 -1199 -1199 -1198 -1198 -1198 -1198 -1198 -1198 -1198 -1198 -1198 -1198 -1198 -1198 -1198 -1198 -1198 -1198 -1198 -1198 -1198 -1198 -1198 -1198 -1197 -1197 -1198 -1197 -1197 -1197 -1197 -1197 -1197 -1197 -1197 -1197 -1198 -1198 -1198 -1198 -1198 -1197 -1197 -1197 -1197 -1197 -1197 -1196 -1196 -1197 -1196 -1196 -1196 -1196 -1195 -1195 -1195 -1195 -1195 -1196 -1195 -1195 -1195 -1196 -1196 -1195 -1195 -1195 -1195 -1195 -1195 -1195 -1195 -1195 -1195 -1196 -1195 -1195 -1195 -1195 -1195 -1195 -1194 -1194 -1194 -1194 -1194 -1194 -1194 -1194 -1194 -1194 -1194 -1193 -1194 -1193 -1193 -1193 -1193 -1194 -1193 -1193 -1193 -1193 -1193 -1193 -1193 -1192 -1192 -1193 -1193 -1193 -1193 -1193 -1192 -1192 -1192 -1192 -1192 -1192 -1192 -1192 -1192 -1192 -1192 -1192 -1192 -1192 -1192 -1192 -1192 -1192 -1191 -1192 -1191 -1191 -1192 -1192 -1192 -1191 -1191 -1191 -1191 -1191 -1190 -1190 -1190 -1190 -1191 -1190 -1190 -1190 -1190 -1190 -1190 -1190 -1190 -1190 -1190 -1190 -1190 -1190 -1190 -1190 -1190 -1191 -1190 -1190 -1190 -1190 -1190 -1190 -1190
-1191 -1191 -1191 -1191 -1191 -1191 -1191 -1191 -1191 -1191 -1191 -1191 -1191 -1191 -1190 -1190 -1190 -1190 -1190 -1189 -1189 -1189 -1189 -1189 -1189 -1189 -1189 -1189 -1189 -1189 -1189 -1188 -1189 -1189 -1189 -1189 -1189 -1190 -1189 -1189 -1189 -1189 -1189 -1189 -1189 -1189 -1188 -1188 -1188 -1188 -1188 -1188 -1189 -1189 -1189 -1189 -1189 -1189 -1189 -1190 -1190 -1190 -1190 -1190 -1191 -1191 -1191 -1191 -1191 -1191 -1191 -1191 -1191 -1191 -1191 -1191 -1191 -1191 -1192 -1191 -1191 -1192 -1192 -1191 -1191 -1192 -1192 -1192 -1192 -1193 -1193 -1193 -1193 -1193 -1193 -1194 -1194 -1194 -1194 -1194 -1194 -1194 -1194 -1194 -1195 -1195 -1195 -1195 -1195 -1195 -1195 -1195 -1195 -1195 -1195 -1195 -1195 -1195 -1195 -1195 -1195 -1195 -1195 -1195 -1195 -1195 -1195 -1195 -1195 -1195 -1195 -1195 -1195 -1195 -1195 -1195 -1195 -1195 -1195 -1195 -1196 -1195 -1196 -1196 -1196 -1196 -1196 -1196 -1196 -1195 -1196 -1196 -1196 -1195 -1196 -1196 -1196 -1196 -1195 -1195 -1196 -1196 -1196 -1196 -1196 -1196 -1196 -1196 -1196 -1196 -1196 -1196 -1196 -1196 -1196 -1196 -1196 -1196 -1196 -1196 -1196 -1196 -1196 -1196 -1196 -1196 -1196 -1196 -1196 -1196 -1196 -1196 -1196 -1196 -1196 -1196 -1196 -1196 -1196 -1196 -1196 -1196 -1196 -1196 -1196 -1196 -1196 -1196 -1196 -1196 -1196 -1196 -1196 -1196 -1196 -1196 -1197 -1196 -1196 -1197 -1196 -1197 -1196 -1196 -1196 -1196 -1196 -1196 -1196 -1196 -1196 -1196 -1196 -1196 -1196 -1196 -1197 -1197 -1197 -1197 -1196 -1197 -1196 -1196 -1197 -1197 -1197 -1197 -1197 -1197 -1197 -1197 -1197 -1197 -1197 -1197
-1195 -1195 -1195 -1196 -1195 -1195 -1195 -1195 -1195 -1194 -1194 -1194 -1194 -1194 -1194 -1194 -1194 -1194 -1194 -1194 -1194 -1194 -1194 -1193 -1194 -1193 -1194 -1194 -1193 -1194 -1193 -1193 -1193 -1193 -1193 -1193 -1193 -1193 -1193 -1193 -1193 -1192 -1192 -1192 -1192 -1192 -1192 -1192 -1192 -1192 -1192 -1192 -1192 -1192 -1192 -1192 -1192 -1192 -1192 -1192 -1192 -1192 -1192 -1192 -1192 -1192 -1192 -1191 -1191 -1192 -1191 -1191 -1191 -1191 -1191 -1191 -1190 -1190 -1190 -1190 -1190 -1190 -1190 -1190 -1190 -1190 -1190 -1190 -1190 -1190 -1191 -1190 -1190 -1190 -1190 -1190 -1190 -1190 -1190 -1191 -1190 -1190 -1190 -1190 -1190 -1190 -1190 -1190 -1190 -1190 -1190 -1190 -1190 -1190 -1190 -1190 -1190 -1190 -1190 -1190 -1190 -1190 -1190 -1190 -1190 -1190 -1190 -1190 -1190 -1190 -1190 -1190 -1190 -1190 -1191 -1190 -1190 -1190 -1190 -1190 -1190 -1191 -1190 -1190 -1190 -1190 -1190 -1191 -1191 -1191 -1191 -1191 -1191 -1190 -1191 -1190 -1191 -1191 -1191 -1190 -1190 -1190 -1190 -1190 -1191 -1190 -1191 -1191 -1190 -1191 -1191 -1190 -1191 -1190 -1191 -1191 -1191 -1190 -1191 -1190 -1191 -1191 -1191 -1191 -1191 -1191 -1191 -1191 -1191 -1191 -1191 -1191 -1191 -1191 -1191 -1191 -1191 -1191 -1191 -1191 -1191 -1191 -1191 -1191 -1191 -1191 -1191 -1191 -1191 -1191 -1191 -1191 -1191 -1191 -1191 -1191 -1191 -1191 -1191 -1191 -1191 -1191 -1191 -1190 -1190 -1190 -1190 -1190 -1189 -1190 -1189 -1189 -1189 -1189 -1189 -1189 -1189 -1189 -1189 -1189 -1189 -1189 -1188 -1189 -1189 -1189 -1189 -1189 -1189 -1189 -1189 -1189 -1189 -1189 -1188 -1188
-1195 -1196 -1196 -1196 -1196 -1196 -1196 -1196 -1195 -1196 -1196 -1196 -1196 -1196 -1196 -1196 -1196 -1196 -1196 -1196 -1196 -1196 -1196 -1196 -1196 -1196 -1196 -1196 -1196 -1196 -1196 -1196 -1196 -1196 -1196 -1196 -1196 -1196 -1196 -1196 -1196 -1196 -1196 -1196 -1196 -1196 -1196 -1196 -1196 -1196 -1196 -1196 -1196 -1196 -1196 -1196 -1196 -1196 -1196 -1196 -1196 -1196 -1196 -1196 -1196 -1196 -1196 -1196 -1196 -1196 -1196 -1196 -1196 -1196 -1196 -1197 -1196 -1197 -1196 -1196 -1196 -1197 -1197 -1196 -1197 -1197 -1197 -1197 -1197 -1197 -1197 -1196 -1196 -1197 -1197 -1197 -1197 -1197 -1197 -1197 -1197 -1197 -1197 -1197 -1196 -1196 -1196 -1196 -1196 -1196 -1196 -1196 -1196 -1197 -1197 -1196 -1196 -1197 -1196 -1197 -1197 -1197 -1197 -1197 -1197 -1198 -1198 -1198 -1198 -1198 -1198 -1198 -1198 -1198 -1198 -1198 -1199 -1199 -1199 -1199 -1199 -1198 -1198 -1198 -1198 -1198 -1198 -1198 -1198 -1198 -1198 -1198 -1198 -1198 -1198 -1198 -1198 -1198 -1198 -1198 -1198 -1198 -1198 -1198 -1197 -1197 -1197 -1197 -1197 -1197 -1197 -1197 -1197 -1197 -1197 -1197 -1197 -1198 -1197 -1198 -1197 -1197 -1197 -1197 -1197 -1197 -1197 -1197 -1196 -1196 -1196 -1196 -1196 -1196 -1195 -1195 -1195 -1195 -1195 -1196 -1195 -1196 -1196 -1195 -1195 -1195 -1195 -1195 -1195 -1195 -1195 -1195 -1195 -1195 -1195 -1195 -1195 -1195 -1195 -1194 -1195 -1194 -1194 -1194 -1194 -1194 -1194 -1194 -1194 -1194 -1193 -1194 -1194 -1194 -1193 -1193 -1193 -1194 -1193 -1193 -1193 -1193 -1193 -1193 -1193 -1193 -1193 -1193 -1193 -1193 -1193 -1193 -1193 -1193 -1192 -1192
-1191 -1191 -1191 -1191 -1191 -1191 -1191 -1190 -1190 -1191 -1190 -1190 -1191 -1190 -1191 -1190 -1191 -1190 -1191 -1190 -1190 -1190 -1190 -1190 -1191 -1191 -1191 -1191 -1191 -1191 -1191 -1191 -1191 -1191 -1191 -1191 -1191 -1191 -1191 -1191 -1190 -1190 -1191 -1190 -1191 -1191 -1191 -1191 -1191 -1191 -1191 -1191 -1191 -1191 -1191 -1191 -1191 -1191 -1191 -1191 -1191 -1191 -1191 -1191 -1191 -1191 -1191 -1191 -1191 -1191 -1190 -1191 -1190 -1190 -1190 -1190 -1189 -1189 -1189 -1189 -1189 -1189 -1189 -1189 -1189 -1188 -1188 -1188 -1189 -1189 -1189 -1189 -1189 -1189 -1189 -1189 -1189 -1189 -1189 -1189 -1188 -1188 -1188 -1188 -1188 -1188 -1188 -1188 -1188 -1189 -1189 -1189 -1189 -1189 -1190 -1190 -1190 -1190 -1190 -1191 -1191 -1191 -1191 -1191 -1191 -1191 -1191 -1191 -1191 -1191 -1191 -1191 -1191 -1191 -1191 -1191 -1191 -1191 -1192 -1191 -1191 -1192 -1192 -1192 -1192 -1193 -1193 -1193 -1193 -1194 -1193 -1194 -1194 -1194 -1194 -1194 -1194 -1194 -1194 -1194 -1194 -1195 -1195 -1195 -1195 -1195 -1195 -1195 -1195 -1195 -1195 -1195 -1195 -1195 -1195 -1195 -1195 -1195 -1195 -1195 -1195 -1195 -1195 -1195 -1195 -1195 -1195 -1196 -1195 -1195 -1195 -1195 -1195 -1195 -1195 -1195 -1195 -1195 -1195 -1196 -1196 -1196 -1196 -1196 -1196 -1196 -1196 -1196 -1196 -1196 -1196 -1196 -1196 -1195 -1195 -1195 -1195 -1196 -1195 -1196 -1196 -1196 -1196 -1196 -1196 -1196 -1196 -1196 -1196 -1196 -1196 -1196 -1196 -1196 -1196 -1196 -1196 -1196 -1196 -1196 -1196 -1196 -1196 -1196 -1196 -1196 -1196 -1196 -1195 -1196 -1196 -1196 -1196 -1196 -1196 -1196
-1198 -1198 -1198 -1199 -1198 -1198 -1198 -1198 -1198 -1198 -1198 -1198 -1198 -1197 -1197 -1197 -1197 -1197 -1197 -1197 -1197 -1198 -1198 -1198 -1197 -1198 -1198 -1197 -1198 -1197 -1197 -1197 -1197 -1196 -1196 -1196 -1196 -1196 -1196 -1196 -1196 -1195 -1195 -1196 -1195 -1195 -1195 -1196 -1195 -1195 -1195 -1195 -1195 -1195 -1195 -1195 -1195 -1195 -1195 -1195 -1195 -1195 -1195 -1195 -1195 -1195 -1194 -1194 -1194 -1194 -1194 -1194 -1194 -1194 -1194 -1194 -1194 -1194 -1194 -1194 -1194 -1193 -1193 -1193 -1193 -1193 -1193 -1193 -1193 -1193 -1193 -1193 -1193 -1193 -1193 -1193 -1192 -1192 -1192 -1192 -1192 -1192 -1192 -1193 -1192 -1192 -1192 -1192 -1193 -1192 -1192 -1192 -1192 -1192 -1192 -1192 -1192 -1192 -1192 -1192 -1192 -1192 -1192 -1191 -1192 -1191 -1191 -1191 -1191 -1191 -1191 -1190 -1190 -1190 -1190 -1190 -1190 -1190 -1190 -1190 -1190 -1190 -1190 -1190 -1190 -1190 -1190 -1190 -1190 -1190 -1190 -1190 -1190 -1190 -1190 -1190 -1190 -1190 -1190 -1190 -1190 -1190 -1190 -1190 -1191 -1190 -1190 -1190 -1191 -1190 -1190 -1190 -1190 -1190 -1190 -1190 -1190 -1190 -1190 -1190 -1190 -1190 -1190 -1190 -1190 -1190 -1190 -1190 -1190 -1190 -1190 -1190 -1190 -1191 -1190 -1190 -1190 -1190 -1191 -1191 -1190 -1191 -1191 -1191 -1191 -1191 -1191 -1191 -1191 -1190 -1191 -1191 -1191 -1190 -1191 -1190 -1190 -1190 -1190 -1190 -1190 -1191 -1191 -1191 -1190 -1191 -1191 -1190 -1191 -1191 -1190 -1191 -1191 -1191 -1191 -1191 -1191 -1191 -1191 -1191 -1191 -1191 -1191 -1191 -1191 -1191 -1191 -1191 -1191 -1191 -1191 -1191 -1191 -1191 -1191 -1191
-1193 -1194 -1194 -1195 -1194 -1195 -1195 -1195 -1195 -1195 -1195 -1195 -1195 -1195 -1195 -1195 -1195 -1195 -1195 -1195 -1195 -1195 -1195 -1195 -1195 -1195 -1195 -1195 -1195 -1195 -1195 -1195 -1195 -1195 -1195 -1195 -1195 -1195 -1195 -1195 -1196 -1195 -1195 -1196 -1195 -1196 -1196 -1196 -1196 -1196 -1196 -1195 -1196 -1196 -1195 -1196 -1196 -1196 -1196 -1196 -1196 -1196 -1196 -1196 -1196 -1196 -1196 -1195 -1196 -1196 -1196 -1196 -1196 -1196 -1196 -1196 -1195 -1196 -1196 -1196 -1196 -1196 -1196 -1196 -1196 -1196 -1196 -1196 -1196 -1196 -1196 -1196 -1196 -1196 -1196 -1196 -1196 -1196 -1196 -1196 -1196 -1196 -1196 -1196 -1196 -1196 -1196 -1196 -1196 -1196 -1196 -1196 -1196 -1196 -1196 -1196 -1196 -1196 -1196 -1197 -1197 -1196 -1196 -1196 -1196 -1196 -1196 -1196 -1196 -1196 -1196 -1196 -1196 -1196 -1196 -1197 -1197 -1196 -1197 -1197 -1197 -1197 -1197 -1197 -1197 -1197 -1196 -1196 -1197 -1197 -1196 -1196 -1197 -1197 -1197 -1197 -1197 -1196 -1197 -1196 -1197 -1196 -1197 -1197 -1197 -1197 -1197 -1196 -1196 -1196 -1196 -1197 -1197 -1197 -1197 -1197 -1197 -1197 -1197 -1197 -1198 -1198 -1198 -1198 -1198 -1198 -1198 -1198 -1198 -1198 -1198 -1199 -1199 -1199 -1199 -1198 -1199 -1198 -1198 -1198 -1198 -1198 -1198 -1198 -1198 -1198 -1198 -1198 -1198 -1198 -1198 -1198 -1198 -1198 -1198 -1198 -1198 -1198 -1198 -1198 -1198 -1198 -1198 -1197 -1198 -1197 -1197 -1197 -1197 -1197 -1197 -1197 -1197 -1198 -1198 -1197 -1197 -1197 -1197 -1197 -1197 -1197 -1197 -1196 -1196 -1196 -1196 -1196 -1196 -1196 -1195 -1195 -1195 -1195 -1195 -1195
-1191 -1190 -1191 -1190 -1191 -1190 -1190 -1190 -1190 -1190 -1190 -1190 -1190 -1190 -1190 -1190 -1190 -1190 -1190 -1190 -1190 -1190 -1190 -1190 -1190 -1190 -1190 -1190 -1190 -1190 -1190 -1190 -1190 -1190 -1190 -1190 -1190 -1190 -1190 -1190 -1190 -1190 -1191 -1190 -1190 -1190 -1190 -1190 -1191 -1190 -1190 -1190 -1191 -1191 -1191 -1191 -1191 -1191 -1191 -1190 -1190 -1190 -1190 -1190 -1191 -1190 -1190 -1190 -1191 -1191 -1191 -1191 -1191 -1190 -1190 -1191 -1191 -1191 -1190 -1191 -1191 -1190 -1191 -1191 -1191 -1191 -1191 -1191 -1191 -1191 -1191 -1191 -1191 -1191 -1191 -1191 -1191 -1191 -1191 -1191 -1191 -1191 -1191 -1191 -1191 -1191 -1191 -1191 -1191 -1191 -1191 -1191 -1191 -1191 -1191 -1191 -1191 -1191 -1191 -1191 -1191 -1191 -1191 -1191 -1191 -1191 -1191 -1190 -1190 -1190 -1190 -1189 -1190 -1189 -1189 -1189 -1189 -1189 -1189 -1189 -1189 -1188 -1188 -1189 -1189 -1189 -1189 -1189 -1189 -1189 -1189 -1189 -1189 -1189 -1188 -1189 -1188 -1189 -1188 -1188 -1188 -1188 -1188 -1188 -1188 -1189 -1189 -1189 -1189 -1189 -1190 -1190 -1190 -1190 -1191 -1190 -1191 -1191 -1191 -1191 -1191 -1191 -1191 -1191 -1191 -1191 -1191 -1191 -1191 -1191 -1191 -1191 -1192 -1191 -1191 -1192 -1192 -1192 -1192 -1192 -1193 -1192 -1193 -1193 -1193 -1193 -1194 -1194 -1194 -1194 -1194 -1194 -1194 -1194 -1195 -1195 -1195 -1194 -1195 -1195 -1195 -1195 -1195 -1195 -1195 -1195 -1195 -1195 -1195 -1195 -1195 -1195 -1195 -1195 -1195 -1195 -1195 -1195 -1195 -1195 -1195 -1195 -1195 -1195 -1195 -1195 -1195 -1195 -1196 -1196 -1195 -1195 -1195 -1196 -1196 -1196
-1196 -1197 -1197 -1197 -1197 -1196 -1197 -1197 -1197 -1196 -1196 -1197 -1197 -1196 -1196 -1196 -1196 -1197 -1196 -1197 -1196 -1197 -1197 -1197 -1197 -1197 -1197 -1197 -1198 -1198 -1198 -1198 -1198 -1198 -1198 -1198 -1198 -1198 -1198 -1198 -1199 -1199 -1198 -1199 -1198 -1199 -1199 -1199 -1198 -1198 -1198 -1198 -1198 -1198 -1198 -1198 -1198 -1198 -1198 -1198 -1198 -1198 -1198 -1198 -1198 -1198 -1198 -1198 -1198 -1198 -1197 -1198 -1197 -1197 -1197 -1197 -1197 -1198 -1198 -1198 -1197 -1197 -1197 -1197 -1198 -1197 -1197 -1197 -1197 -1197 -1197 -1197 -1196 -1196 -1196 -1196 -1196 -1195 -1195 -1195 -1196 -1195 -1196 -1195 -1195 -1195 -1195 -1195 -1195 -1195 -1195 -1196 -1195 -1195 -1195 -1195 -1195 -1195 -1195 -1195 -1195 -1195 -1195 -1194 -1195 -1194 -1194 -1194 -1194 -1194 -1194 -1194 -1194 -1194 -1194 -1194 -1194 -1193 -1194 -1194 -1193 -1194 -1193 -1193 -1193 -1193 -1193 -1193 -1193 -1192 -1193 -1192 -1193 -1192 -1192 -1192 -1192 -1192 -1192 -1192 -1192 -1192 -1192 -1192 -1192 -1192 -1192 -1192 -1192 -1192 -1192 -1192 -1192 -1192 -1192 -1192 -1192 -1192 -1192 -1192 -1191 -1191 -1191 -1191 -1191 -1191 -1191 -1191 -1190 -1190 -1190 -1190 -1190 -1190 -1190 -1190 -1191 -1190 -1190 -1190 -1190 -1190 -1190 -1190 -1190 -1190 -1190 -1190 -1190 -1190 -1190 -1190 -1190 -1190 -1190 -1190 -1190 -1190 -1190 -1190 -1190 -1190 -1191 -1190 -1190 -1190 -1191 -1190 -1190 -1190 -1190 -1190 -1190 -1190 -1190 -1190 -1190 -1190 -1190 -1190 -1190 -1190 -1190 -1190 -1190 -1190 -1190 -1190 -1191 -1190 -1190 -1190 -1190 -1190 -1190 -1190
-1189 -1189 -1189 -1189 -1189 -1188 -1189 -1188 -1188 -1188 -1188 -1189 -1189 -1189 -1189 -1189 -1189 -1190 -1190 -1190 -1190 -1191 -1191 -1191 -1191 -1191 -1191 -1191 -1191 -1191 -1191 -1191 -1191 -1192 -1191 -1191 -1191 -1192 -1192 -1192 -1192 -1192 -1191 -1192 -1192 -1192 -1192 -1193 -1193 -1193 -1193 -1193 -1193 -1194 -1194 -1194 -1194 -1194 -1194 -1194 -1194 -1194 -1195 -1195 -1195 -1195 -1195 -1195 -1195 -1195 -1195 -1195 -1195 -1195 -1195 -1195 -1195 -1195 -1195 -1195 -1195 -1195 -1195 -1195 -1195 -1195 -1195 -1195 -1195 -1195 -1195 -1195 -1195 -1195 -1195 -1195 -1195 -1195 -1195 -1195 -1195 -1195 -1196 -1195 -1196 -1196 -1196 -1196 -1196 -1196 -1196 -1196 -1196 -1196 -1196 -1196 -1196 -1196 -1196 -1196 -1196 -1195 -1196 -1196 -1196 -1196 -1196 -1196 -1196 -1196 -1196 -1196 -1196 -1196 -1196 -1196 -1196 -1196 -1196 -1196 -1196 -1196 -1196 -1196 -1196 -1196 -1196 -1196 -1196 -1196 -1196 -1196 -1196 -1196 -1196 -1196 -1196 -1196 -1196 -1196 -1196 -1196 -1196 -1196 -1196 -1196 -1196 -1196 -1196 -1196 -1196 -1196 -1197 -1196 -1196 -1196 -1196 -1196 -1196 -1196 -1196 -1196 -1196 -1196 -1196 -1196 -1196 -1197 -1197 -1197 -1197 -1196 -1197 -1197 -1197 -1197 -1197 -1197 -1197 -1197 -1197 -1196 -1196 -1197 -1196 -1197 -1197 -1196 -1196 -1196 -1197 -1197 -1197 -1197 -1196 -1197 -1197 -1197 -1197 -1196 -1197 -1197 -1197 -1197 -1196 -1197 -1197 -1196 -1196 -1196 -1196 -1196 -1197 -1197 -1197 -1197 -1197 -1198 -1198 -1198 -1198 -1198 -1198 -1198 -1198 -1198 -1198 -1198 -1199 -1199 -1199 -1199 -1198 -1199 -1198 -1199
-1193 -1193 -1193 -1193 -1192 -1192 -1193 -1192 -1192 -1192 -1192 -1192 -1192 -1192 -1192 -1192 -1192 -1192 -1192 -1192 -1191 -1192 -1192 -1192 -1192 -1192 -1191 -1191 -1192 -1191 -1191 -1191 -1191 -1191 -1191 -1191 -1190 -1190 -1190 -1190 -1190 -1190 -1190 -1190 -1190 -1190 -1190 -1190 -1190 -1190 -1190 -1190 -1190 -1190 -1190 -1190 -1190 -1190 -1190 -1190 -1190 -1190 -1190 -1190 -1190 -1190 -1190 -1190 -1191 -1190 -1190 -1190 -1190 -1190 -1190 -1190 -1190 -1190 -1190 -1190 -1190 -1190 -1190 -1190 -1190 -1190 -1190 -1190 -1190 -1190 -1190 -1190 -1190 -1190 -1190 -1190 -1190 -1190 -1190 -1190 -1190 -1191 -1190 -1191 -1190 -1190 -1190 -1191 -1191 -1190 -1190 -1191 -1190 -1191 -1191 -1191 -1190 -1190 -1190 -1191 -1191 -1191 -1190 -1191 -1191 -1191 -1191 -1191 -1190 -1191 -1191 -1191 -1190 -1191 -1190 -1191 -1191 -1190 -1191 -1191 -1191 -1191 -1191 -1191 -1191 -1191 -1191 -1191 -1191 -1191 -1191 -1191 -1191 -1191 -1191 -1191 -1191 -1191 -1191 -1191 -1191 -1191 -1191 -1191 -1191 -1191 -1191 -1191 -1191 -1191 -1191 -1191 -1191 -1191 -1191 -1191 -1191 -1191 -1191 -1191 -1191 -1191 -1191 -1190 -1190 -1190 -1190 -1189 -1190 -1189 -1189 -1189 -1189 -1189 -1189 -1189 -1189 -1189 -1189 -1189 -1189 -1189 -1189 -1189 -1189 -1189 -1189 -1189 -1189 -1189 -1189 -1189 -1189 -1189 -1188 -1189 -1188 -1188 -1188 -1188 -1189 -1189 -1188 -1189 -1189 -1189 -1190 -1190 -1190 -1190 -1190 -1191 -1191 -1191 -1191 -1191 -1191 -1191 -1191 -1191 -1191 -1191 -1191 -1191 -1191 -1191 -1191 -1192 -1191 -1192 -1192 -1191 -1191 -1192 -1192 -1192
-1195 -1196 -1196 -1196 -1197 -1196 -1196 -1196 -1196 -1196 -1196 -1196 -1196 -1196 -1196 -1196 -1196 -1196 -1196 -1196 -1196 -1196 -1196 -1196 -1196 -1196 -1196 -1196 -1196 -1196 -1196 -1196 -1196 -1196 -1196 -1196 -1196 -1197 -1196 -1196 -1197 -1197 -1197 -1197 -1197 -1197 -1197 -1197 -1197 -1197 -1196 -1197 -1196 -1197 -1197 -1197 -1197 -1197 -1197 -1197 -1196 -1197 -1197 -1197 -1197 -1197 -1197 -1196 -1197 -1196 -1197 -1197 -1196 -1197 -1197 -1197 -1196 -1196 -1196 -1197 -1197 -1197 -1197 -1198 -1198 -1198 -1198 -1198 -1198 -1198 -1198 -1198 -1198 -1199 -1199 -1198 -1199 -1199 -1199 -1199 -1199 -1198 -1199 -1198 -1198 -1198 -1198 -1198 -1198 -1198 -1198 -1198 -1198 -1198 -1198 -1198 -1198 -1198 -1198 -1198 -1198 -1198 -1197 -1198 -1198 -1197 -1197 -1197 -1197 -1197 -1197 -1197 -1198 -1198 -1198 -1197 -1198 -1197 -1198 -1198 -1197 -1197 -1197 -1197 -1197 -1197 -1196 -1196 -1196 -1196 -1196 -1196 -1196 -1195 -1195 -1195 -1195 -1196 -1196 -1195 -1195 -1195 -1195 -1195 -1195 -1195 -1195 -1195 -1196 -1195 -1195 -1195 -1195 -1195 -1195 -1195 -1195 -1195 -1195 -1194 -1194 -1194 -1195 -1194 -1194 -1194 -1194 -1194 -1194 -1194 -1194 -1193 -1194 -1194 -1193 -1194 -1193 -1193 -1193 -1193 -1193 -1193 -1193 -1193 -1193 -1193 -1193 -1193 -1192 -1192 -1192 -1192 -1193 -1193 -1192 -1192 -1192 -1192 -1192 -1192 -1192 -1192 -1192 -1192 -1192 -1192 -1192 -1192 -1192 -1191 -1192 -1192 -1192 -1192 -1192 -1192 -1192 -1192 -1191 -1191 -1191 -1191 -1191 -1191 -1190 -1190 -1190 -1190 -1190 -1190 -1190 -1190 -1190 -1190 -1190 -1190
-1191 -1191 -1191 -1191 -1191 -1191 -1191 -1191 -1191 -1191 -1191 -1191 -1191 -1191 -1191 -1191 -1191 -1191 -1191 -1191 -1191 -1191 -1191 -1191 -1191 -1191 -1191 -1191 -1190 -1191 -1190 -1190 -1190 -1190 -1190 -1189 -1189 -1189 -1189 -1189 -1189 -1189 -1189 -1189 -1189 -1188 -1189 -1189 -1189 -1189 -1189 -1189 -1189 -1189 -1189 -1189 -1189 -1189 -1189 -1188 -1188 -1188 -1188 -1188 -1188 -1188 -1188 -1188 -1188 -1189 -1189 -1189 -1189 -1190 -1190 -1190 -1190 -1190 -1191 -1191 -1191 -1191 -1191 -1191 -1191 -1191 -1191 -1191 -1191 -1191 -1191 -1191 -1191 -1191 -1191 -1191 -1191 -1192 -1192 -1192 -1192 -1192 -1192 -1193 -1193 -1193 -1193 -1193 -1193 -1194 -1194 -1194 -1194 -1194 -1194 -1194 -1194 -1194 -1195 -1195 -1195 -1195 -1195 -1195 -1195 -1195 -1195 -1195 -1195 -1195 -1195 -1195 -1195 -1195 -1195 -1195 -1195 -1195 -1195 -1195 -1195 -1195 -1195 -1195 -1195 -1195 -1195 -1195 -1195 -1195 -1196 -1195 -1195 -1195 -1196 -1195 -1195 -1196 -1196 -1196 -1196 -1196 -1195 -1196 -1196 -1196 -1195 -1196 -1196 -1195 -1195 -1196 -1196 -1196 -1195 -1196 -1196 -1196 -1196 -1196 -1196 -1196 -1196 -1196 -1196 -1196 -1196 -1196 -1196 -1196 -1196 -1196 -1196 -1196 -1196 -1196 -1196 -1196 -1196 -1196 -1196 -1196 -1196 -1195 -1196 -1196 -1196 -1196 -1196 -1196 -1196 -1196 -1196 -1196 -1196 -1196 -1196 -1196 -1196 -1196 -1196 -1196 -1196 -1196 -1196 -1196 -1196 -1196 -1196 -1196 -1196 -1196 -1197 -1196 -1197 -1196 -1196 -1197 -1196 -1196 -1196 -1196 -1196 -1196 -1196 -1196 -1196 -1197 -1197 -1197 -1197 -1196 -1197 -1197 -1196 -1197
-1196 -1196 -1196 -1195 -1195 -1195 -1195 -1195 -1196 -1195 -1195 -1195 -1195 -1195 -1195 -1195 -1195 -1195 -1195 -1195 -1195 -1195 -1195 -1195 -1195 -1195 -1194 -1194 -1194 -1194 -1194 -1194 -1194 -1194 -1194 -1194 -1194 -1194 -1194 -1193 -1194 -1193 -1193 -1193 -1193 -1193 -1193 -1193 -1193 -1193 -1193 -1192 -1193 -1192 -1193 -1192 -1193 -1193 -1192 -1192 -1192 -1192 -1192 -1192 -1192 -1192 -1192 -1192 -1192 -1192 -1192 -1192 -1192 -1192 -1192 -1192 -1192 -1192 -1192 -1192 -1192 -1192 -1192 -1192 -1191 -1191 -1191 -1191 -1191 -1191 -1190 -1190 -1190 -1190 -1190 -1190 -1190 -1190 -1190 -1190 -1190 -1190 -1190 -1190 -1190 -1190 -1190 -1190 -1191 -1190 -1190 -1190 -1190 -1190 -1191 -1190 -1190 -1190 -1190 -1190 -1190 -1190 -1190 -1190 -1190 -1190 -1190 -1190 -1190 -1190 -1190 -1190 -1190 -1190 -1190 -1190 -1190 -1190 -1190 -1190 -1190 -1190 -1190 -1190 -1190 -1190 -1190 -1190 -1190 -1190 -1190 -1190 -1190 -1190 -1190 -1190 -1190 -1190 -1190 -1190 -1191 -1191 -1190 -1191 -1190 -1191 -1191 -1191 -1191 -1191 -1190 -1191 -1190 -1190 -1190 -1191 -1191 -1190 -1190 -1190 -1190 -1191 -1191 -1191 -1191 -1191 -1191 -1190 -1191 -1191 -1191 -1191 -1191 -1191 -1191 -1191 -1190 -1191 -1191 -1191 -1191 -1191 -1191 -1191 -1191 -1191 -1191 -1191 -1190 -1191 -1191 -1191 -1191 -1191 -1191 -1191 -1191 -1191 -1191 -1191 -1191 -1191 -1191 -1191 -1191 -1191 -1191 -1191 -1191 -1191 -1191 -1191 -1191 -1191 -1191 -1191 -1191 -1191 -1190 -1190 -1190 -1190 -1190 -1190 -1189 -1189 -1189 -1189 -1189 -1189 -1189 -1189 -1189 -1189 -1188 -1189
