-743 -752 -743 -734 -725 -734 -752 -752 -752 -734 -752 -761 -743 -752 -734 -752 -743 -752 -734 -734 -752 -770 -752 -770 -761 -743 -752 -761 -770 -752 -770 -761 -752 -752 -761 -761 -761 -770 -752 -761 -752 -752 -743 -752 -752 -752 -770 -761 -743 -743 -761 -761 -752 -752 -752 -752 -761 -761 -779 -770 -779 -788 -788 -788 -788 -796 -788 -797 -805 -814 -823 -814 -806 -814 -814 -788 -823 -814 -814 -806 -814 -806 -814 -823 -806 -814 -823 -806 -814 -797 -805 -805 -806 -806 -832 -797 -823 -814 -806 -814 -814 -823 -823 -814 -832 -823 -823 -823 -850 -814 -841 -823 -841 -832 -823 -832 -850 -850 -850 -841 -850 -858 -867 -858 -858 -858 -876 -858 -885 -867 -867 -885 -876 -885 -858 -885 -876 -867 -885 -885 -894 -876 -876 -903 -885 -903 -894 -885 -921 -885 -912 -885 -894 -885 -894 -921 -911 -903 -903 -903 -885 -894 -894 -894 -903 -894 -894 -903 -903 -912 -894 -912 -912 -903 -903 -903 -894 -894 -894 -903 -894 -903 -903 -903 -903 -894 -894 -912 -885 -921 -894 -921 -885 -921 -921 -885 -903 -912 -903 -912 -912 -912 -921 -894 -894 -894 -921 -921 -921 -912 -894 -921 -921 -930 -912 -921 -921 -912 -903 -912 -903 -903 -912 -912 -921 -912 -930 -912 -921 -912 -930 -930 -912 -930 -912 -930 -921 -903 -920 -921 -930 -912 -921 -921 -921 -947 -921 -912 -930 -894 -921 -921 -912 -921 -903 -930 -912 -930 -903 -921 -921 -921 -912 -930 -939 -939 -930 -921 -912 -912 -930 -930 -912 -921 -921 -930 -930 -939 -930 -930 -921 -939 -939 -921 -921 -939 -930 -930 -930 -903 -939 -921 -921 -921 -921 -912 -912 -930 -912 -912 -903 -921 -903 -930 -930 -929 -939 -939 -912 -912 -939 -930 -921 -921 -930 -939 -930 -939 -912 -939 -930 -938 -930 -930 -930 -930 -930 -939 -939 -921 -921 -929 -930 -930 -938 -930 -947 -930 -947 -947 -938 -947 -921 -947 -930 -930 -939 -939 -947 -921 -921 -939 -938 -939 -930 -939 -930 -956 -947 -947 -947 -930 -921 -930 -939 -939 -930 -930 -921 -930 -939 -939 -939 -930 -930 -939 -929 -939 -939 -947 -938 -939 -939 -938 -947 -956 -947 -939 -939 -939 -929 -939 -947 -947 -956 -939 -938 -939 -939 -930 -930 -930 -939 -939 -939 -930 -939 -921 -939 -921 -947 -930 -938 -947 -956 -947 -938 -965 -947 -947 -939 -939 -930 -938 -939 -930 -921 -947 -930 -939 -930 -947 -930 -930 -930 -930 -939 -939 -938 -921 -929 -930 -947 -930 -930 -921 -938 -947 -930 -930 -939 -939 -930 -930 -947 -930 -929 -921 -947 -956 -947 -947 -974 -947 -956 -965 -965 -947 -965 -974 -983 -956 -974 -991 -983 -965 -974 -974 -983 -991 -965 -983 -974 -983 -1000 -974 -991 -1000 -974 -983 -1000 -983 -974 -991 -1000 -974 -983 -983 -974 -956 -974 -983 -983 -974 -965 -974 -956 -938 -974 -965 -983 -947
-743 -734 -725 -734 -725 -743 -734 -761 -761 -743 -761 -743 -743 -743 -734 -770 -743 -761 -752 -761 -752 -734 -761 -752 -761 -761 -761 -752 -752 -752 -761 -734 -761 -752 -725 -743 -752 -752 -743 -734 -734 -743 -752 -752 -761 -743 -779 -752 -761 -779 -779 -770 -779 -797 -779 -770 -797 -805 -788 -814 -806 -806 -823 -806 -806 -806 -823 -814 -814 -841 -814 -806 -832 -806 -806 -823 -823 -814 -814 -805 -806 -797 -797 -814 -823 -832 -814 -832 -814 -823 -823 -814 -814 -814 -832 -797 -823 -823 -823 -832 -832 -823 -841 -832 -841 -841 -832 -850 -841 -841 -841 -850 -858 -850 -867 -876 -867 -850 -858 -885 -867 -876 -867 -876 -876 -876 -876 -876 -876 -885 -876 -885 -885 -876 -885 -894 -894 -894 -894 -894 -885 -903 -894 -885 -876 -894 -903 -894 -903 -894 -894 -885 -912 -894 -885 -894 -894 -894 -912 -894 -912 -894 -885 -894 -912 -903 -921 -930 -894 -894 -903 -903 -903 -894 -903 -903 -894 -903 -894 -885 -903 -894 -912 -894 -903 -903 -903 -894 -894 -903 -903 -903 -903 -903 -903 -894 -912 -921 -903 -921 -903 -894 -894 -903 -912 -903 -912 -912 -912 -921 -894 -912 -912 -894 -930 -930 -930 -903 -930 -921 -921 -921 -930 -921 -930 -921 -912 -930 -903 -921 -929 -921 -912 -921 -903 -920 -921 -921 -930 -903 -912 -921 -921 -921 -912 -921 -912 -903 -912 -921 -930 -894 -930 -903 -921 -903 -912 -912 -938 -930 -921 -903 -921 -930 -912 -912 -894 -921 -930 -912 -921 -939 -930 -921 -930 -912 -930 -921 -921 -912 -939 -930 -930 -930 -921 -921 -930 -930 -903 -903 -894 -912 -921 -903 -912 -939 -930 -921 -921 -912 -930 -930 -930 -921 -939 -921 -947 -921 -939 -920 -930 -921 -939 -921 -921 -930 -921 -921 -930 -930 -930 -930 -930 -912 -939 -929 -939 -939 -921 -921 -947 -930 -939 -947 -921 -939 -930 -921 -939 -938 -939 -947 -939 -930 -939 -930 -930 -938 -930 -939 -947 -903 -947 -921 -930 -947 -921 -939 -956 -930 -930 -920 -920 -930 -912 -912 -938 -947 -939 -930 -930 -930 -930 -939 -930 -938 -930 -938 -939 -947 -938 -930 -947 -930 -939 -939 -939 -938 -930 -947 -921 -921 -939 -921 -929 -930 -930 -938 -939 -947 -930 -939 -947 -938 -939 -947 -947 -912 -939 -947 -947 -921 -939 -930 -939 -947 -930 -930 -930 -930 -930 -939 -938 -939 -930 -939 -930 -921 -912 -939 -921 -912 -939 -939 -921 -930 -921 -921 -929 -947 -912 -938 -921 -938 -947 -921 -939 -903 -939 -947 -939 -956 -956 -956 -974 -965 -965 -965 -956 -983 -974 -965 -974 -974 -983 -956 -974 -991 -974 -965 -965 -974 -965 -983 -983 -983 -965 -956 -974 -974 -1000 -983 -983 -974 -974 -974 -983 -983 -965 -991 -983 -965 -983 -974 -965 -965 -965 -974 -974 -983 -956 -956 -974 -939 -965 -947 -974 -965 -939 -956 -965 -965
-743 -752 -752 -743 -752 -752 -743 -761 -752 -752 -743 -743 -770 -752 -761 -761 -761 -734 -752 -752 -743 -743 -743 -752 -761 -752 -752 -761 -734 -743 -752 -752 -761 -743 -752 -761 -761 -761 -779 -770 -770 -788 -779 -788 -788 -788 -788 -797 -779 -806 -806 -806 -779 -806 -797 -797 -823 -814 -814 -814 -797 -788 -823 -823 -832 -814 -797 -823 -814 -806 -797 -814 -806 -797 -806 -814 -832 -805 -832 -832 -814 -814 -832 -806 -814 -823 -814 -814 -814 -832 -832 -832 -823 -823 -841 -806 -832 -850 -850 -841 -841 -841 -850 -832 -867 -858 -858 -841 -858 -858 -858 -858 -876 -867 -867 -858 -858 -885 -876 -885 -894 -885 -894 -885 -912 -885 -885 -885 -885 -894 -903 -894 -894 -885 -885 -894 -903 -894 -894 -903 -912 -903 -885 -894 -903 -894 -894 -894 -903 -912 -903 -894 -903 -903 -903 -903 -894 -920 -894 -894 -894 -903 -885 -903 -903 -912 -903 -903 -903 -894 -903 -903 -894 -912 -903 -894 -885 -903 -903 -894 -876 -912 -912 -912 -894 -903 -903 -921 -903 -903 -903 -903 -921 -903 -921 -912 -912 -903 -894 -912 -903 -921 -912 -939 -921 -894 -903 -930 -921 -921 -912 -912 -903 -921 -912 -930 -911 -912 -921 -939 -912 -912 -912 -912 -912 -912 -921 -930 -930 -921 -939 -930 -903 -894 -903 -921 -921 -903 -912 -939 -921 -930 -912 -939 -912 -912 -921 -903 -938 -903 -921 -903 -912 -903 -921 -903 -921 -912 -930 -921 -912 -912 -930 -947 -921 -921 -921 -930 -930 -912 -921 -930 -930 -939 -938 -912 -929 -903 -912 -912 -912 -912 -921 -921 -938 -930 -921 -930 -912 -921 -921 -930 -921 -938 -912 -947 -921 -930 -930 -921 -921 -921 -939 -912 -921 -921 -930 -930 -930 -912 -921 -947 -912 -939 -939 -930 -929 -930 -956 -912 -929 -912 -921 -947 -912 -930 -930 -930 -912 -939 -930 -921 -939 -921 -939 -939 -939 -929 -939 -939 -930 -921 -947 -930 -930 -939 -930 -930 -938 -930 -921 -921 -930 -930 -930 -921 -939 -921 -938 -947 -930 -921 -938 -938 -938 -912 -947 -947 -939 -939 -956 -929 -938 -947 -939 -930 -929 -939 -939 -921 -929 -947 -921 -939 -912 -921 -930 -938 -930 -939 -930 -956 -939 -930 -939 -939 -930 -947 -929 -930 -939 -947 -930 -939 -938 -930 -938 -921 -956 -930 -930 -930 -939 -947 -939 -939 -939 -930 -939 -947 -938 -939 -939 -921 -956 -939 -930 -930 -930 -912 -930 -930 -921 -921 -921 -921 -930 -930 -939 -929 -947 -938 -930 -974 -947 -956 -947 -947 -939 -956 -965 -974 -956 -965 -974 -956 -956 -974 -956 -983 -965 -965 -974 -965 -983 -983 -983 -991 -974 -974 -974 -983 -983 -974 -991 -983 -983 -991 -974 -983 -965 -974 -974 -983 -965 -974 -983 -991 -974 -983 -965 -991 -956 -965 -956 -965 -956 -956 -947 -939 -956 -974 -947 -956 -956 -947 -939 -956 -956 -938 -930 -947
-761 -761 -752 -770 -761 -770 -770 -770 -752 -761 -761 -752 -752 -743 -752 -743 -752 -752 -743 -761 -752 -734 -734 -752 -743 -734 -752 -752 -743 -752 -779 -779 -770 -788 -797 -788 -788 -788 -788 -770 -788 -788 -797 -797 -805 -814 -814 -797 -823 -814 -814 -805 -814 -823 -814 -814 -832 -814 -823 -814 -814 -823 -796 -797 -814 -806 -814 -806 -832 -823 -823 -823 -814 -814 -814 -814 -797 -806 -814 -814 -806 -823 -832 -841 -823 -814 -823 -832 -832 -850 -823 -832 -832 -832 -850 -841 -850 -858 -858 -867 -885 -858 -867 -858 -867 -858 -858 -867 -858 -876 -858 -876 -876 -876 -894 -894 -885 -885 -885 -894 -894 -885 -885 -876 -876 -912 -903 -885 -885 -894 -894 -894 -894 -903 -885 -903 -894 -903 -912 -903 -894 -894 -894 -903 -912 -894 -903 -903 -903 -912 -903 -885 -885 -903 -912 -894 -894 -894 -912 -903 -903 -912 -894 -894 -903 -903 -921 -903 -894 -894 -903 -921 -894 -885 -885 -894 -921 -912 -921 -930 -912 -921 -894 -894 -903 -903 -903 -903 -903 -912 -912 -903 -903 -912 -903 -912 -912 -930 -920 -912 -930 -903 -903 -921 -930 -930 -912 -939 -930 -903 -903 -921 -912 -939 -903 -912 -912 -921 -921 -930 -921 -912 -903 -912 -903 -921 -903 -912 -903 -903 -894 -938 -912 -920 -930 -903 -912 -921 -930 -921 -939 -921 -903 -930 -912 -939 -930 -921 -921 -930 -912 -921 -912 -921 -921 -930 -921 -930 -921 -912 -929 -930 -921 -912 -903 -912 -921 -921 -912 -921 -921 -903 -920 -912 -930 -921 -921 -912 -930 -894 -930 -912 -939 -921 -912 -939 -921 -939 -912 -912 -947 -938 -939 -939 -921 -912 -921 -939 -930 -947 -921 -939 -930 -930 -921 -912 -921 -912 -912 -921 -920 -921 -947 -921 -930 -930 -939 -921 -947 -939 -930 -930 -929 -930 -930 -947 -930 -938 -947 -939 -930 -930 -947 -930 -938 -939 -939 -930 -921 -938 -912 -930 -929 -930 -939 -930 -930 -921 -921 -921 -947 -930 -921 -947 -921 -930 -930 -947 -938 -930 -939 -930 -939 -912 -930 -947 -939 -947 -939 -930 -939 -956 -947 -938 -939 -930 -939 -939 -939 -938 -938 -921 -938 -930 -947 -930 -930 -938 -921 -938 -921 -939 -930 -939 -912 -947 -939 -956 -939 -939 -956 -939 -930 -930 -930 -939 -939 -921 -921 -939 -921 -939 -929 -930 -938 -947 -939 -921 -929 -920 -930 -930 -938 -939 -938 -921 -939 -930 -930 -930 -930 -930 -930 -939 -947 -947 -947 -956 -974 -965 -947 -956 -956 -974 -974 -965 -947 -974 -965 -983 -974 -965 -965 -965 -965 -956 -974 -983 -974 -956 -991 -965 -991 -974 -991 -965 -974 -983 -983 -974 -956 -974 -974 -991 -974 -965 -983 -974 -947 -974 -965 -965 -965 -965 -965 -956 -956 -974 -965 -947 -956 -956 -974 -947 -956 -956 -939 -930 -956 -956 -947 -947 -930 -947 -939 -938 -938 -938 -956 -947 -947 -947
-770 -752 -752 -743 -770 -752 -725 -761 -725 -725 -761 -734 -725 -734 -752 -725 -752 -752 -752 -761 -752 -770 -752 -761 -770 -761 -770 -761 -770 -779 -797 -796 -806 -797 -797 -806 -796 -806 -814 -814 -814 -797 -823 -823 -823 -823 -814 -823 -814 -814 -806 -805 -814 -814 -823 -823 -814 -797 -814 -797 -823 -823 -814 -841 -805 -823 -823 -814 -814 -823 -814 -814 -832 -814 -814 -823 -832 -814 -814 -814 -841 -841 -832 -832 -850 -850 -841 -850 -850 -867 -876 -841 -867 -850 -858 -858 -867 -867 -876 -885 -876 -858 -876 -867 -867 -876 -876 -867 -867 -867 -876 -885 -903 -885 -885 -903 -885 -885 -903 -903 -903 -894 -930 -885 -894 -894 -885 -894 -903 -894 -912 -903 -894 -894 -894 -894 -903 -903 -894 -912 -903 -912 -894 -885 -903 -903 -885 -903 -894 -894 -903 -885 -885 -903 -903 -894 -912 -912 -903 -894 -912 -921 -903 -903 -903 -903 -894 -894 -894 -912 -921 -903 -894 -894 -912 -912 -921 -912 -912 -912 -912 -894 -912 -903 -903 -903 -930 -903 -894 -921 -921 -903 -912 -912 -921 -912 -903 -912 -903 -912 -929 -903 -903 -921 -921 -930 -921 -912 -921 -921 -903 -912 -930 -912 -929 -912 -903 -912 -903 -903 -903 -912 -912 -921 -921 -930 -912 -930 -921 -921 -930 -912 -930 -930 -921 -921 -930 -912 -921 -912 -912 -921 -921 -930 -930 -947 -921 -939 -912 -930 -939 -930 -921 -939 -921 -921 -930 -930 -921 -921 -930 -903 -921 -921 -921 -912 -930 -912 -938 -921 -921 -912 -912 -939 -921 -921 -921 -939 -930 -930 -930 -912 -921 -939 -921 -930 -921 -930 -939 -921 -921 -903 -939 -929 -939 -921 -912 -903 -930 -947 -929 -921 -921 -939 -912 -939 -921 -939 -930 -930 -921 -912 -938 -921 -912 -930 -938 -930 -947 -939 -912 -921 -930 -921 -956 -929 -930 -938 -930 -939 -947 -930 -930 -930 -912 -921 -939 -912 -930 -912 -921 -930 -921 -930 -939 -956 -929 -938 -938 -939 -930 -939 -939 -947 -930 -947 -947 -956 -947 -939 -947 -938 -939 -930 -939 -930 -939 -930 -939 -947 -921 -939 -939 -939 -939 -921 -947 -929 -930 -938 -947 -947 -921 -930 -938 -956 -939 -939 -930 -939 -939 -929 -938 -939 -938 -930 -939 -939 -939 -947 -939 -947 -930 -921 -939 -947 -930 -911 -929 -930 -894 -930 -921 -930 -921 -930 -939 -930 -947 -939 -939 -930 -939 -930 -930 -929 -939 -947 -939 -965 -938 -947 -947 -947 -956 -974 -983 -983 -974 -965 -983 -974 -974 -974 -956 -974 -991 -965 -965 -974 -974 -983 -983 -974 -983 -974 -991 -974 -965 -983 -1000 -974 -974 -983 -965 -983 -965 -974 -974 -983 -956 -965 -965 -974 -965 -983 -974 -974 -974 -974 -947 -938 -956 -965 -965 -965 -956 -965 -956 -956 -965 -938 -956 -965 -965 -939 -947 -930 -965 -947 -947 -939 -938 -947 -939 -930 -930 -947 -930 -930 -921 -929
-752 -752 -761 -725 -752 -734 -725 -752 -752 -743 -752 -743 -743 -752 -779 -761 -761 -770 -779 -788 -779 -788 -770 -779 -788 -779 -788 -805 -797 -797 -797 -814 -823 -805 -806 -806 -797 -806 -805 -806 -814 -814 -823 -814 -805 -814 -806 -797 -814 -806 -814 -797 -814 -806 -814 -814 -823 -806 -806 -814 -832 -841 -823 -832 -823 -823 -806 -814 -823 -814 -823 -823 -841 -850 -823 -841 -850 -841 -832 -841 -832 -850 -850 -841 -850 -850 -867 -867 -885 -885 -858 -885 -867 -885 -885 -876 -867 -894 -876 -876 -885 -894 -894 -885 -894 -885 -894 -903 -903 -885 -894 -894 -903 -903 -903 -894 -912 -912 -903 -894 -885 -885 -894 -894 -903 -894 -903 -903 -903 -903 -903 -903 -876 -894 -894 -912 -912 -894 -903 -885 -912 -912 -903 -912 -903 -894 -903 -894 -894 -912 -912 -894 -903 -894 -903 -894 -894 -894 -894 -885 -876 -903 -912 -912 -912 -894 -912 -912 -894 -903 -912 -912 -894 -921 -921 -903 -912 -903 -894 -903 -903 -929 -921 -894 -912 -930 -912 -903 -912 -930 -903 -921 -930 -930 -921 -912 -921 -921 -912 -930 -903 -912 -903 -912 -912 -929 -930 -903 -921 -903 -903 -912 -903 -921 -930 -921 -921 -903 -912 -921 -921 -921 -912 -912 -903 -903 -912 -912 -885 -921 -912 -912 -921 -903 -930 -921 -930 -921 -930 -903 -921 -930 -912 -938 -930 -939 -939 -930 -930 -921 -930 -921 -912 -921 -903 -929 -903 -921 -921 -930 -903 -912 -921 -921 -921 -921 -894 -912 -921 -938 -939 -921 -930 -930 -921 -930 -930 -921 -930 -929 -912 -921 -921 -938 -930 -921 -930 -921 -921 -930 -939 -930 -930 -938 -921 -912 -912 -939 -930 -921 -947 -912 -939 -930 -921 -947 -939 -930 -938 -930 -938 -930 -921 -938 -929 -947 -921 -929 -947 -921 -939 -921 -939 -912 -939 -903 -938 -921 -921 -921 -930 -939 -921 -930 -930 -939 -921 -930 -947 -939 -947 -938 -930 -930 -930 -939 -930 -939 -930 -930 -947 -939 -947 -939 -912 -930 -938 -930 -921 -921 -921 -938 -939 -930 -947 -939 -939 -939 -929 -947 -938 -930 -938 -938 -939 -929 -939 -930 -947 -947 -921 -939 -939 -947 -930 -929 -939 -947 -939 -947 -912 -939 -939 -930 -947 -912 -930 -921 -938 -921 -939 -939 -930 -939 -921 -939 -939 -939 -939 -894 -939 -938 -939 -921 -930 -921 -930 -930 -947 -930 -939 -956 -939 -965 -956 -956 -965 -983 -965 -956 -947 -983 -991 -965 -983 -965 -974 -974 -965 -974 -983 -974 -974 -965 -965 -983 -983 -974 -965 -991 -974 -991 -983 -983 -1000 -991 -965 -965 -965 -965 -983 -983 -974 -983 -965 -974 -974 -965 -965 -965 -965 -947 -965 -956 -956 -965 -974 -947 -965 -930 -974 -939 -947 -939 -947 -956 -947 -947 -965 -956 -947 -930 -956 -938 -947 -939 -947 -956 -939 -930 -930 -939 -947 -939 -930 -930 -930 -912 -921 -930 -912 -930
-752 -752 -743 -743 -734 -752 -761 -761 -770 -761 -779 -779 -779 -770 -797 -788 -796 -806 -797 -814 -814 -805 -796 -805 -805 -832 -806 -823 -806 -797 -806 -823 -823 -806 -823 -814 -806 -788 -823 -805 -814 -823 -806 -814 -823 -806 -806 -814 -797 -823 -814 -814 -823 -814 -832 -823 -823 -832 -832 -797 -823 -823 -823 -841 -814 -832 -841 -841 -832 -850 -841 -850 -850 -850 -858 -858 -858 -858 -876 -841 -850 -858 -885 -876 -876 -867 -876 -876 -885 -885 -885 -885 -885 -858 -894 -876 -885 -912 -894 -894 -894 -903 -894 -912 -903 -894 -894 -903 -885 -894 -894 -903 -894 -894 -912 -903 -894 -912 -894 -894 -894 -894 -903 -903 -912 -903 -930 -912 -894 -894 -903 -894 -894 -903 -894 -885 -876 -894 -885 -876 -903 -894 -894 -894 -903 -921 -903 -885 -903 -903 -903 -894 -903 -894 -894 -894 -894 -894 -885 -903 -903 -903 -912 -903 -912 -912 -912 -912 -930 -903 -894 -912 -912 -894 -930 -912 -921 -894 -921 -930 -930 -921 -912 -921 -930 -912 -930 -939 -903 -912 -903 -921 -930 -912 -921 -912 -894 -912 -912 -912 -912 -930 -903 -912 -921 -894 -921 -894 -912 -885 -903 -912 -921 -921 -903 -930 -921 -921 -903 -903 -921 -921 -912 -921 -921 -921 -939 -912 -921 -921 -912 -921 -921 -921 -921 -903 -921 -912 -930 -939 -930 -930 -930 -930 -912 -912 -921 -912 -921 -912 -930 -930 -903 -921 -903 -903 -903 -921 -930 -921 -930 -930 -939 -938 -930 -921 -921 -930 -939 -939 -938 -920 -921 -921 -939 -930 -921 -921 -930 -939 -912 -930 -921 -921 -921 -903 -921 -930 -921 -930 -956 -929 -939 -920 -921 -930 -929 -939 -939 -939 -921 -947 -938 -930 -921 -939 -930 -947 -947 -930 -921 -939 -930 -938 -947 -930 -930 -938 -930 -921 -939 -939 -930 -921 -930 -939 -938 -930 -921 -930 -947 -930 -947 -921 -921 -947 -939 -921 -956 -939 -956 -965 -930 -956 -930 -947 -947 -938 -930 -939 -930 -939 -930 -930 -939 -929 -939 -921 -930 -939 -938 -929 -912 -921 -939 -939 -930 -947 -930 -939 -939 -929 -939 -939 -921 -938 -929 -930 -947 -930 -947 -930 -930 -939 -912 -939 -939 -939 -939 -921 -939 -938 -939 -930 -930 -939 -930 -930 -930 -939 -947 -947 -921 -939 -921 -921 -929 -930 -939 -938 -939 -938 -939 -947 -965 -965 -947 -956 -965 -974 -974 -965 -965 -965 -956 -965 -974 -965 -974 -974 -983 -983 -991 -974 -965 -956 -974 -974 -991 -991 -965 -983 -983 -1009 -974 -983 -983 -974 -991 -1000 -974 -974 -983 -956 -974 -956 -956 -974 -965 -956 -974 -947 -956 -965 -965 -965 -947 -956 -983 -956 -956 -956 -956 -947 -947 -947 -938 -965 -938 -947 -965 -947 -947 -930 -947 -939 -939 -956 -939 -947 -930 -939 -938 -930 -938 -920 -930 -903 -921 -921 -938 -930 -912 -930 -930 -921 -921 -930 -938 -903 -930 -939
-770 -761 -770 -761 -761 -806 -797 -779 -779 -806 -797 -797 -805 -806 -814 -814 -797 -805 -814 -814 -806 -823 -814 -805 -806 -806 -814 -814 -823 -814 -797 -814 -814 -814 -788 -823 -814 -805 -806 -806 -823 -823 -814 -805 -823 -806 -823 -814 -823 -797 -814 -823 -832 -823 -814 -832 -814 -832 -832 -832 -850 -832 -858 -850 -850 -858 -858 -858 -858 -858 -850 -876 -858 -876 -885 -858 -876 -885 -867 -885 -867 -876 -858 -850 -894 -876 -885 -858 -894 -903 -894 -885 -894 -903 -885 -885 -885 -885 -894 -903 -912 -903 -894 -894 -885 -912 -894 -903 -903 -903 -903 -903 -903 -894 -885 -903 -912 -885 -903 -894 -894 -903 -903 -903 -912 -903 -876 -894 -894 -894 -894 -894 -894 -912 -921 -894 -903 -903 -894 -885 -903 -903 -894 -903 -912 -894 -894 -903 -903 -885 -903 -903 -903 -912 -912 -903 -912 -912 -894 -921 -912 -921 -921 -912 -921 -912 -921 -894 -903 -930 -921 -912 -903 -921 -912 -903 -912 -912 -912 -912 -894 -921 -921 -921 -921 -912 -929 -930 -912 -920 -894 -903 -894 -894 -894 -912 -903 -894 -903 -921 -912 -921 -921 -930 -912 -930 -912 -894 -921 -939 -930 -921 -903 -930 -912 -921 -894 -903 -921 -921 -930 -930 -939 -930 -912 -912 -921 -921 -930 -921 -930 -921 -912 -903 -930 -929 -930 -921 -912 -939 -912 -894 -912 -903 -912 -930 -912 -903 -930 -921 -921 -930 -921 -921 -921 -912 -930 -903 -929 -930 -930 -929 -921 -947 -938 -921 -947 -929 -947 -930 -930 -939 -939 -921 -930 -939 -921 -930 -912 -921 -930 -921 -912 -930 -921 -930 -938 -929 -938 -921 -939 -938 -939 -912 -947 -939 -939 -939 -930 -912 -921 -939 -930 -930 -912 -939 -939 -939 -930 -912 -921 -912 -930 -912 -921 -921 -939 -921 -947 -929 -939 -930 -930 -938 -939 -939 -930 -939 -947 -930 -930 -939 -947 -947 -930 -939 -939 -938 -947 -939 -939 -939 -930 -930 -947 -930 -921 -920 -921 -930 -939 -939 -956 -947 -939 -930 -939 -947 -947 -939 -930 -939 -930 -921 -930 -930 -929 -930 -930 -947 -912 -939 -947 -939 -921 -938 -947 -930 -930 -930 -921 -930 -930 -939 -939 -938 -938 -921 -930 -921 -921 -938 -912 -929 -930 -930 -930 -939 -930 -939 -938 -939 -938 -956 -939 -956 -965 -947 -974 -974 -965 -974 -947 -965 -974 -983 -983 -965 -974 -965 -983 -965 -965 -974 -965 -947 -983 -965 -974 -956 -974 -983 -991 -974 -983 -991 -983 -983 -965 -983 -965 -983 -974 -956 -991 -965 -983 -974 -965 -965 -983 -965 -956 -983 -956 -965 -947 -974 -947 -956 -947 -956 -956 -930 -956 -956 -947 -956 -930 -965 -947 -956 -947 -947 -956 -939 -930 -939 -956 -956 -947 -939 -930 -956 -921 -947 -930 -912 -921 -912 -930 -930 -939 -921 -947 -921 -930 -921 -921 -930 -938 -938 -930 -921 -921 -930 -938 -921 -938 -930 -938 -939
-788 -797 -797 -814 -814 -806 -805 -814 -805 -814 -823 -823 -823 -806 -805 -788 -806 -823 -814 -806 -814 -797 -805 -814 -814 -806 -797 -797 -806 -806 -806 -814 -814 -797 -806 -797 -823 -823 -823 -814 -814 -806 -814 -832 -806 -832 -814 -841 -823 -841 -832 -841 -832 -841 -841 -858 -867 -850 -841 -850 -850 -867 -850 -850 -867 -867 -876 -858 -867 -867 -876 -876 -876 -876 -876 -894 -885 -894 -885 -894 -876 -894 -894 -876 -894 -885 -912 -912 -903 -903 -894 -903 -894 -885 -912 -894 -885 -885 -885 -912 -903 -894 -912 -903 -894 -903 -903 -894 -912 -894 -903 -912 -885 -903 -903 -894 -894 -894 -903 -903 -894 -885 -894 -912 -894 -903 -894 -912 -903 -894 -912 -912 -894 -894 -912 -903 -912 -903 -912 -894 -921 -912 -912 -912 -894 -912 -903 -903 -912 -903 -903 -912 -903 -912 -912 -903 -912 -885 -894 -912 -921 -903 -921 -930 -921 -921 -930 -930 -921 -921 -921 -912 -912 -930 -912 -929 -894 -912 -930 -912 -912 -912 -930 -903 -903 -930 -903 -921 -903 -903 -894 -894 -921 -912 -929 -903 -930 -921 -930 -912 -912 -894 -921 -921 -930 -921 -921 -930 -921 -894 -903 -912 -903 -894 -921 -912 -903 -903 -912 -930 -921 -929 -929 -921 -921 -930 -903 -920 -903 -920 -912 -930 -912 -903 -903 -903 -903 -912 -921 -921 -930 -930 -920 -912 -921 -912 -912 -930 -894 -929 -921 -929 -930 -921 -921 -947 -912 -930 -921 -930 -903 -930 -921 -939 -930 -903 -930 -921 -930 -903 -921 -930 -939 -930 -947 -930 -921 -912 -939 -930 -921 -921 -930 -929 -921 -930 -930 -930 -939 -930 -947 -930 -921 -930 -930 -930 -921 -947 -930 -930 -930 -929 -921 -930 -921 -921 -930 -947 -912 -921 -939 -930 -921 -939 -921 -939 -939 -930 -939 -947 -930 -939 -956 -947 -939 -921 -939 -938 -930 -939 -939 -938 -939 -947 -947 -930 -930 -939 -938 -929 -947 -921 -921 -939 -939 -938 -939 -939 -938 -947 -939 -939 -947 -947 -939 -929 -939 -921 -947 -930 -939 -939 -930 -930 -939 -947 -939 -921 -921 -921 -921 -930 -938 -939 -921 -930 -930 -939 -912 -930 -947 -912 -930 -939 -939 -921 -912 -912 -930 -930 -930 -921 -929 -921 -947 -930 -947 -947 -956 -947 -956 -974 -965 -974 -965 -965 -956 -974 -974 -965 -974 -965 -974 -956 -956 -974 -983 -974 -974 -983 -983 -965 -974 -974 -991 -974 -1000 -965 -983 -983 -974 -965 -974 -974 -983 -965 -983 -965 -974 -974 -956 -983 -965 -983 -965 -956 -965 -974 -947 -947 -965 -947 -956 -947 -947 -974 -939 -956 -965 -965 -947 -947 -956 -956 -947 -956 -956 -938 -965 -938 -938 -939 -947 -939 -939 -939 -938 -939 -939 -939 -930 -938 -929 -912 -929 -903 -939 -930 -930 -930 -903 -912 -912 -930 -921 -921 -912 -921 -939 -939 -930 -921 -930 -912 -939 -939 -930 -921 -930 -930 -894 -894
-788 -806 -814 -814 -823 -814 -788 -805 -806 -797 -797 -814 -814 -806 -814 -814 -814 -806 -814 -797 -814 -823 -814 -814 -806 -805 -814 -823 -823 -814 -832 -814 -832 -823 -814 -814 -797 -814 -814 -814 -832 -850 -841 -832 -832 -823 -850 -850 -850 -867 -867 -867 -858 -885 -867 -867 -858 -850 -850 -867 -876 -841 -876 -876 -876 -894 -876 -867 -885 -876 -867 -876 -885 -894 -894 -885 -885 -885 -921 -894 -903 -903 -894 -903 -894 -894 -885 -894 -885 -885 -894 -894 -885 -912 -894 -876 -894 -903 -903 -903 -894 -894 -903 -894 -903 -894 -885 -903 -894 -894 -903 -903 -912 -903 -894 -903 -920 -912 -903 -921 -903 -903 -903 -894 -903 -903 -903 -903 -903 -903 -903 -903 -903 -894 -903 -903 -921 -903 -912 -894 -912 -921 -903 -912 -939 -903 -930 -912 -903 -894 -903 -939 -930 -921 -921 -903 -894 -912 -912 -903 -894 -921 -903 -912 -903 -921 -930 -921 -930 -912 -921 -912 -921 -921 -921 -903 -903 -912 -894 -921 -903 -912 -912 -930 -921 -894 -903 -912 -921 -929 -912 -912 -912 -912 -930 -903 -903 -912 -912 -903 -903 -929 -929 -912 -903 -912 -912 -912 -921 -912 -903 -921 -912 -921 -912 -912 -921 -921 -921 -912 -930 -894 -903 -921 -903 -894 -921 -903 -912 -903 -921 -912 -921 -912 -921 -921 -930 -930 -939 -921 -938 -912 -929 -930 -921 -921 -921 -921 -930 -930 -930 -921 -930 -912 -921 -930 -930 -912 -921 -903 -947 -939 -921 -921 -921 -939 -930 -921 -930 -938 -939 -921 -921 -930 -930 -930 -929 -921 -921 -938 -930 -930 -921 -938 -947 -939 -939 -956 -929 -930 -938 -903 -947 -930 -921 -921 -921 -912 -938 -912 -939 -930 -939 -920 -930 -939 -930 -930 -921 -912 -921 -947 -921 -947 -930 -947 -930 -938 -956 -947 -920 -947 -930 -930 -921 -929 -930 -939 -947 -939 -939 -930 -921 -930 -939 -930 -930 -956 -956 -929 -921 -939 -930 -930 -947 -930 -912 -921 -930 -903 -930 -930 -938 -939 -930 -930 -930 -930 -930 -912 -920 -930 -930 -930 -921 -938 -912 -930 -930 -921 -939 -930 -921 -930 -930 -930 -930 -921 -939 -921 -929 -912 -939 -939 -921 -921 -947 -921 -939 -939 -947 -956 -974 -974 -947 -965 -956 -974 -974 -965 -974 -965 -965 -974 -965 -956 -991 -965 -974 -974 -974 -974 -974 -983 -983 -974 -974 -974 -983 -983 -983 -1000 -983 -983 -983 -974 -983 -974 -991 -991 -974 -956 -965 -947 -974 -956 -956 -947 -965 -956 -974 -974 -947 -956 -956 -947 -938 -965 -947 -947 -965 -939 -947 -947 -956 -947 -939 -947 -920 -956 -930 -939 -947 -947 -929 -939 -939 -930 -938 -930 -912 -938 -921 -921 -930 -903 -921 -930 -912 -921 -903 -921 -930 -930 -903 -930 -930 -930 -939 -921 -930 -930 -938 -921 -947 -939 -930 -912 -921 -921 -921 -912 -930 -939 -903 -903 -885 -885 -876 -894 -894 -894
-823 -823 -805 -806 -805 -805 -814 -823 -806 -797 -805 -814 -814 -814 -797 -823 -805 -814 -823 -806 -814 -814 -814 -832 -814 -814 -806 -814 -832 -832 -823 -850 -832 -841 -832 -867 -832 -850 -850 -850 -876 -867 -858 -841 -858 -850 -867 -858 -867 -867 -867 -867 -867 -876 -858 -858 -885 -894 -885 -867 -867 -858 -885 -894 -876 -885 -885 -876 -894 -885 -894 -876 -903 -894 -894 -894 -903 -903 -894 -885 -876 -894 -912 -903 -894 -894 -903 -903 -903 -912 -885 -894 -894 -894 -894 -894 -885 -894 -885 -912 -894 -894 -903 -894 -894 -894 -903 -894 -912 -894 -903 -903 -903 -894 -903 -912 -894 -903 -894 -894 -894 -894 -894 -903 -903 -903 -921 -894 -912 -912 -894 -894 -912 -894 -903 -894 -930 -894 -939 -912 -921 -930 -912 -903 -894 -912 -903 -921 -921 -921 -912 -912 -930 -903 -930 -912 -903 -921 -903 -939 -912 -921 -930 -921 -938 -921 -930 -894 -930 -921 -921 -921 -930 -921 -903 -903 -939 -921 -921 -912 -921 -912 -921 -912 -929 -921 -912 -921 -930 -912 -921 -921 -930 -912 -921 -921 -903 -939 -930 -912 -921 -921 -929 -921 -930 -929 -921 -930 -921 -930 -903 -930 -912 -912 -921 -912 -912 -903 -930 -903 -912 -912 -921 -921 -912 -921 -903 -912 -938 -912 -912 -930 -921 -939 -930 -939 -921 -939 -939 -912 -939 -930 -939 -930 -930 -939 -930 -921 -921 -938 -939 -930 -912 -921 -930 -903 -939 -921 -921 -930 -930 -921 -939 -921 -930 -930 -930 -930 -939 -930 -930 -930 -930 -930 -929 -921 -939 -921 -912 -939 -939 -930 -939 -921 -938 -929 -930 -930 -939 -912 -938 -920 -930 -930 -930 -947 -930 -947 -930 -947 -938 -930 -939 -921 -921 -947 -938 -939 -947 -947 -930 -939 -939 -939 -939 -947 -939 -938 -939 -947 -930 -921 -939 -930 -939 -930 -939 -930 -938 -930 -947 -947 -939 -947 -939 -939 -938 -947 -939 -930 -938 -938 -930 -947 -930 -921 -939 -929 -938 -939 -947 -930 -939 -930 -921 -939 -921 -947 -947 -939 -921 -939 -912 -939 -921 -921 -929 -930 -938 -930 -930 -930 -939 -930 -930 -921 -921 -939 -939 -956 -956 -938 -939 -939 -956 -983 -965 -983 -965 -983 -983 -965 -965 -956 -983 -947 -965 -974 -965 -991 -965 -956 -983 -983 -983 -965 -965 -965 -965 -983 -974 -991 -983 -991 -983 -983 -983 -974 -983 -983 -956 -974 -983 -974 -974 -974 -947 -965 -983 -983 -956 -956 -956 -947 -939 -965 -965 -956 -938 -965 -947 -939 -956 -956 -965 -947 -947 -965 -947 -947 -947 -947 -947 -956 -939 -938 -947 -947 -921 -938 -930 -947 -930 -930 -947 -930 -939 -939 -921 -903 -912 -912 -930 -921 -930 -921 -938 -921 -930 -921 -929 -930 -921 -930 -903 -930 -930 -930 -930 -939 -921 -921 -921 -921 -930 -930 -903 -912 -903 -903 -885 -894 -894 -885 -876 -850 -876 -876 -876 -858 -876 -867
-806 -814 -806 -805 -806 -805 -823 -832 -814 -806 -797 -814 -823 -823 -832 -823 -814 -823 -823 -832 -823 -823 -823 -832 -823 -832 -850 -841 -832 -841 -858 -858 -876 -823 -858 -867 -841 -832 -867 -876 -867 -858 -858 -850 -867 -885 -867 -876 -858 -885 -876 -876 -876 -885 -876 -885 -885 -885 -876 -885 -885 -885 -885 -876 -885 -894 -885 -912 -885 -903 -894 -903 -912 -894 -903 -903 -903 -885 -894 -885 -885 -912 -903 -894 -903 -912 -894 -912 -921 -903 -885 -894 -903 -894 -894 -885 -885 -885 -903 -894 -903 -885 -894 -903 -903 -903 -885 -894 -894 -885 -903 -903 -903 -903 -903 -903 -912 -894 -903 -894 -903 -912 -912 -912 -921 -921 -912 -912 -912 -921 -912 -912 -912 -894 -903 -903 -903 -894 -912 -930 -912 -921 -921 -912 -912 -903 -903 -912 -912 -921 -912 -903 -930 -903 -947 -912 -903 -921 -894 -894 -903 -912 -912 -912 -921 -903 -930 -903 -939 -894 -921 -921 -921 -930 -912 -912 -930 -912 -921 -921 -930 -912 -921 -912 -930 -921 -930 -903 -912 -921 -921 -912 -912 -912 -912 -939 -930 -903 -912 -930 -912 -903 -894 -930 -921 -921 -912 -903 -930 -912 -903 -929 -903 -903 -903 -912 -912 -939 -912 -921 -912 -912 -903 -921 -912 -921 -912 -921 -939 -930 -912 -921 -930 -929 -930 -912 -930 -903 -921 -921 -912 -930 -921 -930 -921 -921 -921 -930 -939 -930 -930 -903 -930 -921 -903 -930 -921 -930 -921 -939 -930 -947 -939 -930 -947 -921 -921 -938 -938 -939 -930 -939 -939 -930 -921 -921 -921 -939 -930 -930 -930 -947 -921 -921 -930 -930 -938 -939 -939 -938 -947 -930 -939 -920 -939 -939 -956 -930 -939 -939 -947 -930 -921 -930 -929 -930 -939 -938 -939 -930 -939 -903 -930 -939 -939 -947 -947 -921 -939 -939 -939 -930 -939 -938 -939 -930 -930 -930 -939 -930 -947 -921 -939 -938 -921 -947 -947 -930 -939 -939 -930 -930 -921 -947 -930 -921 -938 -921 -939 -921 -939 -930 -930 -939 -930 -921 -938 -903 -930 -956 -921 -947 -938 -930 -930 -921 -947 -930 -912 -930 -912 -939 -947 -947 -947 -947 -938 -956 -956 -974 -974 -983 -983 -974 -956 -983 -974 -965 -974 -974 -983 -974 -991 -974 -983 -974 -974 -974 -974 -983 -965 -974 -983 -974 -974 -965 -983 -965 -965 -974 -983 -983 -974 -974 -965 -974 -956 -974 -991 -965 -956 -965 -956 -965 -965 -965 -965 -956 -956 -956 -956 -947 -947 -930 -965 -956 -965 -956 -939 -956 -947 -939 -956 -947 -930 -947 -938 -930 -947 -939 -947 -939 -939 -930 -921 -921 -921 -930 -930 -912 -930 -912 -939 -912 -930 -921 -912 -912 -930 -939 -930 -939 -921 -930 -947 -930 -938 -947 -947 -921 -930 -939 -921 -920 -921 -921 -903 -921 -894 -912 -912 -894 -894 -885 -885 -894 -876 -894 -894 -876 -858 -850 -858 -850 -858 -876 -850 -841 -850 -858 -841 -850
-805 -814 -806 -823 -797 -814 -823 -814 -814 -823 -814 -814 -823 -814 -805 -850 -823 -850 -841 -823 -823 -850 -832 -850 -841 -850 -832 -858 -858 -876 -850 -858 -867 -894 -876 -867 -858 -867 -867 -876 -885 -885 -876 -876 -885 -876 -894 -876 -894 -894 -894 -894 -903 -903 -894 -894 -903 -885 -885 -885 -903 -885 -894 -894 -903 -912 -903 -885 -903 -894 -903 -885 -885 -876 -903 -894 -894 -903 -885 -903 -903 -903 -912 -903 -903 -894 -894 -885 -903 -903 -912 -885 -903 -885 -894 -921 -894 -903 -894 -903 -894 -903 -903 -894 -912 -903 -912 -894 -903 -921 -885 -903 -894 -894 -894 -912 -903 -903 -885 -921 -912 -912 -894 -912 -912 -921 -903 -903 -912 -912 -903 -903 -912 -903 -921 -903 -912 -894 -921 -921 -912 -912 -903 -912 -894 -903 -912 -939 -903 -930 -921 -912 -921 -894 -903 -912 -894 -912 -903 -921 -894 -921 -921 -930 -920 -912 -912 -930 -903 -912 -929 -921 -912 -912 -903 -921 -930 -912 -921 -894 -912 -921 -921 -921 -921 -947 -912 -921 -912 -912 -912 -930 -921 -930 -921 -912 -930 -929 -930 -921 -903 -903 -921 -912 -912 -930 -930 -903 -903 -921 -921 -912 -912 -939 -912 -939 -903 -930 -939 -930 -930 -921 -930 -939 -930 -938 -939 -930 -921 -947 -930 -930 -921 -921 -921 -929 -921 -921 -939 -939 -930 -930 -921 -930 -921 -921 -930 -938 -939 -930 -930 -930 -894 -921 -930 -930 -938 -939 -930 -930 -929 -939 -930 -939 -930 -939 -930 -930 -921 -939 -929 -921 -921 -930 -921 -947 -930 -930 -921 -929 -912 -903 -947 -939 -930 -930 -930 -930 -939 -912 -921 -938 -921 -956 -939 -938 -947 -947 -939 -939 -939 -930 -912 -939 -921 -939 -938 -939 -912 -929 -930 -930 -947 -921 -938 -956 -939 -939 -930 -939 -912 -956 -947 -930 -930 -947 -930 -921 -939 -929 -947 -939 -930 -921 -921 -930 -938 -930 -930 -939 -912 -912 -912 -903 -930 -938 -939 -929 -930 -912 -930 -939 -930 -930 -921 -939 -921 -929 -921 -921 -930 -930 -921 -930 -939 -939 -947 -956 -947 -974 -956 -974 -974 -974 -974 -983 -965 -965 -983 -983 -965 -983 -965 -974 -974 -974 -965 -974 -965 -974 -956 -991 -974 -974 -983 -991 -991 -974 -983 -965 -983 -991 -974 -974 -965 -974 -965 -965 -965 -974 -956 -983 -947 -956 -956 -965 -947 -983 -956 -956 -947 -947 -939 -956 -956 -947 -956 -947 -947 -947 -939 -947 -939 -947 -956 -947 -956 -947 -939 -939 -947 -930 -930 -939 -930 -939 -938 -921 -930 -930 -930 -939 -912 -930 -921 -930 -912 -912 -903 -912 -912 -912 -921 -930 -921 -938 -930 -912 -921 -938 -930 -903 -921 -912 -912 -930 -939 -930 -921 -921 -903 -894 -903 -894 -894 -903 -903 -876 -894 -885 -858 -858 -876 -858 -867 -850 -850 -850 -858 -850 -850 -850 -858 -858 -867 -841 -858 -858 -876 -841 -841 -850
-814 -823 -814 -832 -823 -814 -814 -806 -832 -823 -832 -841 -832 -841 -850 -850 -850 -850 -867 -867 -858 -885 -867 -858 -858 -858 -876 -858 -858 -894 -894 -885 -867 -876 -876 -876 -894 -912 -885 -885 -885 -894 -894 -885 -903 -894 -894 -894 -894 -903 -903 -876 -903 -903 -903 -885 -903 -903 -885 -903 -912 -885 -903 -885 -894 -903 -903 -894 -885 -894 -885 -894 -894 -903 -903 -912 -912 -912 -894 -894 -885 -903 -894 -885 -921 -894 -894 -903 -894 -894 -894 -885 -894 -885 -903 -912 -894 -903 -903 -894 -894 -903 -876 -903 -894 -903 -894 -903 -921 -912 -921 -921 -894 -894 -894 -903 -903 -903 -921 -912 -894 -930 -912 -912 -921 -903 -903 -912 -930 -903 -903 -912 -912 -921 -921 -921 -912 -903 -930 -921 -930 -912 -912 -921 -894 -912 -903 -921 -938 -921 -903 -912 -903 -921 -912 -903 -912 -912 -912 -930 -930 -903 -939 -930 -894 -921 -921 -912 -921 -912 -921 -947 -921 -912 -939 -912 -912 -903 -903 -921 -921 -921 -930 -921 -930 -921 -921 -921 -903 -921 -912 -912 -903 -912 -921 -930 -903 -930 -912 -939 -930 -903 -903 -912 -921 -930 -921 -921 -912 -939 -912 -939 -921 -930 -939 -921 -912 -912 -921 -939 -930 -939 -921 -939 -921 -921 -930 -939 -921 -921 -912 -947 -912 -930 -912 -912 -921 -930 -930 -930 -939 -939 -930 -930 -938 -912 -939 -939 -939 -939 -947 -939 -947 -921 -930 -921 -921 -921 -930 -939 -921 -930 -921 -939 -930 -930 -938 -912 -930 -930 -921 -930 -930 -939 -939 -947 -938 -930 -947 -947 -939 -930 -947 -930 -939 -947 -947 -930 -930 -938 -939 -947 -921 -930 -930 -930 -939 -930 -921 -930 -939 -930 -921 -939 -921 -930 -930 -939 -938 -930 -930 -947 -947 -921 -921 -921 -930 -947 -929 -930 -912 -929 -947 -939 -930 -930 -939 -930 -947 -938 -930 -939 -939 -912 -912 -930 -921 -930 -921 -939 -921 -921 -921 -930 -921 -930 -921 -930 -930 -939 -929 -947 -929 -930 -939 -947 -947 -938 -965 -947 -939 -956 -956 -956 -965 -965 -965 -983 -965 -965 -983 -983 -947 -974 -956 -983 -965 -974 -983 -965 -991 -974 -965 -983 -983 -983 -974 -991 -974 -1000 -965 -983 -983 -983 -983 -974 -983 -974 -983 -983 -974 -947 -974 -974 -965 -956 -965 -965 -956 -939 -965 -956 -956 -956 -956 -939 -956 -956 -947 -974 -965 -956 -947 -947 -947 -947 -947 -947 -947 -939 -930 -965 -939 -929 -930 -947 -930 -938 -939 -912 -939 -939 -921 -912 -921 -921 -921 -921 -921 -921 -920 -912 -921 -930 -921 -921 -921 -930 -939 -912 -930 -912 -921 -930 -894 -921 -930 -912 -921 -939 -903 -921 -894 -903 -921 -894 -903 -903 -903 -894 -885 -867 -885 -876 -858 -850 -867 -867 -867 -876 -858 -850 -850 -850 -850 -876 -850 -850 -867 -876 -850 -858 -858 -858 -858 -858 -858 -841 -867 -841 -841 -850
-832 -832 -823 -814 -850 -832 -841 -832 -858 -841 -850 -841 -858 -858 -850 -867 -867 -867 -850 -858 -876 -876 -876 -876 -894 -876 -867 -885 -885 -876 -885 -894 -876 -885 -876 -903 -876 -903 -894 -903 -885 -885 -912 -876 -903 -903 -885 -885 -894 -885 -894 -885 -912 -912 -894 -894 -894 -885 -912 -876 -894 -903 -894 -885 -894 -912 -903 -903 -912 -876 -903 -885 -885 -912 -903 -903 -903 -912 -894 -876 -894 -912 -894 -912 -894 -903 -894 -894 -921 -930 -894 -903 -903 -894 -894 -894 -912 -921 -894 -903 -921 -921 -903 -912 -912 -903 -912 -939 -939 -912 -903 -903 -921 -903 -921 -930 -912 -912 -921 -912 -921 -921 -903 -912 -921 -912 -939 -939 -929 -921 -921 -903 -903 -921 -912 -939 -903 -903 -894 -894 -921 -912 -930 -912 -930 -903 -912 -939 -921 -912 -912 -894 -912 -921 -921 -930 -930 -912 -894 -894 -921 -903 -921 -912 -938 -912 -930 -894 -921 -912 -903 -939 -929 -930 -930 -930 -921 -921 -903 -921 -912 -894 -912 -930 -921 -921 -912 -903 -921 -912 -921 -903 -912 -921 -921 -912 -921 -921 -912 -903 -939 -939 -939 -930 -929 -921 -939 -930 -930 -930 -903 -939 -939 -930 -930 -921 -930 -930 -894 -921 -930 -921 -921 -921 -921 -938 -939 -930 -930 -939 -921 -930 -938 -930 -939 -939 -939 -930 -939 -938 -938 -930 -939 -921 -938 -930 -912 -921 -912 -930 -921 -939 -930 -921 -921 -912 -912 -938 -930 -929 -930 -921 -939 -930 -930 -921 -930 -930 -930 -921 -939 -939 -939 -921 -921 -930 -956 -939 -930 -921 -947 -947 -903 -947 -939 -939 -939 -930 -939 -939 -921 -930 -947 -903 -939 -938 -930 -939 -939 -939 -930 -939 -921 -939 -947 -947 -921 -956 -938 -921 -921 -938 -938 -939 -947 -939 -930 -921 -939 -938 -939 -921 -939 -939 -921 -930 -939 -930 -938 -930 -921 -921 -921 -930 -921 -930 -939 -921 -938 -930 -930 -921 -930 -930 -912 -929 -903 -930 -956 -947 -939 -947 -956 -956 -974 -965 -956 -956 -983 -991 -965 -956 -965 -965 -974 -965 -974 -983 -947 -965 -983 -983 -983 -956 -983 -965 -991 -983 -974 -983 -983 -974 -991 -974 -983 -974 -974 -965 -965 -965 -965 -974 -938 -965 -965 -974 -974 -956 -956 -947 -947 -939 -939 -947 -965 -974 -947 -939 -947 -965 -956 -956 -956 -965 -974 -956 -956 -947 -956 -947 -938 -956 -938 -947 -947 -939 -947 -939 -939 -929 -930 -930 -921 -930 -930 -912 -929 -930 -921 -903 -930 -930 -912 -912 -930 -930 -947 -930 -930 -912 -921 -921 -938 -930 -930 -930 -912 -921 -921 -903 -903 -903 -912 -912 -903 -912 -903 -894 -912 -885 -885 -894 -885 -858 -867 -876 -858 -876 -876 -858 -850 -867 -885 -850 -867 -867 -858 -841 -858 -832 -850 -850 -867 -858 -850 -858 -841 -876 -850 -850 -858 -858 -850 -850 -850 -858 -867 -858 -867 -850 -823 -850
-850 -850 -832 -858 -832 -858 -858 -850 -850 -858 -876 -867 -885 -876 -858 -876 -876 -876 -894 -885 -867 -876 -885 -894 -885 -903 -885 -894 -912 -885 -894 -885 -894 -903 -903 -903 -894 -894 -894 -903 -894 -903 -903 -903 -885 -921 -894 -885 -894 -894 -894 -912 -903 -894 -912 -903 -930 -894 -903 -894 -903 -903 -903 -903 -894 -903 -894 -894 -903 -894 -894 -894 -903 -903 -894 -903 -894 -894 -903 -921 -894 -885 -885 -894 -885 -903 -903 -903 -930 -903 -903 -912 -894 -903 -921 -921 -903 -903 -912 -903 -912 -912 -930 -912 -903 -921 -903 -903 -921 -921 -903 -912 -903 -930 -903 -894 -912 -903 -912 -912 -903 -912 -921 -912 -912 -912 -912 -921 -903 -912 -912 -912 -912 -903 -912 -903 -903 -921 -912 -930 -921 -921 -921 -912 -930 -911 -903 -930 -930 -903 -912 -912 -912 -921 -912 -930 -912 -912 -930 -930 -930 -921 -930 -921 -930 -921 -921 -930 -921 -921 -939 -921 -912 -903 -921 -912 -929 -894 -930 -903 -903 -921 -903 -912 -903 -912 -903 -921 -930 -921 -921 -921 -930 -929 -921 -930 -930 -921 -939 -930 -911 -921 -921 -912 -930 -930 -930 -903 -903 -921 -939 -921 -930 -912 -912 -939 -930 -921 -921 -921 -938 -912 -921 -930 -939 -930 -956 -939 -921 -939 -939 -938 -930 -939 -947 -930 -930 -930 -939 -930 -921 -912 -930 -912 -921 -930 -912 -930 -930 -930 -930 -930 -930 -912 -930 -930 -930 -921 -947 -930 -938 -930 -921 -939 -930 -930 -939 -947 -939 -939 -930 -938 -947 -938 -947 -929 -947 -929 -930 -930 -921 -938 -912 -939 -938 -912 -939 -929 -921 -930 -939 -939 -930 -939 -939 -930 -930 -930 -939 -939 -930 -921 -930 -939 -939 -939 -956 -930 -939 -930 -921 -930 -930 -921 -930 -938 -912 -903 -930 -939 -930 -930 -939 -930 -930 -930 -930 -939 -921 -930 -947 -947 -939 -930 -930 -930 -912 -921 -947 -947 -938 -947 -947 -965 -956 -956 -956 -947 -965 -965 -965 -956 -974 -974 -965 -965 -983 -991 -965 -974 -956 -974 -965 -974 -965 -965 -983 -983 -965 -974 -991 -991 -983 -1000 -983 -1000 -991 -983 -974 -947 -974 -983 -965 -983 -974 -956 -974 -974 -974 -956 -956 -956 -974 -956 -947 -965 -965 -930 -956 -939 -965 -947 -956 -947 -947 -947 -939 -947 -939 -956 -930 -956 -947 -939 -956 -939 -939 -939 -930 -921 -939 -930 -930 -939 -939 -921 -912 -921 -921 -921 -912 -939 -921 -930 -921 -912 -939 -903 -920 -912 -921 -930 -930 -921 -929 -956 -947 -921 -921 -939 -921 -930 -921 -921 -894 -903 -894 -912 -894 -903 -894 -903 -894 -876 -867 -903 -876 -876 -894 -876 -867 -867 -858 -876 -858 -858 -867 -867 -850 -858 -850 -867 -876 -850 -867 -858 -858 -867 -867 -850 -858 -850 -850 -858 -876 -850 -858 -858 -850 -850 -867 -858 -850 -850 -850 -858 -850 -850 -832 -850 -832 -823
-867 -867 -876 -867 -894 -867 -867 -876 -885 -867 -894 -876 -858 -894 -894 -885 -894 -885 -885 -894 -894 -903 -885 -885 -903 -903 -894 -894 -903 -903 -903 -894 -912 -894 -894 -903 -912 -903 -894 -894 -876 -912 -912 -894 -912 -903 -903 -894 -885 -903 -894 -894 -903 -903 -903 -894 -894 -885 -903 -894 -912 -894 -912 -894 -912 -894 -894 -885 -894 -912 -894 -912 -903 -885 -894 -894 -903 -885 -912 -912 -885 -894 -903 -903 -903 -939 -894 -921 -912 -930 -903 -912 -894 -921 -912 -903 -912 -921 -903 -921 -912 -930 -912 -903 -912 -903 -903 -912 -903 -921 -912 -921 -921 -912 -921 -921 -912 -930 -921 -912 -894 -912 -903 -912 -894 -912 -921 -921 -939 -938 -930 -938 -912 -894 -903 -930 -912 -921 -929 -930 -912 -912 -912 -912 -903 -930 -921 -930 -912 -930 -903 -912 -921 -912 -903 -930 -921 -939 -903 -930 -912 -903 -939 -939 -912 -894 -930 -930 -903 -921 -903 -930 -912 -912 -912 -921 -912 -912 -912 -912 -903 -930 -921 -930 -938 -930 -921 -930 -930 -921 -912 -912 -921 -921 -912 -912 -939 -912 -903 -912 -947 -920 -903 -921 -930 -920 -929 -930 -912 -912 -930 -939 -930 -938 -938 -939 -930 -939 -930 -947 -938 -939 -938 -939 -947 -939 -921 -930 -930 -939 -930 -930 -939 -930 -912 -912 -930 -929 -939 -921 -921 -938 -929 -939 -930 -921 -930 -939 -930 -930 -939 -956 -921 -938 -947 -939 -930 -939 -939 -930 -939 -930 -939 -947 -947 -947 -956 -939 -939 -930 -930 -912 -921 -930 -920 -947 -939 -938 -930 -921 -929 -947 -947 -956 -920 -947 -939 -930 -930 -930 -938 -930 -947 -939 -921 -947 -947 -939 -939 -921 -939 -947 -930 -930 -939 -921 -921 -947 -939 -947 -921 -939 -930 -938 -921 -930 -930 -921 -921 -930 -930 -921 -921 -939 -930 -930 -939 -930 -930 -912 -921 -930 -947 -956 -947 -947 -956 -965 -965 -974 -974 -965 -956 -965 -956 -947 -965 -947 -965 -983 -974 -965 -965 -965 -965 -974 -983 -983 -1000 -983 -965 -983 -974 -974 -991 -983 -983 -974 -991 -965 -983 -965 -983 -974 -983 -991 -983 -974 -974 -965 -956 -974 -956 -956 -947 -956 -974 -956 -947 -956 -947 -939 -956 -956 -947 -956 -939 -938 -939 -939 -947 -939 -929 -965 -939 -956 -930 -947 -965 -939 -947 -947 -939 -939 -947 -930 -921 -921 -921 -939 -912 -912 -930 -921 -930 -921 -912 -939 -912 -939 -930 -912 -939 -947 -930 -930 -939 -930 -939 -939 -930 -921 -930 -921 -912 -903 -921 -930 -903 -903 -912 -894 -894 -903 -894 -885 -876 -867 -876 -876 -850 -858 -858 -858 -841 -850 -885 -858 -850 -850 -832 -858 -867 -867 -858 -858 -850 -850 -850 -858 -858 -858 -867 -867 -867 -858 -850 -858 -858 -858 -867 -867 -850 -832 -850 -858 -858 -858 -850 -850 -841 -858 -867 -850 -850 -841 -850 -841 -832 -850 -823 -823
-885 -876 -894 -894 -894 -894 -903 -894 -876 -894 -885 -894 -894 -894 -894 -903 -894 -903 -894 -903 -912 -903 -894 -912 -903 -921 -903 -885 -885 -867 -894 -903 -903 -903 -903 -903 -912 -885 -894 -903 -903 -867 -885 -894 -903 -903 -903 -903 -912 -894 -903 -894 -894 -894 -894 -885 -921 -903 -903 -921 -912 -912 -912 -903 -912 -894 -912 -894 -894 -903 -894 -912 -894 -894 -894 -912 -912 -912 -903 -912 -912 -912 -894 -921 -894 -921 -903 -921 -903 -903 -903 -894 -912 -894 -921 -903 -912 -921 -903 -894 -903 -912 -921 -912 -921 -912 -912 -921 -921 -894 -921 -903 -912 -903 -912 -912 -912 -912 -903 -894 -912 -903 -930 -912 -912 -921 -912 -921 -930 -912 -912 -921 -912 -921 -920 -930 -930 -912 -921 -930 -912 -912 -912 -921 -930 -921 -921 -930 -921 -921 -912 -938 -912 -903 -903 -930 -912 -930 -930 -930 -903 -921 -921 -921 -903 -912 -921 -930 -921 -939 -912 -930 -930 -912 -939 -938 -921 -921 -921 -921 -930 -921 -938 -930 -921 -929 -912 -912 -930 -921 -930 -921 -930 -921 -903 -930 -921 -912 -921 -921 -921 -930 -930 -921 -939 -938 -930 -930 -930 -930 -930 -939 -939 -930 -939 -930 -912 -912 -930 -930 -939 -939 -930 -921 -921 -930 -912 -938 -930 -930 -929 -938 -938 -921 -947 -939 -929 -938 -930 -938 -930 -930 -921 -939 -939 -930 -939 -930 -947 -929 -930 -930 -920 -939 -939 -930 -929 -939 -930 -939 -939 -929 -947 -938 -939 -947 -938 -930 -930 -938 -930 -930 -930 -939 -939 -939 -938 -930 -930 -939 -929 -921 -930 -939 -939 -956 -939 -930 -912 -929 -947 -920 -930 -938 -930 -920 -921 -938 -939 -939 -930 -930 -947 -921 -921 -921 -930 -921 -930 -939 -903 -921 -939 -939 -930 -939 -921 -921 -938 -939 -930 -930 -912 -930 -921 -947 -947 -956 -956 -956 -965 -965 -956 -974 -974 -983 -974 -974 -965 -956 -983 -956 -974 -983 -983 -974 -965 -983 -991 -974 -991 -965 -974 -991 -983 -1009 -991 -965 -974 -983 -974 -965 -983 -974 -974 -983 -974 -983 -956 -974 -947 -974 -956 -956 -974 -965 -956 -983 -965 -947 -956 -974 -956 -947 -956 -965 -974 -939 -947 -939 -965 -956 -947 -956 -938 -947 -947 -947 -947 -947 -956 -921 -921 -939 -938 -930 -930 -938 -912 -921 -921 -921 -912 -939 -921 -930 -912 -921 -921 -939 -930 -930 -921 -921 -921 -947 -930 -921 -930 -929 -929 -930 -939 -912 -930 -903 -921 -912 -929 -912 -903 -912 -894 -921 -903 -903 -885 -876 -903 -876 -885 -867 -867 -885 -858 -885 -850 -858 -867 -858 -858 -850 -850 -858 -858 -858 -858 -850 -850 -850 -850 -850 -850 -850 -858 -858 -867 -858 -841 -885 -850 -850 -858 -850 -841 -841 -867 -850 -858 -867 -841 -850 -850 -858 -858 -841 -850 -850 -850 -823 -841 -841 -841 -850 -841 -823 -823 -832 -832 -814 -841 -832
-885 -885 -885 -876 -894 -885 -894 -867 -894 -894 -894 -912 -885 -894 -903 -885 -903 -885 -885 -903 -894 -903 -903 -894 -912 -903 -903 -894 -894 -876 -903 -894 -903 -894 -903 -903 -885 -894 -885 -903 -885 -894 -885 -921 -894 -903 -912 -894 -903 -894 -885 -894 -903 -912 -894 -903 -903 -894 -903 -885 -894 -894 -921 -903 -903 -903 -912 -885 -903 -903 -894 -903 -921 -912 -912 -912 -921 -930 -929 -921 -903 -912 -903 -903 -903 -903 -903 -920 -903 -912 -903 -903 -912 -903 -912 -921 -930 -912 -930 -930 -921 -903 -921 -912 -912 -894 -894 -903 -921 -903 -912 -903 -903 -921 -939 -903 -912 -930 -930 -921 -921 -912 -912 -912 -903 -912 -903 -921 -912 -912 -903 -903 -930 -912 -921 -930 -912 -903 -930 -921 -921 -921 -930 -939 -929 -921 -921 -920 -921 -903 -903 -921 -939 -903 -885 -894 -930 -921 -894 -930 -921 -921 -903 -921 -939 -912 -912 -930 -947 -921 -921 -929 -921 -938 -921 -947 -921 -921 -930 -930 -912 -930 -930 -912 -930 -921 -921 -929 -912 -912 -921 -912 -912 -921 -921 -930 -921 -939 -939 -921 -929 -930 -938 -921 -939 -930 -930 -930 -930 -938 -938 -930 -930 -947 -938 -930 -939 -930 -930 -939 -921 -939 -930 -912 -921 -921 -912 -930 -929 -930 -938 -929 -939 -930 -921 -930 -938 -939 -939 -956 -930 -939 -947 -930 -912 -956 -938 -939 -939 -939 -947 -939 -947 -930 -930 -939 -921 -930 -921 -938 -930 -921 -939 -939 -930 -939 -938 -938 -939 -938 -939 -947 -930 -956 -947 -947 -921 -921 -938 -939 -930 -939 -921 -939 -930 -930 -930 -939 -912 -947 -938 -938 -938 -930 -956 -939 -939 -912 -939 -912 -938 -921 -930 -947 -947 -939 -929 -938 -939 -939 -921 -930 -947 -912 -912 -947 -939 -939 -974 -947 -956 -939 -965 -965 -956 -965 -974 -965 -965 -956 -974 -956 -965 -965 -974 -983 -956 -956 -965 -939 -974 -974 -956 -983 -991 -991 -974 -983 -983 -983 -991 -974 -983 -956 -983 -983 -983 -974 -974 -974 -974 -974 -965 -965 -947 -947 -939 -947 -939 -965 -947 -956 -965 -947 -939 -947 -947 -956 -956 -947 -956 -939 -956 -974 -938 -956 -938 -939 -939 -947 -947 -956 -930 -939 -939 -938 -939 -947 -938 -912 -930 -912 -930 -938 -903 -920 -929 -939 -930 -912 -921 -921 -930 -939 -912 -920 -939 -939 -921 -938 -939 -912 -930 -921 -930 -921 -912 -912 -921 -930 -938 -912 -903 -903 -912 -894 -930 -912 -894 -876 -876 -876 -867 -885 -867 -876 -867 -876 -858 -885 -867 -876 -850 -850 -858 -850 -876 -858 -841 -858 -867 -867 -850 -867 -850 -858 -850 -858 -850 -858 -858 -850 -850 -841 -850 -832 -850 -823 -841 -850 -841 -850 -841 -841 -850 -850 -850 -823 -832 -841 -823 -850 -841 -823 -832 -841 -841 -832 -806 -832 -814 -823 -806 -832 -814 -814 -814 -806 -806 -806 -814 -806
-903 -885 -894 -885 -894 -876 -894 -894 -885 -894 -885 -903 -894 -885 -885 -912 -903 -894 -903 -894 -885 -885 -876 -903 -885 -903 -912 -867 -894 -903 -885 -894 -903 -894 -912 -903 -912 -921 -894 -912 -912 -885 -885 -894 -894 -912 -885 -894 -894 -894 -903 -912 -903 -894 -894 -894 -885 -903 -903 -903 -894 -903 -903 -894 -921 -921 -921 -912 -921 -903 -903 -903 -894 -903 -930 -903 -912 -903 -939 -912 -921 -903 -921 -912 -921 -912 -912 -921 -930 -912 -930 -912 -912 -921 -921 -912 -903 -903 -921 -912 -921 -912 -903 -903 -912 -921 -930 -921 -912 -911 -921 -939 -921 -929 -912 -911 -912 -929 -921 -912 -912 -930 -921 -912 -912 -930 -912 -921 -938 -912 -930 -921 -930 -938 -921 -912 -903 -912 -921 -930 -930 -947 -921 -921 -903 -903 -894 -930 -912 -911 -939 -930 -912 -912 -930 -930 -930 -921 -912 -921 -921 -939 -930 -912 -921 -921 -938 -921 -921 -947 -930 -921 -930 -912 -921 -930 -921 -930 -930 -930 -921 -912 -930 -930 -921 -921 -939 -930 -903 -921 -930 -939 -939 -947 -921 -903 -939 -947 -903 -921 -921 -939 -939 -930 -939 -930 -930 -930 -938 -903 -921 -930 -912 -930 -921 -930 -938 -947 -903 -921 -921 -921 -921 -930 -930 -921 -938 -930 -930 -939 -939 -930 -939 -930 -947 -947 -930 -938 -930 -930 -930 -947 -930 -930 -912 -930 -930 -930 -930 -947 -921 -956 -938 -947 -912 -939 -930 -947 -939 -912 -930 -939 -930 -921 -939 -930 -930 -930 -930 -939 -939 -930 -930 -921 -921 -912 -930 -930 -930 -930 -939 -938 -921 -921 -929 -947 -939 -921 -921 -930 -921 -939 -930 -921 -930 -930 -920 -930 -921 -939 -939 -921 -912 -930 -938 -912 -921 -930 -947 -947 -930 -965 -956 -965 -956 -983 -983 -974 -956 -965 -947 -956 -965 -965 -983 -956 -965 -974 -956 -983 -965 -983 -983 -974 -974 -965 -974 -983 -991 -983 -965 -974 -974 -965 -974 -983 -1000 -983 -965 -983 -974 -965 -974 -965 -974 -965 -956 -947 -965 -974 -947 -956 -947 -947 -938 -939 -965 -939 -965 -965 -947 -956 -956 -956 -956 -947 -939 -974 -939 -939 -939 -956 -947 -939 -965 -938 -956 -939 -938 -939 -912 -939 -930 -930 -930 -930 -930 -921 -930 -930 -930 -938 -930 -921 -912 -921 -921 -921 -930 -903 -921 -930 -939 -930 -921 -930 -939 -939 -912 -930 -930 -921 -903 -912 -939 -921 -912 -894 -903 -894 -867 -903 -867 -885 -894 -876 -858 -885 -876 -885 -867 -858 -858 -858 -850 -858 -850 -858 -850 -858 -850 -858 -858 -858 -867 -867 -867 -850 -858 -858 -867 -876 -867 -850 -858 -858 -850 -823 -858 -850 -841 -858 -858 -850 -850 -858 -850 -850 -841 -823 -850 -841 -841 -841 -841 -823 -823 -823 -823 -841 -823 -832 -814 -806 -814 -797 -814 -814 -814 -805 -806 -806 -806 -814 -814 -797 -797 -788 -814 -814 -797 -823
-894 -876 -876 -885 -903 -885 -894 -903 -894 -885 -903 -903 -894 -903 -885 -885 -894 -894 -903 -885 -912 -894 -894 -876 -885 -903 -894 -912 -912 -885 -876 -912 -903 -903 -912 -903 -903 -921 -894 -903 -921 -894 -894 -885 -912 -921 -903 -903 -894 -912 -894 -912 -912 -930 -921 -894 -912 -903 -894 -894 -912 -903 -930 -939 -912 -921 -921 -912 -921 -921 -930 -894 -912 -912 -921 -894 -912 -930 -912 -921 -903 -894 -903 -912 -912 -903 -885 -921 -930 -912 -921 -912 -903 -912 -921 -920 -921 -921 -912 -912 -921 -903 -921 -912 -921 -921 -921 -903 -894 -912 -903 -912 -930 -912 -912 -930 -921 -912 -894 -921 -930 -912 -921 -903 -930 -921 -921 -930 -912 -921 -930 -930 -921 -912 -903 -921 -912 -930 -921 -903 -912 -929 -912 -912 -938 -903 -912 -930 -939 -929 -930 -930 -939 -921 -930 -921 -956 -912 -939 -939 -939 -912 -930 -938 -938 -930 -930 -930 -930 -930 -921 -921 -912 -930 -921 -930 -912 -912 -939 -930 -939 -939 -903 -930 -930 -930 -930 -921 -930 -939 -930 -912 -939 -930 -938 -938 -921 -921 -939 -921 -939 -912 -930 -912 -912 -939 -939 -930 -930 -921 -939 -912 -930 -912 -930 -930 -921 -921 -947 -930 -939 -912 -930 -930 -939 -921 -930 -947 -938 -939 -930 -939 -930 -947 -930 -939 -939 -947 -947 -921 -930 -939 -947 -929 -930 -930 -930 -947 -921 -929 -930 -930 -939 -930 -939 -930 -938 -947 -938 -930 -921 -947 -939 -956 -930 -930 -930 -930 -939 -930 -930 -930 -930 -930 -930 -947 -930 -930 -921 -912 -929 -921 -947 -947 -929 -930 -921 -921 -930 -938 -920 -930 -912 -930 -939 -929 -921 -921 -930 -947 -939 -939 -939 -947 -983 -965 -965 -956 -974 -965 -974 -939 -965 -974 -974 -974 -974 -965 -983 -983 -974 -965 -965 -974 -965 -956 -991 -965 -991 -983 -965 -974 -983 -983 -1009 -991 -983 -974 -983 -974 -983 -974 -974 -956 -965 -974 -983 -983 -956 -965 -983 -956 -947 -947 -956 -983 -965 -983 -956 -956 -956 -947 -930 -939 -956 -956 -947 -939 -947 -965 -938 -947 -965 -965 -939 -930 -939 -939 -930 -939 -939 -930 -930 -921 -930 -939 -912 -903 -921 -921 -930 -912 -929 -921 -930 -903 -930 -921 -912 -903 -903 -921 -938 -921 -930 -921 -930 -930 -921 -912 -912 -921 -930 -912 -912 -912 -912 -912 -903 -903 -894 -912 -885 -894 -894 -876 -876 -885 -885 -876 -867 -867 -867 -858 -867 -858 -867 -850 -858 -850 -850 -841 -850 -858 -858 -850 -850 -858 -858 -867 -858 -867 -850 -850 -858 -858 -841 -858 -850 -867 -850 -850 -850 -876 -858 -850 -841 -858 -858 -832 -858 -841 -841 -850 -850 -841 -841 -832 -841 -832 -841 -806 -823 -823 -823 -823 -832 -850 -823 -823 -823 -823 -788 -797 -823 -814 -805 -797 -797 -814 -806 -805 -797 -805 -788 -806 -806 -788 -797 -806 -806 -805
-903 -903 -894 -894 -885 -885 -885 -903 -894 -903 -894 -903 -894 -894 -885 -903 -903 -903 -894 -903 -912 -903 -903 -894 -903 -912 -903 -894 -894 -912 -885 -903 -903 -885 -885 -912 -903 -903 -930 -903 -903 -894 -912 -921 -921 -903 -903 -894 -903 -912 -930 -903 -912 -921 -903 -912 -921 -912 -894 -921 -912 -921 -921 -921 -903 -903 -912 -921 -912 -921 -921 -912 -903 -894 -930 -921 -921 -912 -903 -912 -894 -912 -903 -894 -894 -894 -912 -921 -903 -894 -912 -930 -930 -903 -912 -903 -912 -921 -921 -921 -920 -912 -921 -912 -921 -912 -894 -912 -921 -921 -903 -912 -912 -921 -912 -921 -921 -912 -903 -921 -912 -912 -921 -912 -930 -920 -903 -894 -894 -903 -921 -912 -903 -912 -912 -894 -938 -930 -929 -921 -921 -912 -921 -912 -921 -930 -930 -921 -930 -921 -921 -939 -903 -903 -921 -921 -930 -921 -930 -930 -930 -921 -930 -912 -912 -921 -921 -912 -912 -921 -912 -921 -930 -930 -930 -938 -930 -930 -939 -921 -921 -939 -921 -930 -929 -912 -930 -921 -939 -939 -921 -921 -930 -930 -929 -921 -938 -929 -939 -939 -921 -930 -939 -921 -903 -938 -921 -930 -912 -947 -939 -921 -912 -939 -921 -929 -947 -956 -938 -939 -938 -947 -947 -947 -939 -930 -938 -930 -939 -939 -947 -947 -930 -930 -921 -930 -930 -939 -921 -947 -939 -939 -939 -930 -921 -939 -947 -930 -939 -921 -921 -947 -938 -947 -956 -930 -938 -939 -956 -938 -939 -939 -930 -947 -939 -930 -939 -929 -947 -938 -903 -920 -921 -930 -938 -921 -921 -921 -930 -921 -912 -929 -930 -920 -921 -930 -921 -930 -938 -930 -930 -947 -939 -930 -939 -947 -947 -947 -956 -965 -956 -965 -965 -965 -983 -974 -983 -983 -974 -956 -974 -956 -965 -974 -965 -983 -974 -991 -956 -956 -983 -974 -983 -974 -965 -965 -974 -974 -974 -974 -965 -974 -974 -974 -974 -974 -974 -974 -965 -965 -956 -956 -956 -965 -965 -965 -965 -947 -956 -947 -947 -939 -965 -938 -956 -974 -939 -930 -939 -939 -938 -947 -947 -947 -939 -956 -939 -930 -947 -938 -930 -956 -929 -929 -921 -939 -920 -930 -930 -921 -939 -929 -956 -921 -930 -921 -921 -930 -921 -939 -930 -921 -939 -930 -930 -930 -903 -930 -930 -921 -930 -912 -903 -921 -939 -903 -912 -903 -903 -912 -894 -912 -903 -903 -894 -876 -885 -876 -876 -885 -867 -850 -876 -858 -850 -858 -858 -858 -867 -858 -850 -850 -850 -867 -858 -850 -858 -850 -858 -850 -850 -841 -841 -850 -841 -841 -858 -850 -832 -858 -850 -858 -841 -850 -832 -841 -850 -850 -841 -841 -850 -867 -841 -850 -858 -850 -841 -823 -850 -823 -832 -832 -832 -832 -841 -850 -841 -806 -814 -814 -823 -814 -823 -814 -805 -823 -823 -814 -805 -806 -806 -814 -814 -797 -806 -806 -814 -788 -797 -788 -788 -805 -797 -788 -788 -797 -797 -788 -788 -797 -788 -779
-885 -867 -894 -903 -903 -903 -912 -903 -894 -921 -903 -894 -894 -885 -903 -894 -894 -894 -894 -903 -930 -921 -930 -885 -903 -894 -894 -912 -894 -930 -894 -921 -903 -894 -894 -894 -903 -921 -903 -912 -921 -912 -894 -894 -921 -912 -912 -903 -912 -912 -921 -903 -921 -903 -903 -921 -903 -930 -921 -894 -912 -921 -894 -912 -912 -885 -921 -894 -912 -912 -903 -921 -903 -912 -921 -939 -903 -903 -912 -912 -912 -921 -912 -921 -921 -912 -921 -912 -912 -939 -921 -903 -921 -921 -921 -903 -930 -912 -894 -930 -912 -921 -921 -930 -921 -930 -938 -921 -912 -921 -921 -921 -912 -903 -939 -912 -912 -921 -912 -912 -929 -903 -921 -903 -894 -921 -921 -912 -894 -912 -903 -930 -939 -912 -921 -912 -921 -938 -930 -930 -920 -930 -939 -938 -930 -930 -930 -921 -930 -921 -921 -921 -921 -912 -921 -921 -921 -930 -912 -921 -930 -938 -921 -938 -947 -939 -938 -930 -930 -930 -921 -930 -939 -930 -947 -930 -912 -938 -939 -930 -939 -938 -921 -921 -939 -921 -939 -930 -921 -930 -939 -930 -930 -930 -930 -921 -930 -921 -939 -947 -920 -939 -912 -939 -938 -939 -939 -938 -930 -930 -930 -939 -930 -930 -947 -938 -939 -930 -921 -939 -947 -929 -930 -921 -930 -938 -912 -930 -929 -930 -939 -930 -939 -930 -938 -947 -930 -956 -947 -930 -939 -939 -947 -930 -921 -947 -939 -930 -930 -921 -912 -930 -938 -939 -939 -921 -920 -921 -930 -930 -930 -921 -939 -939 -930 -912 -921 -930 -912 -921 -912 -930 -921 -939 -930 -903 -938 -921 -921 -921 -939 -903 -938 -939 -939 -930 -947 -947 -947 -974 -974 -947 -965 -956 -974 -965 -974 -965 -974 -965 -974 -947 -974 -965 -965 -947 -974 -965 -983 -974 -974 -983 -974 -991 -983 -974 -965 -974 -983 -965 -991 -974 -974 -956 -974 -991 -956 -956 -965 -939 -947 -974 -965 -965 -965 -965 -947 -965 -965 -947 -956 -956 -956 -965 -947 -956 -956 -938 -956 -947 -947 -939 -938 -939 -956 -956 -956 -947 -947 -929 -939 -930 -939 -939 -930 -939 -921 -930 -912 -929 -939 -921 -921 -912 -930 -912 -939 -911 -912 -903 -921 -903 -912 -921 -921 -939 -921 -912 -930 -939 -939 -921 -921 -921 -939 -921 -921 -921 -921 -929 -912 -903 -885 -912 -894 -894 -885 -903 -867 -885 -894 -858 -876 -885 -858 -858 -858 -850 -858 -841 -885 -858 -858 -858 -841 -850 -858 -858 -850 -858 -858 -858 -858 -841 -841 -867 -850 -858 -850 -858 -858 -850 -858 -858 -858 -850 -858 -850 -850 -850 -832 -850 -858 -850 -841 -841 -841 -858 -832 -814 -841 -841 -832 -823 -850 -823 -823 -814 -832 -823 -814 -832 -823 -806 -814 -823 -814 -806 -797 -814 -806 -797 -814 -814 -805 -797 -797 -805 -814 -797 -806 -806 -797 -788 -770 -797 -797 -797 -814 -806 -788 -787 -796 -806 -779 -761 -797 -770 -770 -788 -797 -770
-903 -885 -894 -885 -894 -885 -903 -912 -912 -885 -894 -885 -903 -894 -912 -903 -903 -903 -912 -903 -894 -894 -912 -885 -894 -894 -903 -912 -894 -912 -912 -921 -894 -903 -894 -912 -930 -912 -903 -921 -912 -912 -930 -912 -903 -912 -912 -938 -921 -912 -921 -921 -921 -912 -921 -921 -894 -921 -912 -921 -921 -930 -912 -912 -921 -930 -903 -903 -912 -912 -903 -912 -903 -912 -903 -912 -903 -930 -921 -894 -921 -930 -930 -903 -930 -912 -921 -903 -894 -912 -912 -912 -903 -903 -894 -930 -912 -930 -912 -912 -921 -921 -921 -921 -938 -921 -912 -912 -912 -903 -921 -930 -912 -912 -912 -903 -921 -903 -921 -921 -921 -894 -912 -921 -920 -903 -912 -921 -912 -921 -939 -939 -912 -921 -939 -939 -939 -930 -930 -921 -930 -930 -921 -929 -912 -921 -912 -921 -939 -921 -912 -930 -912 -939 -903 -912 -921 -939 -939 -930 -930 -930 -921 -921 -939 -921 -939 -930 -921 -930 -930 -912 -939 -930 -939 -929 -929 -939 -930 -939 -921 -930 -920 -921 -930 -921 -912 -930 -930 -912 -939 -930 -939 -930 -921 -912 -921 -939 -929 -930 -930 -939 -939 -921 -939 -939 -939 -921 -939 -921 -930 -921 -947 -939 -947 -938 -930 -930 -921 -921 -930 -912 -956 -930 -930 -947 -921 -939 -912 -939 -947 -930 -939 -930 -947 -921 -920 -930 -939 -947 -938 -938 -930 -929 -929 -921 -930 -939 -947 -939 -938 -930 -939 -939 -921 -930 -903 -938 -921 -921 -930 -938 -920 -930 -912 -929 -920 -930 -930 -912 -921 -930 -921 -939 -930 -938 -930 -947 -947 -947 -965 -965 -983 -947 -965 -974 -965 -965 -956 -956 -956 -974 -956 -983 -956 -983 -965 -956 -974 -956 -991 -991 -991 -991 -974 -983 -974 -983 -974 -983 -983 -965 -983 -965 -974 -974 -983 -956 -974 -956 -965 -974 -965 -974 -974 -983 -965 -956 -965 -947 -965 -956 -956 -947 -965 -956 -965 -939 -974 -947 -939 -947 -929 -947 -974 -965 -939 -983 -965 -938 -947 -947 -938 -939 -956 -947 -930 -947 -930 -939 -921 -912 -947 -921 -912 -939 -921 -912 -921 -929 -930 -929 -930 -947 -912 -903 -947 -938 -939 -938 -903 -930 -930 -921 -939 -921 -939 -921 -912 -912 -912 -921 -921 -921 -903 -894 -921 -894 -894 -885 -894 -885 -885 -885 -885 -850 -876 -867 -858 -867 -850 -850 -858 -867 -841 -858 -850 -867 -841 -850 -850 -858 -841 -841 -867 -850 -850 -850 -858 -858 -858 -850 -841 -850 -858 -850 -850 -841 -867 -858 -850 -850 -850 -850 -841 -850 -876 -841 -832 -823 -850 -850 -850 -832 -841 -823 -832 -823 -832 -832 -823 -814 -814 -823 -814 -814 -814 -814 -814 -806 -797 -806 -806 -805 -823 -814 -806 -806 -806 -814 -806 -806 -797 -814 -814 -814 -788 -788 -779 -806 -814 -770 -788 -761 -761 -788 -788 -779 -779 -788 -779 -779 -788 -779 -770 -779 -770 -788 -761 -788 -752 -770
-894 -894 -903 -912 -912 -894 -903 -876 -894 -921 -903 -903 -912 -903 -920 -903 -885 -903 -912 -903 -912 -912 -903 -903 -903 -939 -903 -894 -912 -921 -930 -921 -903 -912 -912 -921 -903 -912 -903 -921 -903 -894 -912 -912 -921 -903 -921 -921 -930 -912 -903 -912 -894 -894 -921 -912 -912 -903 -903 -921 -903 -921 -912 -903 -903 -921 -912 -921 -903 -903 -912 -921 -903 -903 -930 -921 -903 -930 -912 -903 -912 -930 -903 -903 -903 -930 -921 -921 -921 -930 -939 -930 -939 -930 -921 -939 -894 -912 -921 -921 -903 -912 -921 -903 -894 -930 -921 -903 -912 -903 -912 -912 -921 -903 -903 -912 -930 -912 -921 -912 -912 -930 -939 -938 -912 -921 -930 -921 -939 -903 -921 -930 -930 -930 -930 -903 -921 -920 -939 -938 -921 -930 -894 -921 -921 -903 -929 -930 -930 -921 -930 -921 -930 -921 -921 -930 -930 -921 -921 -930 -921 -930 -938 -930 -930 -912 -947 -912 -921 -939 -939 -930 -930 -930 -938 -920 -930 -930 -930 -921 -930 -912 -912 -921 -930 -921 -930 -930 -930 -947 -939 -921 -921 -930 -912 -947 -930 -930 -947 -947 -956 -930 -939 -930 -947 -930 -912 -921 -938 -930 -930 -938 -930 -912 -947 -930 -921 -939 -930 -938 -921 -930 -947 -938 -930 -921 -938 -939 -921 -939 -930 -939 -930 -938 -956 -947 -921 -930 -921 -939 -921 -947 -930 -912 -929 -930 -912 -912 -938 -930 -921 -912 -929 -930 -930 -938 -930 -921 -921 -921 -939 -921 -930 -939 -939 -912 -938 -947 -912 -930 -938 -930 -956 -947 -974 -965 -965 -974 -956 -983 -974 -1000 -939 -965 -983 -965 -983 -974 -974 -983 -974 -983 -974 -983 -956 -974 -974 -983 -974 -974 -983 -956 -974 -983 -965 -956 -965 -965 -965 -974 -974 -983 -983 -965 -965 -956 -947 -956 -965 -965 -956 -974 -938 -947 -947 -956 -939 -965 -965 -947 -956 -956 -947 -947 -947 -939 -939 -947 -947 -939 -947 -956 -939 -939 -947 -947 -956 -930 -947 -947 -947 -947 -930 -912 -930 -930 -921 -903 -930 -921 -930 -921 -921 -912 -903 -930 -903 -930 -939 -930 -921 -921 -930 -939 -921 -921 -921 -903 -939 -921 -921 -930 -894 -894 -894 -894 -912 -912 -894 -903 -894 -885 -867 -894 -885 -894 -876 -876 -867 -876 -858 -876 -858 -850 -858 -841 -850 -850 -858 -850 -867 -858 -850 -858 -850 -850 -850 -850 -850 -858 -867 -885 -850 -858 -858 -850 -850 -841 -850 -841 -850 -867 -841 -850 -832 -850 -867 -850 -823 -858 -832 -841 -832 -832 -814 -823 -841 -850 -832 -814 -832 -797 -823 -805 -806 -832 -805 -832 -841 -814 -805 -806 -823 -806 -823 -806 -806 -806 -814 -797 -788 -806 -814 -814 -797 -806 -806 -823 -806 -797 -806 -806 -779 -788 -770 -788 -779 -788 -806 -779 -788 -797 -779 -779 -779 -788 -797 -752 -797 -761 -779 -770 -761 -779 -761 -779 -770 -770 -779 -761 -761 -761
-912 -885 -876 -894 -894 -894 -894 -903 -912 -885 -894 -912 -903 -912 -894 -894 -921 -894 -921 -903 -921 -921 -930 -930 -921 -894 -903 -894 -903 -930 -921 -903 -930 -894 -912 -921 -912 -921 -930 -912 -921 -903 -912 -930 -921 -903 -912 -912 -921 -885 -930 -912 -912 -903 -903 -894 -903 -903 -912 -921 -912 -912 -930 -912 -903 -903 -921 -930 -912 -912 -930 -912 -912 -903 -903 -912 -912 -903 -921 -903 -921 -903 -912 -912 -921 -939 -912 -912 -912 -930 -930 -939 -894 -912 -921 -903 -921 -912 -903 -912 -912 -903 -930 -912 -912 -894 -912 -903 -921 -912 -912 -912 -921 -930 -930 -929 -939 -930 -930 -939 -921 -930 -929 -921 -930 -938 -921 -939 -930 -921 -930 -912 -894 -903 -912 -912 -930 -921 -903 -938 -903 -921 -947 -930 -930 -930 -939 -930 -921 -921 -939 -930 -947 -921 -921 -939 -947 -938 -939 -930 -921 -921 -912 -921 -921 -912 -930 -921 -930 -921 -930 -930 -912 -921 -921 -930 -921 -912 -939 -930 -903 -939 -930 -939 -930 -930 -930 -939 -938 -930 -939 -947 -930 -947 -930 -912 -930 -947 -938 -939 -921 -939 -912 -939 -912 -938 -930 -938 -921 -939 -930 -921 -921 -930 -921 -939 -947 -939 -938 -947 -947 -939 -930 -956 -938 -912 -930 -930 -930 -930 -930 -930 -939 -930 -929 -939 -930 -912 -930 -939 -939 -939 -930 -921 -921 -939 -921 -947 -939 -912 -921 -939 -930 -912 -921 -939 -912 -921 -930 -921 -930 -930 -956 -947 -947 -965 -947 -947 -956 -974 -956 -974 -965 -983 -956 -974 -965 -974 -983 -974 -956 -974 -974 -983 -965 -974 -974 -983 -983 -983 -983 -965 -965 -991 -974 -974 -983 -965 -974 -974 -974 -965 -974 -965 -974 -974 -956 -974 -965 -965 -965 -956 -965 -947 -965 -956 -947 -939 -947 -947 -947 -956 -939 -947 -938 -956 -956 -947 -947 -956 -939 -947 -947 -947 -956 -939 -939 -947 -938 -930 -930 -956 -939 -930 -930 -921 -930 -921 -912 -930 -912 -921 -921 -921 -929 -912 -903 -939 -930 -921 -930 -921 -912 -930 -930 -939 -938 -912 -930 -903 -912 -912 -912 -921 -921 -911 -912 -894 -903 -903 -903 -912 -903 -894 -894 -885 -876 -867 -903 -876 -850 -885 -858 -867 -858 -858 -858 -850 -858 -841 -841 -850 -850 -850 -867 -850 -867 -858 -858 -850 -867 -858 -850 -841 -850 -867 -850 -850 -841 -867 -850 -858 -850 -850 -850 -841 -832 -832 -858 -832 -841 -841 -850 -832 -850 -850 -850 -850 -823 -841 -823 -841 -832 -832 -832 -823 -832 -814 -823 -805 -806 -814 -814 -814 -823 -805 -805 -797 -796 -806 -805 -806 -788 -806 -806 -797 -805 -788 -805 -806 -797 -797 -788 -788 -779 -779 -788 -806 -796 -797 -797 -797 -788 -761 -779 -761 -788 -788 -770 -779 -770 -761 -761 -761 -752 -770 -752 -770 -779 -770 -779 -779 -779 -761 -779 -761 -761 -770 -752 -761 -770 -761
-912 -903 -903 -912 -921 -894 -903 -903 -894 -921 -903 -894 -903 -921 -903 -921 -912 -921 -912 -912 -912 -912 -912 -894 -894 -912 -912 -903 -947 -894 -912 -912 -930 -912 -912 -903 -903 -894 -903 -903 -930 -912 -903 -921 -894 -912 -912 -912 -921 -921 -903 -903 -921 -903 -930 -903 -903 -912 -912 -912 -921 -912 -894 -921 -921 -921 -894 -921 -912 -921 -912 -930 -921 -921 -912 -930 -921 -912 -912 -912 -903 -921 -903 -921 -930 -903 -930 -921 -930 -921 -912 -903 -894 -894 -903 -920 -912 -930 -903 -930 -939 -921 -912 -903 -921 -912 -930 -921 -939 -947 -903 -921 -921 -939 -911 -921 -930 -930 -921 -921 -912 -912 -930 -930 -921 -903 -930 -930 -921 -939 -912 -921 -930 -920 -930 -921 -930 -938 -921 -921 -947 -939 -930 -911 -929 -903 -938 -921 -938 -930 -938 -921 -939 -930 -921 -921 -930 -938 -921 -930 -921 -930 -929 -921 -921 -921 -930 -930 -930 -930 -921 -921 -930 -938 -930 -938 -956 -912 -939 -939 -939 -930 -938 -947 -929 -947 -947 -939 -930 -947 -939 -939 -939 -930 -930 -921 -930 -939 -930 -912 -938 -921 -921 -947 -921 -921 -938 -921 -930 -938 -939 -939 -929 -930 -939 -921 -929 -930 -938 -921 -930 -921 -921 -930 -930 -921 -921 -912 -939 -939 -939 -930 -921 -912 -930 -921 -930 -921 -938 -930 -939 -939 -921 -929 -930 -921 -912 -939 -939 -930 -939 -912 -939 -921 -939 -939 -974 -947 -947 -965 -974 -956 -956 -947 -974 -965 -974 -956 -974 -974 -956 -965 -974 -974 -983 -939 -965 -974 -965 -965 -983 -956 -965 -974 -991 -974 -983 -983 -983 -983 -956 -983 -965 -974 -974 -956 -965 -974 -956 -974 -956 -974 -956 -939 -947 -947 -947 -956 -956 -974 -974 -956 -956 -930 -965 -938 -939 -947 -947 -939 -939 -947 -947 -947 -930 -939 -938 -938 -947 -938 -947 -947 -939 -939 -947 -930 -930 -930 -930 -939 -921 -921 -921 -903 -912 -939 -921 -921 -912 -903 -930 -921 -930 -947 -930 -921 -930 -929 -930 -939 -939 -930 -912 -912 -912 -912 -912 -903 -921 -912 -894 -929 -912 -894 -894 -876 -867 -876 -894 -885 -876 -867 -876 -876 -867 -850 -858 -867 -841 -867 -850 -858 -841 -841 -841 -850 -850 -850 -858 -867 -858 -841 -850 -858 -841 -832 -850 -841 -832 -858 -850 -850 -832 -858 -850 -850 -841 -832 -841 -867 -841 -858 -823 -841 -850 -841 -850 -823 -841 -850 -832 -823 -841 -823 -832 -823 -832 -832 -823 -814 -806 -805 -806 -814 -805 -797 -806 -814 -814 -788 -796 -823 -832 -823 -805 -805 -796 -806 -797 -788 -806 -788 -805 -797 -788 -779 -788 -788 -797 -779 -779 -788 -787 -779 -788 -779 -779 -761 -788 -788 -779 -779 -770 -761 -770 -770 -779 -761 -761 -770 -752 -761 -761 -779 -770 -770 -788 -770 -752 -752 -770 -743 -752 -779 -770 -761 -761 -770 -743 -770 -752 -752
-903 -903 -903 -921 -912 -894 -903 -921 -903 -912 -930 -912 -921 -912 -903 -903 -921 -885 -921 -912 -921 -903 -903 -903 -912 -912 -903 -912 -921 -921 -912 -912 -885 -912 -903 -903 -903 -912 -894 -885 -903 -912 -903 -920 -912 -921 -903 -930 -912 -921 -903 -912 -938 -912 -903 -894 -921 -894 -912 -903 -894 -912 -912 -912 -912 -930 -903 -903 -921 -885 -929 -912 -912 -930 -921 -939 -903 -903 -912 -921 -912 -903 -921 -921 -921 -903 -921 -921 -903 -912 -912 -947 -912 -930 -921 -912 -930 -939 -921 -939 -912 -912 -930 -938 -921 -930 -930 -912 -939 -921 -912 -938 -912 -921 -930 -920 -921 -930 -912 -894 -912 -930 -930 -930 -939 -930 -930 -939 -929 -921 -903 -930 -939 -930 -939 -930 -921 -912 -938 -921 -929 -939 -921 -930 -939 -921 -930 -930 -921 -921 -930 -930 -930 -930 -929 -939 -939 -930 -921 -930 -930 -939 -938 -939 -930 -930 -930 -939 -920 -939 -939 -930 -947 -930 -921 -939 -939 -930 -930 -921 -938 -939 -929 -930 -921 -921 -903 -903 -921 -930 -930 -938 -939 -938 -921 -929 -930 -921 -947 -921 -938 -939 -930 -930 -930 -939 -921 -930 -930 -921 -921 -938 -921 -930 -921 -947 -930 -939 -939 -921 -921 -929 -938 -921 -921 -947 -912 -903 -912 -930 -930 -947 -912 -930 -921 -930 -921 -930 -930 -921 -930 -921 -930 -930 -912 -939 -939 -956 -939 -956 -939 -965 -956 -956 -974 -965 -956 -956 -947 -974 -983 -965 -974 -956 -983 -939 -956 -947 -965 -983 -974 -965 -983 -974 -983 -956 -974 -983 -956 -983 -974 -974 -956 -965 -965 -974 -965 -974 -983 -956 -983 -983 -974 -965 -956 -983 -947 -956 -956 -956 -947 -965 -956 -947 -965 -965 -947 -939 -947 -947 -939 -947 -947 -965 -965 -939 -930 -965 -939 -947 -929 -939 -947 -947 -947 -921 -921 -912 -938 -930 -912 -930 -921 -921 -912 -912 -912 -930 -912 -894 -921 -921 -921 -912 -912 -938 -930 -930 -921 -930 -930 -930 -912 -912 -930 -912 -921 -912 -903 -894 -903 -912 -894 -912 -894 -885 -885 -894 -876 -894 -867 -885 -885 -867 -876 -867 -867 -885 -867 -850 -850 -858 -850 -841 -858 -850 -841 -858 -850 -850 -858 -867 -858 -858 -850 -850 -850 -867 -850 -841 -858 -841 -841 -850 -858 -841 -841 -858 -850 -858 -850 -841 -850 -832 -850 -850 -841 -832 -841 -841 -823 -841 -832 -832 -832 -823 -814 -841 -841 -814 -814 -797 -805 -814 -823 -814 -814 -797 -814 -814 -806 -823 -814 -788 -797 -805 -797 -823 -814 -788 -797 -806 -805 -796 -797 -797 -797 -788 -788 -806 -788 -788 -779 -788 -770 -788 -788 -761 -761 -788 -770 -779 -779 -788 -770 -779 -761 -761 -770 -779 -779 -779 -788 -743 -779 -779 -770 -770 -779 -734 -770 -761 -788 -761 -743 -770 -752 -743 -770 -761 -761 -752 -743 -761 -752 -752 -752 -761 -743 -761 -752 -752
-912 -912 -876 -903 -894 -912 -894 -894 -911 -903 -930 -912 -903 -894 -903 -894 -912 -903 -903 -903 -921 -903 -903 -930 -903 -894 -912 -912 -903 -912 -921 -903 -912 -921 -903 -921 -921 -912 -912 -903 -912 -921 -903 -930 -912 -912 -912 -912 -930 -894 -912 -912 -921 -912 -912 -912 -930 -921 -912 -921 -921 -938 -921 -921 -921 -903 -930 -921 -930 -912 -939 -903 -930 -921 -903 -939 -921 -903 -921 -912 -912 -903 -903 -921 -912 -921 -912 -938 -912 -921 -939 -912 -921 -921 -930 -921 -921 -912 -930 -939 -930 -930 -930 -930 -930 -921 -912 -921 -921 -912 -921 -912 -930 -912 -939 -930 -939 -930 -939 -920 -939 -921 -921 -930 -939 -930 -921 -921 -930 -929 -912 -939 -930 -930 -956 -930 -939 -930 -912 -929 -921 -939 -938 -921 -938 -921 -912 -912 -939 -930 -912 -920 -930 -938 -921 -921 -912 -930 -930 -921 -939 -930 -939 -939 -930 -947 -947 -939 -939 -903 -947 -947 -947 -921 -921 -956 -939 -939 -921 -938 -921 -930 -939 -939 -921 -930 -921 -930 -947 -938 -930 -930 -939 -939 -947 -939 -939 -930 -939 -921 -930 -947 -912 -947 -921 -930 -939 -921 -903 -939 -930 -938 -921 -920 -930 -939 -920 -930 -930 -938 -921 -921 -939 -912 -912 -930 -920 -930 -921 -939 -912 -930 -930 -921 -912 -912 -921 -939 -938 -939 -947 -938 -947 -947 -965 -965 -965 -965 -974 -956 -965 -974 -974 -956 -991 -974 -965 -965 -983 -956 -965 -965 -983 -983 -965 -991 -965 -974 -983 -983 -974 -991 -974 -983 -974 -965 -965 -974 -974 -974 -965 -965 -965 -965 -956 -956 -965 -974 -974 -974 -956 -939 -956 -947 -947 -956 -956 -956 -947 -939 -956 -965 -965 -938 -938 -965 -947 -938 -956 -947 -930 -939 -930 -930 -930 -921 -938 -939 -930 -930 -930 -912 -921 -903 -930 -930 -921 -921 -921 -903 -930 -930 -912 -912 -921 -921 -921 -921 -929 -903 -903 -939 -930 -930 -938 -939 -930 -930 -912 -912 -912 -903 -921 -894 -894 -876 -912 -885 -903 -867 -885 -885 -876 -894 -867 -894 -885 -867 -876 -858 -876 -867 -867 -867 -858 -850 -850 -850 -841 -858 -858 -850 -850 -858 -850 -858 -876 -841 -858 -850 -841 -858 -858 -850 -850 -832 -850 -858 -832 -850 -850 -850 -850 -841 -858 -841 -850 -832 -850 -832 -850 -850 -841 -823 -823 -832 -832 -805 -814 -841 -841 -823 -806 -823 -806 -814 -797 -823 -806 -814 -797 -806 -796 -806 -806 -814 -797 -814 -806 -806 -805 -814 -806 -797 -805 -814 -814 -805 -796 -788 -806 -806 -788 -787 -797 -779 -779 -761 -797 -770 -770 -788 -788 -779 -752 -752 -761 -779 -761 -761 -770 -770 -770 -797 -778 -770 -770 -779 -752 -770 -752 -770 -770 -796 -752 -752 -788 -752 -752 -743 -743 -770 -752 -761 -743 -770 -752 -761 -761 -761 -752 -761 -770 -743 -734 -734 -752 -761 -752 -761 -752 -752
-903 -912 -903 -912 -903 -912 -903 -911 -938 -912 -903 -921 -894 -903 -903 -903 -921 -912 -921 -885 -903 -912 -903 -930 -912 -894 -930 -903 -912 -921 -912 -912 -912 -921 -903 -921 -903 -903 -930 -894 -894 -939 -912 -921 -912 -921 -903 -911 -912 -903 -921 -912 -912 -921 -903 -938 -939 -921 -921 -903 -912 -903 -903 -921 -894 -894 -912 -903 -894 -903 -912 -921 -894 -921 -894 -903 -912 -930 -921 -912 -894 -921 -921 -921 -912 -930 -930 -921 -938 -921 -921 -930 -930 -903 -912 -921 -921 -921 -921 -912 -947 -903 -894 -912 -911 -912 -912 -939 -912 -930 -912 -912 -912 -930 -930 -921 -930 -939 -921 -921 -921 -930 -930 -921 -930 -930 -930 -912 -930 -921 -947 -921 -912 -921 -930 -930 -921 -930 -939 -921 -939 -939 -912 -930 -921 -921 -930 -912 -930 -921 -939 -939 -930 -939 -947 -921 -947 -947 -929 -930 -938 -939 -947 -921 -930 -930 -938 -939 -921 -921 -930 -921 -921 -930 -930 -930 -911 -939 -930 -903 -921 -912 -938 -930 -939 -947 -939 -938 -921 -921 -939 -921 -921 -947 -912 -947 -938 -930 -921 -939 -930 -930 -921 -930 -912 -903 -939 -912 -912 -912 -938 -903 -929 -912 -930 -903 -912 -930 -939 -903 -912 -921 -912 -930 -921 -921 -921 -912 -921 -939 -938 -947 -947 -947 -956 -939 -965 -947 -947 -956 -965 -947 -956 -974 -974 -983 -956 -947 -947 -956 -965 -947 -965 -974 -974 -965 -956 -974 -983 -974 -991 -974 -974 -974 -983 -974 -983 -974 -974 -956 -983 -956 -983 -974 -956 -939 -965 -965 -956 -974 -965 -956 -947 -947 -956 -956 -939 -939 -947 -938 -947 -930 -947 -939 -947 -947 -947 -930 -947 -956 -965 -930 -956 -939 -930 -947 -939 -939 -930 -930 -930 -939 -912 -921 -921 -921 -930 -930 -921 -903 -903 -903 -930 -903 -930 -921 -930 -912 -903 -912 -912 -921 -939 -912 -921 -930 -947 -912 -921 -903 -921 -903 -903 -912 -894 -894 -894 -876 -885 -885 -903 -885 -912 -885 -876 -885 -876 -876 -876 -858 -867 -867 -867 -858 -832 -858 -832 -832 -850 -841 -850 -850 -850 -867 -867 -841 -850 -885 -867 -858 -850 -850 -850 -858 -841 -841 -832 -858 -858 -832 -841 -841 -850 -841 -858 -841 -841 -841 -850 -841 -858 -832 -850 -841 -832 -814 -806 -850 -832 -832 -823 -832 -823 -814 -823 -814 -814 -823 -814 -797 -806 -797 -814 -788 -814 -806 -823 -797 -797 -797 -797 -806 -814 -806 -814 -788 -797 -797 -806 -797 -797 -779 -814 -797 -761 -797 -797 -770 -770 -761 -761 -779 -796 -779 -788 -770 -770 -770 -770 -770 -761 -770 -761 -761 -752 -770 -761 -761 -770 -779 -761 -770 -743 -752 -770 -761 -770 -761 -761 -761 -770 -761 -761 -770 -770 -752 -743 -752 -752 -752 -770 -770 -752 -752 -725 -761 -752 -770 -761 -752 -761 -743 -743 -743 -743 -761 -743 -734 -752 -752 -743 -752
-912 -921 -921 -912 -912 -921 -912 -912 -894 -912 -894 -912 -912 -903 -921 -912 -903 -930 -921 -894 -921 -930 -903 -921 -912 -930 -921 -903 -903 -921 -921 -894 -921 -921 -894 -894 -903 -903 -903 -930 -912 -921 -903 -894 -894 -894 -921 -921 -912 -921 -921 -921 -921 -912 -921 -903 -912 -930 -903 -912 -921 -921 -929 -894 -903 -912 -930 -921 -921 -921 -903 -903 -930 -939 -930 -903 -930 -930 -921 -929 -939 -921 -930 -903 -894 -921 -912 -921 -939 -903 -912 -912 -894 -921 -930 -921 -930 -930 -939 -903 -903 -912 -921 -939 -930 -921 -930 -939 -912 -939 -930 -921 -930 -939 -921 -930 -921 -912 -912 -921 -921 -930 -929 -939 -930 -894 -921 -912 -930 -930 -912 -930 -930 -939 -912 -930 -930 -938 -930 -930 -921 -939 -921 -921 -930 -921 -938 -930 -947 -938 -929 -930 -930 -921 -921 -939 -930 -930 -947 -921 -929 -930 -930 -947 -938 -921 -930 -921 -912 -894 -938 -947 -939 -930 -939 -930 -938 -939 -938 -947 -947 -930 -939 -939 -947 -930 -939 -947 -930 -930 -930 -921 -912 -921 -921 -939 -930 -912 -930 -930 -912 -930 -930 -912 -939 -939 -921 -939 -921 -930 -929 -930 -930 -930 -921 -921 -921 -930 -921 -947 -938 -921 -939 -939 -965 -939 -930 -939 -939 -947 -939 -965 -974 -983 -983 -965 -965 -965 -956 -974 -965 -965 -965 -965 -974 -965 -965 -965 -974 -974 -974 -974 -974 -983 -974 -983 -983 -974 -965 -983 -974 -974 -947 -965 -965 -947 -965 -974 -965 -956 -947 -956 -947 -956 -947 -956 -956 -956 -956 -956 -965 -947 -947 -956 -956 -939 -930 -939 -947 -938 -947 -930 -947 -938 -939 -947 -939 -947 -956 -930 -939 -930 -939 -930 -921 -912 -930 -912 -930 -912 -921 -903 -921 -912 -903 -921 -894 -894 -939 -912 -938 -930 -930 -930 -930 -947 -930 -939 -912 -912 -930 -921 -939 -921 -921 -903 -885 -912 -894 -903 -894 -903 -903 -885 -885 -858 -858 -876 -876 -876 -885 -876 -876 -876 -867 -850 -867 -850 -858 -841 -850 -850 -841 -858 -841 -850 -841 -850 -850 -850 -850 -858 -850 -841 -858 -850 -858 -850 -867 -841 -867 -841 -850 -832 -850 -850 -858 -850 -858 -850 -850 -832 -850 -832 -832 -832 -814 -841 -832 -823 -823 -823 -832 -805 -832 -797 -806 -814 -814 -814 -806 -814 -823 -806 -814 -806 -805 -814 -796 -806 -806 -797 -814 -788 -806 -797 -806 -797 -788 -788 -779 -797 -814 -806 -797 -770 -788 -779 -797 -779 -797 -788 -770 -770 -788 -770 -779 -779 -770 -761 -779 -770 -770 -770 -770 -770 -761 -770 -761 -779 -770 -761 -788 -770 -770 -761 -752 -761 -761 -779 -743 -770 -752 -761 -752 -770 -743 -752 -761 -761 -761 -779 -752 -743 -743 -761 -752 -770 -743 -761 -761 -743 -743 -752 -734 -743 -734 -752 -725 -743 -734 -752 -743 -734 -761 -743 -752 -725 -752 -734 -743 -743
-912 -912 -903 -903 -903 -894 -903 -912 -903 -903 -921 -912 -912 -894 -912 -912 -903 -921 -912 -912 -912 -903 -903 -894 -921 -930 -912 -912 -912 -921 -911 -912 -921 -903 -939 -921 -921 -921 -929 -903 -921 -921 -912 -912 -912 -912 -921 -921 -912 -930 -903 -903 -903 -912 -903 -903 -912 -912 -912 -930 -921 -921 -930 -921 -939 -912 -930 -912 -939 -939 -930 -930 -921 -912 -920 -930 -930 -912 -912 -921 -912 -912 -912 -921 -930 -921 -903 -912 -921 -912 -912 -903 -903 -921 -912 -921 -921 -912 -930 -912 -921 -921 -938 -920 -930 -939 -930 -921 -938 -930 -930 -930 -912 -921 -921 -930 -930 -912 -930 -930 -912 -921 -921 -912 -921 -912 -929 -930 -921 -938 -921 -930 -939 -939 -921 -930 -921 -912 -930 -930 -930 -947 -930 -938 -939 -947 -947 -921 -939 -930 -930 -930 -930 -930 -921 -921 -921 -939 -921 -929 -930 -929 -938 -912 -939 -947 -930 -921 -939 -912 -930 -920 -930 -947 -921 -930 -938 -930 -930 -939 -947 -921 -930 -930 -930 -939 -929 -938 -912 -930 -930 -921 -921 -912 -912 -939 -930 -939 -903 -912 -947 -912 -912 -921 -912 -921 -930 -930 -930 -912 -930 -930 -921 -930 -939 -947 -947 -956 -947 -947 -956 -974 -956 -947 -947 -974 -965 -983 -965 -974 -965 -947 -947 -947 -983 -965 -947 -974 -965 -956 -983 -983 -974 -974 -974 -974 -965 -983 -974 -974 -983 -956 -974 -983 -974 -956 -956 -965 -965 -965 -983 -965 -956 -965 -956 -947 -956 -947 -939 -939 -947 -956 -947 -947 -947 -930 -939 -939 -939 -947 -947 -939 -939 -939 -947 -939 -938 -947 -947 -947 -938 -930 -939 -947 -929 -939 -930 -930 -921 -912 -921 -930 -921 -903 -903 -912 -903 -912 -921 -938 -921 -930 -894 -930 -912 -921 -930 -921 -939 -930 -921 -912 -921 -921 -921 -930 -930 -903 -912 -894 -903 -912 -903 -894 -903 -885 -894 -885 -894 -903 -894 -867 -858 -858 -841 -867 -876 -858 -858 -850 -841 -850 -841 -858 -858 -850 -850 -850 -850 -841 -850 -850 -850 -841 -858 -850 -876 -858 -841 -850 -841 -850 -841 -832 -858 -850 -867 -858 -858 -858 -841 -850 -841 -841 -832 -841 -841 -823 -832 -850 -832 -823 -814 -823 -823 -805 -832 -823 -832 -805 -832 -823 -814 -814 -805 -805 -823 -805 -814 -814 -814 -806 -788 -788 -797 -788 -806 -814 -806 -806 -797 -805 -788 -805 -806 -788 -797 -797 -779 -797 -797 -770 -797 -752 -788 -779 -779 -770 -779 -779 -761 -788 -779 -761 -761 -770 -770 -770 -770 -761 -761 -761 -770 -770 -761 -779 -770 -752 -770 -761 -770 -743 -734 -770 -761 -761 -761 -743 -752 -770 -752 -761 -761 -761 -752 -752 -770 -752 -761 -752 -743 -743 -752 -743 -752 -770 -743 -734 -743 -752 -734 -734 -743 -743 -743 -752 -743 -743 -743 -725 -725 -725 -717 -743 -725 -734 -725 -725 -716 -708 -725 -725
-921 -903 -912 -921 -930 -912 -921 -912 -867 -912 -912 -912 -894 -894 -894 -894 -903 -920 -903 -921 -912 -903 -903 -912 -903 -930 -903 -939 -912 -912 -903 -912 -912 -912 -921 -903 -912 -903 -894 -912 -894 -894 -912 -912 -921 -903 -894 -930 -894 -894 -903 -903 -912 -894 -903 -894 -912 -912 -903 -912 -930 -930 -921 -930 -912 -921 -912 -912 -938 -921 -921 -912 -939 -903 -930 -921 -921 -921 -903 -903 -912 -912 -930 -912 -885 -930 -921 -939 -921 -930 -912 -930 -921 -930 -921 -930 -930 -921 -930 -912 -939 -930 -930 -938 -912 -921 -930 -921 -921 -921 -939 -921 -912 -921 -921 -930 -929 -929 -912 -939 -930 -921 -912 -930 -930 -912 -939 -930 -947 -930 -930 -947 -939 -921 -930 -947 -930 -929 -930 -921 -938 -930 -939 -930 -921 -956 -939 -947 -912 -930 -912 -921 -939 -938 -912 -921 -939 -930 -921 -947 -947 -930 -938 -939 -938 -921 -930 -903 -921 -921 -930 -929 -921 -930 -930 -930 -938 -947 -930 -930 -930 -947 -930 -939 -903 -930 -947 -921 -921 -930 -939 -939 -930 -921 -930 -912 -912 -903 -921 -921 -929 -921 -939 -921 -930 -921 -930 -930 -965 -956 -956 -965 -956 -947 -965 -965 -965 -974 -974 -965 -956 -965 -974 -974 -965 -965 -983 -965 -974 -965 -974 -956 -983 -983 -983 -965 -974 -983 -983 -991 -965 -974 -965 -974 -974 -956 -974 -974 -939 -947 -983 -965 -956 -939 -947 -965 -938 -965 -956 -956 -939 -956 -965 -974 -930 -939 -956 -947 -956 -956 -947 -939 -938 -939 -939 -956 -939 -956 -939 -938 -938 -921 -939 -930 -947 -938 -956 -939 -930 -930 -912 -930 -920 -921 -938 -912 -903 -921 -921 -930 -903 -912 -921 -938 -930 -939 -930 -921 -921 -921 -921 -921 -938 -930 -939 -912 -921 -903 -930 -921 -903 -912 -912 -903 -894 -903 -894 -885 -885 -876 -894 -858 -894 -867 -885 -850 -876 -850 -850 -841 -850 -867 -858 -850 -867 -850 -832 -832 -841 -850 -832 -841 -858 -850 -841 -841 -850 -841 -850 -841 -841 -850 -841 -850 -858 -850 -850 -850 -858 -841 -832 -850 -823 -841 -841 -841 -850 -832 -823 -850 -841 -823 -832 -832 -823 -814 -814 -823 -823 -806 -814 -805 -805 -814 -797 -814 -814 -806 -806 -823 -823 -805 -806 -814 -796 -823 -814 -806 -823 -814 -797 -797 -805 -823 -788 -806 -797 -788 -797 -797 -779 -770 -770 -788 -779 -788 -770 -788 -806 -770 -788 -779 -761 -752 -752 -761 -787 -770 -761 -761 -770 -779 -761 -761 -770 -770 -779 -743 -752 -752 -770 -770 -752 -770 -752 -734 -752 -761 -743 -761 -743 -761 -752 -761 -761 -752 -752 -761 -770 -761 -752 -752 -761 -752 -743 -743 -752 -752 -752 -743 -725 -770 -752 -743 -743 -725 -734 -743 -752 -743 -752 -734 -725 -743 -725 -734 -725 -716 -725 -717 -716 -725 -725 -716 -699 -699 -699 -707 -690 -717 -717 -717
-921 -903 -912 -912 -912 -903 -912 -920 -894 -894 -912 -903 -912 -912 -930 -921 -912 -903 -921 -912 -939 -912 -903 -939 -921 -921 -912 -921 -912 -894 -912 -921 -903 -921 -894 -912 -903 -903 -894 -912 -912 -885 -930 -903 -921 -930 -912 -921 -930 -912 -921 -921 -921 -912 -921 -930 -921 -930 -903 -903 -912 -939 -912 -912 -912 -921 -930 -912 -921 -912 -921 -921 -921 -921 -912 -912 -912 -911 -912 -912 -939 -930 -912 -921 -921 -929 -939 -921 -930 -930 -930 -930 -930 -930 -921 -930 -921 -921 -939 -912 -939 -939 -930 -921 -912 -903 -912 -912 -930 -930 -930 -930 -903 -939 -930 -921 -912 -938 -920 -939 -921 -930 -921 -939 -921 -938 -912 -947 -947 -947 -930 -921 -921 -930 -930 -912 -939 -930 -912 -921 -939 -930 -912 -930 -921 -921 -920 -912 -947 -956 -939 -912 -939 -930 -938 -921 -939 -930 -930 -930 -939 -921 -939 -921 -938 -939 -903 -956 -938 -939 -930 -939 -912 -912 -930 -921 -930 -912 -921 -930 -921 -939 -930 -930 -921 -938 -912 -903 -912 -912 -930 -921 -912 -921 -903 -938 -939 -939 -939 -921 -938 -956 -947 -956 -965 -956 -965 -965 -956 -965 -991 -965 -956 -965 -965 -956 -956 -974 -947 -947 -965 -956 -965 -983 -974 -991 -974 -974 -974 -983 -965 -974 -974 -965 -974 -974 -983 -974 -974 -956 -974 -965 -965 -965 -956 -974 -956 -956 -956 -965 -947 -939 -947 -938 -956 -974 -947 -939 -947 -947 -956 -956 -947 -939 -939 -930 -930 -956 -947 -939 -947 -939 -930 -947 -947 -947 -921 -939 -921 -930 -930 -921 -939 -939 -930 -912 -938 -921 -912 -920 -903 -921 -930 -903 -903 -921 -921 -912 -921 -920 -894 -921 -930 -939 -912 -939 -921 -912 -930 -903 -921 -903 -912 -903 -903 -885 -894 -894 -912 -903 -876 -867 -876 -867 -876 -876 -867 -867 -858 -876 -858 -850 -850 -841 -841 -858 -850 -867 -850 -832 -850 -858 -841 -858 -858 -850 -850 -867 -850 -858 -850 -858 -850 -858 -858 -850 -858 -841 -841 -832 -850 -841 -832 -841 -850 -850 -850 -832 -858 -832 -832 -850 -832 -823 -823 -841 -832 -832 -823 -806 -823 -832 -806 -797 -814 -806 -832 -814 -806 -814 -806 -806 -806 -806 -823 -797 -805 -788 -823 -797 -797 -797 -797 -797 -788 -805 -797 -806 -779 -779 -797 -797 -797 -770 -779 -770 -797 -779 -779 -779 -788 -770 -779 -788 -770 -752 -752 -770 -761 -761 -743 -752 -770 -761 -761 -761 -761 -752 -752 -770 -761 -770 -770 -761 -743 -761 -752 -743 -761 -752 -761 -752 -779 -761 -761 -752 -752 -761 -743 -752 -761 -743 -761 -743 -761 -743 -761 -761 -752 -743 -743 -734 -752 -725 -743 -734 -734 -752 -752 -761 -743 -734 -743 -725 -752 -743 -734 -725 -717 -725 -717 -717 -743 -717 -717 -716 -708 -708 -725 -690 -708 -717 -699 -708 -725 -708 -699 -708 -717 -708 -699 -717
-894 -912 -921 -921 -894 -912 -921 -903 -903 -921 -912 -903 -894 -894 -903 -903 -921 -921 -939 -912 -930 -921 -912 -930 -903 -885 -885 -912 -921 -903 -912 -921 -921 -894 -903 -921 -921 -921 -930 -912 -930 -939 -903 -921 -930 -930 -921 -903 -921 -930 -939 -921 -930 -912 -921 -930 -912 -939 -912 -921 -921 -903 -912 -912 -903 -939 -921 -939 -921 -912 -903 -921 -903 -939 -912 -930 -930 -930 -921 -929 -930 -921 -939 -930 -938 -921 -929 -920 -930 -929 -912 -938 -920 -921 -930 -912 -921 -938 -930 -912 -920 -921 -903 -921 -939 -921 -947 -929 -930 -912 -930 -938 -939 -930 -930 -930 -921 -939 -921 -930 -939 -947 -930 -956 -939 -929 -938 -938 -939 -939 -930 -938 -930 -921 -938 -939 -930 -912 -930 -938 -930 -930 -930 -939 -912 -921 -921 -930 -939 -930 -939 -930 -930 -939 -947 -921 -930 -930 -939 -939 -939 -938 -929 -912 -921 -912 -930 -939 -930 -921 -903 -921 -930 -921 -939 -929 -921 -930 -921 -912 -930 -939 -921 -921 -921 -930 -930 -939 -929 -921 -930 -939 -938 -947 -912 -956 -974 -956 -956 -965 -965 -965 -983 -974 -947 -974 -938 -974 -965 -974 -974 -965 -965 -965 -974 -983 -974 -974 -956 -974 -983 -991 -983 -974 -991 -956 -974 -974 -965 -965 -974 -965 -947 -974 -965 -947 -965 -947 -956 -965 -974 -965 -965 -947 -947 -947 -939 -939 -947 -956 -947 -947 -939 -956 -956 -965 -947 -947 -939 -947 -947 -939 -939 -930 -939 -956 -929 -921 -921 -938 -939 -921 -930 -903 -938 -921 -912 -894 -930 -921 -921 -939 -921 -912 -921 -930 -921 -921 -921 -903 -930 -912 -903 -921 -921 -921 -912 -921 -921 -903 -912 -903 -912 -903 -921 -903 -894 -894 -903 -903 -885 -885 -885 -885 -885 -876 -867 -867 -876 -858 -850 -876 -850 -858 -867 -867 -850 -858 -850 -841 -841 -841 -850 -850 -867 -841 -841 -841 -850 -858 -858 -850 -894 -850 -858 -850 -850 -841 -850 -850 -850 -850 -850 -841 -841 -850 -832 -841 -823 -850 -832 -850 -832 -832 -841 -832 -841 -814 -832 -823 -832 -814 -823 -806 -797 -806 -823 -806 -823 -814 -788 -814 -806 -814 -814 -797 -797 -805 -797 -797 -814 -797 -806 -797 -788 -779 -788 -797 -788 -788 -806 -805 -823 -805 -779 -805 -779 -788 -788 -788 -797 -788 -770 -761 -761 -761 -779 -770 -788 -752 -770 -770 -770 -761 -770 -788 -752 -761 -734 -743 -761 -770 -770 -734 -770 -770 -770 -752 -761 -779 -752 -743 -761 -752 -761 -761 -761 -761 -752 -743 -743 -770 -743 -752 -752 -743 -734 -743 -734 -743 -761 -752 -752 -725 -743 -734 -734 -734 -734 -734 -734 -761 -725 -734 -734 -725 -761 -752 -734 -743 -725 -752 -725 -743 -717 -717 -725 -725 -698 -708 -716 -717 -699 -699 -716 -725 -699 -717 -699 -716 -717 -699 -717 -717 -717 -707 -716 -734 -717 -725 -716 -734
-912 -912 -903 -912 -921 -903 -903 -921 -912 -903 -930 -921 -903 -930 -903 -921 -912 -912 -894 -903 -912 -939 -894 -903 -921 -912 -912 -912 -930 -903 -921 -912 -921 -912 -912 -912 -921 -921 -921 -912 -921 -930 -930 -921 -921 -921 -921 -930 -912 -921 -921 -912 -921 -912 -921 -912 -921 -921 -921 -912 -903 -930 -930 -930 -930 -921 -930 -930 -930 -930 -912 -921 -912 -903 -921 -939 -912 -930 -939 -930 -939 -930 -930 -930 -912 -921 -921 -912 -939 -912 -921 -939 -930 -921 -930 -912 -921 -920 -930 -930 -938 -930 -930 -921 -921 -930 -930 -939 -939 -938 -930 -929 -930 -921 -939 -939 -921 -938 -938 -930 -939 -912 -921 -956 -921 -921 -938 -921 -947 -939 -939 -939 -912 -903 -930 -912 -938 -930 -921 -939 -930 -921 -939 -930 -930 -947 -921 -921 -938 -938 -930 -929 -939 -930 -939 -921 -930 -912 -930 -921 -930 -930 -921 -930 -912 -921 -930 -921 -929 -912 -938 -930 -912 -930 -930 -921 -921 -938 -930 -921 -930 -903 -930 -930 -956 -974 -939 -956 -956 -956 -974 -956 -956 -965 -965 -956 -974 -974 -956 -965 -983 -956 -956 -974 -965 -947 -965 -974 -974 -965 -965 -983 -983 -983 -974 -965 -965 -974 -974 -983 -983 -965 -965 -947 -947 -974 -956 -965 -956 -974 -947 -947 -965 -965 -956 -947 -947 -956 -939 -939 -956 -956 -956 -939 -947 -947 -939 -965 -947 -939 -947 -956 -939 -939 -930 -930 -938 -939 -938 -921 -956 -939 -921 -930 -939 -921 -930 -930 -920 -921 -912 -912 -912 -912 -912 -894 -912 -921 -939 -912 -930 -903 -930 -921 -930 -939 -912 -912 -929 -930 -912 -912 -903 -921 -912 -912 -912 -903 -885 -903 -903 -912 -885 -894 -885 -876 -876 -876 -876 -885 -867 -858 -858 -858 -858 -858 -850 -858 -850 -850 -850 -850 -850 -859 -867 -858 -867 -858 -867 -876 -858 -841 -858 -858 -850 -858 -850 -858 -858 -850 -850 -850 -858 -841 -850 -841 -858 -841 -814 -858 -841 -841 -850 -823 -832 -806 -823 -841 -823 -832 -832 -814 -832 -806 -823 -823 -814 -814 -823 -823 -841 -823 -814 -823 -805 -806 -814 -797 -823 -814 -814 -806 -806 -797 -832 -797 -796 -806 -797 -806 -806 -797 -806 -788 -806 -788 -806 -770 -788 -779 -788 -770 -788 -779 -779 -770 -770 -770 -770 -770 -770 -779 -761 -770 -770 -752 -761 -770 -761 -752 -770 -770 -752 -770 -770 -752 -752 -770 -761 -761 -752 -761 -752 -761 -761 -752 -752 -761 -752 -761 -734 -752 -761 -743 -761 -770 -761 -761 -743 -743 -752 -752 -761 -743 -725 -761 -752 -734 -743 -725 -734 -752 -752 -725 -752 -734 -734 -761 -743 -725 -743 -743 -725 -734 -734 -717 -734 -717 -734 -734 -734 -681 -690 -699 -699 -717 -708 -725 -725 -690 -681 -699 -708 -717 -699 -734 -708 -716 -717 -708 -717 -734 -725 -717 -743 -717 -707 -717 -717 -716 -716 -725
-921 -921 -903 -921 -912 -912 -903 -929 -912 -912 -921 -903 -912 -903 -921 -912 -912 -921 -912 -903 -930 -903 -903 -921 -939 -912 -903 -930 -921 -921 -903 -894 -921 -930 -912 -903 -939 -920 -912 -921 -921 -921 -912 -903 -939 -912 -930 -921 -921 -930 -947 -939 -930 -930 -930 -921 -912 -930 -930 -930 -939 -938 -929 -921 -921 -930 -921 -930 -912 -930 -930 -947 -930 -939 -938 -930 -929 -903 -912 -921 -912 -930 -921 -921 -912 -921 -921 -894 -939 -930 -938 -930 -930 -938 -921 -938 -939 -921 -921 -939 -921 -930 -947 -939 -947 -929 -938 -921 -930 -930 -939 -939 -939 -930 -930 -903 -939 -930 -930 -921 -903 -930 -912 -921 -930 -921 -930 -930 -939 -930 -939 -921 -939 -939 -938 -921 -903 -939 -939 -930 -938 -921 -921 -930 -939 -939 -921 -921 -930 -930 -930 -912 -939 -930 -938 -921 -929 -930 -938 -921 -912 -921 -930 -939 -939 -930 -912 -921 -939 -930 -930 -939 -939 -939 -939 -939 -938 -947 -938 -956 -956 -974 -947 -965 -956 -956 -965 -974 -956 -939 -965 -956 -965 -974 -974 -965 -965 -974 -965 -965 -983 -965 -974 -974 -983 -974 -974 -974 -983 -991 -956 -974 -965 -974 -983 -965 -947 -965 -965 -956 -965 -965 -965 -956 -956 -983 -939 -965 -956 -974 -956 -956 -956 -956 -947 -956 -956 -956 -965 -947 -947 -947 -930 -939 -947 -947 -947 -938 -947 -965 -939 -947 -938 -930 -939 -921 -920 -903 -938 -912 -938 -912 -921 -930 -930 -921 -921 -912 -921 -921 -912 -903 -930 -921 -939 -921 -929 -921 -921 -930 -930 -921 -912 -921 -930 -921 -903 -903 -912 -903 -894 -894 -912 -894 -912 -885 -885 -876 -885 -885 -894 -876 -858 -876 -858 -858 -858 -850 -858 -850 -858 -858 -850 -858 -867 -858 -850 -850 -858 -858 -850 -867 -867 -850 -858 -858 -841 -858 -850 -850 -841 -850 -850 -850 -841 -867 -858 -858 -858 -841 -850 -832 -832 -841 -832 -850 -832 -841 -841 -841 -850 -841 -841 -841 -823 -823 -814 -841 -841 -806 -814 -806 -806 -806 -797 -806 -806 -797 -806 -797 -806 -806 -806 -805 -796 -806 -796 -797 -779 -797 -788 -788 -806 -779 -805 -797 -796 -797 -797 -797 -797 -797 -797 -779 -788 -770 -797 -779 -770 -770 -788 -770 -761 -779 -770 -788 -770 -770 -770 -761 -761 -770 -770 -770 -770 -761 -779 -761 -761 -761 -752 -752 -761 -761 -761 -752 -752 -770 -752 -761 -743 -743 -725 -761 -770 -752 -761 -761 -770 -743 -743 -752 -743 -734 -761 -761 -734 -743 -743 -743 -743 -752 -725 -734 -725 -743 -743 -725 -761 -725 -743 -716 -752 -743 -725 -725 -717 -725 -717 -707 -708 -717 -725 -716 -699 -699 -708 -699 -708 -699 -699 -699 -717 -708 -717 -716 -725 -717 -725 -717 -717 -717 -717 -716 -708 -725 -716 -716 -743 -725 -716 -717 -708 -717 -717 -708 -717 -717 -717 -708 -717 -717
-885 -903 -894 -912 -912 -894 -921 -912 -894 -894 -903 -903 -930 -921 -912 -912 -921 -921 -912 -930 -939 -912 -903 -903 -921 -912 -912 -929 -930 -903 -930 -912 -930 -939 -921 -921 -903 -912 -912 -921 -921 -903 -912 -921 -930 -921 -930 -912 -939 -930 -921 -912 -921 -939 -930 -921 -938 -930 -921 -930 -939 -947 -921 -930 -921 -921 -938 -930 -929 -939 -912 -930 -894 -912 -947 -929 -920 -903 -921 -912 -930 -921 -939 -930 -930 -930 -921 -947 -912 -921 -930 -930 -930 -930 -938 -939 -938 -930 -930 -930 -930 -930 -939 -939 -930 -921 -930 -930 -939 -921 -921 -930 -912 -929 -947 -912 -939 -930 -939 -939 -938 -947 -938 -938 -930 -903 -939 -930 -947 -921 -930 -921 -921 -947 -930 -947 -921 -930 -939 -930 -930 -939 -939 -921 -921 -921 -939 -930 -912 -921 -938 -930 -930 -930 -939 -921 -921 -903 -939 -903 -912 -912 -939 -912 -930 -938 -939 -939 -939 -939 -974 -965 -965 -974 -974 -947 -974 -956 -947 -956 -991 -974 -983 -965 -983 -965 -956 -956 -965 -956 -956 -956 -974 -974 -965 -974 -965 -983 -974 -956 -974 -965 -1000 -965 -956 -974 -974 -965 -956 -965 -983 -965 -956 -974 -947 -965 -956 -965 -974 -947 -947 -974 -965 -965 -947 -939 -947 -947 -956 -930 -939 -939 -939 -947 -947 -939 -956 -947 -956 -939 -947 -939 -947 -930 -929 -930 -938 -921 -912 -939 -921 -921 -939 -921 -930 -912 -912 -903 -921 -921 -903 -912 -930 -920 -930 -930 -939 -939 -939 -912 -929 -930 -903 -912 -894 -903 -921 -912 -903 -912 -912 -912 -921 -903 -894 -894 -894 -894 -858 -885 -885 -885 -876 -867 -867 -867 -867 -885 -858 -858 -850 -841 -858 -867 -841 -841 -832 -850 -850 -850 -850 -858 -850 -832 -876 -850 -850 -841 -841 -841 -841 -850 -832 -841 -850 -850 -841 -841 -850 -832 -858 -841 -823 -850 -823 -823 -858 -832 -850 -841 -841 -841 -841 -823 -823 -823 -841 -823 -814 -814 -832 -814 -814 -805 -806 -823 -823 -814 -814 -797 -823 -806 -814 -797 -814 -797 -814 -797 -797 -806 -778 -797 -797 -770 -788 -788 -806 -797 -787 -805 -788 -770 -788 -805 -770 -770 -797 -779 -797 -770 -770 -779 -761 -770 -770 -743 -779 -770 -770 -761 -761 -761 -743 -770 -761 -752 -752 -761 -743 -761 -761 -788 -770 -761 -752 -752 -770 -752 -743 -752 -770 -752 -761 -734 -770 -752 -761 -761 -761 -761 -752 -752 -752 -752 -752 -734 -752 -752 -752 -761 -743 -770 -743 -770 -743 -725 -752 -734 -725 -734 -743 -752 -752 -734 -734 -725 -725 -743 -708 -725 -734 -717 -708 -716 -717 -717 -725 -708 -699 -708 -708 -717 -699 -708 -708 -707 -690 -717 -717 -716 -716 -716 -716 -734 -725 -725 -725 -708 -708 -708 -725 -717 -725 -734 -717 -717 -717 -716 -717 -725 -708 -708 -707 -708 -734 -725 -717 -716 -725 -734 -699 -725
-912 -912 -921 -894 -912 -912 -921 -903 -912 -921 -939 -929 -921 -921 -930 -939 -921 -930 -939 -938 -930 -930 -921 -912 -903 -930 -930 -912 -921 -921 -921 -921 -939 -912 -930 -921 -938 -912 -939 -903 -912 -930 -938 -921 -930 -921 -912 -938 -930 -939 -947 -930 -903 -930 -930 -912 -938 -912 -930 -930 -921 -939 -921 -912 -930 -938 -921 -921 -921 -930 -912 -903 -920 -930 -938 -912 -930 -929 -912 -930 -930 -939 -939 -939 -947 -930 -921 -947 -947 -947 -938 -921 -930 -930 -939 -947 -930 -930 -956 -930 -921 -930 -921 -930 -921 -921 -921 -930 -930 -938 -929 -939 -929 -929 -939 -921 -930 -930 -939 -956 -939 -929 -930 -921 -930 -947 -930 -930 -930 -912 -921 -930 -939 -921 -930 -912 -921 -912 -921 -930 -930 -930 -903 -921 -921 -921 -939 -921 -921 -912 -930 -921 -930 -930 -921 -921 -939 -930 -939 -939 -939 -947 -956 -956 -965 -965 -956 -956 -965 -983 -956 -991 -983 -956 -965 -956 -974 -965 -965 -965 -965 -947 -965 -983 -974 -974 -974 -956 -974 -991 -974 -965 -974 -983 -974 -965 -947 -974 -983 -956 -947 -965 -956 -956 -974 -965 -974 -956 -974 -947 -939 -965 -947 -947 -965 -956 -956 -965 -956 -956 -947 -930 -921 -947 -956 -947 -947 -956 -947 -930 -930 -930 -965 -939 -947 -947 -930 -938 -903 -921 -939 -921 -939 -921 -921 -912 -912 -921 -939 -921 -912 -921 -938 -912 -921 -912 -921 -920 -930 -903 -921 -930 -912 -921 -921 -921 -939 -930 -921 -921 -903 -921 -903 -894 -912 -894 -885 -885 -867 -885 -885 -894 -876 -876 -876 -867 -867 -867 -867 -867 -832 -858 -850 -867 -858 -841 -867 -850 -850 -850 -841 -841 -858 -858 -867 -850 -850 -850 -858 -850 -867 -841 -841 -858 -841 -858 -841 -841 -858 -841 -850 -850 -858 -841 -832 -823 -832 -814 -823 -832 -841 -823 -823 -832 -841 -832 -823 -814 -850 -841 -823 -814 -805 -814 -823 -805 -823 -806 -797 -806 -797 -806 -779 -806 -797 -806 -805 -806 -797 -806 -797 -814 -797 -797 -806 -797 -788 -797 -797 -797 -788 -797 -788 -779 -788 -779 -779 -788 -797 -797 -770 -770 -788 -761 -770 -770 -770 -770 -779 -761 -770 -761 -770 -779 -770 -752 -761 -761 -743 -770 -761 -770 -779 -752 -752 -743 -770 -752 -743 -770 -743 -752 -761 -761 -770 -761 -743 -743 -734 -761 -752 -761 -752 -761 -752 -743 -752 -734 -752 -725 -743 -761 -743 -734 -734 -743 -752 -752 -743 -743 -734 -725 -734 -752 -752 -743 -734 -734 -743 -734 -734 -725 -717 -725 -717 -690 -716 -708 -708 -717 -717 -716 -708 -708 -690 -699 -708 -725 -708 -708 -708 -734 -734 -708 -725 -717 -725 -717 -725 -725 -716 -725 -725 -725 -717 -716 -716 -717 -717 -743 -708 -725 -708 -716 -725 -725 -725 -716 -717 -699 -698 -708 -734 -708 -717 -717 -708 -708 -708 -725 -717 -725
-921 -920 -921 -912 -921 -903 -903 -939 -921 -894 -921 -912 -921 -921 -912 -921 -921 -921 -912 -921 -939 -921 -921 -930 -921 -930 -929 -912 -912 -912 -912 -921 -930 -921 -930 -903 -939 -939 -930 -921 -921 -930 -947 -921 -939 -930 -912 -939 -929 -930 -930 -947 -921 -921 -921 -938 -930 -921 -930 -939 -921 -921 -912 -938 -921 -939 -903 -921 -912 -930 -930 -921 -921 -930 -921 -939 -930 -930 -921 -921 -930 -947 -921 -939 -930 -921 -930 -930 -930 -930 -921 -930 -921 -939 -930 -930 -912 -939 -921 -930 -939 -939 -939 -921 -930 -938 -930 -939 -930 -930 -930 -929 -939 -947 -947 -938 -920 -939 -930 -921 -939 -921 -921 -920 -930 -939 -930 -921 -921 -930 -930 -921 -930 -912 -930 -921 -921 -921 -930 -939 -921 -938 -939 -930 -921 -930 -947 -921 -930 -930 -947 -930 -947 -947 -947 -947 -965 -974 -983 -947 -956 -965 -947 -983 -983 -974 -965 -956 -974 -956 -965 -974 -947 -965 -965 -974 -974 -974 -983 -974 -965 -974 -965 -974 -983 -983 -974 -974 -956 -974 -956 -965 -956 -983 -965 -956 -956 -965 -965 -965 -947 -965 -947 -947 -956 -939 -956 -939 -947 -947 -956 -947 -965 -956 -947 -965 -956 -956 -947 -947 -930 -939 -938 -938 -956 -939 -930 -956 -939 -939 -930 -921 -930 -903 -939 -921 -912 -921 -921 -912 -912 -921 -912 -939 -930 -921 -921 -938 -939 -930 -894 -930 -930 -929 -930 -939 -930 -930 -930 -921 -921 -903 -912 -912 -903 -903 -894 -912 -903 -894 -885 -903 -885 -894 -885 -885 -885 -885 -876 -876 -850 -867 -858 -850 -858 -858 -850 -876 -850 -858 -850 -858 -823 -858 -867 -850 -850 -867 -841 -850 -850 -841 -858 -858 -858 -841 -850 -850 -841 -832 -858 -850 -858 -841 -867 -832 -841 -858 -850 -850 -841 -858 -850 -850 -850 -832 -841 -841 -832 -823 -814 -823 -814 -805 -823 -823 -814 -805 -805 -823 -814 -806 -806 -823 -805 -805 -832 -805 -814 -814 -806 -806 -823 -797 -814 -788 -805 -806 -805 -797 -797 -779 -797 -788 -779 -788 -797 -788 -797 -806 -779 -770 -779 -779 -779 -770 -770 -761 -752 -770 -761 -761 -761 -761 -770 -761 -770 -752 -752 -761 -779 -770 -752 -788 -770 -761 -761 -779 -779 -761 -770 -770 -761 -743 -761 -761 -761 -761 -752 -752 -743 -743 -770 -752 -743 -761 -752 -752 -752 -761 -761 -752 -761 -770 -752 -752 -743 -752 -734 -743 -752 -743 -725 -752 -743 -743 -752 -725 -743 -734 -725 -717 -725 -725 -734 -717 -725 -717 -717 -716 -699 -708 -708 -708 -698 -699 -708 -717 -717 -707 -717 -725 -690 -708 -699 -725 -725 -725 -734 -734 -716 -734 -734 -734 -734 -734 -725 -717 -725 -725 -734 -725 -717 -708 -717 -717 -725 -725 -716 -717 -699 -734 -699 -717 -690 -716 -708 -717 -717 -752 -717 -725 -717 -725 -725 -725 -734 -734 -717 -716 -708 -734
-939 -939 -903 -921 -930 -912 -921 -921 -939 -912 -930 -912 -921 -912 -921 -921 -939 -921 -921 -921 -930 -930 -930 -930 -930 -921 -930 -929 -921 -921 -930 -930 -921 -930 -912 -921 -921 -921 -930 -938 -930 -921 -930 -930 -912 -921 -912 -921 -921 -912 -930 -921 -921 -939 -930 -921 -930 -930 -938 -939 -929 -921 -930 -930 -930 -921 -930 -939 -939 -939 -930 -921 -930 -930 -930 -938 -939 -929 -938 -920 -930 -930 -939 -930 -930 -921 -930 -930 -912 -912 -912 -912 -921 -939 -921 -930 -930 -921 -921 -938 -930 -939 -921 -939 -938 -930 -930 -938 -939 -938 -921 -930 -929 -930 -921 -930 -938 -939 -930 -930 -930 -912 -921 -939 -939 -930 -912 -930 -903 -921 -930 -921 -930 -930 -912 -921 -921 -921 -938 -903 -921 -921 -930 -939 -956 -947 -947 -956 -965 -947 -965 -965 -965 -974 -983 -983 -974 -974 -947 -974 -983 -974 -974 -983 -965 -965 -956 -983 -956 -974 -983 -974 -983 -991 -991 -965 -956 -974 -983 -956 -983 -974 -983 -965 -974 -956 -965 -956 -956 -974 -983 -965 -947 -938 -956 -956 -947 -956 -965 -965 -947 -939 -947 -947 -947 -947 -947 -947 -939 -965 -938 -956 -947 -939 -947 -939 -939 -930 -947 -956 -921 -939 -930 -930 -921 -930 -930 -921 -930 -938 -930 -939 -921 -912 -921 -921 -939 -912 -912 -921 -930 -912 -912 -921 -912 -912 -930 -921 -947 -912 -920 -912 -921 -921 -921 -930 -903 -903 -894 -912 -876 -894 -894 -885 -885 -894 -885 -858 -867 -876 -858 -867 -858 -850 -850 -832 -858 -850 -841 -876 -850 -832 -850 -858 -858 -841 -850 -841 -858 -858 -858 -850 -841 -867 -876 -850 -841 -858 -841 -841 -841 -841 -841 -841 -858 -850 -841 -841 -858 -841 -858 -832 -850 -858 -841 -841 -841 -823 -832 -841 -814 -823 -823 -823 -823 -814 -823 -806 -832 -797 -823 -823 -814 -806 -823 -806 -814 -806 -805 -788 -814 -779 -787 -797 -806 -823 -806 -805 -805 -805 -797 -797 -779 -806 -788 -806 -788 -770 -779 -779 -779 -779 -770 -788 -770 -788 -752 -761 -770 -779 -770 -779 -788 -770 -761 -761 -788 -761 -770 -779 -761 -778 -788 -761 -752 -770 -770 -770 -770 -770 -761 -761 -761 -761 -761 -770 -752 -761 -752 -761 -779 -779 -761 -761 -752 -761 -770 -761 -752 -734 -761 -734 -743 -752 -734 -743 -761 -743 -734 -734 -734 -743 -743 -761 -743 -752 -752 -734 -761 -743 -752 -725 -717 -717 -752 -725 -734 -717 -717 -717 -699 -725 -699 -717 -708 -725 -708 -708 -708 -699 -699 -708 -717 -708 -717 -717 -716 -708 -717 -708 -725 -725 -717 -725 -743 -717 -725 -725 -708 -725 -725 -717 -716 -725 -725 -725 -708 -725 -717 -734 -717 -725 -717 -717 -716 -725 -717 -717 -699 -716 -707 -725 -708 -725 -734 -708 -734 -725 -725 -725 -743 -725 -725 -725 -743 -752 -716 -725 -725 -725 -725 -708
-912 -921 -912 -912 -930 -921 -947 -921 -939 -930 -912 -921 -921 -938 -930 -921 -921 -921 -938 -921 -921 -921 -921 -930 -938 -921 -930 -930 -921 -939 -912 -947 -930 -939 -921 -930 -903 -930 -930 -921 -921 -930 -930 -930 -947 -938 -930 -930 -912 -930 -921 -903 -930 -938 -938 -921 -939 -930 -921 -939 -929 -929 -929 -938 -912 -939 -939 -939 -939 -930 -912 -939 -939 -921 -938 -921 -939 -939 -929 -903 -921 -930 -939 -930 -930 -930 -947 -938 -921 -930 -938 -921 -930 -912 -930 -921 -956 -930 -921 -939 -921 -930 -939 -939 -930 -930 -930 -930 -947 -912 -930 -939 -939 -939 -921 -930 -912 -939 -921 -921 -921 -921 -939 -930 -921 -921 -930 -921 -938 -921 -921 -939 -938 -921 -939 -947 -956 -938 -947 -956 -956 -956 -965 -965 -965 -974 -965 -974 -974 -956 -965 -947 -965 -974 -974 -965 -965 -974 -974 -974 -956 -965 -983 -956 -965 -974 -965 -983 -974 -983 -974 -974 -965 -983 -974 -974 -965 -965 -974 -974 -947 -965 -956 -956 -956 -965 -947 -939 -947 -947 -947 -947 -939 -956 -939 -939 -947 -956 -974 -947 -939 -930 -947 -947 -956 -947 -947 -947 -947 -939 -930 -938 -921 -930 -921 -939 -921 -921 -912 -894 -930 -912 -912 -930 -930 -912 -912 -903 -903 -921 -930 -912 -912 -921 -930 -921 -903 -912 -929 -929 -912 -929 -921 -903 -903 -939 -903 -912 -912 -921 -903 -903 -885 -876 -894 -885 -903 -885 -894 -876 -876 -876 -867 -850 -850 -850 -858 -858 -858 -850 -841 -850 -850 -841 -841 -841 -858 -841 -850 -850 -858 -841 -850 -867 -850 -850 -850 -850 -832 -858 -858 -850 -850 -841 -841 -841 -850 -823 -850 -841 -850 -832 -823 -850 -832 -850 -832 -832 -841 -832 -832 -823 -832 -832 -832 -823 -823 -814 -841 -823 -805 -823 -806 -805 -806 -805 -814 -814 -796 -806 -814 -797 -797 -805 -797 -814 -779 -806 -788 -788 -788 -779 -788 -806 -806 -779 -797 -788 -806 -779 -814 -797 -797 -806 -779 -770 -788 -770 -779 -770 -788 -779 -761 -770 -752 -779 -779 -770 -770 -770 -761 -770 -761 -752 -770 -770 -770 -761 -761 -770 -752 -761 -761 -761 -761 -761 -770 -752 -752 -743 -770 -752 -752 -743 -752 -761 -761 -770 -761 -761 -752 -734 -743 -752 -752 -761 -743 -752 -743 -761 -743 -743 -743 -752 -734 -743 -743 -752 -770 -752 -752 -752 -734 -725 -734 -725 -725 -717 -734 -708 -708 -708 -708 -716 -708 -699 -708 -690 -708 -690 -708 -708 -708 -716 -690 -725 -708 -725 -708 -717 -708 -725 -708 -708 -717 -725 -717 -708 -717 -717 -716 -716 -717 -725 -717 -725 -734 -708 -717 -725 -716 -725 -717 -716 -690 -717 -708 -717 -717 -717 -717 -717 -717 -717 -716 -716 -708 -725 -734 -734 -725 -725 -725 -725 -708 -752 -734 -743 -734 -717 -725 -717 -725 -716 -725 -743 -717 -725 -708 -717 -725 -725
-930 -903 -912 -903 -921 -930 -912 -921 -903 -921 -921 -921 -930 -912 -930 -903 -930 -921 -930 -930 -912 -903 -939 -921 -930 -921 -921 -939 -921 -921 -912 -930 -947 -921 -912 -921 -930 -930 -921 -930 -921 -930 -930 -930 -921 -929 -921 -930 -912 -939 -939 -930 -938 -930 -921 -939 -939 -947 -929 -921 -947 -939 -939 -939 -930 -938 -930 -912 -903 -921 -912 -921 -912 -920 -930 -939 -930 -930 -939 -912 -921 -947 -921 -930 -939 -947 -938 -921 -930 -921 -930 -921 -930 -912 -930 -939 -921 -939 -939 -921 -930 -938 -921 -912 -939 -929 -939 -930 -921 -912 -938 -930 -930 -921 -912 -912 -912 -921 -921 -912 -930 -921 -921 -912 -912 -930 -939 -947 -938 -947 -947 -974 -947 -965 -956 -965 -956 -965 -965 -956 -956 -956 -947 -965 -956 -983 -965 -965 -974 -965 -956 -974 -965 -965 -974 -983 -965 -956 -983 -974 -974 -974 -1000 -965 -991 -974 -974 -965 -956 -956 -947 -956 -956 -965 -965 -965 -965 -965 -947 -965 -956 -939 -965 -956 -939 -947 -947 -965 -947 -947 -956 -938 -956 -947 -947 -938 -930 -939 -956 -939 -938 -938 -930 -930 -939 -939 -956 -939 -939 -930 -921 -921 -939 -912 -939 -912 -912 -903 -930 -903 -930 -912 -939 -930 -921 -921 -903 -921 -903 -912 -921 -939 -930 -921 -921 -903 -894 -903 -912 -930 -921 -921 -894 -894 -912 -894 -885 -894 -894 -912 -858 -885 -885 -876 -867 -867 -858 -858 -858 -858 -858 -850 -850 -858 -850 -858 -858 -850 -867 -850 -858 -867 -850 -832 -858 -850 -858 -850 -858 -858 -850 -850 -867 -850 -858 -850 -850 -858 -832 -850 -823 -850 -850 -850 -823 -850 -832 -841 -841 -823 -832 -850 -832 -814 -814 -806 -823 -814 -814 -814 -806 -814 -814 -823 -832 -797 -841 -806 -797 -797 -805 -814 -797 -814 -797 -806 -797 -805 -797 -814 -805 -805 -797 -805 -788 -796 -806 -806 -806 -806 -788 -788 -788 -806 -788 -797 -797 -797 -770 -779 -779 -770 -770 -779 -761 -779 -779 -770 -779 -761 -779 -770 -761 -761 -761 -779 -761 -743 -770 -734 -770 -761 -779 -752 -770 -761 -743 -770 -752 -752 -743 -752 -761 -752 -743 -761 -752 -752 -743 -761 -752 -761 -734 -761 -743 -725 -770 -734 -743 -743 -752 -743 -743 -743 -743 -752 -734 -743 -725 -725 -734 -752 -734 -734 -743 -743 -716 -717 -725 -734 -725 -743 -717 -717 -708 -716 -708 -717 -707 -725 -708 -699 -708 -717 -699 -699 -717 -708 -708 -725 -716 -717 -708 -725 -699 -716 -725 -717 -734 -725 -708 -707 -725 -743 -717 -717 -708 -725 -725 -725 -716 -717 -690 -708 -717 -699 -725 -717 -734 -717 -708 -716 -708 -690 -725 -717 -708 -717 -717 -716 -725 -725 -725 -743 -725 -725 -734 -717 -734 -725 -725 -734 -734 -734 -725 -716 -725 -717 -725 -725 -743 -734 -725 -717 -734 -717 -725 -717 -717 -725 -716 -734
-921 -921 -930 -930 -903 -939 -921 -930 -921 -947 -930 -912 -903 -939 -939 -938 -930 -938 -930 -930 -921 -912 -921 -930 -930 -921 -921 -921 -947 -921 -921 -930 -921 -930 -930 -912 -921 -903 -912 -921 -921 -947 -921 -947 -921 -938 -930 -930 -939 -939 -939 -921 -930 -938 -939 -947 -939 -929 -930 -921 -930 -903 -930 -921 -930 -930 -912 -939 -930 -921 -930 -930 -939 -929 -930 -930 -939 -921 -939 -939 -938 -921 -939 -921 -912 -921 -930 -939 -947 -939 -912 -921 -921 -903 -912 -930 -939 -921 -912 -921 -921 -921 -912 -930 -912 -921 -921 -921 -939 -929 -912 -912 -903 -921 -930 -930 -947 -930 -939 -930 -947 -939 -947 -939 -974 -956 -939 -947 -947 -956 -965 -965 -965 -956 -974 -956 -974 -956 -947 -965 -947 -983 -974 -965 -974 -974 -956 -974 -974 -974 -991 -974 -965 -956 -974 -956 -965 -974 -974 -974 -956 -965 -974 -965 -965 -974 -974 -956 -965 -956 -947 -965 -947 -956 -956 -956 -947 -947 -938 -939 -947 -939 -956 -939 -956 -956 -939 -939 -939 -938 -939 -929 -947 -939 -939 -939 -930 -939 -930 -930 -930 -939 -930 -912 -912 -921 -921 -921 -912 -921 -903 -903 -921 -903 -930 -930 -921 -912 -930 -921 -930 -939 -921 -930 -929 -930 -921 -912 -930 -894 -930 -921 -903 -903 -912 -885 -894 -912 -876 -903 -885 -885 -894 -867 -876 -858 -850 -894 -867 -876 -867 -858 -850 -841 -850 -841 -832 -858 -850 -858 -858 -850 -858 -867 -841 -858 -858 -858 -850 -858 -850 -858 -832 -858 -814 -841 -841 -850 -850 -850 -850 -832 -832 -850 -841 -841 -841 -841 -832 -823 -832 -832 -841 -832 -850 -832 -841 -823 -832 -814 -814 -814 -814 -814 -823 -806 -814 -814 -779 -796 -814 -788 -797 -823 -779 -797 -805 -779 -788 -814 -806 -806 -788 -806 -779 -788 -788 -779 -779 -797 -779 -788 -806 -788 -779 -779 -779 -779 -788 -788 -797 -797 -761 -770 -779 -770 -770 -770 -805 -779 -761 -761 -761 -761 -761 -752 -761 -770 -770 -752 -761 -761 -770 -761 -761 -779 -752 -761 -770 -770 -752 -761 -770 -779 -752 -743 -734 -761 -761 -752 -734 -761 -761 -743 -761 -743 -743 -734 -752 -743 -743 -761 -734 -743 -752 -761 -761 -743 -752 -734 -752 -743 -743 -743 -717 -725 -761 -734 -743 -725 -734 -725 -734 -725 -717 -716 -725 -708 -699 -716 -699 -708 -699 -690 -708 -717 -708 -717 -708 -708 -698 -708 -717 -717 -699 -708 -725 -716 -725 -707 -716 -717 -743 -725 -734 -717 -707 -717 -699 -725 -708 -717 -708 -716 -716 -734 -708 -717 -725 -707 -708 -708 -717 -725 -717 -717 -717 -717 -699 -708 -725 -716 -734 -716 -743 -725 -717 -725 -725 -734 -725 -734 -734 -743 -734 -734 -717 -725 -717 -716 -716 -708 -717 -717 -708 -717 -717 -699 -716 -716 -725 -743 -717 -717 -734 -725 -743 -725 -743 -725 -717 -734
-930 -930 -921 -939 -921 -939 -939 -939 -930 -929 -939 -903 -929 -930 -921 -921 -921 -912 -930 -930 -930 -947 -912 -921 -921 -930 -921 -912 -912 -921 -912 -921 -921 -930 -929 -921 -930 -921 -921 -939 -921 -930 -930 -921 -947 -930 -921 -912 -939 -930 -930 -903 -938 -930 -939 -903 -939 -938 -921 -921 -921 -939 -939 -903 -921 -929 -930 -939 -912 -930 -930 -939 -930 -930 -947 -939 -938 -930 -921 -938 -929 -938 -930 -921 -930 -938 -912 -938 -930 -930 -938 -921 -930 -921 -930 -930 -938 -912 -921 -930 -939 -912 -912 -912 -921 -930 -930 -921 -930 -938 -947 -930 -930 -947 -956 -947 -956 -965 -965 -974 -956 -956 -965 -965 -939 -956 -947 -947 -956 -947 -947 -974 -974 -956 -974 -965 -956 -974 -965 -983 -974 -974 -965 -965 -983 -974 -974 -956 -974 -956 -974 -974 -983 -947 -965 -947 -956 -939 -965 -965 -947 -947 -965 -947 -939 -947 -939 -938 -939 -938 -938 -930 -938 -938 -947 -930 -939 -939 -939 -947 -939 -939 -938 -938 -939 -930 -930 -947 -930 -947 -939 -930 -938 -912 -930 -939 -903 -930 -903 -921 -921 -921 -921 -912 -921 -903 -930 -921 -912 -903 -921 -903 -921 -921 -912 -930 -921 -930 -912 -930 -921 -912 -903 -912 -930 -903 -912 -894 -903 -894 -894 -885 -885 -894 -876 -876 -867 -876 -876 -885 -876 -850 -867 -850 -841 -850 -850 -858 -850 -850 -876 -858 -850 -841 -858 -850 -850 -850 -850 -850 -841 -850 -841 -850 -850 -850 -841 -841 -841 -858 -850 -832 -858 -832 -832 -850 -850 -832 -850 -850 -850 -858 -841 -832 -841 -832 -823 -832 -832 -823 -823 -814 -841 -823 -806 -814 -814 -823 -796 -797 -806 -814 -814 -814 -806 -806 -806 -797 -805 -788 -823 -797 -806 -797 -806 -779 -779 -797 -797 -788 -788 -814 -797 -788 -788 -797 -779 -770 -779 -770 -797 -796 -761 -770 -770 -770 -761 -788 -779 -779 -770 -779 -752 -761 -779 -761 -761 -761 -779 -752 -761 -752 -770 -761 -761 -761 -761 -761 -761 -761 -752 -770 -770 -743 -761 -761 -761 -788 -743 -734 -770 -761 -752 -734 -752 -752 -761 -761 -752 -752 -743 -743 -725 -725 -734 -725 -752 -752 -761 -743 -734 -752 -725 -752 -743 -752 -761 -752 -743 -743 -743 -725 -725 -716 -717 -716 -717 -708 -708 -699 -707 -708 -699 -708 -725 -708 -717 -699 -717 -699 -699 -699 -716 -699 -708 -717 -708 -716 -717 -725 -717 -725 -717 -717 -708 -716 -743 -734 -725 -717 -717 -734 -717 -717 -708 -717 -699 -708 -717 -725 -708 -717 -708 -707 -717 -708 -716 -725 -716 -707 -717 -716 -708 -716 -725 -743 -717 -725 -725 -725 -725 -734 -734 -734 -734 -725 -725 -725 -725 -717 -725 -725 -717 -725 -734 -734 -717 -717 -717 -725 -725 -707 -717 -725 -725 -725 -717 -734 -743 -725 -725 -734 -743 -725 -725 -725 -734 -734 -734 -717 -752 -725
-930 -912 -930 -921 -921 -921 -894 -930 -930 -921 -930 -921 -921 -921 -921 -912 -930 -939 -930 -938 -930 -947 -930 -930 -939 -912 -921 -939 -947 -930 -939 -930 -912 -939 -947 -939 -939 -930 -930 -939 -921 -930 -930 -921 -921 -921 -930 -921 -930 -930 -939 -938 -930 -921 -921 -921 -930 -930 -921 -930 -930 -939 -947 -921 -939 -938 -921 -930 -939 -930 -939 -930 -965 -921 -938 -921 -930 -947 -939 -921 -930 -939 -921 -921 -930 -939 -921 -939 -912 -921 -930 -921 -930 -930 -920 -939 -912 -921 -921 -921 -912 -930 -921 -939 -947 -939 -939 -939 -938 -947 -938 -939 -947 -965 -956 -965 -956 -965 -956 -956 -965 -965 -974 -965 -965 -965 -965 -965 -983 -965 -974 -965 -965 -983 -983 -956 -974 -983 -965 -991 -974 -956 -965 -983 -956 -974 -974 -974 -965 -965 -983 -965 -974 -956 -947 -956 -956 -965 -938 -947 -947 -938 -956 -947 -956 -947 -938 -930 -956 -956 -947 -956 -939 -939 -956 -939 -939 -930 -939 -930 -921 -930 -930 -921 -921 -930 -930 -930 -921 -921 -930 -939 -894 -930 -903 -912 -930 -920 -921 -894 -921 -939 -903 -930 -921 -921 -920 -921 -929 -930 -930 -912 -921 -921 -921 -930 -912 -903 -921 -912 -903 -885 -876 -885 -894 -885 -876 -894 -885 -894 -876 -867 -867 -850 -850 -841 -841 -850 -850 -850 -832 -841 -858 -867 -867 -858 -841 -858 -850 -841 -832 -850 -850 -850 -850 -850 -867 -867 -850 -850 -841 -858 -841 -832 -832 -850 -841 -850 -858 -850 -841 -823 -832 -823 -841 -832 -841 -850 -814 -823 -814 -832 -814 -832 -832 -814 -841 -805 -832 -823 -814 -814 -805 -814 -788 -797 -823 -805 -814 -779 -823 -797 -805 -806 -806 -797 -806 -797 -805 -823 -814 -779 -788 -814 -797 -814 -788 -788 -770 -779 -788 -770 -779 -770 -779 -779 -788 -788 -761 -779 -761 -761 -761 -779 -779 -779 -770 -770 -770 -761 -779 -779 -761 -761 -770 -752 -770 -752 -761 -752 -770 -752 -761 -761 -743 -752 -752 -761 -752 -752 -761 -761 -752 -770 -761 -761 -743 -743 -743 -734 -752 -752 -743 -717 -761 -734 -752 -743 -752 -734 -752 -743 -752 -761 -743 -743 -734 -743 -734 -743 -752 -734 -734 -725 -752 -717 -743 -725 -707 -725 -725 -708 -708 -699 -717 -708 -699 -707 -717 -681 -699 -717 -707 -708 -725 -725 -717 -717 -725 -725 -699 -717 -716 -725 -708 -717 -717 -717 -734 -717 -725 -717 -708 -725 -734 -708 -717 -725 -716 -716 -699 -725 -708 -734 -708 -725 -708 -725 -708 -717 -708 -717 -716 -717 -734 -725 -716 -708 -734 -717 -717 -734 -725 -716 -717 -717 -725 -725 -725 -734 -725 -725 -734 -717 -717 -708 -725 -725 -725 -734 -717 -734 -717 -725 -734 -708 -734 -725 -725 -734 -725 -734 -734 -734 -725 -725 -734 -725 -717 -725 -734 -734 -725 -743 -725 -752 -725 -717 -734 -717 -734 -716
-903 -903 -903 -930 -912 -912 -921 -938 -912 -947 -921 -921 -912 -938 -921 -939 -947 -930 -921 -939 -939 -939 -939 -939 -947 -930 -930 -921 -929 -930 -947 -930 -930 -921 -921 -930 -912 -921 -921 -939 -938 -921 -930 -912 -912 -939 -921 -929 -912 -939 -938 -929 -930 -930 -930 -921 -938 -939 -939 -921 -930 -939 -930 -912 -930 -939 -930 -921 -947 -921 -921 -921 -921 -938 -921 -921 -912 -930 -921 -921 -939 -939 -939 -921 -921 -921 -921 -938 -930 -912 -930 -912 -912 -921 -939 -939 -956 -947 -965 -956 -939 -947 -974 -938 -965 -965 -947 -965 -965 -956 -956 -965 -974 -983 -974 -974 -965 -956 -965 -974 -965 -965 -974 -947 -974 -965 -983 -974 -974 -974 -965 -974 -974 -965 -974 -956 -956 -974 -983 -965 -956 -965 -947 -947 -947 -965 -956 -956 -956 -947 -956 -938 -930 -956 -938 -965 -938 -947 -930 -965 -947 -938 -947 -956 -930 -947 -939 -930 -938 -939 -947 -930 -930 -930 -921 -912 -938 -930 -930 -921 -912 -930 -929 -903 -912 -912 -894 -912 -912 -912 -921 -921 -903 -921 -912 -903 -939 -930 -921 -930 -939 -938 -921 -903 -921 -930 -903 -921 -930 -894 -894 -885 -894 -894 -903 -876 -894 -894 -876 -876 -867 -858 -867 -858 -858 -867 -850 -850 -850 -867 -867 -858 -850 -841 -850 -850 -858 -850 -841 -850 -850 -850 -867 -850 -858 -850 -850 -850 -850 -858 -850 -858 -850 -850 -850 -841 -841 -841 -832 -841 -841 -823 -832 -850 -841 -841 -832 -841 -841 -832 -832 -841 -841 -823 -832 -805 -814 -814 -805 -814 -805 -814 -823 -814 -823 -806 -814 -796 -796 -796 -805 -806 -814 -814 -806 -788 -806 -806 -788 -788 -805 -797 -797 -805 -797 -788 -797 -788 -788 -788 -788 -779 -779 -788 -779 -779 -779 -779 -770 -770 -788 -770 -770 -797 -770 -770 -770 -752 -734 -770 -779 -779 -770 -770 -770 -761 -761 -761 -743 -761 -761 -770 -770 -779 -761 -752 -761 -752 -734 -752 -752 -743 -770 -734 -752 -761 -761 -743 -761 -743 -761 -752 -761 -761 -761 -743 -743 -725 -743 -752 -752 -743 -761 -743 -752 -734 -734 -734 -734 -752 -734 -743 -734 -725 -734 -725 -734 -716 -717 -725 -717 -717 -717 -725 -716 -725 -699 -708 -708 -708 -699 -716 -708 -699 -699 -699 -717 -690 -717 -717 -734 -725 -717 -725 -717 -734 -725 -725 -716 -717 -716 -725 -708 -743 -708 -717 -717 -717 -725 -717 -725 -708 -716 -716 -717 -717 -717 -717 -708 -725 -708 -716 -725 -725 -734 -725 -708 -725 -717 -717 -734 -725 -725 -725 -734 -734 -725 -743 -716 -734 -725 -743 -725 -725 -734 -734 -734 -743 -725 -725 -752 -717 -717 -725 -734 -725 -708 -725 -717 -725 -716 -734 -734 -743 -708 -716 -743 -725 -734 -734 -717 -752 -725 -717 -717 -743 -734 -743 -707 -725 -734 -725 -725 -725 -717 -716 -725 -725 -716 -725 -734 -725
-912 -921 -921 -930 -930 -911 -930 -930 -930 -947 -939 -939 -938 -930 -903 -939 -929 -939 -938 -930 -939 -930 -921 -930 -938 -921 -921 -939 -930 -920 -921 -939 -921 -921 -939 -921 -939 -939 -938 -930 -929 -930 -939 -939 -939 -930 -921 -930 -938 -938 -921 -930 -921 -921 -938 -930 -930 -903 -939 -912 -947 -929 -930 -939 -930 -921 -921 -912 -938 -912 -930 -929 -912 -921 -930 -921 -921 -930 -938 -930 -930 -930 -930 -912 -938 -930 -939 -947 -947 -956 -939 -956 -956 -947 -947 -974 -965 -965 -965 -956 -965 -956 -965 -956 -974 -965 -965 -974 -956 -974 -974 -947 -983 -965 -974 -974 -991 -965 -965 -983 -947 -974 -983 -965 -974 -974 -974 -965 -974 -965 -965 -956 -965 -965 -938 -956 -947 -956 -956 -939 -956 -956 -956 -947 -938 -939 -939 -939 -956 -939 -947 -939 -930 -956 -939 -930 -930 -938 -947 -938 -939 -929 -947 -947 -939 -938 -930 -939 -921 -930 -939 -921 -938 -930 -912 -921 -921 -921 -921 -921 -912 -930 -930 -921 -903 -903 -912 -912 -938 -930 -912 -930 -930 -912 -930 -921 -929 -912 -921 -930 -921 -903 -894 -912 -903 -894 -903 -876 -885 -867 -858 -876 -885 -867 -858 -894 -867 -850 -858 -858 -858 -867 -850 -867 -832 -841 -850 -858 -850 -858 -850 -858 -832 -841 -850 -841 -885 -867 -850 -850 -841 -841 -858 -841 -850 -850 -850 -858 -858 -841 -850 -841 -841 -841 -832 -850 -823 -832 -841 -832 -850 -823 -823 -832 -832 -814 -814 -823 -823 -823 -814 -814 -823 -823 -806 -814 -814 -806 -814 -788 -805 -806 -805 -806 -806 -805 -814 -806 -788 -797 -814 -797 -797 -797 -797 -796 -797 -788 -779 -797 -779 -788 -779 -779 -770 -788 -770 -788 -797 -770 -779 -788 -761 -761 -779 -770 -761 -770 -761 -770 -752 -779 -761 -770 -770 -770 -761 -770 -779 -779 -770 -752 -761 -743 -743 -752 -770 -761 -779 -761 -761 -752 -752 -752 -761 -752 -752 -752 -743 -770 -743 -752 -743 -752 -752 -752 -752 -752 -752 -743 -743 -752 -743 -734 -725 -717 -725 -761 -725 -761 -734 -743 -752 -752 -734 -725 -725 -734 -717 -725 -734 -708 -725 -708 -725 -717 -717 -708 -717 -716 -708 -699 -708 -699 -699 -708 -690 -699 -672 -699 -699 -717 -716 -717 -708 -716 -716 -725 -716 -725 -725 -743 -716 -717 -708 -716 -734 -708 -717 -725 -717 -725 -717 -734 -717 -717 -725 -717 -734 -717 -708 -707 -708 -708 -725 -708 -716 -708 -707 -717 -725 -734 -743 -717 -734 -734 -743 -734 -725 -743 -734 -725 -734 -743 -717 -725 -717 -734 -717 -734 -734 -717 -725 -734 -717 -699 -717 -734 -717 -734 -717 -734 -734 -725 -725 -717 -725 -761 -734 -716 -708 -725 -752 -743 -725 -734 -725 -725 -743 -734 -743 -752 -717 -743 -725 -717 -743 -717 -743 -743 -752 -734 -761 -734 -725 -734 -725 -725 -743 -743 -734 -734
-930 -921 -930 -921 -930 -947 -930 -939 -956 -938 -947 -912 -939 -921 -947 -939 -930 -921 -938 -930 -939 -930 -921 -930 -930 -938 -930 -930 -930 -939 -903 -921 -921 -947 -939 -939 -929 -939 -938 -938 -921 -939 -912 -930 -930 -947 -930 -930 -939 -930 -939 -921 -929 -921 -930 -947 -930 -912 -920 -921 -929 -921 -921 -912 -930 -921 -903 -920 -938 -920 -930 -930 -912 -921 -894 -912 -930 -930 -921 -939 -938 -956 -939 -947 -947 -956 -956 -965 -965 -956 -965 -956 -956 -965 -965 -965 -974 -965 -956 -947 -974 -983 -983 -974 -947 -974 -974 -983 -965 -974 -974 -983 -974 -965 -965 -965 -974 -974 -983 -939 -983 -974 -938 -956 -983 -956 -965 -947 -939 -947 -956 -939 -947 -956 -947 -939 -956 -956 -930 -947 -939 -965 -947 -930 -947 -938 -947 -947 -956 -938 -956 -947 -947 -939 -938 -930 -938 -939 -939 -930 -912 -939 -930 -921 -929 -921 -912 -929 -921 -921 -912 -903 -921 -903 -930 -912 -903 -921 -939 -939 -938 -921 -938 -912 -921 -912 -921 -930 -921 -930 -903 -903 -912 -912 -885 -894 -885 -903 -885 -894 -894 -885 -894 -885 -885 -876 -867 -876 -850 -876 -867 -867 -850 -850 -858 -850 -841 -867 -867 -850 -850 -867 -832 -858 -850 -867 -850 -841 -867 -832 -850 -858 -858 -850 -850 -858 -858 -841 -858 -850 -867 -850 -841 -850 -841 -850 -841 -841 -823 -850 -832 -841 -823 -841 -823 -832 -841 -814 -823 -823 -814 -806 -814 -806 -841 -823 -823 -806 -814 -806 -797 -823 -806 -805 -832 -823 -814 -797 -797 -814 -806 -806 -806 -806 -806 -805 -788 -797 -806 -806 -797 -796 -779 -788 -788 -779 -805 -823 -788 -770 -779 -770 -806 -797 -779 -788 -779 -779 -752 -770 -761 -770 -779 -779 -761 -770 -770 -770 -761 -752 -770 -761 -761 -761 -761 -761 -752 -761 -761 -770 -761 -761 -752 -752 -770 -743 -752 -752 -761 -761 -743 -761 -761 -752 -761 -752 -743 -761 -725 -743 -725 -752 -752 -752 -752 -743 -725 -752 -752 -743 -743 -743 -743 -734 -734 -743 -734 -734 -734 -716 -725 -743 -725 -725 -725 -708 -717 -690 -708 -716 -725 -699 -708 -717 -690 -690 -690 -708 -708 -707 -717 -725 -725 -734 -725 -734 -716 -734 -725 -716 -725 -725 -708 -716 -717 -725 -717 -734 -734 -743 -734 -725 -725 -717 -716 -725 -725 -699 -717 -699 -699 -734 -699 -716 -716 -708 -725 -708 -716 -708 -708 -743 -725 -717 -725 -717 -716 -708 -716 -734 -725 -734 -752 -717 -716 -734 -734 -725 -717 -725 -725 -743 -734 -725 -725 -717 -725 -725 -734 -716 -725 -716 -725 -717 -716 -725 -717 -725 -717 -725 -725 -725 -743 -716 -734 -752 -734 -743 -743 -734 -761 -734 -743 -725 -725 -734 -734 -716 -743 -725 -734 -734 -725 -708 -734 -725 -725 -743 -734 -743 -743 -725 -734 -716 -734 -752 -761 -743 -725 -743 -743 -752
-939 -938 -930 -921 -921 -920 -912 -930 -938 -912 -930 -939 -938 -930 -930 -921 -930 -930 -912 -938 -930 -939 -921 -921 -930 -921 -930 -939 -921 -921 -939 -939 -939 -930 -921 -947 -956 -939 -921 -921 -939 -939 -921 -939 -939 -912 -939 -930 -939 -921 -921 -921 -921 -921 -921 -930 -930 -921 -921 -921 -930 -930 -930 -921 -930 -930 -903 -921 -921 -921 -930 -939 -939 -930 -947 -947 -956 -965 -939 -965 -965 -956 -974 -956 -965 -983 -947 -965 -965 -974 -965 -974 -974 -965 -965 -965 -965 -965 -965 -965 -965 -974 -974 -974 -991 -983 -974 -974 -983 -965 -974 -965 -956 -983 -965 -947 -956 -956 -974 -947 -956 -956 -947 -929 -956 -956 -939 -956 -939 -947 -947 -956 -947 -956 -947 -947 -939 -939 -956 -930 -947 -947 -947 -939 -930 -912 -938 -930 -947 -939 -930 -956 -939 -912 -930 -912 -939 -947 -921 -921 -930 -930 -921 -921 -912 -903 -921 -930 -912 -930 -938 -912 -939 -939 -912 -921 -903 -930 -929 -947 -912 -912 -921 -912 -912 -930 -930 -921 -903 -903 -894 -903 -885 -894 -903 -867 -876 -885 -858 -876 -867 -876 -858 -850 -876 -858 -858 -841 -841 -841 -832 -850 -841 -850 -841 -841 -867 -858 -858 -832 -850 -850 -858 -841 -858 -850 -850 -858 -832 -841 -841 -841 -841 -841 -841 -841 -841 -823 -850 -850 -841 -858 -832 -841 -841 -841 -841 -832 -823 -823 -814 -832 -823 -841 -832 -814 -806 -823 -806 -797 -814 -814 -814 -806 -805 -805 -788 -814 -796 -814 -797 -814 -806 -797 -797 -805 -788 -779 -797 -797 -806 -788 -788 -788 -788 -788 -797 -788 -779 -779 -787 -770 -788 -779 -770 -770 -761 -788 -779 -779 -788 -761 -761 -770 -761 -770 -779 -779 -778 -779 -779 -770 -761 -761 -761 -752 -761 -761 -761 -761 -743 -770 -770 -770 -761 -761 -752 -779 -752 -743 -761 -761 -761 -752 -761 -752 -752 -770 -743 -734 -743 -761 -752 -743 -734 -725 -752 -743 -743 -743 -743 -752 -734 -725 -743 -743 -743 -734 -743 -743 -743 -725 -743 -708 -725 -734 -725 -716 -734 -690 -717 -717 -716 -699 -707 -690 -708 -690 -708 -699 -717 -699 -708 -725 -717 -708 -717 -725 -725 -734 -716 -734 -717 -725 -708 -725 -725 -717 -725 -725 -725 -725 -717 -717 -725 -725 -707 -708 -717 -717 -725 -708 -725 -708 -716 -717 -716 -708 -734 -708 -717 -725 -708 -708 -734 -725 -717 -725 -717 -717 -717 -743 -725 -716 -716 -717 -708 -716 -734 -743 -716 -734 -725 -734 -717 -708 -725 -734 -717 -725 -717 -717 -717 -734 -725 -717 -734 -725 -743 -717 -717 -717 -725 -717 -717 -734 -734 -743 -743 -743 -734 -734 -725 -752 -725 -752 -725 -743 -716 -725 -743 -734 -734 -734 -725 -734 -716 -708 -717 -734 -725 -725 -734 -725 -734 -743 -743 -761 -752 -752 -743 -743 -743 -734 -734 -743 -752 -743 -743 -752 -743 -734
-921 -930 -930 -921 -921 -930 -921 -939 -920 -930 -921 -930 -930 -921 -939 -929 -938 -939 -947 -929 -930 -939 -939 -929 -921 -947 -921 -921 -939 -947 -939 -939 -956 -921 -930 -912 -938 -912 -938 -921 -921 -921 -930 -939 -912 -921 -921 -912 -930 -921 -912 -939 -912 -939 -921 -894 -921 -921 -912 -912 -929 -939 -938 -939 -939 -930 -956 -938 -947 -965 -965 -974 -947 -965 -956 -983 -965 -956 -974 -956 -965 -965 -974 -947 -965 -983 -965 -974 -965 -965 -974 -965 -983 -974 -983 -1000 -965 -974 -983 -974 -974 -974 -965 -974 -965 -965 -965 -956 -974 -965 -956 -947 -947 -965 -947 -956 -947 -947 -947 -947 -965 -947 -947 -956 -939 -930 -956 -938 -938 -956 -947 -939 -956 -947 -939 -956 -939 -930 -930 -930 -930 -939 -956 -930 -930 -947 -930 -921 -921 -903 -930 -921 -912 -912 -912 -912 -921 -930 -939 -912 -921 -939 -912 -912 -912 -912 -921 -921 -921 -912 -921 -921 -903 -912 -930 -921 -903 -921 -903 -894 -903 -885 -894 -894 -903 -885 -894 -876 -858 -867 -885 -867 -850 -876 -876 -858 -850 -850 -850 -850 -832 -850 -850 -841 -841 -850 -841 -858 -858 -858 -850 -841 -841 -850 -867 -841 -858 -850 -841 -841 -850 -858 -841 -841 -858 -858 -841 -850 -841 -850 -850 -841 -841 -841 -823 -850 -823 -832 -850 -832 -832 -841 -823 -832 -832 -832 -823 -832 -814 -814 -806 -806 -806 -814 -788 -797 -805 -806 -788 -805 -805 -806 -814 -797 -797 -797 -788 -797 -788 -806 -805 -779 -788 -788 -788 -797 -779 -779 -788 -788 -788 -761 -779 -788 -770 -779 -779 -770 -770 -770 -788 -761 -779 -761 -761 -788 -761 -770 -770 -743 -761 -761 -770 -770 -761 -743 -752 -752 -752 -770 -770 -752 -752 -770 -743 -752 -770 -761 -761 -752 -743 -752 -770 -752 -752 -770 -752 -752 -752 -752 -770 -734 -743 -752 -725 -743 -761 -743 -752 -734 -761 -761 -743 -761 -734 -752 -743 -761 -734 -734 -743 -743 -716 -717 -717 -725 -708 -717 -725 -699 -699 -717 -708 -717 -699 -708 -708 -707 -699 -681 -708 -708 -717 -708 -717 -734 -717 -717 -725 -725 -717 -725 -725 -725 -725 -725 -725 -734 -716 -716 -717 -717 -717 -717 -725 -708 -708 -717 -734 -725 -725 -716 -707 -707 -708 -743 -708 -717 -717 -707 -699 -725 -699 -708 -717 -717 -725 -708 -707 -708 -725 -752 -743 -734 -734 -717 -734 -725 -717 -743 -725 -743 -725 -717 -717 -716 -734 -717 -734 -734 -716 -725 -717 -716 -717 -708 -708 -725 -716 -717 -725 -717 -717 -743 -725 -752 -717 -725 -717 -734 -734 -734 -743 -725 -734 -752 -734 -734 -743 -725 -734 -743 -734 -743 -743 -725 -725 -752 -743 -752 -725 -725 -734 -725 -743 -734 -734 -734 -734 -725 -725 -761 -743 -743 -734 -734 -752 -743 -725 -734 -752 -725 -743 -743 -752 -734 -743 -716 -752 -743 -725 -716
-921 -912 -939 -930 -930 -930 -939 -938 -930 -939 -939 -921 -947 -939 -921 -939 -939 -938 -939 -947 -921 -939 -930 -929 -939 -920 -939 -912 -947 -930 -921 -930 -912 -912 -930 -930 -912 -921 -930 -921 -939 -929 -912 -921 -912 -921 -921 -921 -912 -912 -921 -921 -921 -939 -912 -939 -920 -947 -965 -974 -947 -956 -965 -974 -965 -956 -974 -974 -965 -974 -956 -974 -956 -947 -974 -956 -974 -956 -947 -965 -983 -965 -991 -974 -965 -983 -983 -974 -983 -983 -983 -974 -974 -956 -956 -974 -965 -956 -974 -947 -956 -956 -939 -939 -947 -956 -939 -947 -947 -939 -939 -947 -947 -939 -947 -947 -974 -965 -930 -947 -956 -939 -938 -947 -939 -947 -939 -947 -947 -947 -930 -939 -921 -939 -939 -930 -939 -930 -921 -938 -921 -930 -930 -912 -921 -903 -912 -921 -912 -921 -921 -921 -921 -930 -930 -939 -912 -921 -930 -903 -930 -921 -912 -921 -903 -921 -912 -921 -921 -921 -912 -930 -894 -885 -912 -894 -885 -876 -867 -894 -903 -885 -876 -850 -858 -867 -850 -858 -858 -850 -850 -858 -850 -867 -850 -858 -858 -841 -841 -850 -850 -859 -858 -858 -850 -858 -850 -850 -841 -841 -841 -850 -841 -850 -850 -850 -841 -823 -832 -850 -841 -832 -832 -841 -850 -832 -823 -850 -832 -841 -832 -832 -832 -814 -841 -832 -814 -806 -814 -823 -805 -806 -823 -797 -797 -805 -806 -806 -814 -806 -797 -788 -806 -806 -823 -806 -797 -796 -797 -823 -805 -806 -779 -779 -779 -806 -805 -788 -797 -770 -788 -770 -788 -770 -779 -788 -797 -788 -788 -779 -779 -761 -761 -787 -770 -788 -761 -752 -779 -752 -761 -770 -770 -770 -761 -770 -770 -770 -761 -761 -761 -761 -743 -770 -752 -761 -770 -770 -752 -752 -770 -761 -743 -743 -743 -770 -770 -770 -752 -725 -761 -743 -752 -743 -752 -734 -743 -743 -743 -752 -734 -743 -725 -761 -752 -743 -743 -734 -734 -734 -752 -717 -725 -734 -752 -717 -734 -717 -725 -716 -734 -716 -725 -708 -717 -717 -717 -708 -716 -708 -699 -699 -681 -708 -717 -708 -716 -699 -699 -717 -699 -717 -725 -716 -717 -708 -717 -725 -725 -717 -717 -734 -734 -716 -716 -734 -717 -716 -717 -725 -717 -725 -708 -725 -708 -716 -717 -734 -717 -708 -725 -717 -708 -708 -725 -708 -716 -716 -734 -717 -717 -725 -717 -725 -725 -725 -734 -725 -743 -734 -725 -743 -717 -734 -725 -752 -716 -717 -725 -725 -717 -752 -725 -725 -725 -717 -725 -725 -725 -734 -743 -717 -717 -725 -717 -743 -717 -725 -717 -725 -725 -725 -725 -761 -717 -734 -743 -734 -734 -734 -716 -717 -734 -725 -743 -725 -734 -743 -752 -734 -725 -725 -734 -734 -734 -725 -725 -725 -717 -752 -734 -725 -743 -743 -752 -743 -752 -743 -734 -734 -743 -725 -743 -743 -743 -761 -752 -743 -752 -752 -761 -734 -752 -761 -734 -752 -743 -743 -752 -743 -734 -734
-947 -921 -938 -947 -939 -921 -947 -921 -939 -947 -939 -930 -903 -921 -939 -938 -930 -921 -939 -912 -921 -939 -921 -930 -930 -921 -930 -921 -930 -930 -921 -930 -912 -938 -921 -930 -921 -930 -912 -921 -939 -903 -939 -930 -921 -939 -947 -947 -956 -947 -956 -956 -956 -947 -947 -974 -956 -956 -965 -947 -974 -965 -974 -965 -938 -947 -974 -956 -965 -974 -965 -983 -983 -965 -956 -974 -974 -965 -974 -965 -965 -983 -965 -974 -965 -965 -983 -956 -983 -956 -947 -956 -974 -974 -947 -965 -939 -939 -947 -939 -930 -947 -956 -938 -939 -930 -956 -947 -938 -947 -947 -947 -938 -939 -947 -947 -947 -947 -930 -956 -947 -965 -947 -939 -930 -947 -947 -939 -956 -921 -929 -921 -921 -939 -912 -930 -921 -921 -903 -930 -921 -912 -921 -894 -921 -939 -921 -930 -930 -921 -921 -921 -930 -930 -921 -912 -921 -912 -930 -912 -921 -912 -912 -912 -894 -894 -894 -903 -885 -867 -885 -876 -867 -867 -867 -894 -885 -867 -858 -867 -867 -850 -841 -841 -867 -841 -858 -841 -867 -850 -841 -858 -858 -850 -858 -850 -858 -867 -850 -850 -841 -858 -832 -850 -841 -850 -841 -850 -823 -841 -858 -850 -850 -841 -841 -850 -832 -850 -832 -841 -841 -832 -841 -823 -814 -823 -823 -823 -814 -814 -832 -806 -823 -814 -814 -814 -832 -814 -814 -797 -814 -805 -806 -796 -806 -797 -788 -779 -788 -797 -788 -814 -797 -797 -797 -805 -779 -788 -779 -797 -788 -788 -770 -797 -788 -761 -796 -788 -797 -770 -770 -788 -761 -779 -770 -779 -779 -752 -797 -770 -761 -761 -761 -752 -761 -761 -770 -761 -761 -761 -770 -752 -770 -770 -779 -779 -761 -770 -761 -761 -761 -761 -761 -770 -743 -779 -743 -752 -752 -761 -743 -761 -743 -761 -752 -752 -752 -752 -761 -743 -761 -761 -743 -743 -743 -761 -743 -743 -743 -734 -743 -725 -734 -734 -734 -734 -734 -743 -717 -725 -734 -708 -734 -725 -708 -708 -716 -708 -707 -716 -708 -690 -716 -699 -699 -717 -690 -707 -699 -716 -717 -717 -708 -699 -725 -717 -734 -717 -725 -708 -734 -725 -725 -725 -717 -725 -725 -734 -717 -734 -725 -725 -725 -708 -717 -717 -725 -717 -717 -717 -707 -716 -708 -717 -725 -708 -708 -725 -725 -717 -717 -734 -708 -725 -725 -717 -734 -734 -725 -734 -717 -734 -734 -717 -725 -734 -717 -716 -708 -717 -716 -734 -717 -725 -716 -725 -734 -725 -743 -734 -734 -725 -717 -725 -734 -716 -734 -734 -725 -743 -708 -734 -725 -743 -743 -725 -743 -717 -734 -734 -717 -725 -725 -717 -717 -716 -734 -743 -734 -717 -716 -734 -734 -734 -743 -734 -725 -717 -725 -717 -717 -725 -725 -717 -734 -734 -725 -734 -743 -734 -743 -734 -734 -743 -743 -743 -734 -743 -761 -743 -752 -743 -752 -734 -734 -725 -734 -725 -752 -743 -743 -752 -752 -734 -752 -734 -734 -752 -734 -734 -734 -734
-939 -930 -921 -912 -921 -930 -930 -930 -939 -947 -930 -947 -930 -930 -921 -912 -930 -921 -938 -930 -921 -903 -921 -930 -930 -912 -921 -930 -903 -921 -912 -921 -939 -912 -930 -930 -938 -921 -930 -930 -912 -947 -939 -939 -965 -930 -956 -956 -956 -965 -956 -956 -983 -974 -947 -974 -947 -956 -974 -947 -974 -983 -974 -983 -983 -983 -983 -956 -983 -974 -983 -965 -983 -956 -965 -965 -983 -956 -983 -974 -983 -965 -965 -983 -965 -965 -947 -956 -956 -938 -939 -956 -965 -939 -956 -947 -956 -947 -956 -930 -956 -938 -956 -930 -947 -947 -939 -956 -947 -939 -939 -930 -938 -938 -930 -930 -929 -947 -921 -947 -921 -921 -938 -930 -912 -930 -921 -930 -921 -912 -894 -921 -930 -912 -912 -930 -903 -912 -903 -930 -903 -903 -921 -930 -930 -939 -912 -921 -929 -930 -921 -921 -894 -912 -921 -894 -903 -894 -876 -894 -885 -894 -885 -885 -867 -858 -850 -867 -867 -867 -867 -850 -867 -867 -850 -850 -832 -841 -832 -841 -832 -858 -858 -850 -850 -841 -858 -841 -841 -841 -858 -867 -841 -841 -850 -832 -850 -858 -841 -841 -850 -850 -841 -850 -850 -841 -841 -841 -858 -832 -841 -841 -832 -832 -841 -832 -832 -841 -814 -823 -832 -814 -823 -814 -823 -823 -806 -806 -806 -814 -797 -814 -797 -806 -797 -806 -806 -806 -806 -806 -797 -788 -814 -814 -770 -788 -797 -797 -787 -788 -788 -797 -779 -797 -788 -806 -788 -797 -770 -779 -788 -770 -779 -779 -761 -761 -761 -779 -770 -761 -761 -779 -761 -752 -752 -770 -761 -743 -752 -761 -752 -770 -752 -770 -752 -761 -779 -752 -743 -752 -734 -752 -761 -761 -770 -743 -752 -752 -752 -743 -761 -743 -761 -743 -761 -761 -734 -743 -734 -743 -752 -752 -743 -734 -725 -734 -743 -752 -734 -743 -734 -734 -734 -734 -725 -743 -743 -734 -734 -734 -708 -725 -734 -725 -717 -734 -717 -717 -734 -716 -699 -699 -717 -690 -690 -717 -690 -717 -699 -699 -708 -725 -699 -708 -717 -725 -725 -716 -717 -743 -725 -725 -725 -708 -725 -725 -717 -717 -725 -708 -734 -717 -725 -725 -716 -699 -716 -717 -717 -725 -716 -717 -716 -708 -708 -725 -717 -716 -699 -725 -725 -725 -734 -716 -725 -716 -725 -716 -717 -725 -725 -725 -734 -725 -725 -725 -734 -734 -708 -708 -716 -725 -725 -716 -716 -734 -725 -743 -717 -717 -725 -716 -725 -725 -708 -717 -717 -717 -725 -725 -717 -725 -743 -725 -717 -717 -725 -717 -743 -725 -725 -717 -708 -725 -734 -725 -717 -725 -734 -725 -734 -725 -734 -734 -734 -725 -725 -725 -725 -743 -734 -743 -743 -734 -743 -725 -743 -734 -734 -734 -734 -761 -725 -752 -734 -743 -734 -743 -734 -743 -743 -734 -734 -734 -734 -734 -725 -734 -734 -725 -743 -734 -734 -752 -734 -761 -717 -752 -752 -752 -725 -743 -761 -734 -752 -734 -725 -743 -752 -752 -734 -734
-938 -930 -930 -930 -921 -921 -930 -930 -912 -921 -930 -912 -921 -903 -912 -939 -912 -930 -921 -947 -930 -929 -930 -921 -939 -930 -903 -912 -921 -903 -912 -921 -921 -930 -939 -947 -947 -965 -956 -956 -965 -956 -974 -956 -965 -965 -956 -947 -965 -974 -947 -956 -965 -974 -974 -974 -974 -974 -965 -956 -965 -983 -956 -983 -983 -974 -983 -965 -956 -974 -956 -974 -974 -947 -974 -983 -956 -965 -974 -956 -939 -965 -956 -956 -956 -947 -947 -939 -939 -939 -956 -956 -938 -939 -939 -947 -947 -956 -939 -938 -947 -939 -956 -939 -947 -930 -930 -939 -939 -930 -921 -947 -930 -921 -939 -921 -920 -938 -912 -930 -912 -921 -921 -930 -912 -912 -930 -903 -939 -912 -930 -921 -921 -921 -921 -912 -921 -903 -921 -930 -921 -939 -912 -903 -921 -912 -894 -903 -912 -894 -921 -894 -894 -885 -894 -867 -876 -867 -894 -885 -885 -858 -850 -867 -858 -850 -867 -850 -814 -858 -841 -841 -850 -850 -858 -858 -850 -841 -858 -850 -850 -876 -858 -858 -850 -850 -858 -858 -850 -841 -850 -841 -841 -850 -850 -850 -841 -850 -841 -823 -850 -858 -832 -841 -841 -841 -823 -841 -841 -832 -832 -823 -832 -841 -841 -858 -841 -823 -797 -805 -814 -797 -814 -806 -797 -806 -806 -806 -814 -797 -797 -806 -806 -797 -806 -797 -814 -788 -788 -797 -814 -797 -806 -806 -788 -788 -788 -788 -806 -779 -779 -788 -779 -779 -761 -779 -779 -770 -779 -761 -779 -779 -788 -770 -752 -752 -770 -779 -752 -770 -761 -752 -761 -752 -761 -743 -752 -761 -761 -761 -752 -752 -770 -752 -752 -752 -779 -734 -761 -752 -752 -761 -770 -734 -743 -752 -743 -761 -725 -743 -761 -743 -734 -752 -752 -743 -734 -734 -725 -734 -743 -734 -734 -743 -743 -743 -734 -734 -725 -743 -743 -734 -743 -725 -725 -734 -734 -707 -717 -717 -708 -717 -716 -717 -699 -708 -708 -699 -708 -707 -699 -717 -708 -707 -716 -708 -708 -717 -725 -708 -717 -717 -716 -707 -725 -725 -716 -717 -725 -725 -717 -725 -717 -699 -717 -699 -708 -725 -725 -716 -717 -717 -716 -699 -708 -699 -717 -725 -725 -716 -699 -708 -708 -725 -734 -717 -717 -708 -725 -725 -752 -725 -743 -743 -717 -717 -743 -725 -734 -725 -717 -716 -725 -752 -725 -734 -725 -725 -734 -716 -725 -717 -708 -734 -708 -725 -717 -725 -725 -717 -725 -734 -716 -743 -734 -725 -717 -734 -743 -743 -725 -725 -734 -734 -725 -734 -743 -734 -725 -725 -734 -725 -734 -716 -717 -725 -725 -752 -725 -725 -734 -725 -725 -761 -743 -743 -725 -743 -743 -752 -752 -725 -752 -743 -752 -734 -743 -743 -752 -734 -761 -734 -752 -743 -761 -752 -734 -743 -717 -761 -734 -734 -734 -707 -734 -725 -725 -743 -752 -752 -734 -752 -725 -752 -743 -770 -761 -761 -752 -743 -752 -761 -761 -761 -752 -752 -743 -743 -761 -734 -752 -743
-939 -921 -921 -921 -930 -921 -903 -930 -939 -921 -930 -930 -930 -965 -930 -912 -930 -930 -939 -930 -930 -930 -930 -939 -938 -921 -956 -956 -956 -974 -947 -965 -965 -974 -965 -983 -956 -974 -974 -956 -956 -956 -956 -974 -939 -956 -965 -965 -983 -974 -974 -974 -974 -983 -983 -974 -974 -983 -965 -991 -983 -956 -965 -983 -965 -974 -965 -965 -965 -956 -965 -947 -965 -965 -947 -956 -965 -974 -956 -965 -938 -939 -965 -947 -947 -965 -956 -947 -939 -947 -947 -921 -939 -939 -947 -939 -939 -956 -938 -938 -947 -930 -939 -947 -939 -930 -921 -930 -930 -939 -921 -903 -921 -912 -912 -894 -903 -921 -930 -912 -921 -930 -912 -903 -912 -939 -930 -930 -912 -921 -921 -930 -903 -938 -921 -921 -921 -912 -921 -903 -894 -921 -903 -903 -885 -894 -894 -885 -903 -876 -894 -867 -858 -867 -876 -858 -850 -876 -850 -850 -850 -841 -841 -850 -850 -841 -858 -850 -850 -858 -858 -850 -850 -841 -867 -850 -876 -858 -850 -841 -841 -850 -850 -850 -832 -850 -850 -850 -823 -841 -858 -841 -832 -841 -841 -823 -823 -850 -850 -841 -823 -832 -841 -832 -832 -806 -823 -832 -832 -832 -806 -805 -806 -806 -823 -797 -823 -806 -797 -814 -806 -806 -787 -814 -805 -823 -797 -806 -806 -797 -788 -805 -797 -806 -797 -797 -797 -806 -788 -788 -779 -761 -779 -779 -770 -779 -770 -761 -779 -761 -797 -788 -770 -788 -761 -761 -761 -770 -752 -779 -761 -752 -743 -779 -770 -761 -779 -761 -761 -752 -770 -761 -761 -770 -752 -752 -761 -743 -761 -761 -779 -761 -752 -761 -761 -752 -761 -743 -770 -725 -770 -743 -743 -743 -743 -752 -743 -734 -752 -752 -743 -743 -734 -743 -743 -734 -761 -725 -752 -743 -752 -743 -725 -734 -725 -743 -725 -725 -734 -725 -717 -717 -708 -717 -708 -707 -717 -717 -699 -717 -725 -699 -717 -716 -717 -725 -707 -734 -716 -708 -717 -716 -708 -708 -717 -734 -725 -734 -717 -708 -717 -716 -725 -717 -717 -734 -717 -699 -717 -717 -725 -708 -708 -699 -699 -699 -725 -716 -708 -717 -717 -717 -717 -708 -725 -725 -717 -708 -725 -725 -708 -725 -725 -734 -725 -717 -717 -734 -734 -725 -717 -734 -725 -743 -734 -717 -752 -708 -734 -717 -717 -717 -708 -717 -734 -708 -725 -725 -725 -734 -717 -725 -725 -725 -752 -725 -717 -717 -761 -716 -725 -725 -734 -734 -725 -734 -717 -752 -725 -734 -725 -725 -734 -743 -743 -743 -717 -743 -752 -752 -734 -743 -734 -743 -717 -725 -734 -734 -734 -752 -734 -734 -752 -734 -734 -734 -743 -752 -734 -743 -743 -743 -761 -743 -743 -725 -743 -743 -752 -743 -743 -743 -743 -752 -743 -734 -734 -734 -734 -752 -743 -725 -743 -752 -761 -761 -743 -743 -761 -743 -761 -761 -752 -770 -752 -734 -734 -752 -743 -734 -752 -743 -752 -752 -743 -725 -743 -761 -752 -761 -743 -743
-921 -903 -921 -930 -921 -912 -921 -921 -912 -947 -921 -930 -930 -920 -939 -930 -947 -939 -939 -947 -930 -965 -947 -947 -974 -974 -956 -965 -974 -974 -956 -965 -956 -965 -965 -939 -965 -956 -965 -956 -983 -939 -974 -974 -974 -956 -974 -983 -983 -974 -965 -965 -965 -991 -965 -965 -974 -947 -947 -956 -947 -965 -938 -974 -983 -956 -939 -956 -947 -947 -974 -956 -947 -965 -939 -939 -965 -947 -947 -938 -956 -947 -947 -956 -947 -939 -956 -956 -956 -939 -939 -938 -930 -947 -947 -939 -939 -929 -921 -921 -921 -921 -921 -930 -921 -920 -903 -921 -912 -921 -921 -930 -930 -912 -903 -912 -912 -921 -930 -930 -921 -930 -930 -930 -912 -930 -930 -912 -930 -912 -894 -912 -885 -894 -894 -894 -903 -894 -912 -885 -885 -885 -867 -876 -876 -876 -867 -867 -858 -850 -850 -867 -858 -850 -858 -858 -850 -841 -850 -841 -841 -850 -850 -850 -841 -850 -876 -850 -850 -858 -841 -850 -850 -841 -850 -850 -841 -832 -850 -850 -841 -850 -841 -823 -850 -841 -850 -832 -841 -832 -823 -841 -850 -841 -841 -814 -832 -823 -814 -823 -814 -814 -823 -814 -806 -805 -805 -797 -814 -788 -806 -806 -814 -797 -814 -806 -806 -805 -806 -806 -806 -797 -814 -806 -805 -788 -797 -797 -797 -770 -788 -797 -779 -779 -797 -779 -779 -770 -770 -770 -770 -761 -779 -770 -761 -770 -761 -761 -770 -770 -770 -770 -761 -761 -788 -752 -761 -761 -761 -743 -761 -761 -761 -761 -770 -752 -734 -770 -761 -743 -752 -752 -761 -752 -779 -743 -752 -743 -752 -770 -725 -752 -761 -743 -743 -752 -743 -734 -752 -743 -779 -761 -743 -761 -734 -734 -743 -752 -743 -734 -761 -734 -743 -734 -716 -725 -725 -734 -725 -734 -734 -725 -725 -717 -725 -717 -717 -699 -717 -708 -708 -717 -708 -698 -725 -699 -717 -717 -708 -707 -716 -725 -716 -716 -734 -717 -725 -734 -717 -716 -725 -734 -717 -734 -708 -717 -743 -725 -725 -717 -725 -717 -725 -717 -699 -725 -725 -716 -725 -708 -717 -699 -708 -716 -717 -699 -725 -725 -716 -725 -717 -708 -725 -717 -725 -725 -725 -734 -743 -717 -725 -717 -725 -725 -734 -725 -743 -725 -725 -717 -734 -716 -708 -734 -708 -717 -743 -725 -725 -725 -734 -725 -707 -734 -734 -734 -717 -717 -734 -725 -743 -743 -734 -708 -752 -734 -734 -743 -743 -734 -717 -725 -743 -752 -752 -725 -725 -734 -708 -752 -752 -734 -734 -752 -725 -743 -752 -743 -743 -734 -734 -734 -725 -734 -761 -752 -752 -761 -734 -752 -743 -743 -734 -743 -770 -734 -743 -734 -752 -734 -743 -734 -743 -725 -743 -725 -752 -725 -752 -734 -734 -725 -752 -734 -743 -743 -734 -752 -752 -761 -743 -761 -752 -752 -761 -743 -761 -734 -752 -752 -743 -770 -761 -734 -734 -752 -752 -761 -761 -761 -725 -761 -734 -752 -761 -761 -752 -752 -779 -743 -761 -752
-930 -903 -938 -921 -930 -912 -930 -939 -939 -929 -947 -939 -947 -938 -956 -956 -939 -956 -974 -947 -956 -965 -983 -983 -956 -965 -965 -965 -965 -965 -956 -956 -983 -947 -983 -983 -965 -965 -974 -983 -965 -974 -965 -983 -956 -974 -983 -947 -983 -965 -965 -956 -965 -956 -956 -956 -939 -947 -956 -947 -947 -947 -947 -947 -939 -939 -947 -938 -939 -939 -939 -939 -947 -947 -938 -938 -939 -939 -956 -947 -939 -947 -939 -956 -930 -947 -930 -930 -930 -939 -930 -903 -939 -930 -921 -930 -930 -903 -939 -903 -912 -921 -930 -912 -947 -912 -930 -921 -921 -921 -921 -930 -894 -921 -921 -930 -921 -912 -930 -930 -921 -903 -903 -903 -894 -903 -894 -885 -912 -885 -885 -867 -894 -894 -876 -876 -850 -867 -876 -867 -858 -867 -832 -850 -850 -850 -858 -858 -850 -850 -850 -858 -850 -858 -858 -850 -850 -841 -841 -850 -850 -858 -841 -867 -850 -850 -841 -858 -841 -850 -850 -850 -850 -850 -850 -850 -832 -832 -841 -832 -832 -832 -823 -814 -832 -850 -814 -841 -823 -814 -823 -841 -823 -797 -814 -806 -814 -797 -814 -805 -797 -814 -806 -805 -797 -797 -806 -806 -806 -832 -797 -788 -797 -797 -797 -796 -806 -788 -779 -788 -788 -788 -797 -788 -770 -788 -797 -779 -788 -770 -788 -752 -788 -770 -779 -761 -779 -743 -770 -770 -770 -761 -761 -770 -761 -770 -779 -761 -761 -761 -761 -761 -761 -770 -770 -761 -752 -761 -761 -761 -770 -752 -743 -761 -743 -761 -779 -761 -752 -743 -743 -752 -752 -761 -743 -734 -752 -761 -743 -743 -743 -743 -734 -717 -734 -761 -743 -725 -743 -743 -761 -734 -734 -734 -743 -734 -734 -743 -734 -734 -717 -734 -725 -725 -725 -725 -708 -708 -708 -699 -708 -708 -708 -708 -708 -699 -708 -690 -725 -708 -708 -708 -708 -708 -725 -708 -717 -717 -734 -699 -708 -725 -717 -708 -708 -725 -725 -717 -725 -725 -717 -708 -699 -708 -717 -717 -734 -708 -708 -717 -708 -717 -708 -716 -717 -708 -717 -725 -725 -708 -717 -717 -717 -743 -725 -743 -725 -717 -743 -743 -743 -734 -725 -717 -752 -734 -725 -725 -717 -717 -734 -725 -725 -725 -717 -717 -725 -717 -716 -725 -734 -752 -716 -743 -734 -734 -743 -734 -743 -743 -743 -734 -734 -734 -725 -734 -717 -743 -708 -743 -734 -734 -734 -752 -743 -734 -743 -725 -725 -734 -717 -734 -717 -725 -734 -752 -716 -752 -743 -734 -734 -734 -743 -734 -743 -743 -743 -752 -725 -743 -752 -743 -743 -743 -734 -725 -743 -743 -734 -743 -743 -734 -743 -743 -725 -743 -752 -752 -743 -734 -725 -743 -725 -752 -725 -743 -743 -743 -743 -725 -752 -743 -743 -743 -761 -752 -734 -770 -752 -761 -743 -743 -743 -761 -752 -761 -761 -761 -770 -770 -734 -743 -734 -752 -743 -761 -743 -752 -752 -752 -743 -743 -761 -743 -752 -752 -761 -770 -752 -770 -761 -770
-930 -930 -947 -939 -939 -939 -974 -956 -947 -965 -965 -956 -965 -956 -956 -947 -956 -956 -974 -956 -965 -947 -974 -965 -965 -965 -974 -947 -983 -956 -965 -965 -983 -974 -974 -956 -974 -965 -965 -939 -965 -965 -974 -974 -965 -956 -956 -939 -947 -965 -947 -956 -956 -956 -930 -947 -938 -956 -947 -956 -956 -965 -947 -939 -956 -947 -956 -939 -956 -956 -947 -947 -930 -939 -939 -947 -938 -939 -956 -956 -929 -930 -921 -921 -921 -921 -921 -921 -921 -930 -930 -912 -912 -921 -921 -921 -912 -921 -903 -929 -921 -921 -930 -912 -921 -930 -894 -921 -912 -921 -903 -938 -921 -912 -921 -903 -894 -903 -912 -885 -885 -885 -912 -885 -885 -850 -894 -876 -867 -858 -858 -858 -858 -858 -858 -850 -850 -841 -850 -850 -841 -850 -850 -850 -841 -850 -850 -867 -867 -841 -841 -867 -867 -858 -858 -858 -850 -867 -850 -850 -850 -858 -841 -841 -841 -841 -850 -832 -858 -832 -823 -850 -867 -841 -841 -814 -832 -814 -823 -832 -814 -823 -823 -805 -797 -832 -814 -832 -805 -814 -823 -788 -797 -796 -805 -814 -797 -806 -814 -805 -788 -806 -805 -814 -805 -806 -788 -806 -788 -788 -779 -797 -779 -797 -805 -761 -788 -788 -779 -770 -779 -805 -761 -788 -779 -779 -761 -788 -770 -770 -743 -779 -770 -779 -779 -779 -770 -761 -752 -761 -770 -752 -779 -770 -761 -761 -761 -761 -752 -770 -761 -761 -761 -770 -761 -761 -752 -752 -734 -752 -743 -734 -752 -743 -761 -770 -761 -734 -743 -752 -752 -734 -743 -761 -761 -734 -734 -734 -743 -743 -734 -752 -752 -752 -734 -743 -717 -734 -743 -725 -743 -743 -725 -725 -725 -708 -716 -717 -716 -708 -699 -699 -708 -717 -717 -699 -708 -708 -717 -708 -717 -699 -717 -717 -708 -708 -708 -717 -717 -725 -717 -725 -734 -725 -725 -725 -698 -717 -717 -743 -717 -725 -734 -734 -708 -708 -717 -717 -699 -717 -716 -699 -699 -708 -725 -708 -707 -717 -717 -708 -708 -717 -699 -708 -717 -717 -717 -725 -725 -743 -734 -725 -743 -725 -734 -743 -725 -734 -725 -717 -734 -725 -716 -743 -716 -708 -725 -717 -699 -717 -708 -717 -734 -725 -716 -725 -725 -717 -725 -725 -734 -743 -725 -743 -752 -725 -734 -725 -743 -743 -734 -734 -708 -743 -734 -734 -725 -725 -734 -734 -725 -734 -716 -708 -717 -725 -734 -734 -716 -725 -734 -717 -752 -717 -734 -725 -761 -743 -734 -734 -752 -743 -743 -734 -743 -734 -743 -743 -743 -717 -734 -734 -761 -743 -734 -752 -734 -743 -734 -734 -743 -752 -752 -734 -743 -743 -752 -752 -743 -734 -752 -752 -725 -761 -761 -743 -761 -752 -761 -743 -761 -761 -743 -752 -743 -743 -761 -761 -734 -743 -743 -743 -743 -752 -743 -752 -743 -761 -752 -752 -734 -752 -743 -752 -761 -752 -761 -770 -752 -761 -752 -761 -770 -761 -770 -743 -752 -752 -770 -752 -761 -743
-956 -939 -956 -947 -956 -956 -956 -956 -974 -974 -956 -947 -965 -965 -965 -939 -947 -965 -974 -965 -974 -974 -965 -965 -983 -974 -983 -983 -956 -983 -956 -956 -956 -974 -939 -965 -947 -983 -956 -965 -965 -956 -939 -965 -939 -956 -939 -947 -947 -939 -947 -965 -947 -947 -956 -947 -938 -947 -956 -947 -947 -947 -930 -939 -930 -930 -939 -939 -947 -939 -939 -947 -921 -939 -965 -921 -939 -939 -939 -912 -911 -921 -912 -912 -912 -921 -921 -885 -921 -939 -939 -921 -921 -903 -912 -930 -912 -912 -912 -939 -939 -921 -921 -939 -930 -921 -912 -894 -894 -912 -903 -894 -894 -912 -903 -894 -867 -885 -867 -876 -876 -850 -867 -876 -841 -850 -850 -841 -841 -841 -832 -850 -858 -841 -850 -850 -867 -850 -850 -850 -850 -867 -876 -841 -850 -867 -850 -841 -841 -858 -858 -850 -850 -841 -832 -858 -832 -832 -850 -841 -841 -841 -841 -841 -850 -841 -832 -823 -832 -832 -832 -814 -814 -823 -806 -806 -806 -814 -806 -814 -814 -814 -814 -805 -806 -814 -814 -814 -814 -797 -806 -788 -788 -814 -814 -805 -806 -788 -797 -814 -797 -797 -797 -788 -779 -779 -806 -779 -788 -806 -788 -779 -779 -770 -770 -788 -779 -779 -770 -779 -752 -761 -761 -761 -770 -770 -779 -779 -770 -770 -770 -770 -761 -770 -761 -752 -752 -761 -770 -761 -770 -752 -752 -761 -761 -743 -743 -761 -761 -761 -761 -752 -752 -752 -761 -743 -752 -734 -752 -770 -752 -743 -743 -734 -743 -752 -734 -761 -752 -743 -743 -734 -752 -743 -761 -725 -725 -752 -743 -725 -734 -725 -734 -743 -725 -717 -734 -743 -716 -725 -708 -707 -734 -690 -708 -699 -717 -725 -708 -707 -717 -699 -708 -716 -708 -708 -716 -717 -716 -734 -717 -725 -708 -725 -725 -725 -725 -725 -725 -734 -717 -717 -725 -734 -717 -717 -734 -717 -725 -734 -708 -725 -717 -725 -725 -717 -699 -708 -725 -725 -725 -716 -717 -725 -708 -725 -725 -725 -743 -734 -734 -725 -725 -734 -761 -752 -717 -743 -734 -725 -743 -734 -734 -743 -725 -725 -717 -708 -717 -734 -717 -717 -725 -708 -708 -717 -734 -725 -734 -717 -717 -716 -734 -734 -734 -734 -734 -734 -743 -743 -717 -734 -725 -743 -734 -734 -743 -734 -734 -734 -743 -743 -717 -725 -725 -752 -717 -717 -717 -752 -734 -734 -734 -743 -743 -734 -734 -743 -734 -734 -734 -734 -761 -752 -743 -743 -743 -752 -734 -725 -752 -752 -725 -743 -743 -761 -743 -734 -734 -743 -761 -734 -734 -717 -743 -734 -752 -725 -725 -743 -725 -743 -743 -743 -743 -752 -770 -743 -770 -752 -752 -743 -743 -752 -761 -743 -752 -743 -761 -752 -761 -752 -752 -743 -734 -725 -743 -752 -743 -761 -734 -743 -761 -743 -752 -734 -761 -761 -761 -761 -779 -743 -743 -770 -761 -752 -743 -761 -752 -779 -761 -761 -761 -752 -761 -752 -761 -779 -770 -770 -770 -752
-974 -965 -956 -956 -974 -974 -965 -956 -983 -983 -965 -983 -974 -974 -974 -965 -983 -974 -947 -983 -965 -991 -974 -974 -965 -965 -956 -956 -965 -974 -956 -947 -956 -956 -947 -956 -965 -965 -965 -947 -939 -930 -947 -956 -947 -947 -930 -947 -930 -939 -939 -947 -956 -930 -947 -939 -956 -930 -947 -947 -930 -938 -938 -939 -938 -939 -930 -938 -921 -921 -903 -912 -921 -912 -903 -903 -921 -912 -903 -921 -921 -903 -912 -930 -921 -939 -939 -903 -903 -939 -921 -894 -912 -939 -921 -885 -921 -903 -903 -903 -903 -921 -903 -912 -903 -885 -894 -885 -894 -885 -876 -850 -867 -858 -858 -858 -867 -841 -850 -876 -841 -850 -850 -841 -858 -867 -867 -841 -841 -850 -867 -858 -850 -850 -858 -867 -850 -850 -841 -850 -850 -850 -841 -850 -867 -858 -823 -850 -850 -841 -850 -832 -858 -832 -850 -832 -858 -850 -832 -832 -832 -832 -832 -814 -806 -823 -823 -806 -814 -823 -823 -814 -797 -841 -797 -814 -805 -788 -788 -806 -814 -814 -805 -806 -779 -823 -788 -796 -797 -806 -788 -814 -806 -788 -788 -788 -796 -788 -797 -797 -797 -805 -779 -770 -779 -788 -770 -788 -779 -779 -770 -761 -770 -788 -752 -761 -788 -779 -761 -770 -797 -779 -770 -752 -761 -761 -770 -779 -761 -743 -761 -752 -761 -761 -752 -761 -779 -752 -770 -752 -743 -752 -770 -770 -743 -770 -752 -743 -752 -761 -761 -752 -752 -752 -761 -752 -743 -734 -752 -752 -734 -752 -752 -734 -743 -734 -725 -725 -743 -761 -743 -743 -743 -725 -725 -734 -725 -725 -725 -725 -717 -716 -717 -708 -708 -725 -699 -717 -717 -717 -708 -717 -708 -699 -708 -699 -708 -716 -717 -708 -717 -717 -708 -725 -734 -716 -725 -708 -725 -725 -725 -717 -717 -717 -708 -716 -717 -725 -717 -717 -725 -743 -725 -734 -725 -717 -708 -717 -708 -717 -699 -708 -708 -734 -734 -717 -717 -717 -717 -708 -725 -717 -725 -734 -725 -725 -734 -734 -752 -734 -725 -725 -725 -734 -743 -708 -717 -743 -725 -699 -725 -717 -725 -717 -717 -717 -717 -743 -734 -717 -716 -708 -725 -725 -743 -725 -743 -717 -725 -734 -743 -743 -725 -734 -743 -717 -734 -734 -752 -734 -717 -725 -734 -734 -725 -725 -725 -725 -734 -734 -734 -743 -752 -743 -734 -743 -725 -734 -725 -752 -725 -743 -770 -752 -752 -752 -761 -734 -770 -752 -743 -743 -743 -743 -761 -752 -743 -752 -725 -770 -752 -725 -734 -752 -743 -734 -761 -752 -717 -743 -734 -743 -725 -734 -743 -725 -752 -743 -743 -725 -761 -734 -752 -743 -752 -752 -761 -752 -761 -752 -761 -743 -725 -761 -734 -752 -734 -752 -761 -761 -743 -752 -761 -743 -770 -761 -779 -752 -761 -761 -761 -734 -770 -761 -752 -761 -761 -761 -752 -761 -761 -779 -770 -761 -770 -743 -761 -761 -761 -761 -770 -761 -752 -761 -779 -761 -761 -761 -752 -761 -761 -761
-965 -974 -983 -991 -965 -965 -974 -974 -965 -974 -983 -965 -983 -965 -983 -983 -965 -974 -965 -956 -956 -965 -956 -965 -956 -938 -965 -947 -947 -947 -974 -956 -956 -947 -956 -956 -956 -939 -939 -956 -947 -938 -939 -939 -939 -939 -956 -947 -930 -947 -947 -930 -930 -956 -947 -947 -947 -938 -921 -938 -921 -939 -930 -921 -921 -930 -921 -939 -929 -912 -921 -920 -921 -921 -921 -912 -921 -956 -939 -938 -939 -921 -921 -912 -938 -939 -921 -921 -938 -903 -912 -921 -903 -903 -903 -912 -894 -894 -894 -894 -850 -894 -867 -867 -867 -867 -850 -841 -885 -867 -867 -850 -850 -858 -841 -841 -841 -841 -858 -858 -858 -850 -841 -850 -850 -858 -858 -850 -867 -867 -850 -867 -850 -850 -850 -850 -850 -850 -867 -850 -858 -832 -850 -850 -823 -841 -823 -814 -841 -832 -841 -841 -841 -832 -823 -832 -806 -823 -823 -823 -814 -806 -814 -814 -814 -806 -814 -814 -797 -797 -814 -797 -805 -814 -814 -805 -797 -797 -797 -805 -806 -797 -797 -788 -797 -805 -788 -806 -806 -797 -797 -770 -806 -788 -779 -770 -779 -770 -770 -788 -779 -788 -788 -779 -779 -770 -761 -770 -788 -761 -761 -761 -752 -752 -770 -761 -761 -770 -770 -752 -761 -752 -743 -770 -761 -752 -743 -743 -752 -761 -734 -761 -752 -743 -770 -743 -752 -752 -734 -743 -752 -770 -761 -743 -752 -752 -761 -752 -761 -761 -734 -734 -743 -734 -734 -734 -734 -734 -743 -752 -743 -752 -725 -725 -743 -752 -743 -734 -725 -734 -725 -717 -717 -717 -717 -717 -716 -690 -708 -734 -717 -708 -717 -708 -708 -708 -717 -708 -708 -716 -725 -717 -716 -725 -734 -734 -725 -716 -716 -717 -725 -734 -717 -725 -716 -734 -725 -717 -752 -734 -725 -717 -725 -708 -725 -717 -717 -716 -725 -708 -708 -708 -716 -717 -717 -717 -699 -725 -717 -716 -708 -743 -717 -725 -743 -725 -717 -725 -717 -743 -717 -725 -752 -717 -734 -743 -725 -717 -716 -717 -717 -717 -717 -725 -717 -725 -717 -725 -717 -716 -725 -725 -699 -725 -717 -725 -725 -725 -734 -734 -699 -717 -752 -734 -743 -725 -752 -725 -734 -725 -734 -734 -743 -734 -743 -725 -743 -725 -725 -743 -717 -725 -743 -734 -734 -725 -734 -743 -725 -743 -761 -725 -725 -743 -734 -743 -734 -734 -734 -743 -743 -734 -734 -761 -734 -752 -752 -743 -725 -743 -734 -743 -752 -743 -725 -743 -734 -752 -752 -743 -734 -734 -734 -734 -734 -761 -743 -725 -743 -752 -752 -752 -743 -734 -752 -743 -761 -761 -770 -761 -743 -761 -743 -725 -734 -725 -743 -752 -752 -734 -752 -743 -743 -752 -752 -752 -752 -752 -761 -761 -752 -752 -761 -752 -770 -761 -761 -752 -779 -761 -770 -761 -761 -761 -743 -761 -761 -743 -752 -761 -770 -761 -761 -761 -761 -761 -761 -761 -752 -770 -761 -770 -761 -770 -743 -761 -770 -770 -752 -761 -761 -779
-974 -974 -974 -983 -965 -965 -965 -983 -965 -965 -974 -965 -965 -974 -965 -956 -974 -956 -974 -947 -939 -947 -930 -947 -947 -938 -947 -965 -947 -930 -930 -947 -956 -930 -938 -956 -965 -939 -965 -939 -956 -947 -939 -947 -939 -956 -947 -939 -930 -921 -912 -938 -930 -921 -921 -939 -912 -921 -921 -921 -903 -921 -930 -903 -921 -921 -912 -930 -912 -930 -912 -921 -921 -912 -912 -930 -912 -930 -921 -912 -930 -903 -912 -885 -912 -903 -894 -876 -903 -885 -903 -894 -903 -876 -876 -867 -876 -876 -867 -867 -858 -841 -850 -850 -858 -858 -841 -832 -850 -850 -850 -841 -841 -841 -858 -850 -850 -850 -867 -850 -858 -876 -841 -858 -858 -850 -850 -858 -841 -858 -832 -823 -841 -841 -850 -841 -850 -850 -850 -858 -841 -841 -850 -841 -823 -823 -832 -832 -841 -832 -841 -814 -823 -806 -814 -797 -814 -814 -814 -806 -806 -788 -814 -797 -805 -823 -779 -797 -806 -805 -796 -806 -806 -797 -806 -779 -806 -797 -779 -797 -788 -805 -788 -797 -779 -778 -779 -779 -779 -770 -779 -797 -770 -779 -779 -779 -770 -770 -779 -788 -761 -752 -779 -770 -752 -761 -761 -770 -734 -761 -761 -761 -770 -770 -761 -770 -743 -761 -761 -770 -752 -752 -761 -761 -761 -743 -761 -770 -743 -752 -725 -761 -752 -761 -761 -761 -734 -752 -752 -725 -743 -743 -752 -734 -761 -743 -743 -761 -734 -743 -752 -725 -725 -725 -743 -725 -717 -743 -734 -743 -725 -725 -734 -717 -725 -743 -725 -717 -699 -708 -708 -708 -699 -708 -716 -716 -717 -717 -708 -708 -708 -708 -717 -708 -708 -725 -725 -716 -716 -717 -734 -699 -717 -734 -725 -725 -707 -708 -717 -717 -725 -734 -717 -717 -708 -708 -690 -708 -725 -708 -717 -708 -708 -690 -725 -699 -707 -716 -717 -708 -734 -725 -708 -716 -743 -743 -725 -725 -725 -752 -734 -725 -734 -734 -752 -725 -717 -725 -725 -734 -734 -717 -725 -725 -717 -708 -708 -717 -725 -725 -743 -717 -717 -734 -725 -717 -725 -708 -725 -725 -752 -734 -717 -725 -725 -725 -725 -734 -725 -734 -743 -734 -725 -734 -734 -725 -743 -743 -725 -717 -743 -725 -725 -734 -734 -734 -734 -716 -734 -743 -743 -734 -743 -725 -743 -743 -725 -743 -752 -752 -752 -743 -761 -725 -752 -752 -734 -752 -761 -734 -734 -743 -761 -743 -743 -752 -752 -743 -743 -752 -734 -752 -743 -716 -734 -734 -725 -743 -734 -743 -743 -761 -752 -752 -743 -752 -761 -743 -752 -761 -761 -743 -743 -752 -743 -761 -743 -752 -752 -725 -752 -761 -752 -761 -752 -734 -752 -752 -752 -743 -752 -752 -761 -761 -752 -779 -761 -743 -770 -761 -743 -734 -752 -761 -770 -770 -761 -752 -743 -752 -761 -761 -770 -743 -752 -778 -752 -761 -752 -734 -743 -761 -779 -779 -761 -752 -761 -770 -743 -752 -761 -770 -770 -761 -761 -761 -770 -743 -761 -761 -779 -779
-956 -956 -974 -965 -965 -965 -956 -974 -956 -974 -965 -956 -965 -947 -947 -939 -947 -939 -965 -939 -965 -939 -939 -939 -938 -947 -947 -947 -939 -939 -965 -930 -939 -939 -947 -939 -947 -921 -921 -930 -938 -939 -912 -930 -930 -921 -921 -939 -921 -930 -912 -921 -903 -903 -912 -939 -903 -939 -912 -894 -912 -903 -921 -912 -903 -930 -921 -921 -903 -939 -930 -912 -921 -920 -912 -903 -912 -912 -921 -894 -894 -885 -867 -876 -876 -885 -894 -858 -885 -876 -885 -867 -867 -850 -876 -850 -858 -858 -841 -858 -858 -850 -858 -858 -850 -841 -858 -850 -858 -858 -850 -850 -841 -858 -867 -867 -858 -850 -858 -858 -823 -841 -841 -850 -850 -850 -850 -850 -850 -850 -850 -814 -841 -832 -850 -841 -832 -850 -841 -841 -823 -832 -823 -814 -823 -797 -806 -814 -805 -823 -797 -805 -797 -788 -806 -805 -806 -797 -806 -814 -806 -806 -796 -779 -797 -788 -797 -797 -788 -779 -797 -788 -805 -806 -797 -788 -779 -779 -770 -788 -770 -806 -779 -779 -761 -779 -779 -761 -779 -770 -770 -752 -752 -752 -761 -770 -770 -788 -752 -752 -761 -779 -761 -761 -779 -770 -779 -761 -752 -752 -752 -779 -770 -752 -770 -752 -761 -752 -752 -743 -743 -743 -752 -761 -752 -752 -752 -752 -743 -761 -734 -752 -761 -743 -743 -752 -743 -734 -743 -743 -743 -734 -734 -743 -743 -734 -717 -743 -725 -734 -734 -734 -734 -725 -717 -708 -699 -717 -708 -708 -708 -708 -708 -690 -717 -690 -708 -708 -708 -708 -725 -717 -716 -717 -717 -699 -717 -699 -716 -734 -725 -708 -734 -717 -725 -725 -752 -743 -725 -725 -725 -725 -734 -716 -725 -725 -743 -716 -716 -725 -699 -717 -725 -717 -699 -734 -717 -717 -716 -717 -716 -725 -725 -708 -725 -725 -734 -734 -761 -725 -743 -743 -725 -734 -734 -743 -725 -734 -725 -725 -734 -743 -734 -725 -708 -734 -717 -725 -725 -717 -716 -708 -734 -725 -716 -699 -734 -725 -716 -734 -717 -725 -725 -725 -725 -725 -743 -734 -725 -717 -743 -743 -734 -717 -734 -734 -734 -734 -734 -734 -717 -743 -734 -743 -734 -734 -734 -743 -725 -725 -752 -743 -743 -725 -743 -752 -734 -752 -743 -734 -743 -752 -752 -761 -734 -761 -752 -752 -752 -761 -734 -743 -752 -743 -734 -743 -752 -725 -734 -752 -725 -752 -752 -752 -752 -752 -743 -743 -734 -752 -734 -743 -734 -761 -743 -770 -752 -752 -761 -743 -752 -752 -752 -752 -752 -752 -761 -743 -752 -743 -752 -752 -743 -752 -752 -761 -743 -761 -752 -761 -752 -743 -770 -752 -761 -752 -743 -761 -761 -761 -752 -779 -752 -770 -761 -761 -752 -752 -770 -761 -761 -770 -779 -761 -743 -761 -761 -761 -752 -752 -761 -752 -752 -752 -779 -761 -761 -761 -770 -770 -761 -752 -761 -788 -779 -752 -779 -761 -779 -770 -779 -761 -770 -770 -770 -770 -779 -788 -761 -761 -788 -752
-965 -939 -956 -974 -956 -930 -947 -956 -929 -947 -939 -947 -956 -939 -947 -947 -947 -956 -947 -956 -947 -939 -947 -939 -939 -920 -956 -947 -938 -947 -938 -939 -939 -929 -947 -921 -947 -921 -939 -921 -912 -921 -939 -912 -929 -930 -930 -903 -903 -921 -921 -930 -912 -912 -903 -921 -930 -939 -930 -947 -930 -912 -894 -912 -903 -939 -921 -912 -912 -912 -903 -885 -894 -894 -885 -885 -903 -876 -858 -858 -876 -876 -858 -858 -841 -850 -850 -867 -850 -858 -850 -850 -850 -867 -850 -850 -850 -858 -858 -841 -841 -850 -858 -850 -850 -858 -867 -858 -850 -850 -832 -832 -867 -850 -850 -841 -841 -850 -850 -858 -841 -841 -850 -832 -841 -850 -841 -841 -814 -832 -841 -832 -841 -814 -814 -823 -814 -823 -823 -797 -823 -814 -788 -805 -806 -797 -806 -796 -806 -806 -806 -814 -814 -805 -805 -797 -806 -797 -805 -796 -805 -788 -788 -788 -788 -779 -779 -797 -797 -779 -797 -797 -779 -770 -779 -805 -761 -770 -770 -779 -788 -779 -797 -761 -770 -770 -770 -761 -752 -761 -770 -752 -752 -761 -743 -761 -761 -761 -770 -770 -770 -752 -743 -752 -761 -770 -743 -761 -752 -743 -752 -752 -770 -752 -743 -752 -734 -743 -734 -725 -761 -743 -752 -752 -725 -743 -725 -752 -761 -743 -761 -743 -734 -725 -761 -752 -734 -752 -743 -752 -743 -717 -708 -734 -725 -725 -734 -725 -717 -725 -716 -725 -725 -725 -717 -717 -707 -708 -699 -699 -717 -717 -699 -708 -708 -717 -717 -725 -725 -708 -725 -717 -725 -708 -734 -716 -717 -734 -717 -716 -717 -725 -734 -716 -725 -717 -717 -699 -716 -716 -716 -707 -717 -699 -699 -717 -717 -717 -717 -717 -717 -717 -716 -717 -717 -717 -725 -725 -725 -717 -717 -725 -734 -734 -725 -734 -725 -734 -734 -725 -725 -725 -734 -725 -734 -708 -725 -716 -725 -717 -725 -734 -708 -725 -708 -717 -734 -717 -725 -716 -725 -743 -717 -725 -752 -725 -734 -734 -743 -743 -743 -725 -752 -752 -725 -734 -725 -725 -716 -717 -752 -716 -734 -716 -743 -717 -734 -725 -725 -734 -717 -725 -743 -734 -734 -734 -743 -743 -743 -752 -752 -734 -743 -743 -752 -743 -743 -743 -734 -752 -752 -743 -752 -743 -761 -743 -743 -752 -734 -743 -743 -734 -725 -752 -725 -743 -752 -752 -734 -761 -734 -734 -734 -761 -743 -761 -761 -752 -725 -743 -743 -734 -752 -761 -770 -752 -743 -752 -743 -770 -743 -752 -743 -761 -752 -752 -734 -743 -734 -752 -752 -770 -734 -752 -770 -743 -761 -752 -770 -761 -770 -770 -761 -761 -761 -761 -743 -770 -743 -743 -743 -743 -752 -752 -770 -761 -761 -761 -770 -761 -752 -752 -752 -779 -761 -770 -779 -761 -761 -761 -770 -761 -761 -761 -770 -761 -761 -779 -761 -770 -770 -761 -788 -779 -752 -761 -779 -761 -761 -770 -761 -770 -770 -770 -779 -779 -761 -770 -770 -770 -779 -770
-956 -965 -965 -965 -965 -947 -947 -947 -965 -947 -965 -947 -965 -956 -947 -939 -930 -921 -947 -956 -947 -939 -939 -912 -930 -921 -921 -930 -939 -921 -939 -930 -921 -921 -939 -921 -921 -921 -903 -912 -921 -921 -930 -921 -921 -912 -912 -921 -921 -921 -921 -930 -930 -912 -921 -912 -903 -912 -930 -894 -903 -903 -903 -903 -894 -885 -885 -894 -885 -894 -876 -867 -867 -867 -867 -867 -850 -858 -867 -858 -858 -850 -858 -858 -867 -850 -850 -850 -858 -858 -858 -823 -841 -858 -841 -858 -867 -850 -850 -841 -858 -841 -850 -850 -850 -850 -850 -850 -832 -841 -858 -841 -841 -850 -841 -841 -841 -841 -850 -832 -850 -823 -841 -823 -823 -814 -841 -806 -814 -841 -814 -823 -823 -797 -814 -806 -806 -805 -823 -806 -814 -832 -788 -797 -797 -806 -797 -806 -805 -796 -805 -788 -806 -805 -797 -779 -797 -797 -779 -787 -779 -779 -779 -788 -788 -770 -779 -797 -761 -770 -779 -779 -779 -761 -761 -779 -770 -788 -761 -761 -770 -743 -761 -761 -770 -752 -761 -761 -761 -761 -761 -761 -761 -770 -779 -752 -752 -752 -761 -752 -761 -752 -761 -761 -761 -779 -734 -743 -770 -761 -752 -761 -734 -743 -752 -734 -752 -734 -752 -734 -761 -752 -734 -743 -743 -752 -752 -734 -734 -743 -734 -734 -752 -725 -734 -734 -734 -725 -743 -716 -734 -699 -716 -725 -716 -699 -717 -708 -717 -717 -690 -699 -708 -717 -699 -716 -717 -699 -717 -708 -699 -708 -734 -708 -708 -717 -708 -743 -717 -725 -734 -716 -708 -734 -725 -699 -734 -708 -725 -725 -734 -717 -725 -716 -717 -708 -734 -708 -716 -708 -717 -716 -699 -707 -708 -743 -708 -708 -725 -717 -699 -725 -734 -725 -743 -743 -717 -734 -743 -734 -734 -725 -717 -725 -725 -734 -725 -734 -734 -743 -725 -708 -716 -725 -717 -734 -734 -725 -708 -716 -717 -717 -725 -725 -717 -734 -752 -743 -734 -725 -734 -734 -725 -717 -725 -734 -717 -743 -743 -708 -743 -734 -716 -734 -734 -743 -725 -725 -734 -734 -743 -734 -725 -725 -725 -734 -725 -725 -743 -743 -734 -761 -752 -725 -743 -752 -743 -752 -752 -752 -743 -743 -743 -752 -734 -752 -752 -752 -725 -743 -734 -743 -761 -734 -743 -743 -725 -752 -743 -734 -734 -734 -734 -752 -734 -717 -743 -761 -770 -734 -752 -752 -734 -761 -743 -752 -752 -734 -752 -752 -725 -717 -734 -761 -743 -734 -743 -752 -743 -743 -743 -761 -743 -761 -743 -752 -770 -743 -752 -770 -761 -761 -752 -743 -752 -752 -743 -752 -770 -770 -752 -779 -743 -761 -770 -761 -752 -752 -761 -761 -743 -743 -761 -761 -761 -752 -752 -761 -752 -761 -761 -752 -779 -761 -752 -788 -770 -770 -761 -761 -752 -770 -761 -752 -779 -779 -779 -770 -770 -779 -761 -779 -770 -770 -761 -752 -761 -788 -770 -761 -752 -779 -761 -788 -770 -770 -752 -770 -770 -779 -761 -770
-956 -939 -956 -956 -947 -930 -938 -930 -956 -947 -939 -947 -947 -947 -938 -939 -939 -930 -939 -930 -939 -912 -930 -930 -921 -921 -921 -903 -921 -939 -921 -912 -903 -912 -912 -912 -921 -921 -921 -921 -911 -939 -912 -903 -921 -921 -912 -921 -912 -939 -912 -903 -912 -912 -894 -903 -894 -894 -903 -894 -885 -885 -885 -867 -858 -858 -867 -867 -867 -841 -858 -867 -867 -832 -850 -858 -858 -858 -850 -850 -858 -841 -850 -867 -850 -876 -858 -850 -850 -850 -850 -841 -858 -841 -850 -841 -823 -841 -850 -832 -832 -850 -832 -841 -841 -850 -850 -850 -850 -850 -841 -823 -832 -832 -814 -806 -832 -850 -841 -832 -832 -814 -806 -814 -806 -806 -814 -814 -832 -814 -805 -806 -806 -806 -823 -814 -805 -796 -797 -806 -788 -797 -806 -814 -788 -788 -779 -797 -797 -797 -805 -788 -779 -797 -797 -797 -779 -770 -770 -770 -779 -770 -779 -788 -788 -779 -770 -761 -779 -779 -761 -761 -761 -761 -761 -761 -770 -770 -770 -752 -752 -761 -743 -752 -761 -761 -752 -743 -761 -761 -761 -743 -752 -734 -761 -761 -752 -743 -752 -743 -761 -743 -734 -752 -752 -743 -761 -770 -761 -743 -752 -743 -752 -734 -752 -752 -743 -743 -752 -734 -743 -734 -734 -725 -725 -716 -743 -743 -725 -717 -725 -725 -725 -734 -725 -725 -717 -708 -699 -699 -708 -708 -716 -690 -708 -716 -699 -708 -708 -708 -699 -699 -725 -716 -734 -717 -717 -725 -734 -717 -717 -717 -717 -708 -717 -734 -725 -725 -717 -716 -734 -717 -716 -717 -717 -717 -734 -725 -716 -699 -716 -717 -717 -717 -717 -725 -725 -708 -717 -717 -717 -717 -734 -743 -725 -725 -743 -734 -725 -725 -708 -761 -743 -752 -708 -725 -725 -725 -725 -734 -717 -725 -734 -725 -725 -734 -734 -725 -743 -725 -734 -717 -725 -725 -725 -716 -717 -716 -725 -734 -734 -743 -752 -734 -725 -743 -725 -717 -743 -725 -734 -725 -717 -725 -734 -734 -734 -734 -743 -743 -743 -725 -743 -717 -752 -752 -734 -725 -734 -725 -734 -743 -734 -743 -734 -752 -743 -743 -743 -761 -734 -752 -752 -743 -743 -743 -725 -743 -743 -734 -734 -743 -734 -752 -734 -761 -734 -734 -752 -717 -752 -734 -734 -743 -752 -743 -743 -743 -752 -752 -743 -770 -752 -734 -770 -761 -761 -743 -761 -743 -752 -743 -752 -743 -761 -761 -752 -761 -761 -743 -734 -743 -752 -770 -752 -752 -743 -761 -761 -752 -770 -752 -761 -752 -761 -761 -770 -761 -752 -743 -761 -779 -752 -761 -752 -752 -761 -761 -752 -761 -743 -752 -761 -761 -752 -743 -761 -761 -761 -752 -743 -752 -761 -752 -752 -770 -761 -761 -770 -761 -779 -761 -779 -770 -770 -761 -779 -779 -761 -770 -779 -761 -761 -770 -770 -770 -752 -779 -770 -761 -770 -761 -779 -770 -770 -779 -770 -761 -770 -770 -770 -761 -761 -752 -761 -761 -770 -761 -743 -734 -743 -734
-956 -939 -947 -956 -947 -930 -939 -938 -921 -939 -930 -939 -939 -929 -930 -947 -912 -930 -921 -921 -912 -912 -920 -912 -930 -930 -921 -912 -912 -921 -930 -921 -930 -903 -921 -930 -912 -921 -921 -912 -921 -912 -903 -912 -894 -903 -903 -894 -912 -894 -867 -894 -876 -876 -876 -885 -894 -867 -885 -858 -876 -867 -858 -832 -850 -858 -841 -850 -841 -841 -850 -876 -841 -858 -858 -850 -867 -867 -850 -841 -850 -850 -850 -867 -850 -841 -850 -841 -850 -832 -850 -885 -858 -850 -850 -832 -841 -850 -823 -823 -858 -832 -841 -841 -832 -832 -841 -823 -823 -806 -823 -823 -806 -841 -823 -814 -805 -814 -823 -797 -823 -814 -806 -806 -806 -797 -788 -805 -805 -814 -814 -797 -823 -806 -806 -805 -787 -814 -779 -797 -797 -788 -788 -779 -796 -779 -779 -788 -779 -788 -788 -770 -788 -788 -761 -770 -788 -779 -761 -761 -770 -770 -770 -761 -752 -752 -761 -761 -752 -752 -770 -770 -761 -761 -761 -761 -761 -743 -752 -752 -761 -770 -770 -761 -770 -743 -752 -761 -770 -743 -743 -752 -752 -761 -761 -743 -752 -752 -752 -734 -743 -743 -752 -743 -761 -734 -734 -752 -734 -743 -743 -734 -752 -734 -743 -734 -743 -743 -743 -734 -734 -725 -725 -708 -716 -725 -708 -717 -717 -681 -708 -708 -699 -707 -708 -690 -699 -708 -717 -708 -699 -708 -708 -725 -717 -717 -716 -734 -708 -717 -717 -743 -717 -717 -725 -717 -707 -725 -725 -725 -717 -725 -708 -725 -717 -716 -699 -734 -717 -717 -717 -716 -743 -717 -699 -734 -717 -717 -717 -717 -708 -734 -725 -734 -725 -725 -717 -734 -708 -743 -734 -743 -734 -743 -725 -725 -717 -716 -716 -716 -717 -725 -734 -717 -743 -734 -734 -725 -734 -725 -725 -725 -725 -725 -717 -743 -708 -725 -734 -734 -725 -725 -734 -743 -734 -725 -734 -717 -725 -743 -743 -734 -743 -717 -743 -725 -734 -725 -734 -725 -734 -717 -734 -734 -717 -725 -725 -743 -725 -743 -752 -725 -734 -725 -725 -752 -734 -761 -734 -734 -734 -734 -743 -743 -743 -743 -752 -752 -770 -743 -752 -761 -734 -752 -725 -725 -752 -734 -743 -752 -734 -752 -743 -743 -734 -725 -725 -734 -752 -752 -752 -761 -743 -761 -752 -752 -752 -743 -770 -752 -743 -761 -752 -743 -761 -743 -752 -752 -743 -752 -743 -752 -734 -743 -752 -752 -752 -761 -743 -770 -752 -734 -761 -743 -770 -761 -752 -779 -761 -761 -743 -752 -788 -743 -770 -752 -770 -752 -761 -761 -761 -752 -743 -761 -752 -752 -761 -752 -761 -761 -770 -761 -743 -752 -761 -734 -770 -761 -770 -770 -770 -752 -770 -761 -761 -779 -761 -770 -761 -770 -761 -761 -761 -761 -752 -752 -797 -761 -770 -752 -761 -761 -770 -761 -725 -761 -770 -770 -770 -761 -761 -779 -761 -770 -752 -770 -761 -761 -770 -761 -725 -743 -743 -717 -743 -752 -725 -743 -734 -725 -725 -708
-938 -921 -938 -921 -921 -938 -921 -912 -903 -939 -930 -912 -921 -903 -929 -903 -912 -903 -930 -912 -912 -921 -930 -903 -930 -930 -921 -921 -921 -930 -930 -912 -912 -921 -921 -921 -921 -903 -912 -903 -903 -894 -885 -885 -894 -867 -885 -867 -876 -867 -850 -876 -867 -858 -858 -876 -876 -850 -841 -850 -832 -841 -850 -841 -867 -858 -850 -850 -850 -858 -858 -867 -850 -850 -876 -858 -858 -867 -850 -850 -858 -841 -850 -841 -858 -841 -850 -841 -850 -850 -841 -850 -841 -858 -841 -832 -832 -841 -823 -850 -832 -823 -823 -823 -841 -823 -814 -806 -788 -806 -814 -832 -805 -806 -823 -806 -806 -823 -806 -814 -806 -797 -806 -806 -797 -806 -806 -806 -797 -796 -797 -805 -806 -797 -797 -805 -788 -788 -779 -797 -788 -779 -779 -770 -779 -761 -797 -779 -770 -779 -761 -770 -761 -770 -770 -770 -770 -770 -770 -770 -761 -761 -752 -752 -779 -752 -779 -752 -752 -770 -734 -761 -761 -752 -770 -770 -752 -761 -761 -761 -752 -770 -761 -743 -752 -770 -743 -734 -743 -752 -752 -761 -734 -743 -734 -743 -743 -725 -725 -761 -761 -761 -743 -725 -743 -743 -743 -734 -725 -743 -734 -716 -725 -717 -716 -725 -734 -717 -716 -716 -717 -734 -699 -725 -708 -725 -717 -699 -716 -690 -699 -725 -699 -708 -699 -725 -708 -725 -743 -734 -717 -725 -708 -743 -716 -717 -717 -725 -708 -717 -725 -734 -717 -716 -717 -734 -734 -725 -717 -725 -708 -707 -716 -717 -725 -717 -708 -717 -717 -716 -725 -725 -708 -725 -708 -708 -725 -734 -725 -725 -725 -717 -725 -743 -725 -725 -725 -725 -734 -734 -752 -725 -725 -725 -734 -717 -725 -725 -708 -743 -725 -725 -725 -717 -743 -743 -716 -734 -725 -734 -743 -734 -743 -725 -725 -770 -743 -725 -734 -734 -734 -717 -734 -743 -752 -743 -734 -752 -734 -725 -743 -743 -717 -725 -734 -725 -725 -716 -734 -761 -734 -743 -725 -743 -761 -734 -734 -743 -734 -743 -743 -752 -743 -752 -752 -743 -752 -743 -743 -752 -743 -743 -743 -752 -752 -752 -743 -725 -743 -743 -734 -752 -708 -743 -743 -770 -752 -743 -734 -743 -743 -743 -752 -752 -752 -761 -743 -761 -752 -734 -761 -752 -752 -761 -752 -752 -743 -743 -752 -743 -761 -734 -761 -734 -761 -761 -752 -761 -761 -743 -770 -752 -761 -743 -752 -761 -761 -761 -752 -761 -752 -761 -752 -761 -761 -761 -761 -761 -761 -761 -743 -761 -761 -761 -770 -752 -752 -752 -770 -761 -779 -761 -752 -752 -761 -770 -779 -752 -761 -770 -761 -761 -743 -761 -770 -779 -770 -770 -761 -779 -779 -770 -761 -761 -761 -761 -779 -752 -761 -761 -761 -779 -779 -779 -770 -761 -788 -770 -770 -770 -752 -779 -770 -779 -770 -752 -761 -761 -770 -779 -743 -761 -752 -734 -734 -743 -734 -752 -752 -734 -725 -725 -708 -725 -725 -725 -725 -725 -734 -734 -743 -734
-921 -921 -912 -930 -921 -939 -903 -912 -921 -912 -903 -921 -894 -930 -921 -930 -930 -939 -947 -930 -921 -912 -912 -930 -921 -912 -921 -912 -921 -903 -885 -894 -885 -894 -894 -894 -894 -894 -867 -885 -867 -858 -850 -858 -867 -850 -867 -850 -850 -867 -841 -858 -858 -867 -858 -850 -850 -841 -858 -858 -858 -850 -858 -858 -850 -850 -858 -841 -858 -858 -850 -841 -858 -858 -841 -841 -841 -850 -850 -841 -841 -841 -832 -858 -841 -806 -832 -823 -832 -841 -832 -823 -814 -805 -832 -823 -832 -805 -806 -814 -797 -797 -806 -806 -806 -806 -806 -814 -814 -806 -814 -806 -806 -788 -814 -787 -832 -788 -814 -806 -814 -797 -814 -797 -788 -779 -797 -797 -805 -806 -797 -779 -779 -770 -788 -779 -779 -779 -779 -779 -761 -779 -779 -779 -761 -761 -752 -779 -761 -761 -779 -770 -770 -752 -770 -779 -770 -761 -761 -761 -761 -752 -761 -779 -743 -770 -752 -752 -752 -761 -743 -752 -779 -752 -761 -752 -770 -779 -761 -752 -743 -743 -743 -743 -761 -761 -743 -752 -743 -752 -752 -743 -734 -725 -725 -752 -725 -743 -752 -725 -743 -716 -743 -725 -734 -734 -717 -708 -725 -717 -717 -699 -708 -708 -699 -699 -708 -717 -699 -717 -708 -717 -699 -690 -699 -708 -708 -708 -717 -725 -717 -717 -725 -716 -716 -725 -725 -743 -717 -734 -734 -725 -725 -734 -716 -699 -717 -708 -717 -716 -716 -717 -717 -725 -717 -717 -716 -734 -708 -708 -725 -725 -725 -734 -708 -717 -734 -725 -743 -717 -725 -734 -734 -752 -725 -752 -725 -725 -725 -725 -725 -717 -743 -743 -717 -734 -717 -717 -725 -717 -717 -725 -734 -725 -725 -725 -717 -717 -717 -725 -717 -717 -717 -752 -725 -725 -734 -734 -743 -734 -717 -743 -734 -717 -725 -725 -743 -734 -734 -725 -734 -717 -725 -734 -734 -734 -717 -716 -734 -725 -717 -734 -725 -734 -743 -734 -734 -743 -752 -743 -725 -761 -725 -734 -734 -752 -734 -752 -752 -743 -752 -725 -752 -752 -752 -752 -752 -770 -752 -725 -761 -752 -761 -725 -770 -734 -743 -752 -734 -734 -752 -734 -743 -761 -752 -743 -743 -752 -734 -743 -770 -743 -743 -752 -743 -761 -752 -761 -752 -752 -734 -725 -743 -761 -752 -752 -770 -743 -752 -752 -743 -743 -743 -761 -761 -761 -752 -743 -761 -743 -770 -761 -752 -761 -752 -779 -761 -752 -752 -761 -761 -734 -770 -752 -752 -752 -752 -770 -734 -770 -743 -752 -743 -752 -770 -761 -761 -752 -761 -779 -752 -761 -770 -770 -779 -779 -761 -770 -761 -770 -761 -761 -752 -770 -770 -779 -752 -761 -770 -779 -761 -770 -779 -779 -770 -770 -779 -797 -770 -770 -797 -761 -770 -770 -779 -779 -770 -770 -770 -761 -761 -779 -752 -743 -752 -752 -761 -743 -725 -752 -725 -717 -734 -725 -725 -743 -725 -708 -725 -734 -716 -725 -734 -725 -752 -734 -708 -734 -725 -725 -734 -725
-912 -939 -921 -921 -938 -921 -939 -912 -920 -920 -912 -921 -912 -903 -921 -930 -912 -930 -939 -912 -903 -903 -903 -894 -885 -912 -885 -903 -894 -876 -858 -867 -885 -876 -876 -876 -867 -858 -858 -867 -867 -850 -841 -858 -850 -858 -841 -858 -858 -867 -867 -850 -858 -850 -832 -841 -850 -850 -858 -850 -841 -850 -850 -850 -858 -850 -841 -832 -832 -850 -858 -841 -841 -841 -841 -841 -832 -823 -841 -814 -850 -841 -823 -850 -814 -823 -832 -823 -823 -823 -841 -805 -788 -832 -814 -814 -823 -805 -806 -814 -806 -814 -806 -814 -796 -805 -797 -797 -814 -806 -806 -788 -806 -823 -823 -805 -779 -788 -797 -788 -797 -806 -779 -788 -779 -806 -779 -761 -788 -788 -779 -761 -752 -779 -770 -797 -788 -761 -770 -770 -761 -761 -761 -779 -770 -779 -770 -770 -770 -770 -770 -761 -743 -761 -770 -770 -761 -770 -752 -761 -752 -752 -761 -752 -770 -761 -752 -761 -770 -761 -761 -743 -761 -743 -743 -743 -743 -752 -752 -743 -743 -743 -752 -752 -743 -734 -743 -734 -734 -743 -734 -743 -725 -734 -734 -717 -752 -725 -725 -725 -725 -717 -725 -725 -708 -725 -717 -699 -699 -690 -708 -717 -708 -717 -708 -717 -717 -708 -725 -690 -708 -725 -743 -725 -717 -699 -717 -725 -716 -717 -725 -734 -734 -716 -725 -717 -725 -716 -699 -725 -717 -708 -716 -716 -725 -717 -708 -717 -708 -717 -708 -725 -690 -716 -725 -716 -716 -716 -725 -725 -734 -734 -717 -734 -734 -717 -743 -734 -734 -734 -743 -734 -717 -717 -717 -743 -734 -725 -734 -725 -725 -725 -725 -725 -743 -708 -734 -734 -717 -717 -725 -717 -716 -717 -717 -725 -725 -725 -725 -725 -725 -734 -725 -743 -743 -743 -717 -743 -717 -743 -716 -716 -734 -743 -725 -734 -752 -725 -725 -716 -725 -725 -743 -734 -734 -734 -734 -743 -743 -725 -761 -734 -743 -743 -779 -734 -752 -752 -752 -734 -752 -761 -743 -761 -743 -734 -752 -717 -761 -752 -734 -761 -761 -734 -734 -717 -725 -743 -743 -725 -743 -743 -752 -725 -743 -761 -752 -752 -743 -743 -743 -761 -752 -743 -752 -725 -734 -770 -734 -770 -743 -743 -743 -743 -770 -743 -752 -761 -752 -761 -761 -770 -743 -743 -761 -743 -752 -752 -734 -761 -761 -761 -770 -761 -770 -779 -752 -761 -770 -770 -761 -761 -761 -752 -761 -770 -743 -752 -752 -743 -752 -770 -743 -752 -770 -752 -752 -752 -734 -752 -761 -752 -752 -770 -770 -770 -761 -761 -752 -761 -761 -770 -761 -779 -761 -770 -761 -779 -761 -770 -770 -770 -770 -770 -770 -770 -761 -770 -761 -770 -761 -779 -788 -788 -779 -761 -788 -761 -752 -770 -761 -761 -770 -761 -761 -752 -752 -761 -752 -743 -743 -717 -743 -734 -752 -734 -725 -743 -761 -743 -725 -734 -734 -734 -725 -725 -725 -734 -743 -725 -725 -734 -743 -734 -743 -725 -725 -717 -717 -734 -734 -743
-930 -939 -938 -921 -903 -903 -921 -939 -921 -921 -912 -921 -912 -903 -903 -912 -894 -894 -903 -885 -885 -876 -885 -885 -867 -876 -867 -867 -850 -858 -858 -867 -850 -850 -867 -858 -841 -832 -841 -850 -850 -858 -850 -841 -867 -850 -867 -858 -850 -850 -850 -850 -858 -850 -850 -850 -850 -841 -858 -841 -850 -841 -850 -841 -841 -850 -841 -841 -841 -832 -832 -832 -841 -850 -823 -832 -841 -850 -823 -814 -823 -805 -823 -814 -823 -814 -823 -806 -796 -805 -814 -797 -805 -806 -814 -823 -806 -797 -814 -806 -805 -806 -805 -797 -788 -788 -788 -788 -806 -797 -788 -788 -797 -788 -788 -814 -779 -770 -779 -788 -779 -779 -779 -770 -770 -770 -752 -752 -770 -770 -788 -779 -779 -770 -770 -761 -770 -779 -779 -761 -761 -761 -761 -761 -761 -761 -761 -752 -761 -761 -779 -770 -752 -752 -743 -761 -752 -770 -752 -761 -752 -770 -752 -761 -752 -761 -734 -752 -743 -752 -752 -743 -743 -752 -761 -734 -743 -743 -743 -734 -752 -752 -743 -725 -734 -725 -725 -734 -743 -717 -734 -734 -708 -716 -734 -708 -725 -690 -708 -699 -717 -699 -708 -717 -716 -708 -716 -716 -699 -717 -717 -716 -708 -707 -708 -707 -716 -725 -725 -717 -725 -707 -725 -725 -717 -725 -725 -725 -708 -725 -717 -716 -708 -708 -716 -725 -708 -717 -717 -716 -708 -717 -690 -708 -716 -717 -708 -717 -716 -717 -725 -716 -717 -717 -717 -725 -743 -734 -725 -725 -734 -734 -717 -734 -725 -734 -734 -716 -734 -734 -725 -725 -734 -717 -716 -725 -717 -717 -725 -725 -725 -708 -734 -717 -743 -734 -708 -752 -734 -725 -734 -752 -761 -725 -725 -734 -734 -743 -725 -716 -752 -725 -752 -743 -734 -734 -716 -725 -725 -725 -725 -725 -725 -743 -743 -725 -734 -725 -743 -734 -752 -717 -743 -743 -743 -734 -725 -734 -734 -734 -725 -725 -734 -752 -752 -761 -761 -752 -734 -743 -752 -743 -734 -743 -734 -752 -752 -752 -743 -734 -743 -734 -752 -752 -734 -725 -743 -743 -752 -743 -734 -752 -770 -752 -752 -752 -752 -761 -752 -743 -779 -743 -761 -743 -752 -752 -761 -725 -743 -743 -761 -752 -743 -770 -743 -761 -743 -743 -743 -761 -770 -752 -761 -743 -770 -761 -752 -752 -761 -761 -779 -752 -743 -752 -743 -770 -770 -752 -752 -734 -752 -761 -734 -752 -770 -770 -770 -761 -761 -752 -761 -725 -743 -761 -761 -761 -761 -779 -770 -761 -761 -761 -761 -752 -761 -761 -761 -761 -761 -761 -779 -761 -770 -770 -761 -770 -752 -779 -770 -770 -806 -770 -779 -788 -788 -770 -770 -770 -761 -779 -770 -752 -788 -779 -752 -752 -761 -752 -734 -761 -761 -725 -743 -725 -743 -734 -716 -725 -743 -725 -725 -734 -725 -734 -725 -725 -716 -725 -725 -752 -725 -734 -743 -725 -717 -734 -734 -734 -734 -725 -734 -725 -743 -761 -752 -743 -734 -761 -752 -743 -761 -752
-912 -930 -885 -912 -903 -912 -903 -903 -903 -894 -894 -867 -885 -885 -885 -885 -894 -894 -858 -858 -867 -876 -858 -850 -858 -850 -858 -850 -858 -832 -841 -850 -850 -832 -858 -858 -850 -850 -858 -850 -841 -858 -850 -867 -867 -850 -841 -850 -858 -850 -841 -841 -850 -850 -850 -841 -850 -850 -832 -832 -850 -832 -850 -823 -832 -832 -850 -832 -841 -806 -823 -823 -832 -832 -841 -823 -823 -805 -806 -814 -797 -814 -814 -797 -814 -814 -806 -814 -806 -806 -823 -806 -788 -797 -806 -806 -806 -805 -797 -805 -797 -797 -823 -788 -797 -779 -779 -788 -770 -797 -797 -779 -779 -779 -770 -788 -770 -779 -761 -761 -770 -770 -752 -770 -779 -761 -752 -752 -752 -743 -752 -779 -770 -761 -770 -761 -761 -752 -770 -761 -752 -761 -761 -761 -752 -761 -752 -761 -761 -752 -752 -761 -743 -743 -761 -743 -761 -743 -725 -761 -743 -743 -761 -752 -752 -752 -734 -752 -752 -743 -752 -734 -752 -752 -761 -734 -725 -743 -743 -734 -734 -725 -734 -725 -717 -725 -717 -725 -717 -734 -717 -716 -716 -699 -699 -717 -708 -708 -681 -699 -707 -716 -717 -699 -725 -725 -734 -725 -716 -734 -734 -717 -717 -717 -734 -708 -717 -725 -725 -734 -734 -717 -725 -734 -717 -717 -708 -725 -708 -725 -708 -708 -725 -717 -708 -699 -717 -708 -717 -717 -716 -717 -717 -708 -725 -725 -734 -725 -734 -752 -743 -743 -725 -734 -734 -725 -725 -717 -708 -716 -734 -725 -725 -717 -725 -708 -717 -725 -717 -717 -717 -725 -716 -725 -734 -725 -725 -734 -734 -734 -717 -734 -717 -734 -725 -734 -717 -725 -734 -725 -752 -743 -725 -725 -725 -725 -734 -725 -725 -717 -752 -725 -725 -743 -725 -734 -734 -725 -734 -743 -725 -734 -734 -743 -725 -734 -752 -752 -743 -743 -725 -743 -734 -770 -743 -752 -752 -752 -743 -752 -734 -761 -734 -743 -743 -743 -752 -717 -717 -734 -717 -734 -734 -743 -761 -734 -752 -743 -725 -725 -761 -734 -752 -752 -743 -761 -752 -743 -752 -752 -770 -743 -752 -752 -752 -752 -743 -743 -752 -752 -734 -743 -743 -761 -752 -734 -761 -734 -743 -752 -752 -761 -743 -752 -752 -752 -761 -770 -761 -743 -752 -761 -761 -770 -743 -752 -761 -761 -743 -770 -770 -752 -752 -752 -743 -761 -752 -761 -743 -761 -752 -779 -752 -743 -761 -761 -770 -752 -761 -770 -761 -752 -770 -770 -770 -761 -770 -761 -752 -770 -761 -788 -761 -761 -770 -770 -779 -788 -770 -779 -779 -770 -779 -779 -761 -770 -761 -779 -770 -761 -761 -761 -770 -779 -770 -779 -770 -761 -743 -761 -725 -752 -752 -743 -743 -743 -752 -752 -743 -725 -734 -734 -725 -752 -734 -734 -743 -716 -716 -743 -725 -734 -743 -734 -734 -734 -743 -717 -725 -734 -717 -734 -716 -717 -734 -725 -743 -734 -725 -743 -752 -752 -752 -761 -752 -761 -743 -761 -752 -752 -761 -761
-894 -885 -903 -876 -876 -894 -876 -885 -867 -867 -850 -876 -867 -850 -850 -858 -858 -850 -850 -850 -850 -850 -858 -841 -850 -858 -858 -867 -867 -850 -858 -850 -850 -858 -858 -841 -850 -867 -850 -841 -832 -832 -832 -850 -841 -850 -832 -841 -850 -841 -823 -841 -841 -841 -841 -841 -841 -832 -841 -832 -832 -850 -823 -841 -814 -850 -814 -806 -814 -814 -814 -797 -823 -823 -797 -805 -797 -806 -814 -797 -806 -814 -788 -805 -797 -797 -779 -806 -797 -806 -806 -806 -805 -796 -797 -797 -770 -805 -797 -788 -788 -770 -788 -779 -788 -761 -770 -770 -779 -761 -770 -770 -788 -779 -770 -788 -761 -779 -752 -770 -761 -743 -752 -779 -770 -770 -770 -770 -761 -761 -761 -770 -761 -752 -761 -752 -752 -761 -761 -743 -761 -752 -752 -752 -761 -761 -752 -752 -761 -761 -752 -752 -761 -743 -761 -743 -752 -734 -743 -734 -734 -734 -743 -752 -743 -752 -761 -752 -743 -725 -734 -743 -716 -725 -734 -725 -717 -734 -716 -708 -708 -708 -734 -708 -717 -690 -717 -708 -708 -699 -708 -725 -708 -690 -699 -717 -725 -725 -708 -717 -716 -717 -717 -716 -716 -717 -725 -717 -717 -734 -707 -716 -717 -717 -734 -725 -716 -725 -717 -725 -716 -716 -725 -708 -708 -716 -717 -708 -717 -708 -725 -708 -725 -734 -725 -716 -725 -717 -717 -725 -717 -717 -743 -725 -725 -743 -734 -725 -716 -717 -734 -743 -734 -725 -734 -717 -717 -717 -717 -734 -717 -717 -717 -725 -725 -734 -734 -717 -717 -725 -717 -734 -725 -752 -743 -734 -752 -752 -734 -743 -752 -734 -734 -725 -734 -743 -725 -734 -734 -743 -725 -734 -725 -734 -743 -734 -725 -725 -717 -734 -734 -734 -725 -734 -734 -743 -725 -734 -725 -725 -734 -752 -752 -734 -752 -734 -743 -752 -717 -734 -734 -761 -761 -743 -743 -734 -761 -752 -743 -743 -743 -761 -734 -734 -734 -734 -743 -725 -743 -734 -725 -752 -743 -734 -761 -743 -734 -743 -752 -743 -761 -752 -752 -743 -761 -752 -770 -743 -752 -761 -743 -743 -761 -743 -743 -743 -752 -761 -761 -761 -734 -761 -770 -761 -743 -752 -770 -752 -770 -761 -761 -770 -761 -761 -761 -761 -779 -752 -752 -761 -770 -743 -743 -752 -734 -770 -770 -761 -779 -761 -752 -743 -761 -761 -770 -752 -788 -770 -770 -752 -770 -779 -761 -797 -779 -761 -761 -770 -770 -770 -779 -779 -779 -770 -779 -770 -761 -761 -770 -770 -761 -779 -797 -770 -761 -770 -761 -761 -761 -770 -770 -770 -761 -779 -761 -770 -743 -770 -743 -770 -770 -761 -761 -761 -743 -743 -734 -734 -743 -752 -752 -734 -725 -717 -752 -725 -734 -743 -725 -743 -743 -717 -743 -743 -734 -725 -743 -734 -725 -734 -717 -743 -725 -725 -734 -725 -743 -743 -743 -761 -752 -743 -761 -743 -761 -770 -752 -752 -761 -734 -743 -761 -743 -752 -761 -752 -743 -743 -725 -752 -743 -725
-867 -858 -867 -858 -876 -876 -858 -850 -867 -850 -858 -841 -858 -850 -858 -850 -858 -850 -867 -858 -850 -858 -858 -832 -858 -850 -850 -841 -867 -841 -850 -850 -850 -858 -823 -841 -858 -850 -858 -841 -850 -850 -841 -841 -841 -832 -841 -841 -841 -823 -832 -832 -823 -823 -832 -841 -832 -823 -814 -823 -823 -814 -832 -797 -814 -797 -805 -797 -806 -814 -797 -797 -806 -814 -814 -814 -788 -806 -797 -788 -806 -788 -788 -797 -797 -779 -814 -797 -788 -788 -788 -788 -779 -770 -788 -797 -788 -788 -788 -770 -779 -761 -779 -787 -752 -770 -761 -770 -752 -761 -770 -770 -779 -761 -752 -770 -770 -779 -797 -752 -770 -761 -770 -752 -761 -761 -770 -761 -770 -752 -752 -752 -770 -743 -761 -752 -752 -761 -761 -743 -743 -743 -734 -743 -752 -743 -752 -743 -752 -743 -752 -743 -725 -752 -743 -734 -752 -743 -743 -743 -717 -743 -743 -743 -734 -743 -716 -743 -743 -734 -725 -725 -716 -717 -717 -717 -699 -699 -690 -681 -716 -699 -717 -708 -699 -717 -708 -699 -725 -725 -716 -725 -707 -717 -725 -717 -725 -725 -717 -725 -717 -708 -717 -707 -734 -717 -717 -717 -717 -725 -708 -725 -717 -717 -752 -725 -716 -717 -725 -708 -699 -717 -725 -717 -717 -708 -708 -734 -725 -725 -717 -734 -734 -725 -725 -734 -734 -752 -734 -743 -708 -717 -734 -743 -734 -734 -716 -725 -716 -725 -708 -708 -725 -734 -717 -708 -708 -717 -708 -743 -743 -743 -699 -725 -734 -725 -734 -734 -725 -725 -717 -717 -734 -734 -725 -743 -725 -743 -734 -717 -716 -725 -717 -752 -734 -743 -743 -752 -717 -743 -743 -725 -743 -725 -734 -734 -743 -743 -725 -743 -743 -743 -752 -761 -734 -761 -752 -761 -743 -761 -743 -743 -761 -752 -743 -752 -743 -761 -725 -734 -734 -725 -743 -734 -734 -734 -743 -725 -725 -743 -725 -752 -734 -743 -752 -743 -743 -752 -743 -752 -761 -743 -743 -761 -752 -752 -752 -761 -761 -743 -743 -743 -743 -743 -752 -752 -752 -761 -743 -743 -752 -752 -752 -752 -734 -761 -752 -779 -752 -743 -761 -761 -761 -752 -761 -770 -743 -770 -770 -761 -743 -770 -743 -761 -761 -743 -761 -752 -779 -770 -761 -752 -770 -770 -761 -779 -761 -761 -761 -761 -743 -770 -770 -752 -752 -770 -770 -770 -752 -761 -752 -770 -761 -752 -779 -761 -752 -770 -788 -761 -770 -761 -761 -761 -770 -779 -779 -761 -779 -788 -779 -770 -761 -770 -761 -770 -761 -770 -761 -761 -752 -752 -752 -752 -752 -743 -743 -734 -743 -734 -752 -743 -752 -734 -734 -725 -725 -734 -743 -734 -752 -743 -725 -734 -725 -752 -725 -716 -734 -734 -725 -725 -725 -725 -743 -717 -743 -734 -734 -752 -734 -761 -734 -761 -761 -752 -734 -752 -743 -743 -761 -752 -761 -734 -761 -752 -752 -752 -743 -752 -734 -752 -734 -752 -725 -743 -743 -734 -743 -743 -743 -752
-850 -858 -858 -841 -858 -858 -850 -858 -841 -858 -841 -850 -850 -867 -858 -867 -850 -850 -850 -858 -850 -850 -850 -841 -841 -850 -850 -858 -850 -841 -832 -832 -867 -841 -858 -850 -841 -841 -850 -841 -841 -850 -850 -832 -850 -841 -814 -823 -823 -823 -832 -814 -814 -797 -814 -814 -806 -814 -806 -814 -797 -806 -806 -814 -814 -814 -797 -806 -797 -814 -806 -788 -806 -806 -814 -805 -779 -788 -805 -797 -788 -779 -779 -770 -770 -788 -788 -779 -770 -779 -761 -779 -779 -770 -788 -770 -752 -779 -752 -779 -770 -761 -761 -752 -761 -761 -779 -752 -761 -761 -752 -752 -752 -770 -770 -752 -770 -761 -752 -743 -770 -761 -770 -770 -770 -761 -779 -752 -752 -770 -752 -743 -743 -743 -734 -734 -752 -752 -770 -761 -734 -743 -725 -725 -761 -734 -752 -752 -717 -752 -743 -734 -752 -725 -717 -708 -734 -725 -734 -716 -725 -716 -716 -708 -716 -716 -708 -690 -699 -708 -717 -717 -699 -717 -690 -707 -716 -716 -717 -717 -717 -708 -716 -734 -708 -699 -725 -734 -717 -708 -717 -725 -743 -725 -716 -734 -717 -717 -725 -734 -717 -717 -717 -725 -725 -716 -725 -717 -725 -708 -743 -717 -707 -717 -708 -717 -725 -725 -725 -734 -725 -725 -717 -734 -717 -743 -743 -725 -743 -725 -734 -725 -725 -734 -725 -734 -717 -734 -717 -734 -734 -743 -708 -725 -707 -717 -708 -725 -717 -716 -725 -743 -734 -717 -725 -734 -708 -725 -717 -734 -734 -734 -752 -734 -725 -725 -743 -734 -743 -734 -734 -717 -743 -752 -725 -743 -725 -725 -752 -725 -734 -725 -734 -734 -725 -725 -734 -743 -725 -752 -725 -725 -743 -743 -743 -725 -761 -752 -752 -761 -725 -770 -743 -761 -734 -752 -743 -752 -734 -752 -752 -743 -761 -725 -734 -761 -725 -743 -752 -752 -743 -743 -752 -743 -752 -743 -743 -734 -770 -743 -761 -752 -752 -752 -752 -752 -743 -761 -743 -752 -734 -752 -761 -743 -743 -743 -725 -752 -752 -752 -743 -752 -743 -743 -761 -752 -770 -761 -770 -743 -743 -779 -761 -752 -761 -770 -761 -770 -743 -761 -770 -770 -752 -752 -743 -779 -743 -752 -770 -761 -770 -734 -752 -770 -752 -761 -743 -779 -761 -752 -761 -779 -752 -779 -761 -770 -761 -743 -761 -752 -770 -770 -770 -770 -761 -779 -770 -752 -779 -770 -743 -761 -788 -770 -779 -770 -770 -779 -779 -779 -770 -770 -761 -770 -779 -752 -779 -761 -761 -770 -779 -761 -761 -779 -752 -752 -752 -743 -761 -752 -734 -743 -743 -734 -734 -743 -752 -725 -743 -725 -725 -725 -725 -734 -725 -734 -725 -725 -725 -734 -725 -725 -734 -743 -725 -752 -761 -725 -734 -734 -743 -743 -725 -743 -743 -743 -761 -725 -752 -743 -761 -752 -752 -752 -752 -752 -761 -743 -734 -734 -752 -743 -752 -725 -734 -734 -743 -743 -734 -734 -752 -717 -761 -752 -752 -770 -752 -743 -761 -761 -770 -761
-858 -858 -841 -850 -858 -850 -858 -858 -858 -858 -858 -858 -850 -858 -850 -841 -867 -841 -850 -850 -850 -850 -841 -823 -823 -841 -850 -841 -841 -841 -832 -832 -832 -850 -850 -841 -832 -823 -814 -841 -814 -841 -814 -823 -806 -814 -823 -823 -814 -823 -823 -796 -797 -788 -797 -797 -797 -805 -814 -814 -823 -806 -814 -797 -806 -823 -806 -797 -797 -797 -779 -806 -788 -805 -788 -797 -770 -779 -761 -779 -788 -770 -788 -779 -761 -752 -770 -770 -788 -770 -788 -770 -761 -779 -779 -761 -770 -770 -752 -770 -770 -752 -761 -761 -761 -761 -752 -752 -752 -779 -770 -761 -752 -752 -761 -743 -761 -770 -752 -761 -761 -743 -752 -752 -734 -734 -761 -743 -761 -734 -743 -761 -743 -752 -743 -734 -752 -752 -752 -752 -752 -743 -752 -743 -743 -725 -743 -725 -761 -725 -734 -743 -716 -734 -725 -717 -725 -734 -717 -708 -717 -717 -707 -699 -699 -698 -699 -716 -725 -725 -725 -717 -708 -725 -725 -717 -752 -734 -743 -734 -725 -725 -725 -743 -725 -716 -725 -717 -725 -734 -725 -725 -725 -717 -725 -725 -708 -708 -734 -708 -699 -707 -717 -725 -708 -734 -717 -716 -708 -717 -716 -734 -734 -725 -734 -734 -734 -716 -725 -708 -716 -743 -743 -734 -734 -743 -743 -743 -734 -734 -734 -717 -743 -725 -717 -717 -734 -725 -725 -725 -743 -725 -725 -734 -725 -734 -717 -725 -734 -734 -725 -734 -725 -734 -743 -725 -734 -725 -752 -743 -734 -734 -734 -743 -734 -717 -717 -734 -717 -725 -734 -743 -734 -734 -734 -743 -734 -725 -725 -752 -725 -725 -761 -743 -752 -734 -743 -734 -734 -752 -743 -734 -725 -743 -752 -752 -725 -752 -752 -761 -743 -734 -725 -734 -743 -743 -743 -743 -743 -752 -752 -743 -743 -725 -734 -734 -752 -743 -761 -743 -725 -752 -752 -761 -761 -761 -761 -725 -752 -761 -761 -743 -761 -761 -761 -752 -743 -761 -752 -752 -770 -752 -752 -752 -752 -743 -752 -761 -743 -761 -761 -761 -752 -752 -770 -761 -761 -752 -752 -752 -761 -761 -779 -752 -743 -752 -761 -752 -761 -761 -752 -752 -743 -743 -752 -770 -743 -752 -752 -770 -761 -761 -770 -752 -761 -761 -770 -770 -770 -770 -752 -770 -761 -761 -779 -770 -761 -779 -770 -761 -752 -761 -779 -779 -779 -761 -770 -761 -770 -761 -779 -761 -761 -761 -770 -770 -770 -779 -787 -779 -779 -779 -752 -779 -770 -743 -761 -743 -734 -752 -743 -752 -725 -743 -734 -734 -734 -734 -743 -752 -725 -734 -734 -761 -743 -743 -734 -743 -717 -734 -717 -734 -743 -725 -725 -743 -725 -734 -734 -752 -743 -743 -743 -743 -743 -752 -743 -752 -743 -743 -752 -761 -752 -761 -743 -743 -761 -752 -734 -743 -752 -752 -743 -743 -752 -734 -752 -743 -734 -743 -743 -734 -743 -725 -743 -752 -743 -761 -752 -761 -770 -788 -752 -770 -770 -779 -779 -761 -787 -788 -788 -797
-841 -867 -841 -850 -850 -858 -867 -867 -876 -858 -841 -858 -850 -841 -858 -832 -858 -841 -832 -858 -858 -841 -841 -823 -841 -850 -841 -814 -832 -814 -841 -806 -814 -806 -823 -823 -814 -823 -806 -814 -806 -814 -806 -814 -797 -805 -806 -823 -806 -823 -787 -796 -814 -797 -788 -788 -806 -823 -797 -814 -788 -788 -797 -806 -788 -797 -788 -788 -770 -779 -788 -779 -779 -770 -806 -761 -779 -770 -779 -761 -761 -770 -761 -797 -770 -761 -779 -779 -770 -770 -770 -761 -752 -779 -761 -761 -752 -761 -779 -779 -761 -779 -752 -761 -779 -743 -761 -770 -761 -761 -752 -743 -743 -743 -779 -761 -752 -752 -752 -761 -743 -734 -734 -761 -743 -743 -752 -752 -752 -743 -752 -752 -743 -743 -734 -761 -743 -734 -752 -725 -717 -743 -725 -725 -725 -725 -717 -717 -708 -717 -716 -716 -717 -708 -717 -707 -708 -716 -708 -725 -708 -708 -717 -716 -717 -716 -708 -717 -725 -717 -716 -734 -725 -743 -725 -725 -717 -725 -725 -717 -725 -717 -725 -725 -717 -743 -725 -716 -708 -708 -717 -725 -717 -707 -725 -708 -725 -725 -708 -717 -717 -725 -717 -717 -708 -743 -734 -708 -761 -716 -725 -734 -743 -743 -725 -725 -743 -725 -725 -734 -743 -717 -734 -725 -716 -734 -717 -734 -717 -725 -717 -725 -734 -717 -725 -734 -717 -734 -734 -716 -734 -734 -725 -725 -752 -725 -743 -752 -734 -725 -752 -752 -725 -752 -743 -734 -725 -725 -734 -743 -725 -725 -743 -725 -743 -725 -716 -734 -752 -725 -717 -734 -734 -734 -734 -761 -752 -752 -734 -752 -761 -734 -761 -743 -734 -743 -761 -734 -743 -743 -743 -725 -734 -761 -743 -743 -734 -752 -734 -725 -734 -743 -743 -734 -743 -752 -734 -717 -743 -734 -752 -761 -761 -752 -761 -752 -743 -752 -761 -743 -761 -761 -752 -752 -761 -743 -761 -752 -752 -734 -761 -743 -761 -761 -752 -761 -752 -752 -761 -743 -743 -752 -761 -752 -752 -761 -752 -770 -761 -770 -761 -770 -770 -770 -770 -761 -752 -752 -761 -752 -779 -761 -761 -761 -734 -761 -761 -761 -761 -761 -761 -770 -770 -770 -761 -761 -779 -779 -779 -761 -761 -752 -761 -779 -761 -770 -770 -770 -761 -770 -761 -761 -761 -761 -770 -770 -779 -770 -770 -770 -770 -770 -770 -770 -761 -770 -779 -761 -761 -752 -770 -770 -761 -779 -770 -761 -743 -761 -779 -770 -752 -743 -752 -734 -725 -743 -734 -743 -725 -761 -725 -716 -743 -734 -717 -725 -725 -725 -725 -743 -734 -725 -752 -717 -725 -734 -717 -743 -725 -743 -725 -734 -743 -734 -743 -734 -743 -752 -734 -743 -761 -752 -761 -761 -761 -743 -752 -743 -743 -770 -752 -743 -761 -725 -743 -752 -734 -725 -734 -734 -725 -717 -743 -752 -752 -743 -743 -734 -752 -761 -743 -761 -743 -761 -761 -761 -761 -779 -770 -788 -779 -779 -806 -779 -788 -806 -814 -814 -805 -797 -806 -805
-850 -850 -850 -858 -841 -832 -841 -850 -850 -841 -841 -832 -867 -841 -841 -832 -823 -850 -823 -823 -832 -814 -814 -823 -806 -823 -806 -823 -788 -823 -814 -814 -797 -788 -806 -806 -797 -797 -814 -814 -797 -797 -814 -797 -814 -805 -788 -797 -797 -823 -797 -797 -806 -806 -788 -788 -806 -796 -797 -788 -814 -779 -788 -779 -779 -779 -770 -787 -770 -770 -770 -761 -770 -770 -761 -770 -761 -770 -743 -779 -752 -752 -752 -761 -761 -752 -761 -761 -779 -761 -770 -779 -770 -770 -761 -761 -761 -752 -761 -761 -752 -761 -761 -752 -761 -752 -752 -743 -743 -743 -761 -761 -752 -761 -761 -743 -761 -743 -734 -752 -725 -752 -743 -743 -734 -734 -734 -743 -752 -752 -743 -725 -734 -743 -725 -717 -734 -717 -717 -717 -708 -716 -717 -708 -717 -708 -708 -690 -717 -717 -699 -699 -725 -717 -734 -717 -717 -708 -717 -734 -717 -717 -752 -725 -734 -708 -725 -717 -725 -716 -708 -717 -717 -708 -725 -717 -708 -717 -734 -716 -708 -725 -717 -708 -716 -717 -707 -716 -717 -708 -725 -734 -725 -717 -725 -743 -734 -716 -725 -734 -725 -717 -743 -743 -734 -717 -752 -734 -734 -734 -743 -734 -734 -734 -717 -725 -725 -725 -734 -725 -734 -717 -717 -725 -716 -717 -734 -717 -716 -725 -743 -734 -717 -725 -725 -743 -734 -725 -743 -725 -725 -743 -743 -734 -725 -725 -725 -752 -734 -725 -725 -734 -734 -725 -752 -734 -743 -752 -725 -743 -734 -734 -734 -734 -725 -743 -743 -734 -743 -734 -752 -743 -734 -725 -734 -752 -734 -734 -752 -761 -743 -734 -752 -752 -734 -743 -725 -734 -743 -725 -725 -725 -725 -734 -752 -761 -734 -752 -743 -761 -761 -717 -743 -734 -743 -743 -761 -752 -752 -770 -743 -761 -752 -761 -761 -761 -752 -752 -752 -752 -761 -743 -752 -752 -761 -761 -761 -743 -752 -752 -752 -761 -761 -752 -761 -761 -770 -770 -770 -761 -752 -770 -761 -761 -779 -761 -743 -761 -761 -752 -770 -752 -761 -761 -752 -770 -761 -761 -752 -761 -743 -743 -788 -770 -761 -761 -752 -761 -761 -743 -770 -761 -761 -752 -770 -770 -761 -752 -779 -779 -761 -770 -788 -761 -752 -770 -770 -779 -797 -770 -779 -761 -770 -761 -752 -761 -770 -779 -788 -761 -788 -770 -752 -796 -779 -779 -770 -770 -761 -752 -752 -761 -770 -752 -752 -734 -743 -734 -743 -752 -734 -734 -734 -734 -743 -725 -743 -734 -734 -717 -725 -716 -716 -725 -725 -725 -743 -725 -743 -734 -717 -734 -717 -725 -752 -734 -752 -743 -734 -761 -752 -734 -752 -761 -752 -752 -761 -761 -761 -752 -752 -743 -743 -743 -752 -743 -752 -743 -743 -752 -752 -743 -725 -734 -752 -743 -743 -761 -761 -734 -743 -761 -761 -752 -761 -770 -761 -770 -770 -770 -770 -797 -770 -788 -788 -805 -797 -797 -814 -805 -814 -797 -797 -806 -806 -814 -814 -814 -823 -797 -797 -806
-841 -841 -841 -850 -850 -858 -841 -841 -832 -850 -841 -841 -850 -841 -823 -832 -814 -814 -832 -814 -823 -814 -805 -814 -823 -806 -805 -823 -814 -805 -823 -814 -814 -797 -805 -797 -797 -814 -814 -805 -797 -806 -797 -788 -779 -806 -797 -788 -806 -779 -788 -788 -779 -788 -788 -797 -779 -770 -770 -779 -770 -779 -752 -788 -752 -761 -779 -770 -770 -761 -770 -770 -761 -770 -779 -752 -761 -761 -761 -770 -761 -770 -761 -770 -752 -779 -770 -761 -752 -770 -743 -752 -761 -752 -770 -761 -761 -734 -752 -734 -743 -761 -761 -752 -743 -752 -734 -743 -734 -752 -734 -761 -752 -752 -734 -734 -752 -734 -761 -725 -734 -743 -761 -725 -743 -734 -717 -725 -725 -717 -725 -717 -725 -717 -717 -708 -708 -708 -708 -717 -690 -725 -699 -717 -708 -725 -708 -699 -708 -699 -734 -708 -717 -725 -734 -734 -717 -725 -734 -743 -725 -717 -734 -725 -717 -717 -725 -725 -725 -717 -717 -717 -725 -716 -716 -717 -717 -707 -708 -699 -725 -716 -717 -734 -717 -716 -725 -717 -725 -734 -717 -743 -743 -725 -743 -743 -725 -761 -717 -734 -734 -725 -734 -734 -725 -717 -743 -743 -734 -717 -725 -725 -717 -743 -734 -717 -708 -725 -725 -725 -734 -717 -743 -725 -725 -725 -734 -734 -725 -734 -717 -734 -734 -725 -725 -734 -734 -734 -734 -761 -752 -717 -708 -734 -743 -734 -734 -725 -734 -725 -734 -752 -743 -734 -734 -717 -734 -752 -752 -734 -752 -743 -752 -761 -752 -743 -752 -752 -761 -743 -743 -743 -743 -743 -752 -743 -743 -743 -743 -734 -743 -743 -734 -743 -743 -743 -761 -734 -761 -743 -743 -752 -725 -761 -734 -743 -761 -752 -761 -752 -752 -743 -761 -743 -761 -734 -752 -752 -761 -770 -752 -734 -752 -761 -761 -761 -752 -743 -752 -743 -752 -779 -761 -770 -752 -770 -761 -752 -761 -752 -761 -734 -761 -761 -779 -779 -752 -752 -761 -761 -761 -779 -761 -743 -761 -779 -752 -752 -761 -743 -761 -788 -743 -752 -752 -761 -779 -752 -770 -752 -770 -761 -752 -761 -752 -761 -770 -761 -770 -761 -770 -752 -770 -761 -752 -761 -770 -770 -779 -761 -761 -770 -770 -770 -761 -779 -761 -770 -788 -761 -779 -770 -770 -770 -761 -770 -779 -770 -770 -761 -743 -770 -734 -761 -761 -743 -761 -761 -743 -734 -761 -743 -761 -725 -743 -743 -743 -716 -725 -743 -725 -734 -734 -734 -734 -725 -725 -725 -725 -734 -743 -725 -752 -761 -716 -743 -761 -734 -725 -752 -743 -743 -752 -725 -743 -752 -752 -752 -743 -752 -761 -752 -752 -743 -743 -752 -725 -761 -752 -761 -743 -734 -743 -734 -734 -743 -725 -743 -717 -734 -743 -743 -743 -761 -752 -761 -752 -761 -761 -761 -779 -761 -788 -770 -788 -797 -779 -788 -779 -814 -788 -788 -806 -823 -788 -806 -832 -806 -797 -806 -797 -814 -806 -814 -805 -805 -814 -806 -788 -805 -814 -814
-832 -841 -850 -841 -832 -823 -814 -823 -814 -814 -814 -823 -814 -823 -823 -806 -806 -797 -806 -823 -806 -797 -823 -797 -806 -797 -814 -788 -797 -788 -797 -806 -806 -797 -787 -814 -814 -797 -797 -797 -797 -779 -788 -770 -761 -797 -788 -770 -779 -779 -797 -770 -788 -770 -770 -770 -779 -779 -770 -770 -761 -770 -770 -761 -761 -761 -770 -770 -788 -761 -779 -770 -770 -752 -770 -761 -761 -779 -761 -752 -743 -734 -761 -761 -761 -752 -752 -770 -761 -770 -734 -752 -752 -770 -743 -752 -734 -743 -743 -752 -743 -752 -752 -752 -734 -761 -752 -743 -743 -761 -734 -770 -752 -743 -725 -734 -752 -725 -716 -725 -725 -717 -725 -717 -717 -707 -717 -717 -699 -717 -708 -708 -699 -708 -708 -699 -716 -717 -708 -725 -717 -725 -716 -743 -716 -725 -717 -725 -734 -717 -743 -743 -734 -725 -725 -725 -717 -725 -716 -734 -716 -725 -717 -717 -717 -734 -743 -743 -708 -717 -708 -717 -716 -699 -725 -716 -708 -716 -716 -717 -743 -716 -725 -725 -717 -734 -725 -734 -734 -734 -734 -734 -743 -717 -725 -734 -716 -734 -717 -717 -708 -734 -716 -725 -699 -734 -717 -708 -725 -734 -725 -708 -734 -725 -725 -752 -734 -734 -734 -743 -717 -734 -725 -725 -734 -743 -743 -717 -734 -708 -725 -743 -734 -743 -725 -717 -734 -725 -725 -743 -708 -725 -725 -734 -743 -743 -725 -734 -743 -725 -717 -743 -743 -734 -752 -743 -743 -761 -752 -734 -743 -752 -752 -743 -734 -734 -752 -752 -752 -734 -743 -734 -743 -752 -743 -752 -725 -761 -734 -734 -743 -725 -725 -752 -734 -743 -761 -743 -752 -761 -734 -752 -743 -734 -752 -761 -752 -734 -752 -761 -752 -743 -761 -761 -752 -761 -717 -752 -752 -761 -743 -743 -752 -734 -725 -761 -743 -770 -743 -752 -752 -752 -779 -770 -770 -743 -761 -761 -761 -770 -761 -779 -752 -743 -752 -752 -761 -734 -761 -752 -761 -770 -761 -752 -752 -761 -761 -761 -770 -752 -770 -752 -752 -761 -770 -770 -761 -752 -761 -761 -770 -752 -761 -788 -770 -761 -761 -752 -770 -761 -761 -761 -752 -770 -770 -770 -788 -761 -770 -752 -770 -779 -770 -779 -770 -761 -770 -779 -770 -770 -752 -761 -770 -752 -779 -770 -761 -743 -752 -761 -752 -743 -725 -725 -725 -734 -734 -725 -734 -725 -717 -725 -743 -734 -725 -725 -734 -725 -725 -725 -717 -708 -716 -725 -734 -725 -743 -743 -752 -725 -761 -743 -725 -734 -717 -752 -734 -743 -743 -761 -734 -761 -752 -779 -743 -734 -743 -743 -761 -743 -743 -734 -734 -725 -725 -734 -743 -734 -743 -734 -734 -717 -761 -761 -752 -752 -752 -761 -761 -761 -770 -761 -761 -770 -770 -779 -770 -779 -805 -788 -805 -806 -788 -814 -823 -806 -806 -805 -805 -806 -823 -806 -814 -814 -823 -823 -806 -814 -814 -806 -805 -796 -806 -806 -823 -823 -806 -823 -823 -806 -814 -797
-832 -823 -832 -823 -823 -823 -814 -805 -805 -805 -797 -823 -814 -814 -806 -823 -823 -806 -806 -806 -814 -797 -806 -805 -797 -797 -814 -806 -797 -779 -797 -788 -797 -788 -797 -806 -797 -779 -788 -779 -770 -779 -761 -770 -761 -770 -761 -761 -761 -761 -797 -779 -761 -761 -761 -761 -770 -770 -770 -761 -761 -761 -770 -752 -761 -752 -761 -761 -761 -770 -770 -752 -770 -770 -743 -761 -761 -752 -761 -743 -743 -761 -761 -770 -752 -725 -761 -761 -761 -761 -752 -752 -752 -725 -752 -752 -761 -734 -743 -734 -761 -734 -743 -734 -752 -743 -743 -725 -743 -743 -725 -725 -743 -743 -717 -716 -717 -725 -752 -716 -708 -690 -708 -717 -725 -708 -708 -725 -725 -708 -708 -690 -716 -725 -716 -717 -717 -725 -708 -725 -717 -725 -716 -717 -725 -717 -725 -708 -725 -725 -717 -734 -725 -734 -708 -708 -717 -717 -725 -707 -717 -708 -717 -708 -708 -699 -725 -725 -725 -734 -734 -725 -717 -734 -725 -743 -734 -734 -725 -725 -734 -717 -734 -725 -743 -725 -717 -725 -743 -725 -725 -716 -717 -725 -734 -743 -717 -717 -725 -717 -725 -725 -725 -743 -725 -734 -725 -725 -734 -708 -725 -761 -725 -717 -725 -743 -734 -734 -743 -743 -725 -734 -743 -743 -708 -743 -734 -734 -743 -725 -725 -734 -734 -725 -717 -725 -725 -743 -743 -752 -743 -734 -734 -725 -734 -743 -761 -752 -734 -752 -761 -752 -743 -734 -743 -734 -743 -743 -752 -743 -743 -743 -734 -734 -734 -725 -734 -743 -752 -725 -734 -734 -752 -752 -752 -752 -743 -752 -743 -761 -761 -761 -752 -752 -770 -752 -752 -761 -761 -734 -752 -752 -752 -752 -779 -761 -752 -761 -734 -752 -743 -752 -761 -752 -761 -752 -752 -752 -752 -743 -761 -761 -752 -761 -752 -761 -743 -752 -770 -752 -761 -761 -770 -752 -761 -761 -761 -743 -761 -743 -752 -770 -752 -770 -761 -743 -761 -761 -743 -761 -770 -743 -761 -761 -761 -770 -752 -779 -761 -761 -761 -752 -761 -752 -770 -779 -770 -761 -797 -770 -779 -770 -770 -770 -797 -761 -779 -770 -761 -770 -761 -770 -761 -770 -770 -779 -761 -779 -770 -779 -770 -770 -788 -761 -779 -761 -752 -770 -761 -725 -743 -734 -743 -761 -752 -743 -743 -734 -734 -734 -743 -734 -743 -725 -734 -752 -743 -734 -734 -725 -725 -725 -725 -725 -725 -734 -725 -716 -716 -725 -734 -734 -743 -725 -743 -725 -743 -752 -752 -743 -734 -752 -743 -761 -752 -761 -752 -743 -761 -770 -743 -743 -734 -743 -743 -761 -734 -716 -734 -734 -752 -743 -734 -725 -734 -734 -734 -752 -752 -743 -752 -770 -752 -761 -779 -770 -761 -761 -779 -770 -788 -788 -806 -797 -805 -806 -806 -788 -814 -806 -796 -823 -797 -805 -806 -806 -796 -814 -805 -806 -814 -805 -806 -806 -806 -814 -806 -806 -797 -814 -814 -805 -814 -806 -797 -814 -797 -797 -806 -823 -806 -806
-823 -805 -814 -814 -814 -823 -814 -823 -806 -806 -823 -788 -805 -797 -814 -797 -796 -797 -814 -806 -797 -770 -797 -797 -779 -779 -805 -788 -779 -770 -779 -779 -788 -770 -797 -779 -761 -770 -779 -770 -788 -770 -770 -770 -770 -752 -770 -788 -761 -752 -770 -779 -770 -761 -770 -761 -752 -761 -770 -770 -779 -752 -761 -761 -761 -752 -770 -734 -761 -761 -752 -752 -761 -761 -761 -761 -761 -752 -761 -734 -770 -752 -743 -752 -743 -752 -752 -743 -734 -752 -734 -752 -752 -734 -743 -770 -752 -743 -743 -725 -743 -752 -734 -734 -743 -717 -716 -725 -699 -716 -708 -717 -717 -717 -725 -716 -717 -717 -716 -708 -708 -717 -717 -725 -725 -725 -717 -725 -717 -734 -725 -725 -716 -725 -717 -716 -708 -725 -743 -725 -716 -725 -708 -699 -717 -725 -725 -717 -734 -725 -699 -725 -725 -725 -717 -708 -725 -725 -716 -690 -716 -716 -725 -716 -725 -725 -734 -725 -725 -717 -734 -716 -752 -725 -717 -716 -725 -725 -752 -725 -734 -734 -717 -717 -725 -725 -725 -717 -708 -717 -716 -716 -725 -743 -725 -725 -725 -725 -743 -717 -734 -725 -725 -743 -743 -734 -734 -743 -717 -743 -752 -725 -734 -743 -725 -734 -734 -752 -725 -717 -734 -725 -734 -717 -734 -743 -734 -725 -752 -752 -734 -734 -743 -743 -725 -752 -734 -752 -725 -743 -743 -725 -743 -752 -743 -752 -752 -743 -761 -734 -743 -725 -743 -752 -743 -752 -752 -752 -734 -761 -734 -770 -743 -734 -743 -752 -734 -761 -752 -761 -761 -761 -752 -734 -761 -761 -761 -752 -761 -761 -734 -743 -752 -752 -761 -761 -743 -761 -752 -752 -752 -752 -734 -752 -752 -761 -752 -743 -743 -770 -761 -743 -752 -752 -770 -752 -779 -761 -761 -761 -761 -761 -752 -788 -770 -779 -761 -770 -788 -761 -761 -761 -761 -743 -752 -770 -734 -752 -761 -761 -770 -770 -761 -770 -761 -761 -770 -770 -761 -770 -770 -761 -761 -761 -761 -788 -761 -761 -778 -770 -779 -761 -770 -779 -788 -761 -770 -779 -779 -779 -770 -788 -770 -761 -752 -779 -770 -788 -770 -770 -770 -761 -761 -788 -761 -761 -770 -779 -770 -743 -761 -752 -761 -752 -734 -734 -743 -743 -734 -725 -734 -734 -743 -717 -734 -743 -725 -734 -725 -734 -717 -725 -725 -734 -734 -716 -725 -717 -734 -734 -743 -734 -717 -752 -743 -761 -734 -743 -752 -734 -761 -752 -752 -734 -752 -743 -752 -743 -725 -743 -734 -761 -752 -752 -734 -743 -752 -725 -752 -752 -743 -743 -734 -743 -752 -743 -743 -743 -761 -743 -752 -743 -761 -752 -770 -761 -761 -761 -779 -761 -788 -770 -797 -788 -806 -805 -814 -797 -788 -823 -814 -806 -832 -814 -814 -805 -814 -823 -797 -806 -814 -797 -797 -823 -814 -814 -814 -823 -805 -797 -814 -823 -814 -823 -823 -814 -797 -823 -806 -814 -797 -814 -814 -814 -832 -814 -832 -823 -832 -814 -823 -823
-814 -797 -806 -814 -823 -806 -788 -806 -797 -779 -797 -806 -805 -796 -788 -806 -797 -797 -788 -779 -788 -779 -788 -788 -788 -788 -797 -770 -761 -779 -779 -770 -770 -752 -770 -770 -770 -779 -779 -761 -770 -761 -761 -770 -761 -761 -761 -761 -770 -761 -752 -752 -761 -770 -761 -743 -752 -752 -734 -761 -752 -761 -770 -752 -761 -770 -743 -761 -743 -734 -743 -752 -743 -752 -743 -761 -743 -743 -725 -752 -752 -734 -752 -752 -743 -734 -743 -734 -743 -725 -725 -752 -734 -725 -752 -734 -725 -717 -725 -725 -708 -708 -725 -708 -725 -716 -708 -699 -707 -690 -699 -708 -699 -699 -716 -717 -699 -725 -716 -734 -717 -725 -725 -725 -725 -725 -717 -717 -717 -734 -725 -716 -734 -699 -708 -725 -725 -708 -734 -708 -708 -725 -717 -734 -708 -708 -717 -708 -716 -734 -725 -716 -717 -708 -717 -708 -716 -725 -734 -743 -717 -725 -743 -725 -717 -725 -734 -734 -725 -725 -743 -725 -743 -725 -734 -734 -743 -717 -725 -716 -725 -716 -725 -734 -725 -725 -725 -734 -716 -717 -716 -734 -717 -734 -743 -743 -734 -717 -752 -743 -725 -734 -734 -734 -734 -725 -752 -743 -734 -734 -752 -743 -734 -734 -743 -734 -725 -725 -743 -734 -734 -743 -725 -734 -725 -725 -734 -734 -761 -743 -752 -743 -752 -734 -752 -752 -752 -752 -743 -743 -752 -743 -734 -761 -743 -752 -725 -725 -752 -752 -743 -761 -734 -743 -743 -734 -743 -725 -734 -734 -743 -743 -734 -752 -743 -752 -761 -743 -743 -752 -761 -743 -752 -761 -752 -743 -743 -752 -761 -743 -734 -752 -752 -761 -752 -752 -743 -743 -743 -761 -752 -761 -761 -761 -743 -761 -752 -761 -752 -761 -752 -761 -770 -770 -752 -752 -761 -752 -761 -761 -770 -761 -752 -752 -752 -743 -752 -770 -761 -770 -761 -770 -752 -752 -770 -752 -761 -761 -770 -761 -797 -761 -788 -779 -779 -752 -761 -770 -770 -761 -752 -761 -788 -752 -770 -752 -770 -779 -770 -761 -761 -770 -779 -770 -761 -779 -761 -770 -752 -779 -788 -770 -770 -761 -761 -761 -752 -779 -761 -779 -743 -752 -761 -752 -761 -743 -743 -734 -717 -734 -734 -717 -717 -752 -734 -734 -717 -717 -725 -752 -734 -743 -743 -761 -734 -734 -734 -734 -743 -716 -734 -734 -717 -743 -725 -734 -743 -725 -725 -743 -752 -761 -734 -752 -761 -743 -770 -770 -743 -761 -752 -761 -743 -779 -743 -743 -761 -761 -752 -752 -761 -734 -752 -752 -734 -743 -752 -752 -734 -743 -752 -734 -743 -761 -761 -770 -752 -761 -761 -779 -788 -770 -788 -788 -770 -806 -797 -806 -797 -788 -779 -806 -797 -814 -805 -814 -788 -823 -806 -806 -797 -805 -814 -814 -814 -796 -806 -806 -806 -797 -823 -788 -805 -805 -806 -788 -806 -805 -806 -823 -806 -814 -814 -823 -806 -814 -806 -814 -823 -823 -823 -814 -832 -832 -823 -841 -823 -832 -841 -850 -850 -850
-814 -796 -806 -779 -788 -788 -797 -797 -797 -779 -788 -788 -761 -788 -779 -788 -779 -779 -779 -788 -770 -770 -761 -770 -770 -743 -761 -770 -761 -770 -761 -779 -770 -761 -761 -770 -761 -761 -761 -761 -770 -788 -743 -752 -752 -761 -761 -761 -752 -752 -752 -761 -761 -743 -761 -752 -752 -752 -743 -761 -770 -761 -752 -752 -761 -752 -752 -761 -743 -743 -752 -743 -743 -743 -743 -743 -743 -752 -752 -734 -752 -743 -743 -743 -752 -734 -734 -734 -725 -725 -734 -725 -717 -725 -699 -708 -708 -708 -717 -717 -699 -717 -716 -725 -716 -708 -717 -717 -708 -699 -716 -725 -717 -717 -717 -725 -717 -716 -725 -717 -734 -708 -734 -725 -717 -717 -717 -717 -725 -725 -699 -717 -716 -717 -717 -708 -717 -717 -725 -716 -717 -725 -708 -717 -725 -725 -708 -725 -725 -725 -725 -734 -743 -717 -734 -717 -734 -725 -752 -725 -743 -725 -734 -725 -743 -725 -708 -725 -716 -734 -734 -725 -743 -725 -725 -716 -734 -708 -708 -725 -743 -717 -725 -708 -725 -717 -717 -734 -717 -743 -725 -734 -734 -734 -725 -734 -743 -725 -743 -734 -743 -725 -725 -734 -725 -743 -734 -734 -716 -734 -743 -734 -725 -752 -734 -725 -734 -734 -743 -743 -743 -743 -743 -743 -734 -734 -752 -743 -734 -752 -752 -743 -743 -734 -752 -734 -743 -734 -743 -743 -734 -725 -752 -743 -734 -743 -743 -734 -770 -734 -717 -725 -743 -734 -752 -761 -743 -743 -752 -743 -752 -761 -761 -734 -761 -752 -752 -752 -761 -743 -717 -752 -752 -761 -734 -743 -734 -743 -788 -743 -743 -761 -752 -752 -752 -752 -761 -770 -752 -761 -770 -770 -761 -752 -761 -743 -770 -761 -752 -752 -770 -770 -770 -770 -761 -761 -761 -752 -761 -770 -761 -752 -752 -770 -752 -761 -752 -734 -761 -761 -770 -761 -752 -770 -761 -770 -761 -761 -761 -761 -752 -752 -761 -779 -761 -743 -761 -761 -761 -761 -761 -761 -779 -761 -770 -761 -770 -779 -770 -770 -761 -761 -788 -779 -761 -788 -788 -770 -761 -761 -788 -770 -743 -770 -752 -779 -752 -734 -743 -734 -734 -734 -752 -734 -708 -725 -717 -734 -725 -717 -734 -743 -717 -734 -725 -725 -734 -734 -717 -717 -734 -734 -707 -734 -716 -716 -734 -734 -752 -743 -743 -734 -734 -734 -761 -752 -770 -734 -734 -743 -761 -752 -770 -752 -752 -752 -734 -761 -743 -761 -734 -752 -743 -725 -734 -743 -743 -725 -752 -752 -734 -752 -752 -743 -743 -734 -752 -761 -752 -770 -797 -770 -770 -761 -788 -788 -779 -806 -796 -779 -797 -797 -805 -805 -797 -797 -805 -788 -814 -806 -806 -823 -797 -805 -806 -797 -823 -832 -797 -805 -788 -806 -806 -814 -806 -806 -806 -806 -797 -797 -823 -814 -823 -806 -814 -806 -806 -823 -814 -806 -814 -806 -832 -805 -814 -823 -823 -832 -832 -823 -823 -850 -841 -841 -858 -850 -850 -867 -867 -858 -850 -858
-806 -779 -779 -788 -770 -797 -806 -761 -779 -779 -788 -761 -770 -770 -779 -779 -779 -761 -761 -779 -779 -770 -752 -761 -779 -761 -770 -761 -779 -743 -761 -752 -761 -752 -761 -752 -743 -761 -761 -752 -761 -752 -770 -761 -761 -752 -752 -752 -761 -743 -761 -743 -752 -752 -752 -752 -770 -743 -752 -752 -752 -752 -743 -734 -725 -752 -734 -734 -761 -743 -752 -734 -761 -752 -725 -734 -734 -734 -743 -734 -725 -725 -725 -717 -717 -708 -725 -708 -725 -708 -725 -708 -690 -699 -717 -708 -708 -699 -725 -716 -708 -716 -717 -699 -743 -716 -717 -725 -734 -725 -725 -734 -725 -716 -717 -743 -717 -716 -734 -717 -708 -716 -708 -734 -725 -725 -743 -708 -708 -725 -725 -734 -734 -725 -717 -708 -716 -716 -717 -716 -734 -734 -725 -725 -708 -743 -725 -734 -734 -725 -734 -734 -725 -717 -743 -743 -725 -734 -725 -725 -725 -725 -717 -743 -725 -717 -725 -725 -743 -743 -708 -708 -716 -734 -725 -725 -717 -717 -717 -708 -752 -743 -725 -734 -725 -734 -734 -734 -734 -734 -734 -752 -716 -752 -743 -734 -725 -725 -734 -734 -725 -725 -717 -752 -743 -734 -743 -752 -743 -743 -743 -734 -752 -734 -752 -743 -752 -761 -761 -752 -743 -743 -743 -752 -752 -752 -752 -725 -734 -743 -752 -734 -752 -743 -743 -734 -752 -725 -743 -752 -752 -734 -761 -743 -734 -743 -761 -752 -752 -734 -743 -743 -752 -752 -752 -752 -770 -743 -743 -752 -734 -761 -761 -761 -734 -752 -743 -734 -770 -752 -761 -752 -770 -743 -761 -761 -734 -752 -770 -770 -743 -761 -761 -761 -761 -752 -770 -743 -752 -734 -734 -743 -770 -761 -752 -752 -761 -752 -770 -761 -752 -770 -743 -770 -761 -752 -752 -761 -770 -734 -770 -752 -779 -743 -761 -761 -761 -779 -779 -761 -779 -779 -752 -761 -770 -770 -770 -770 -779 -752 -743 -770 -788 -761 -743 -761 -761 -779 -761 -761 -770 -761 -770 -779 -761 -761 -761 -761 -779 -770 -770 -770 -761 -770 -752 -752 -734 -761 -743 -734 -717 -752 -752 -725 -761 -752 -743 -725 -743 -725 -708 -725 -734 -734 -717 -717 -717 -743 -743 -743 -717 -734 -717 -725 -725 -725 -734 -743 -743 -717 -743 -734 -734 -734 -752 -752 -770 -761 -734 -752 -743 -752 -761 -761 -752 -752 -743 -743 -761 -761 -761 -743 -752 -752 -725 -743 -734 -734 -743 -725 -734 -743 -761 -725 -743 -743 -743 -743 -752 -761 -770 -761 -770 -779 -770 -779 -770 -770 -779 -779 -805 -797 -806 -797 -805 -823 -806 -788 -814 -814 -806 -832 -797 -806 -823 -806 -806 -814 -814 -823 -797 -797 -797 -814 -797 -797 -797 -797 -797 -806 -788 -805 -806 -814 -788 -823 -806 -814 -823 -823 -823 -797 -805 -823 -832 -823 -805 -841 -850 -841 -823 -841 -832 -841 -850 -850 -858 -876 -867 -850 -850 -858 -850 -850 -876 -858 -876 -858 -858 -858 -876 -885
-770 -788 -788 -779 -779 -770 -779 -788 -770 -770 -761 -770 -761 -779 -779 -770 -770 -770 -770 -779 -761 -761 -779 -743 -761 -752 -770 -770 -779 -770 -734 -761 -761 -761 -752 -770 -752 -752 -752 -761 -761 -761 -752 -752 -752 -770 -752 -752 -734 -734 -761 -752 -752 -743 -734 -743 -743 -743 -743 -743 -761 -743 -717 -725 -761 -725 -743 -734 -725 -734 -725 -743 -717 -725 -717 -708 -708 -708 -717 -725 -699 -698 -716 -699 -708 -690 -725 -716 -725 -717 -725 -708 -725 -716 -708 -725 -725 -716 -734 -708 -716 -725 -743 -725 -734 -717 -699 -725 -716 -717 -716 -716 -725 -725 -716 -725 -725 -717 -716 -725 -708 -717 -725 -717 -717 -725 -708 -707 -716 -717 -690 -734 -725 -707 -708 -734 -734 -717 -743 -716 -734 -725 -752 -717 -717 -734 -743 -717 -743 -725 -708 -725 -708 -717 -708 -725 -725 -716 -717 -717 -716 -708 -725 -725 -734 -734 -725 -725 -734 -734 -734 -725 -716 -743 -734 -716 -716 -725 -734 -734 -752 -734 -716 -743 -734 -725 -725 -725 -725 -717 -752 -743 -734 -752 -734 -734 -752 -725 -725 -734 -734 -717 -734 -734 -734 -761 -725 -725 -725 -752 -743 -743 -752 -761 -752 -761 -725 -743 -752 -770 -752 -761 -734 -743 -743 -752 -770 -725 -752 -734 -734 -734 -743 -725 -734 -743 -743 -743 -761 -743 -752 -752 -734 -761 -743 -743 -761 -734 -761 -752 -743 -743 -761 -761 -752 -761 -752 -761 -725 -734 -770 -761 -752 -761 -752 -743 -770 -743 -734 -752 -752 -770 -743 -770 -761 -752 -734 -752 -752 -761 -761 -779 -752 -752 -761 -752 -761 -752 -752 -743 -752 -761 -761 -770 -761 -770 -752 -770 -734 -761 -779 -761 -779 -752 -752 -770 -761 -761 -761 -761 -743 -770 -752 -761 -779 -788 -779 -770 -761 -770 -770 -770 -752 -770 -770 -770 -770 -761 -779 -761 -770 -770 -770 -779 -779 -761 -752 -752 -761 -770 -770 -761 -761 -770 -761 -761 -761 -761 -743 -743 -761 -734 -734 -752 -752 -708 -743 -725 -725 -752 -716 -716 -734 -734 -743 -734 -743 -734 -725 -725 -734 -717 -725 -725 -743 -734 -743 -743 -725 -717 -743 -725 -734 -752 -734 -743 -734 -752 -761 -743 -734 -752 -770 -752 -752 -743 -752 -770 -743 -734 -743 -743 -761 -743 -752 -734 -743 -734 -743 -734 -743 -743 -725 -743 -761 -734 -752 -761 -743 -734 -752 -752 -770 -761 -770 -770 -788 -779 -788 -761 -797 -797 -797 -788 -797 -805 -806 -814 -797 -814 -797 -797 -805 -814 -797 -806 -797 -814 -805 -823 -806 -805 -814 -823 -814 -805 -805 -814 -823 -805 -814 -806 -806 -823 -823 -814 -823 -806 -814 -814 -823 -823 -814 -806 -823 -814 -814 -832 -806 -832 -823 -841 -841 -832 -841 -841 -832 -841 -858 -841 -858 -867 -858 -850 -841 -858 -867 -867 -876 -867 -885 -876 -867 -876 -858 -867 -885 -885 -876 -876 -894 -903
-779 -770 -770 -770 -770 -752 -761 -761 -752 -770 -752 -770 -752 -761 -761 -734 -761 -761 -761 -761 -761 -761 -761 -752 -770 -743 -734 -779 -752 -761 -761 -752 -761 -761 -761 -752 -761 -743 -743 -761 -752 -761 -752 -734 -734 -743 -761 -717 -752 -743 -734 -734 -743 -734 -761 -743 -743 -761 -734 -725 -734 -725 -734 -725 -734 -734 -725 -725 -725 -707 -717 -717 -725 -717 -734 -699 -716 -717 -708 -717 -716 -708 -717 -699 -708 -716 -734 -717 -734 -717 -725 -717 -716 -734 -708 -716 -708 -725 -734 -725 -716 -717 -725 -717 -734 -708 -717 -725 -717 -717 -725 -699 -690 -717 -708 -699 -699 -716 -716 -717 -699 -716 -717 -699 -717 -725 -752 -743 -725 -725 -752 -717 -716 -743 -725 -725 -725 -743 -752 -734 -761 -734 -734 -725 -725 -725 -725 -716 -717 -725 -708 -716 -725 -734 -725 -725 -717 -717 -717 -725 -734 -716 -734 -725 -743 -734 -717 -725 -734 -725 -716 -734 -725 -725 -752 -734 -743 -734 -716 -725 -743 -752 -734 -734 -725 -725 -725 -725 -725 -734 -734 -734 -725 -743 -743 -734 -752 -734 -743 -752 -752 -743 -761 -725 -743 -752 -752 -752 -761 -752 -734 -743 -743 -734 -725 -734 -752 -734 -725 -761 -743 -743 -752 -734 -725 -725 -743 -734 -743 -734 -752 -734 -743 -752 -752 -734 -761 -743 -752 -752 -743 -770 -752 -752 -752 -752 -743 -743 -752 -752 -743 -752 -752 -752 -752 -743 -752 -761 -761 -752 -761 -770 -752 -752 -725 -761 -761 -770 -770 -761 -743 -761 -770 -761 -761 -752 -761 -761 -761 -761 -779 -770 -752 -761 -752 -743 -743 -752 -761 -743 -743 -770 -761 -788 -779 -761 -761 -779 -787 -761 -743 -761 -770 -761 -770 -752 -761 -761 -770 -761 -770 -752 -770 -761 -770 -752 -752 -761 -779 -770 -761 -752 -761 -770 -761 -770 -770 -761 -779 -761 -788 -770 -770 -779 -752 -779 -761 -761 -752 -743 -761 -761 -761 -761 -752 -743 -734 -725 -752 -725 -725 -734 -717 -725 -717 -716 -725 -725 -743 -717 -725 -725 -717 -725 -725 -743 -725 -725 -743 -725 -717 -717 -752 -734 -734 -734 -743 -743 -743 -743 -752 -743 -770 -761 -743 -770 -770 -743 -761 -743 -743 -752 -743 -743 -752 -743 -752 -752 -734 -725 -734 -743 -743 -734 -725 -717 -743 -734 -734 -734 -770 -761 -770 -770 -770 -770 -761 -779 -779 -788 -779 -778 -788 -806 -805 -797 -805 -814 -797 -814 -806 -797 -814 -805 -814 -805 -806 -797 -814 -806 -797 -797 -797 -788 -788 -788 -797 -806 -814 -779 -806 -797 -823 -805 -823 -814 -805 -814 -806 -832 -814 -823 -814 -832 -806 -814 -823 -814 -823 -823 -823 -823 -823 -841 -823 -850 -841 -841 -832 -850 -841 -832 -850 -858 -850 -858 -867 -858 -867 -858 -858 -867 -876 -876 -894 -876 -867 -867 -894 -885 -867 -876 -876 -894 -894 -894 -876 -867 -876 -894 -894 -885
-761 -761 -770 -770 -770 -752 -752 -761 -770 -761 -752 -743 -779 -770 -761 -770 -761 -761 -761 -761 -743 -761 -761 -752 -743 -761 -752 -752 -752 -761 -743 -743 -761 -752 -743 -752 -734 -752 -725 -752 -743 -734 -743 -752 -743 -743 -734 -734 -725 -743 -734 -743 -752 -743 -752 -734 -717 -725 -725 -708 -716 -725 -734 -725 -708 -708 -708 -708 -699 -716 -717 -699 -717 -699 -707 -708 -716 -717 -717 -725 -716 -716 -734 -743 -699 -699 -717 -725 -743 -717 -725 -717 -707 -725 -717 -725 -708 -725 -717 -717 -699 -725 -725 -725 -717 -717 -717 -716 -717 -708 -699 -734 -708 -707 -734 -725 -734 -708 -717 -716 -743 -717 -734 -717 -717 -734 -725 -734 -725 -734 -717 -725 -725 -734 -734 -734 -734 -734 -725 -725 -708 -708 -708 -725 -717 -734 -717 -734 -725 -752 -734 -734 -717 -717 -734 -725 -734 -734 -752 -743 -708 -725 -743 -734 -734 -725 -743 -725 -734 -734 -734 -717 -717 -725 -725 -717 -734 -725 -734 -743 -761 -752 -716 -725 -717 -734 -743 -743 -734 -734 -752 -743 -752 -725 -734 -743 -743 -734 -761 -743 -743 -752 -761 -761 -752 -743 -743 -734 -743 -743 -743 -725 -752 -743 -734 -734 -734 -743 -734 -752 -725 -743 -752 -752 -752 -725 -743 -743 -761 -743 -761 -743 -752 -752 -761 -752 -752 -734 -743 -725 -752 -752 -743 -743 -743 -752 -743 -743 -761 -752 -761 -761 -761 -761 -761 -770 -743 -752 -743 -743 -761 -770 -743 -770 -770 -761 -761 -761 -770 -761 -752 -779 -761 -761 -770 -761 -761 -752 -788 -752 -761 -770 -761 -752 -752 -752 -761 -761 -761 -761 -743 -725 -770 -770 -779 -770 -779 -761 -761 -761 -761 -761 -779 -761 -761 -761 -770 -770 -779 -770 -770 -779 -761 -779 -779 -761 -761 -770 -770 -752 -770 -779 -752 -779 -770 -761 -770 -770 -779 -761 -761 -752 -770 -752 -761 -752 -752 -734 -725 -752 -734 -734 -734 -734 -725 -734 -743 -743 -725 -734 -734 -734 -734 -734 -734 -734 -725 -734 -725 -717 -734 -725 -708 -743 -717 -734 -716 -734 -761 -725 -743 -734 -752 -752 -761 -734 -752 -743 -743 -752 -752 -761 -752 -752 -752 -752 -752 -752 -743 -743 -725 -734 -743 -734 -717 -734 -734 -734 -752 -752 -761 -752 -752 -761 -743 -743 -770 -779 -761 -752 -770 -788 -779 -761 -770 -779 -805 -806 -788 -796 -806 -806 -779 -823 -806 -814 -806 -788 -823 -814 -806 -797 -806 -806 -814 -814 -806 -805 -814 -806 -797 -797 -823 -805 -805 -796 -806 -797 -805 -814 -797 -832 -814 -814 -806 -814 -806 -814 -832 -832 -841 -841 -823 -832 -832 -841 -823 -850 -841 -832 -841 -832 -850 -867 -858 -867 -850 -858 -850 -850 -858 -858 -876 -867 -858 -876 -858 -858 -885 -885 -885 -876 -876 -885 -885 -885 -885 -885 -894 -885 -894 -876 -912 -894 -894 -894 -885 -903 -894 -894 -903 -876
-752 -779 -779 -752 -770 -752 -743 -761 -761 -770 -743 -761 -761 -761 -752 -770 -752 -743 -761 -761 -761 -761 -752 -752 -734 -752 -752 -761 -734 -743 -752 -743 -752 -752 -743 -743 -734 -743 -752 -734 -743 -752 -734 -725 -734 -743 -743 -717 -734 -717 -717 -725 -708 -707 -708 -734 -717 -717 -708 -708 -707 -699 -717 -708 -708 -708 -699 -708 -716 -725 -716 -716 -717 -725 -725 -717 -734 -725 -725 -708 -717 -708 -725 -717 -725 -734 -708 -717 -707 -734 -717 -725 -716 -717 -725 -734 -717 -725 -716 -708 -708 -708 -707 -707 -725 -725 -717 -708 -734 -699 -717 -743 -734 -725 -734 -725 -734 -717 -725 -717 -734 -725 -734 -734 -725 -734 -734 -725 -716 -716 -708 -734 -717 -725 -734 -725 -725 -716 -743 -725 -717 -734 -725 -708 -734 -752 -725 -734 -743 -725 -725 -734 -743 -743 -734 -770 -743 -752 -743 -734 -743 -717 -752 -734 -752 -743 -743 -743 -743 -743 -734 -743 -725 -743 -743 -717 -734 -743 -725 -734 -743 -716 -752 -734 -725 -743 -743 -752 -761 -743 -743 -743 -752 -734 -752 -752 -734 -725 -743 -752 -725 -725 -752 -752 -743 -752 -725 -734 -743 -743 -734 -743 -734 -752 -734 -725 -752 -752 -761 -743 -743 -725 -752 -761 -752 -752 -770 -752 -752 -743 -752 -743 -743 -752 -770 -752 -761 -734 -770 -752 -743 -752 -734 -743 -752 -761 -761 -752 -761 -770 -752 -752 -752 -752 -761 -752 -761 -752 -761 -761 -761 -752 -761 -752 -770 -752 -734 -752 -761 -761 -752 -770 -752 -752 -761 -752 -761 -761 -761 -770 -761 -761 -761 -761 -761 -770 -761 -788 -770 -770 -761 -779 -779 -761 -779 -752 -779 -770 -770 -752 -770 -779 -779 -761 -761 -770 -761 -770 -770 -761 -770 -761 -761 -779 -779 -779 -779 -752 -770 -779 -761 -761 -779 -770 -761 -761 -761 -734 -743 -752 -752 -752 -761 -743 -743 -725 -725 -743 -743 -743 -743 -743 -734 -734 -725 -725 -743 -734 -734 -743 -734 -743 -717 -717 -734 -725 -734 -752 -752 -734 -734 -734 -752 -761 -734 -752 -770 -761 -752 -761 -752 -752 -761 -779 -752 -734 -761 -743 -734 -752 -743 -743 -717 -752 -743 -743 -734 -752 -734 -743 -761 -761 -770 -734 -752 -752 -761 -761 -761 -770 -761 -770 -770 -779 -806 -779 -779 -770 -788 -797 -788 -797 -788 -788 -806 -814 -805 -788 -806 -806 -832 -832 -806 -823 -814 -796 -788 -814 -797 -805 -823 -814 -814 -805 -806 -797 -806 -806 -797 -805 -832 -823 -832 -788 -814 -806 -814 -814 -806 -814 -832 -823 -832 -832 -832 -814 -814 -832 -832 -841 -850 -858 -841 -841 -858 -867 -850 -858 -858 -858 -850 -876 -867 -867 -876 -850 -876 -867 -876 -885 -885 -885 -867 -876 -885 -885 -885 -885 -867 -903 -894 -894 -894 -894 -876 -885 -894 -894 -885 -885 -885 -903 -903 -903 -885 -903 -876 -885 -894 -885 -894 -894
-761 -752 -734 -770 -752 -761 -734 -752 -752 -761 -761 -752 -761 -761 -752 -734 -743 -761 -752 -761 -743 -734 -743 -734 -734 -743 -725 -734 -752 -725 -752 -725 -743 -725 -734 -743 -725 -734 -761 -716 -743 -725 -708 -725 -725 -708 -716 -708 -725 -708 -681 -690 -716 -708 -717 -725 -708 -699 -725 -708 -717 -708 -734 -725 -734 -717 -717 -743 -725 -725 -734 -707 -734 -725 -717 -734 -725 -717 -725 -717 -717 -725 -717 -743 -734 -699 -717 -699 -708 -708 -708 -707 -725 -725 -717 -699 -708 -717 -717 -717 -717 -743 -743 -708 -743 -725 -725 -734 -734 -725 -717 -725 -734 -734 -734 -734 -734 -725 -734 -725 -734 -717 -743 -717 -725 -717 -708 -708 -725 -717 -717 -734 -734 -717 -717 -725 -761 -734 -725 -734 -734 -743 -725 -725 -743 -725 -743 -743 -717 -734 -734 -734 -743 -725 -752 -717 -725 -725 -743 -734 -734 -752 -734 -725 -717 -725 -743 -743 -752 -725 -734 -743 -734 -734 -743 -734 -734 -761 -743 -734 -734 -743 -770 -752 -734 -743 -743 -734 -734 -761 -752 -734 -743 -734 -743 -752 -743 -743 -725 -752 -725 -734 -734 -752 -743 -734 -743 -761 -761 -752 -752 -770 -770 -761 -770 -743 -743 -752 -761 -770 -752 -770 -761 -734 -743 -752 -752 -752 -770 -752 -761 -743 -743 -761 -752 -752 -761 -761 -761 -761 -734 -752 -761 -761 -761 -770 -770 -752 -743 -761 -770 -770 -761 -752 -770 -761 -761 -743 -761 -752 -734 -761 -770 -779 -761 -752 -779 -761 -761 -761 -761 -761 -779 -761 -770 -770 -770 -761 -761 -788 -770 -743 -752 -761 -770 -770 -770 -761 -761 -761 -761 -779 -770 -761 -770 -779 -779 -752 -788 -779 -752 -779 -761 -770 -761 -752 -770 -788 -761 -770 -752 -770 -752 -752 -761 -743 -752 -752 -752 -743 -761 -752 -725 -743 -743 -743 -725 -734 -743 -743 -734 -734 -743 -743 -743 -717 -725 -725 -743 -716 -725 -725 -743 -734 -725 -734 -743 -743 -743 -725 -743 -734 -734 -770 -752 -752 -743 -743 -743 -743 -761 -761 -761 -752 -752 -761 -743 -752 -743 -752 -761 -752 -734 -743 -725 -743 -743 -734 -725 -716 -725 -743 -734 -743 -761 -743 -761 -743 -761 -761 -770 -761 -761 -761 -770 -788 -788 -770 -770 -797 -806 -788 -806 -805 -805 -797 -806 -814 -814 -823 -814 -805 -806 -797 -806 -806 -805 -806 -806 -806 -797 -814 -806 -796 -814 -805 -814 -814 -814 -805 -814 -814 -823 -806 -832 -806 -823 -814 -832 -797 -805 -814 -806 -814 -814 -806 -832 -823 -832 -841 -823 -832 -867 -841 -858 -850 -841 -850 -850 -858 -867 -858 -867 -867 -867 -867 -850 -858 -885 -885 -876 -894 -885 -876 -912 -885 -894 -876 -894 -885 -885 -876 -903 -885 -894 -894 -912 -912 -912 -894 -885 -912 -885 -894 -894 -894 -894 -894 -885 -894 -912 -894 -912 -903 -894 -894 -912 -894 -903 -894 -885 -894
-770 -734 -752 -752 -743 -743 -743 -770 -761 -752 -743 -752 -752 -734 -734 -725 -734 -743 -734 -743 -734 -743 -743 -743 -761 -734 -734 -734 -743 -734 -725 -743 -743 -725 -717 -717 -717 -708 -708 -708 -716 -716 -699 -717 -699 -716 -708 -717 -699 -708 -716 -708 -716 -717 -708 -717 -725 -716 -717 -717 -717 -725 -725 -725 -734 -725 -717 -717 -734 -725 -734 -725 -725 -717 -725 -716 -717 -717 -725 -734 -725 -708 -716 -708 -707 -725 -734 -725 -717 -707 -716 -699 -734 -734 -716 -717 -725 -725 -734 -734 -725 -734 -734 -717 -725 -725 -734 -725 -725 -734 -734 -725 -716 -716 -734 -725 -725 -717 -734 -717 -725 -725 -725 -717 -716 -725 -717 -734 -734 -717 -734 -725 -752 -734 -734 -743 -717 -717 -725 -743 -743 -743 -734 -716 -717 -725 -725 -725 -725 -725 -734 -734 -734 -734 -752 -743 -743 -725 -734 -717 -734 -743 -743 -734 -717 -743 -725 -743 -743 -761 -743 -734 -752 -752 -752 -734 -743 -717 -752 -743 -725 -743 -752 -734 -734 -743 -743 -734 -734 -725 -752 -752 -752 -752 -743 -743 -734 -734 -743 -752 -743 -743 -734 -743 -761 -743 -761 -761 -743 -743 -761 -743 -734 -752 -752 -761 -743 -752 -752 -743 -752 -743 -761 -761 -743 -770 -752 -752 -761 -752 -761 -752 -761 -761 -752 -770 -761 -752 -743 -761 -770 -770 -761 -770 -770 -752 -761 -752 -761 -761 -761 -752 -752 -761 -761 -761 -761 -761 -761 -752 -761 -788 -761 -770 -743 -761 -770 -752 -761 -770 -761 -770 -779 -770 -761 -779 -770 -770 -788 -770 -752 -770 -752 -788 -779 -779 -770 -761 -761 -761 -788 -761 -761 -770 -779 -770 -788 -797 -761 -761 -752 -761 -779 -761 -770 -761 -761 -770 -752 -752 -743 -734 -734 -734 -743 -734 -725 -725 -734 -734 -734 -743 -734 -725 -725 -725 -734 -725 -761 -717 -734 -752 -717 -734 -743 -725 -734 -734 -743 -734 -717 -743 -734 -734 -734 -743 -743 -752 -752 -734 -743 -734 -752 -770 -752 -761 -761 -743 -743 -734 -734 -743 -734 -734 -734 -734 -734 -725 -752 -743 -743 -743 -725 -752 -752 -752 -734 -743 -761 -761 -752 -761 -770 -743 -770 -770 -779 -779 -779 -770 -788 -779 -770 -796 -788 -797 -814 -797 -806 -814 -814 -806 -805 -805 -805 -797 -797 -814 -806 -797 -814 -823 -805 -805 -806 -797 -797 -814 -806 -797 -823 -805 -814 -805 -806 -797 -814 -823 -823 -823 -814 -805 -805 -814 -814 -805 -814 -806 -832 -832 -823 -841 -806 -841 -841 -850 -841 -823 -850 -850 -850 -858 -885 -850 -841 -850 -867 -885 -858 -867 -876 -867 -867 -876 -894 -867 -885 -867 -867 -876 -903 -885 -894 -885 -894 -903 -903 -885 -885 -894 -885 -903 -903 -903 -894 -894 -885 -894 -894 -894 -894 -894 -876 -894 -894 -894 -885 -894 -903 -903 -903 -903 -894 -885 -903 -894 -903 -903 -885 -876 -894 -894
-743 -743 -752 -743 -734 -761 -761 -752 -734 -734 -761 -743 -761 -734 -752 -743 -752 -752 -761 -743 -734 -743 -734 -752 -734 -717 -717 -725 -725 -725 -717 -717 -708 -699 -690 -725 -708 -690 -717 -708 -699 -698 -717 -717 -717 -716 -725 -708 -716 -717 -725 -716 -717 -717 -725 -725 -717 -725 -716 -725 -717 -725 -734 -717 -725 -725 -725 -716 -725 -717 -725 -725 -708 -717 -716 -698 -708 -717 -717 -717 -708 -716 -725 -725 -725 -725 -725 -743 -725 -734 -716 -743 -743 -725 -725 -743 -734 -717 -743 -743 -734 -743 -734 -734 -725 -699 -734 -734 -717 -717 -717 -716 -725 -725 -717 -734 -716 -725 -717 -743 -699 -743 -734 -734 -725 -725 -743 -725 -716 -743 -734 -743 -725 -725 -717 -734 -761 -734 -743 -734 -743 -725 -734 -734 -717 -734 -752 -725 -725 -743 -734 -734 -734 -725 -725 -734 -743 -752 -752 -743 -734 -734 -761 -734 -761 -770 -725 -734 -752 -743 -743 -752 -761 -743 -743 -734 -734 -761 -743 -734 -725 -743 -752 -725 -743 -752 -734 -743 -743 -725 -752 -743 -734 -761 -743 -752 -752 -743 -752 -752 -752 -752 -752 -743 -752 -752 -752 -743 -752 -752 -752 -743 -734 -761 -743 -743 -761 -761 -752 -761 -743 -752 -752 -761 -761 -770 -752 -761 -752 -770 -761 -761 -761 -761 -761 -761 -752 -752 -761 -761 -770 -761 -752 -761 -761 -770 -743 -743 -752 -752 -752 -752 -761 -761 -752 -761 -752 -743 -752 -770 -761 -761 -761 -770 -770 -761 -770 -770 -752 -779 -779 -770 -779 -770 -788 -761 -770 -761 -761 -761 -761 -770 -761 -770 -761 -761 -770 -770 -770 -761 -761 -770 -761 -770 -779 -788 -761 -752 -770 -770 -761 -761 -752 -761 -725 -752 -734 -725 -743 -734 -725 -725 -708 -734 -725 -752 -743 -725 -725 -734 -716 -752 -734 -725 -717 -743 -725 -717 -734 -734 -743 -725 -743 -743 -725 -734 -734 -725 -752 -761 -761 -752 -752 -770 -761 -752 -743 -770 -761 -752 -752 -743 -743 -743 -734 -743 -743 -752 -734 -734 -743 -752 -743 -752 -725 -752 -734 -752 -743 -752 -743 -734 -743 -752 -752 -752 -752 -761 -761 -779 -770 -788 -779 -770 -788 -761 -806 -805 -797 -806 -806 -814 -814 -805 -814 -788 -797 -823 -806 -814 -814 -797 -814 -814 -797 -806 -797 -788 -814 -805 -823 -814 -806 -814 -805 -814 -788 -814 -797 -805 -814 -832 -806 -814 -805 -823 -814 -797 -823 -832 -823 -814 -850 -832 -832 -832 -841 -850 -841 -850 -832 -841 -867 -858 -850 -850 -858 -850 -858 -867 -876 -876 -867 -850 -876 -867 -867 -867 -876 -876 -885 -858 -858 -876 -903 -903 -885 -903 -894 -885 -894 -903 -903 -921 -912 -903 -885 -894 -903 -903 -885 -894 -894 -903 -894 -885 -903 -903 -876 -894 -894 -894 -894 -894 -885 -903 -894 -903 -894 -894 -894 -903 -903 -885 -912 -894 -912 -876 -921 -903 -885 -903
-734 -761 -743 -752 -725 -752 -734 -752 -734 -725 -717 -734 -743 -734 -717 -743 -725 -734 -725 -717 -734 -734 -725 -716 -699 -717 -716 -699 -708 -690 -690 -708 -699 -717 -699 -716 -717 -699 -699 -725 -717 -734 -717 -717 -717 -708 -752 -734 -725 -708 -725 -734 -708 -725 -717 -725 -708 -743 -708 -725 -699 -716 -708 -734 -716 -699 -725 -725 -734 -716 -708 -699 -717 -725 -725 -725 -725 -734 -743 -725 -734 -734 -743 -716 -734 -725 -725 -725 -708 -725 -734 -716 -717 -725 -734 -734 -717 -734 -734 -725 -734 -725 -708 -734 -717 -725 -717 -725 -708 -725 -725 -725 -725 -716 -734 -708 -725 -725 -743 -725 -734 -743 -725 -734 -743 -725 -717 -743 -734 -717 -725 -716 -725 -752 -717 -717 -743 -743 -716 -734 -734 -743 -717 -734 -734 -734 -725 -717 -717 -734 -743 -734 -761 -743 -743 -734 -761 -734 -734 -734 -752 -734 -752 -734 -770 -752 -752 -752 -743 -743 -734 -725 -743 -734 -734 -743 -725 -725 -752 -725 -752 -734 -761 -734 -752 -743 -743 -752 -752 -761 -761 -752 -761 -743 -752 -743 -734 -761 -734 -725 -761 -752 -752 -761 -743 -752 -752 -743 -743 -752 -734 -752 -752 -761 -770 -752 -761 -770 -752 -761 -761 -761 -743 -761 -770 -770 -752 -761 -770 -761 -752 -770 -761 -770 -779 -761 -761 -743 -752 -743 -752 -761 -761 -734 -779 -752 -752 -770 -752 -770 -788 -761 -761 -761 -761 -770 -761 -761 -761 -770 -761 -761 -761 -770 -770 -752 -779 -788 -779 -779 -770 -770 -761 -761 -770 -752 -770 -788 -761 -770 -770 -770 -779 -779 -779 -761 -761 -770 -761 -770 -761 -743 -761 -752 -752 -725 -734 -734 -725 -752 -743 -734 -734 -725 -734 -725 -717 -734 -734 -734 -708 -734 -716 -734 -725 -734 -725 -725 -725 -743 -717 -716 -725 -743 -725 -717 -743 -752 -734 -708 -743 -743 -743 -752 -752 -752 -734 -752 -752 -743 -734 -734 -752 -779 -734 -743 -743 -743 -734 -752 -752 -752 -717 -725 -734 -725 -734 -743 -743 -752 -725 -725 -752 -743 -761 -761 -779 -770 -779 -761 -761 -761 -779 -779 -770 -779 -778 -788 -797 -788 -797 -806 -788 -805 -823 -814 -797 -806 -788 -806 -806 -797 -787 -806 -805 -797 -806 -797 -806 -788 -823 -814 -805 -806 -823 -806 -814 -814 -814 -814 -823 -814 -823 -823 -814 -823 -814 -823 -823 -823 -832 -823 -823 -823 -823 -841 -841 -858 -841 -841 -832 -850 -850 -858 -850 -841 -858 -850 -867 -841 -876 -867 -841 -858 -867 -867 -858 -894 -876 -867 -867 -876 -885 -876 -867 -903 -903 -876 -894 -894 -894 -903 -885 -912 -903 -903 -885 -894 -885 -894 -885 -876 -894 -894 -894 -903 -903 -885 -885 -876 -885 -885 -903 -894 -894 -903 -876 -894 -894 -885 -894 -903 -885 -894 -903 -894 -894 -894 -885 -885 -894 -894 -894 -903 -876 -894 -894 -885 -894 -912 -912 -903
-725 -725 -743 -743 -743 -734 -743 -717 -725 -734 -734 -717 -717 -734 -699 -707 -708 -699 -708 -699 -707 -708 -690 -690 -690 -681 -707 -717 -725 -725 -699 -725 -725 -725 -708 -725 -734 -725 -725 -707 -734 -716 -725 -725 -717 -717 -725 -717 -717 -708 -725 -725 -734 -734 -717 -725 -725 -717 -743 -717 -725 -716 -725 -725 -717 -717 -717 -734 -717 -725 -725 -734 -716 -734 -734 -734 -716 -716 -752 -734 -734 -734 -725 -716 -743 -725 -743 -725 -743 -717 -734 -708 -716 -725 -708 -725 -734 -708 -725 -725 -734 -743 -743 -743 -725 -725 -725 -743 -743 -743 -725 -717 -725 -743 -734 -725 -743 -743 -743 -734 -734 -725 -734 -734 -717 -743 -725 -717 -717 -752 -734 -716 -717 -725 -734 -725 -734 -743 -743 -743 -734 -743 -743 -752 -734 -743 -725 -743 -752 -743 -761 -734 -725 -743 -734 -743 -743 -752 -752 -734 -717 -743 -725 -743 -743 -734 -734 -734 -734 -752 -725 -725 -743 -743 -734 -734 -743 -725 -743 -752 -743 -761 -743 -770 -761 -761 -752 -761 -743 -743 -752 -752 -734 -743 -743 -743 -725 -743 -761 -743 -752 -743 -752 -761 -770 -734 -734 -752 -752 -752 -752 -743 -761 -770 -752 -761 -743 -752 -761 -761 -770 -761 -752 -761 -770 -752 -779 -752 -761 -761 -752 -761 -761 -752 -761 -761 -770 -743 -761 -779 -752 -770 -770 -752 -743 -770 -761 -770 -770 -761 -788 -770 -779 -779 -770 -770 -779 -770 -770 -761 -761 -761 -761 -770 -761 -761 -770 -779 -752 -752 -770 -761 -761 -752 -770 -770 -770 -761 -770 -761 -770 -752 -761 -779 -743 -734 -725 -770 -743 -752 -734 -734 -743 -717 -743 -717 -717 -725 -743 -734 -734 -725 -725 -725 -716 -725 -716 -716 -734 -717 -734 -725 -716 -717 -725 -717 -725 -743 -734 -752 -752 -743 -716 -761 -752 -743 -752 -761 -752 -770 -743 -752 -761 -752 -761 -761 -743 -743 -743 -734 -743 -761 -725 -743 -743 -743 -752 -734 -734 -734 -743 -752 -761 -761 -752 -761 -761 -761 -761 -752 -752 -761 -770 -797 -806 -788 -787 -788 -788 -797 -797 -797 -806 -788 -806 -814 -814 -806 -823 -806 -797 -806 -814 -797 -823 -814 -814 -806 -814 -814 -806 -806 -806 -806 -788 -814 -805 -806 -823 -797 -806 -797 -806 -814 -806 -806 -806 -806 -832 -832 -814 -814 -814 -823 -823 -814 -832 -832 -832 -841 -850 -841 -850 -850 -858 -858 -850 -858 -858 -858 -858 -858 -858 -850 -850 -885 -876 -867 -858 -867 -885 -858 -876 -885 -858 -867 -876 -885 -876 -894 -885 -903 -894 -903 -903 -894 -894 -894 -912 -885 -876 -903 -876 -885 -894 -894 -894 -903 -903 -867 -876 -894 -876 -885 -894 -885 -885 -894 -885 -903 -885 -876 -894 -894 -885 -894 -903 -894 -885 -894 -894 -885 -867 -903 -894 -903 -912 -903 -912 -894 -894 -903 -885 -894 -894 -912 -912 -894 -894 -894 -885 -885
-734 -734 -717 -716 -708 -716 -699 -708 -708 -699 -699 -725 -725 -716 -699 -708 -690 -734 -717 -717 -717 -725 -717 -707 -717 -717 -707 -734 -717 -708 -734 -734 -716 -717 -743 -725 -725 -725 -717 -725 -699 -725 -699 -725 -734 -717 -707 -717 -734 -717 -717 -708 -708 -734 -708 -717 -707 -725 -717 -708 -725 -717 -734 -734 -725 -734 -725 -752 -734 -725 -734 -725 -734 -752 -717 -725 -743 -725 -725 -725 -717 -734 -716 -717 -716 -725 -717 -725 -717 -725 -743 -716 -725 -725 -761 -734 -717 -725 -725 -725 -725 -725 -752 -752 -725 -734 -743 -734 -761 -734 -734 -734 -734 -734 -743 -717 -743 -725 -717 -725 -717 -725 -725 -716 -725 -725 -734 -743 -725 -734 -717 -743 -725 -725 -743 -743 -734 -725 -725 -725 -761 -743 -725 -761 -743 -752 -761 -761 -734 -734 -743 -734 -752 -743 -743 -752 -734 -743 -761 -743 -743 -734 -752 -752 -743 -761 -734 -743 -752 -743 -752 -770 -725 -752 -761 -770 -743 -752 -752 -743 -743 -752 -752 -761 -725 -752 -761 -743 -743 -752 -743 -761 -761 -743 -761 -761 -770 -734 -752 -752 -752 -752 -770 -761 -752 -761 -743 -770 -761 -761 -752 -752 -761 -761 -752 -761 -752 -734 -761 -743 -752 -761 -752 -761 -743 -761 -779 -743 -761 -752 -770 -752 -761 -770 -761 -752 -761 -770 -770 -770 -761 -761 -770 -743 -770 -779 -761 -761 -770 -770 -770 -779 -770 -779 -770 -761 -761 -761 -779 -770 -770 -779 -779 -770 -761 -761 -770 -761 -770 -761 -761 -770 -770 -761 -761 -770 -752 -752 -761 -752 -743 -743 -743 -743 -734 -717 -743 -743 -717 -761 -734 -725 -734 -752 -752 -734 -752 -743 -725 -743 -707 -743 -716 -734 -734 -725 -725 -734 -743 -734 -734 -734 -734 -725 -743 -743 -734 -734 -752 -734 -752 -770 -761 -761 -752 -734 -752 -770 -761 -734 -752 -752 -743 -752 -752 -743 -743 -752 -725 -725 -734 -725 -743 -743 -743 -743 -761 -761 -743 -752 -752 -770 -761 -752 -761 -770 -779 -805 -779 -797 -797 -797 -806 -779 -823 -788 -806 -806 -823 -797 -805 -805 -823 -805 -823 -797 -797 -814 -796 -797 -806 -797 -814 -805 -814 -797 -805 -806 -806 -805 -806 -797 -814 -806 -814 -823 -814 -814 -814 -814 -797 -823 -814 -823 -832 -806 -814 -832 -832 -841 -850 -841 -850 -850 -841 -841 -850 -850 -850 -858 -850 -876 -876 -867 -850 -858 -858 -867 -876 -867 -867 -858 -885 -876 -876 -876 -885 -885 -876 -885 -885 -885 -885 -885 -894 -885 -894 -912 -894 -903 -885 -894 -876 -894 -885 -876 -876 -885 -876 -876 -894 -885 -894 -903 -885 -894 -903 -876 -885 -894 -894 -894 -894 -885 -894 -903 -885 -903 -903 -894 -903 -903 -912 -894 -921 -894 -894 -876 -903 -894 -903 -894 -885 -903 -894 -903 -903 -903 -903 -894 -912 -903 -894 -912 -894 -894 -912 -894 -894 -903 -894 -903
-698 -708 -717 -708 -690 -690 -716 -708 -716 -717 -716 -708 -698 -708 -708 -725 -725 -716 -717 -716 -734 -734 -717 -725 -725 -743 -708 -699 -708 -725 -708 -708 -743 -717 -716 -725 -725 -708 -725 -717 -734 -717 -708 -716 -708 -717 -717 -725 -708 -717 -725 -717 -734 -717 -725 -734 -725 -734 -725 -725 -717 -725 -743 -743 -725 -743 -743 -734 -725 -717 -716 -725 -743 -725 -734 -717 -725 -734 -717 -717 -717 -717 -743 -734 -725 -725 -734 -725 -725 -734 -717 -743 -734 -716 -725 -752 -717 -734 -717 -725 -725 -725 -717 -725 -716 -734 -725 -717 -725 -725 -725 -717 -717 -725 -725 -717 -725 -734 -734 -725 -734 -725 -734 -734 -734 -725 -734 -743 -761 -743 -734 -743 -734 -734 -734 -743 -752 -761 -743 -734 -752 -734 -725 -752 -717 -761 -743 -743 -734 -743 -734 -734 -743 -725 -734 -743 -717 -734 -752 -743 -743 -743 -734 -752 -725 -770 -761 -752 -761 -734 -752 -761 -761 -743 -752 -743 -752 -734 -752 -752 -743 -752 -743 -743 -752 -743 -752 -752 -752 -752 -761 -770 -743 -752 -770 -743 -761 -761 -752 -761 -761 -752 -761 -752 -743 -770 -770 -761 -779 -752 -725 -770 -761 -761 -770 -734 -752 -770 -770 -761 -761 -743 -752 -752 -761 -761 -770 -752 -770 -779 -779 -761 -752 -761 -779 -770 -770 -770 -761 -761 -752 -761 -761 -770 -770 -770 -770 -770 -761 -761 -743 -761 -761 -770 -761 -779 -761 -770 -761 -770 -770 -770 -779 -770 -779 -752 -761 -770 -743 -752 -743 -752 -761 -743 -725 -752 -734 -725 -725 -725 -743 -743 -734 -725 -725 -717 -716 -734 -717 -717 -725 -725 -734 -725 -734 -734 -725 -734 -734 -716 -734 -734 -752 -725 -734 -752 -734 -734 -752 -752 -743 -761 -752 -725 -770 -752 -743 -761 -743 -752 -743 -743 -752 -725 -725 -752 -743 -717 -734 -734 -743 -725 -743 -743 -761 -752 -717 -743 -752 -761 -761 -761 -761 -761 -779 -770 -806 -761 -770 -779 -770 -814 -788 -806 -805 -806 -806 -805 -805 -814 -797 -814 -814 -806 -814 -806 -814 -814 -806 -806 -814 -797 -814 -814 -806 -806 -806 -814 -806 -797 -796 -806 -797 -797 -797 -806 -796 -814 -832 -806 -806 -814 -814 -832 -814 -832 -814 -832 -814 -823 -823 -814 -841 -841 -841 -832 -850 -832 -858 -850 -841 -850 -858 -867 -850 -867 -850 -850 -867 -867 -876 -858 -876 -867 -867 -876 -876 -876 -867 -867 -876 -894 -894 -876 -894 -903 -894 -903 -885 -885 -894 -885 -885 -885 -885 -876 -876 -885 -903 -894 -885 -885 -885 -876 -885 -885 -894 -894 -885 -894 -903 -903 -885 -885 -903 -894 -894 -885 -894 -894 -885 -903 -903 -894 -894 -885 -894 -894 -903 -894 -894 -894 -903 -885 -894 -903 -885 -885 -903 -903 -903 -894 -885 -921 -903 -894 -903 -894 -903 -885 -894 -912 -912 -921 -912 -894 -903 -903 -912 -921 -885 -903
-699 -708 -707 -717 -725 -699 -708 -699 -708 -717 -725 -708 -734 -734 -708 -734 -708 -708 -708 -717 -716 -717 -725 -716 -716 -717 -708 -725 -717 -725 -708 -725 -708 -708 -717 -725 -717 -717 -708 -717 -708 -716 -708 -717 -725 -725 -725 -725 -725 -743 -725 -743 -725 -725 -716 -725 -716 -725 -717 -725 -725 -725 -734 -725 -716 -716 -708 -717 -717 -734 -734 -725 -708 -717 -717 -725 -717 -716 -717 -717 -725 -717 -734 -734 -743 -734 -734 -734 -734 -734 -725 -725 -752 -734 -725 -725 -716 -717 -734 -752 -725 -725 -725 -725 -734 -743 -743 -734 -725 -708 -743 -743 -752 -743 -717 -734 -734 -725 -752 -734 -743 -734 -725 -752 -752 -761 -734 -734 -743 -734 -725 -743 -752 -752 -752 -734 -743 -734 -743 -761 -725 -743 -734 -743 -743 -743 -752 -743 -752 -743 -725 -725 -743 -761 -752 -761 -761 -761 -743 -743 -743 -752 -752 -743 -743 -752 -761 -752 -752 -743 -752 -734 -743 -752 -752 -752 -752 -761 -734 -752 -770 -752 -752 -761 -743 -743 -752 -743 -770 -779 -752 -752 -752 -761 -761 -761 -770 -752 -761 -761 -770 -752 -734 -743 -779 -770 -761 -761 -752 -770 -752 -761 -743 -779 -761 -770 -770 -752 -770 -761 -752 -779 -770 -752 -761 -752 -752 -752 -761 -788 -743 -752 -788 -743 -761 -761 -770 -761 -761 -761 -770 -779 -761 -761 -770 -779 -788 -788 -761 -770 -779 -779 -770 -779 -752 -779 -770 -761 -752 -752 -743 -743 -752 -752 -752 -734 -734 -743 -725 -734 -743 -734 -743 -708 -743 -734 -734 -708 -717 -725 -725 -725 -708 -734 -717 -716 -743 -725 -734 -717 -743 -716 -725 -734 -743 -734 -752 -752 -717 -743 -743 -725 -743 -743 -743 -752 -752 -734 -752 -752 -743 -752 -743 -752 -734 -752 -752 -752 -743 -725 -734 -725 -708 -734 -752 -734 -743 -743 -743 -752 -743 -761 -761 -761 -761 -752 -779 -770 -770 -788 -788 -761 -788 -788 -779 -779 -797 -797 -805 -806 -823 -788 -806 -797 -788 -814 -806 -814 -823 -797 -806 -788 -814 -806 -805 -788 -814 -823 -814 -805 -806 -796 -797 -806 -814 -805 -823 -814 -814 -814 -806 -814 -814 -814 -806 -814 -823 -823 -805 -814 -841 -823 -832 -850 -832 -850 -823 -850 -841 -850 -850 -841 -858 -850 -850 -867 -850 -867 -858 -876 -858 -867 -858 -867 -858 -867 -867 -885 -876 -885 -885 -876 -876 -876 -894 -885 -876 -885 -885 -876 -885 -876 -894 -885 -867 -903 -885 -885 -876 -885 -903 -885 -903 -903 -885 -894 -876 -894 -903 -912 -894 -903 -894 -894 -885 -894 -894 -903 -885 -876 -885 -903 -903 -885 -903 -903 -903 -912 -894 -894 -894 -894 -921 -894 -894 -903 -894 -903 -894 -894 -894 -894 -894 -912 -885 -885 -894 -894 -903 -903 -912 -903 -912 -912 -903 -894 -903 -903 -903 -903 -921 -912 -921 -912 -903 -903 -894 -921 -912 -894 -912 -903
-708 -734 -717 -707 -734 -725 -725 -717 -708 -725 -717 -725 -717 -725 -717 -734 -717 -708 -725 -717 -699 -699 -717 -716 -708 -708 -716 -716 -708 -725 -708 -717 -725 -716 -708 -717 -717 -734 -717 -717 -725 -734 -734 -734 -717 -725 -743 -734 -752 -734 -725 -734 -717 -717 -716 -734 -725 -725 -717 -716 -725 -717 -708 -734 -734 -725 -734 -725 -725 -725 -717 -716 -717 -716 -725 -725 -717 -725 -725 -734 -725 -725 -743 -734 -716 -734 -717 -734 -717 -743 -752 -734 -725 -734 -734 -725 -716 -725 -725 -725 -725 -734 -725 -716 -743 -743 -734 -717 -743 -708 -752 -725 -752 -734 -734 -734 -734 -743 -752 -743 -743 -752 -743 -734 -752 -752 -734 -725 -752 -743 -734 -725 -725 -725 -716 -743 -725 -743 -725 -743 -743 -752 -734 -725 -761 -734 -734 -734 -752 -752 -752 -752 -743 -734 -752 -743 -752 -734 -743 -734 -752 -752 -752 -761 -743 -743 -770 -761 -734 -752 -752 -761 -761 -743 -752 -752 -743 -752 -752 -761 -761 -743 -752 -770 -761 -788 -770 -761 -743 -761 -770 -743 -743 -761 -752 -743 -752 -752 -761 -743 -770 -761 -752 -761 -761 -761 -761 -761 -770 -752 -752 -752 -761 -761 -761 -761 -761 -779 -761 -779 -770 -779 -761 -761 -761 -770 -743 -752 -788 -761 -761 -752 -761 -779 -779 -752 -761 -761 -779 -770 -761 -797 -770 -770 -779 -761 -752 -770 -761 -761 -761 -752 -788 -752 -743 -743 -761 -725 -734 -734 -725 -761 -707 -725 -743 -725 -717 -734 -716 -717 -734 -716 -725 -725 -734 -743 -725 -716 -717 -725 -708 -716 -725 -717 -725 -725 -743 -734 -752 -743 -752 -752 -743 -752 -743 -770 -761 -761 -752 -743 -761 -761 -770 -761 -761 -752 -734 -743 -743 -734 -734 -734 -734 -734 -734 -734 -743 -752 -725 -752 -743 -743 -734 -752 -752 -761 -770 -761 -761 -752 -770 -779 -788 -779 -788 -770 -788 -788 -806 -806 -814 -823 -805 -806 -797 -797 -805 -814 -797 -806 -797 -805 -814 -814 -814 -814 -823 -779 -806 -814 -797 -787 -806 -797 -806 -797 -814 -805 -814 -806 -814 -805 -806 -814 -797 -814 -806 -806 -814 -806 -814 -814 -814 -823 -814 -832 -814 -832 -832 -841 -841 -858 -841 -841 -841 -832 -858 -850 -850 -876 -850 -867 -867 -876 -876 -885 -867 -876 -876 -876 -867 -894 -876 -876 -867 -876 -894 -894 -885 -885 -885 -885 -876 -885 -885 -894 -894 -903 -894 -894 -894 -903 -894 -867 -894 -912 -885 -903 -885 -885 -894 -903 -885 -894 -894 -894 -885 -903 -903 -894 -876 -885 -885 -903 -894 -903 -885 -894 -894 -894 -885 -903 -921 -885 -894 -903 -903 -885 -912 -885 -903 -894 -894 -894 -885 -885 -885 -894 -894 -912 -903 -894 -894 -903 -894 -894 -885 -903 -912 -912 -894 -903 -885 -903 -894 -912 -921 -912 -921 -912 -903 -912 -903 -912 -903 -912 -912 -930 -912 -912 -912 -885
-708 -734 -717 -734 -725 -707 -717 -725 -734 -717 -717 -717 -725 -708 -716 -725 -708 -725 -717 -725 -717 -708 -717 -699 -725 -717 -725 -708 -717 -725 -725 -725 -725 -725 -743 -725 -725 -716 -734 -725 -725 -743 -707 -725 -708 -717 -734 -734 -717 -708 -708 -725 -716 -708 -708 -734 -717 -725 -708 -708 -716 -707 -725 -725 -717 -734 -734 -717 -725 -725 -725 -725 -734 -725 -734 -725 -725 -725 -734 -725 -725 -717 -725 -734 -734 -725 -725 -743 -716 -734 -725 -734 -743 -725 -734 -725 -743 -734 -717 -734 -734 -743 -734 -734 -752 -734 -752 -743 -743 -761 -743 -743 -725 -734 -743 -743 -743 -743 -752 -752 -743 -734 -752 -761 -734 -761 -734 -734 -752 -734 -717 -752 -734 -743 -752 -743 -734 -752 -717 -734 -761 -743 -743 -734 -752 -761 -761 -743 -761 -734 -752 -752 -761 -752 -752 -734 -761 -743 -752 -752 -770 -743 -743 -752 -752 -743 -752 -743 -743 -752 -752 -752 -743 -752 -743 -761 -752 -761 -752 -752 -770 -770 -761 -761 -761 -761 -761 -752 -761 -743 -761 -761 -770 -752 -761 -770 -779 -743 -752 -761 -770 -761 -788 -752 -743 -761 -761 -779 -761 -761 -752 -779 -770 -761 -770 -761 -770 -779 -770 -770 -770 -770 -761 -761 -770 -734 -770 -752 -752 -761 -770 -779 -770 -770 -779 -761 -770 -770 -770 -761 -770 -770 -743 -761 -761 -743 -770 -734 -752 -752 -734 -725 -743 -743 -734 -734 -734 -752 -725 -725 -743 -734 -734 -725 -716 -725 -717 -717 -725 -725 -725 -725 -708 -717 -717 -717 -716 -725 -752 -717 -734 -761 -734 -752 -743 -752 -743 -743 -761 -743 -752 -752 -752 -752 -761 -743 -734 -743 -734 -734 -743 -734 -743 -716 -734 -752 -734 -743 -717 -752 -734 -725 -752 -743 -761 -752 -761 -761 -752 -761 -770 -770 -761 -788 -770 -779 -770 -788 -788 -779 -779 -779 -788 -806 -797 -806 -797 -805 -814 -814 -797 -814 -806 -823 -823 -814 -797 -814 -806 -814 -797 -806 -788 -814 -788 -814 -806 -814 -797 -814 -823 -806 -823 -814 -806 -806 -805 -814 -797 -806 -823 -814 -823 -814 -823 -814 -832 -832 -814 -832 -832 -823 -841 -841 -841 -841 -850 -850 -850 -850 -850 -850 -858 -850 -867 -867 -858 -858 -876 -876 -885 -876 -876 -885 -876 -876 -876 -885 -885 -894 -912 -876 -876 -894 -903 -894 -876 -903 -885 -894 -894 -894 -876 -885 -885 -885 -876 -885 -894 -885 -885 -903 -903 -903 -867 -894 -894 -894 -894 -894 -885 -894 -894 -894 -885 -885 -903 -903 -903 -912 -885 -894 -894 -903 -894 -903 -894 -903 -885 -894 -876 -885 -885 -903 -894 -894 -912 -885 -894 -903 -885 -894 -912 -894 -912 -903 -894 -894 -894 -903 -921 -912 -894 -894 -903 -912 -894 -903 -912 -903 -903 -921 -912 -903 -903 -930 -939 -903 -903 -912 -903 -921 -930 -912 -921 -921 -912 -894 -885 -921 -903 -885
-717 -717 -734 -717 -717 -708 -717 -699 -717 -716 -717 -725 -708 -725 -708 -717 -725 -717 -717 -725 -717 -708 -725 -725 -725 -708 -734 -725 -734 -734 -716 -717 -743 -725 -716 -725 -725 -725 -734 -743 -717 -725 -708 -734 -725 -725 -708 -743 -708 -708 -708 -717 -717 -717 -708 -734 -734 -734 -734 -743 -707 -716 -743 -725 -734 -717 -743 -725 -734 -717 -725 -752 -725 -725 -743 -725 -717 -743 -725 -734 -725 -734 -717 -725 -725 -716 -734 -734 -725 -743 -734 -734 -725 -743 -734 -734 -734 -743 -752 -734 -743 -743 -725 -725 -734 -752 -734 -752 -761 -752 -725 -725 -761 -743 -743 -717 -734 -743 -761 -743 -743 -734 -743 -761 -717 -761 -734 -752 -734 -761 -725 -761 -734 -761 -761 -743 -743 -743 -752 -743 -761 -743 -761 -734 -743 -743 -752 -743 -743 -743 -743 -752 -761 -734 -734 -770 -761 -752 -770 -743 -743 -752 -752 -761 -770 -770 -761 -752 -761 -752 -761 -761 -752 -752 -752 -734 -761 -761 -761 -752 -752 -761 -752 -752 -752 -761 -743 -770 -761 -761 -761 -761 -761 -761 -761 -770 -770 -770 -752 -752 -770 -779 -770 -752 -761 -770 -779 -761 -779 -770 -761 -788 -770 -788 -752 -752 -779 -752 -743 -761 -761 -761 -761 -752 -779 -770 -761 -761 -761 -770 -752 -761 -761 -752 -788 -752 -761 -761 -761 -743 -752 -752 -717 -734 -743 -743 -734 -725 -752 -734 -725 -725 -717 -743 -725 -734 -717 -725 -734 -725 -734 -725 -734 -717 -725 -743 -716 -734 -725 -725 -717 -743 -743 -761 -752 -717 -734 -725 -752 -761 -752 -770 -752 -752 -743 -743 -743 -761 -761 -752 -752 -743 -752 -743 -725 -752 -734 -743 -725 -725 -734 -743 -752 -734 -743 -743 -752 -761 -743 -734 -761 -770 -761 -770 -770 -770 -770 -788 -770 -779 -797 -788 -806 -797 -806 -797 -788 -806 -806 -814 -788 -814 -806 -805 -806 -797 -806 -797 -806 -797 -806 -797 -806 -797 -788 -806 -788 -797 -806 -823 -806 -806 -814 -805 -806 -814 -806 -805 -823 -796 -823 -841 -823 -797 -823 -823 -832 -814 -841 -806 -823 -832 -832 -850 -841 -858 -850 -858 -858 -858 -850 -858 -850 -867 -876 -858 -858 -850 -867 -858 -885 -885 -876 -885 -867 -867 -894 -876 -876 -885 -876 -894 -885 -894 -894 -885 -894 -885 -894 -903 -894 -903 -903 -894 -876 -876 -894 -867 -885 -885 -885 -903 -894 -903 -894 -885 -885 -894 -885 -885 -894 -876 -903 -894 -912 -867 -894 -894 -912 -885 -912 -876 -894 -894 -903 -894 -921 -894 -903 -912 -894 -903 -885 -903 -894 -912 -912 -894 -894 -903 -885 -903 -894 -912 -903 -876 -912 -885 -903 -912 -903 -912 -912 -894 -912 -903 -912 -903 -921 -939 -903 -930 -903 -903 -903 -921 -921 -903 -903 -921 -903 -903 -930 -903 -903 -930 -930 -912 -912 -912 -894 -894 -903 -903 -894 -894 -903 -912 -894 -876 -921 -912
-699 -708 -707 -681 -717 -708 -725 -725 -725 -725 -708 -708 -708 -717 -708 -725 -708 -725 -725 -734 -734 -717 -743 -734 -734 -717 -708 -708 -725 -734 -725 -734 -716 -716 -699 -717 -717 -725 -725 -717 -717 -725 -717 -734 -716 -717 -708 -717 -717 -734 -734 -725 -734 -734 -725 -743 -734 -725 -734 -734 -717 -734 -725 -725 -743 -725 -725 -734 -725 -734 -717 -734 -725 -734 -734 -743 -725 -725 -743 -743 -734 -725 -717 -734 -752 -725 -725 -752 -743 -743 -752 -743 -752 -752 -725 -734 -761 -752 -734 -734 -761 -743 -734 -743 -743 -752 -725 -743 -725 -725 -725 -725 -734 -725 -743 -734 -743 -752 -725 -734 -725 -734 -734 -743 -752 -752 -752 -734 -752 -734 -752 -743 -770 -734 -725 -743 -770 -770 -752 -761 -752 -734 -734 -734 -752 -752 -752 -761 -761 -734 -761 -752 -743 -761 -743 -752 -743 -761 -752 -761 -734 -752 -752 -743 -743 -761 -761 -752 -743 -761 -743 -743 -761 -761 -761 -743 -761 -761 -761 -770 -752 -761 -752 -761 -761 -752 -770 -761 -743 -752 -770 -770 -761 -761 -770 -779 -779 -770 -761 -770 -761 -761 -779 -770 -761 -761 -770 -779 -770 -779 -761 -779 -770 -761 -761 -752 -761 -779 -761 -779 -770 -770 -770 -770 -761 -779 -770 -761 -761 -752 -743 -743 -743 -734 -734 -743 -752 -725 -743 -708 -717 -734 -716 -734 -716 -734 -699 -734 -717 -734 -725 -725 -725 -734 -743 -725 -725 -725 -743 -734 -717 -717 -725 -743 -761 -725 -752 -743 -743 -734 -761 -752 -743 -734 -752 -743 -734 -743 -761 -743 -752 -734 -743 -734 -725 -743 -734 -743 -716 -725 -725 -743 -725 -743 -725 -734 -752 -761 -734 -743 -743 -761 -761 -761 -761 -779 -761 -770 -788 -770 -797 -779 -806 -797 -788 -797 -788 -797 -805 -814 -797 -797 -814 -806 -806 -796 -805 -797 -814 -797 -797 -814 -806 -814 -796 -797 -806 -806 -797 -806 -806 -805 -806 -814 -797 -814 -805 -805 -797 -814 -814 -823 -806 -814 -814 -814 -823 -823 -814 -832 -814 -814 -850 -832 -832 -823 -832 -850 -832 -841 -858 -858 -841 -850 -850 -858 -876 -867 -867 -858 -858 -876 -876 -876 -876 -858 -876 -885 -867 -876 -867 -867 -885 -885 -885 -885 -894 -885 -885 -894 -894 -885 -894 -894 -876 -885 -894 -894 -876 -894 -894 -867 -876 -885 -894 -912 -903 -903 -903 -894 -885 -876 -885 -885 -885 -894 -867 -894 -885 -876 -885 -921 -894 -885 -894 -903 -894 -894 -903 -912 -894 -894 -903 -894 -885 -885 -894 -894 -894 -894 -903 -894 -885 -885 -912 -903 -894 -903 -894 -903 -903 -903 -894 -894 -912 -912 -921 -903 -894 -903 -912 -894 -903 -912 -921 -912 -912 -894 -921 -921 -912 -912 -912 -894 -912 -903 -921 -894 -903 -912 -912 -903 -903 -912 -903 -894 -894 -894 -903 -894 -894 -903 -912 -903 -912 -930 -912 -921 -921 -921 -930 -885
-717 -716 -716 -708 -708 -734 -708 -717 -716 -734 -725 -734 -734 -725 -725 -743 -725 -725 -734 -725 -717 -725 -743 -725 -708 -717 -717 -725 -725 -725 -725 -717 -717 -725 -734 -708 -716 -734 -725 -716 -708 -725 -743 -717 -725 -734 -725 -752 -725 -734 -734 -734 -725 -716 -752 -743 -752 -725 -743 -743 -734 -725 -725 -717 -717 -734 -734 -716 -725 -734 -743 -725 -725 -725 -734 -717 -734 -725 -734 -761 -761 -743 -752 -752 -743 -743 -752 -761 -743 -743 -761 -734 -743 -734 -743 -734 -734 -725 -752 -743 -743 -725 -743 -752 -761 -752 -743 -743 -761 -734 -752 -752 -743 -761 -725 -752 -752 -734 -761 -743 -743 -752 -743 -743 -743 -743 -752 -734 -743 -761 -752 -752 -743 -734 -761 -752 -752 -743 -752 -725 -752 -752 -734 -743 -752 -752 -752 -761 -761 -743 -743 -743 -761 -752 -743 -770 -752 -770 -743 -761 -761 -761 -752 -761 -770 -761 -761 -761 -770 -752 -752 -752 -761 -779 -752 -752 -752 -761 -770 -743 -734 -752 -752 -761 -779 -761 -743 -770 -761 -770 -752 -770 -761 -761 -779 -770 -761 -761 -788 -761 -752 -752 -779 -752 -743 -761 -743 -770 -761 -743 -743 -779 -761 -761 -761 -779 -788 -752 -752 -770 -761 -743 -752 -752 -734 -734 -770 -725 -725 -743 -743 -734 -725 -743 -743 -752 -725 -725 -708 -725 -717 -717 -734 -725 -725 -734 -734 -717 -717 -717 -725 -717 -725 -734 -734 -725 -752 -743 -743 -743 -761 -761 -743 -743 -734 -752 -725 -752 -752 -734 -752 -743 -752 -734 -743 -752 -743 -725 -743 -734 -725 -725 -734 -725 -734 -734 -725 -734 -717 -743 -743 -734 -743 -770 -761 -761 -761 -761 -770 -752 -779 -779 -779 -779 -779 -797 -797 -797 -797 -797 -797 -788 -797 -814 -788 -814 -788 -797 -797 -796 -806 -806 -814 -797 -806 -814 -806 -814 -823 -788 -814 -806 -823 -797 -814 -797 -806 -814 -805 -806 -814 -806 -806 -797 -823 -814 -814 -832 -806 -806 -814 -832 -823 -832 -832 -814 -814 -850 -858 -850 -858 -841 -850 -858 -858 -841 -850 -858 -867 -850 -885 -876 -867 -858 -867 -867 -885 -876 -876 -867 -867 -885 -885 -867 -885 -894 -867 -876 -876 -885 -903 -876 -894 -894 -885 -894 -885 -894 -894 -894 -894 -885 -885 -903 -903 -885 -876 -867 -885 -903 -885 -894 -894 -876 -894 -885 -885 -885 -903 -894 -894 -876 -894 -903 -894 -894 -894 -876 -885 -885 -912 -894 -894 -894 -903 -876 -885 -894 -885 -894 -903 -894 -894 -894 -912 -903 -903 -903 -903 -921 -894 -894 -885 -894 -903 -903 -921 -903 -903 -912 -894 -894 -912 -912 -903 -903 -930 -903 -894 -894 -903 -903 -903 -876 -912 -903 -912 -903 -903 -912 -894 -903 -894 -903 -903 -894 -894 -912 -903 -921 -903 -903 -894 -894 -912 -912 -903 -912 -930 -912 -921 -912 -903 -903 -894 -921 -903 -930 -903 -903 -894 -921
-725 -725 -725 -725 -743 -725 -734 -734 -725 -752 -725 -725 -725 -743 -743 -725 -734 -717 -717 -743 -717 -734 -716 -734 -708 -708 -725 -717 -725 -725 -699 -743 -717 -734 -734 -725 -725 -734 -734 -752 -725 -743 -734 -725 -725 -734 -725 -725 -725 -725 -734 -717 -752 -717 -734 -717 -734 -725 -725 -716 -725 -743 -725 -725 -716 -752 -725 -752 -734 -761 -717 -734 -725 -743 -743 -743 -725 -743 -752 -743 -752 -725 -743 -725 -734 -725 -734 -734 -734 -752 -725 -734 -734 -725 -734 -725 -734 -734 -743 -743 -725 -734 -743 -752 -734 -743 -743 -743 -725 -743 -752 -752 -752 -734 -734 -761 -761 -743 -779 -743 -743 -752 -734 -752 -725 -734 -743 -743 -761 -743 -743 -761 -761 -743 -752 -752 -743 -743 -743 -752 -761 -761 -752 -743 -761 -752 -761 -761 -752 -752 -761 -752 -752 -770 -752 -761 -761 -761 -761 -743 -761 -743 -743 -743 -770 -761 -743 -761 -761 -761 -761 -770 -761 -761 -752 -770 -761 -752 -752 -761 -752 -761 -779 -779 -752 -779 -761 -770 -770 -752 -770 -761 -788 -752 -770 -770 -779 -761 -788 -761 -770 -779 -779 -770 -770 -770 -779 -770 -770 -752 -734 -734 -752 -743 -752 -743 -743 -743 -717 -734 -725 -717 -725 -725 -716 -717 -725 -734 -734 -717 -716 -725 -734 -725 -725 -725 -734 -734 -725 -725 -734 -717 -717 -725 -725 -717 -717 -717 -725 -734 -725 -743 -725 -752 -734 -761 -752 -752 -743 -743 -734 -770 -734 -743 -752 -743 -743 -761 -743 -734 -752 -743 -734 -734 -725 -725 -734 -743 -743 -734 -752 -761 -725 -743 -743 -761 -761 -752 -770 -770 -761 -779 -770 -788 -779 -788 -814 -797 -788 -779 -797 -779 -797 -805 -788 -806 -797 -797 -814 -806 -806 -805 -806 -805 -797 -814 -823 -797 -806 -797 -805 -797 -788 -806 -814 -814 -814 -806 -814 -797 -814 -814 -806 -806 -823 -832 -797 -814 -823 -814 -823 -806 -814 -779 -841 -814 -823 -841 -832 -823 -858 -841 -850 -850 -841 -841 -850 -841 -850 -841 -858 -858 -858 -885 -885 -867 -867 -858 -876 -876 -867 -876 -885 -858 -885 -885 -876 -885 -876 -894 -903 -885 -894 -894 -876 -894 -876 -885 -885 -894 -894 -876 -894 -885 -885 -876 -903 -876 -885 -876 -876 -885 -921 -885 -894 -885 -894 -894 -885 -894 -885 -894 -876 -876 -876 -885 -885 -894 -894 -885 -894 -876 -885 -894 -876 -903 -876 -894 -885 -894 -885 -912 -894 -903 -912 -912 -876 -885 -885 -894 -903 -894 -885 -903 -894 -894 -912 -912 -912 -903 -903 -894 -903 -903 -903 -894 -912 -894 -903 -903 -903 -903 -912 -903 -912 -894 -912 -894 -903 -903 -912 -903 -912 -903 -894 -894 -903 -894 -903 -912 -912 -894 -903 -903 -921 -903 -912 -903 -921 -903 -912 -912 -921 -912 -921 -912 -903 -921 -912 -894 -894 -903 -903 -930 -921 -921 -912 -903 -903 -912 -903 -912
-734 -743 -725 -717 -734 -734 -725 -717 -708 -708 -708 -725 -708 -725 -725 -707 -717 -725 -717 -725 -708 -717 -734 -725 -725 -707 -725 -725 -752 -725 -717 -734 -708 -717 -743 -743 -725 -716 -743 -725 -734 -716 -734 -734 -725 -734 -725 -725 -716 -743 -725 -725 -725 -734 -734 -743 -734 -725 -717 -725 -743 -734 -734 -743 -752 -752 -743 -743 -734 -752 -734 -734 -761 -752 -752 -761 -734 -725 -734 -734 -743 -734 -752 -734 -716 -752 -743 -716 -743 -725 -734 -725 -717 -752 -734 -743 -743 -761 -734 -743 -725 -752 -752 -734 -752 -734 -725 -752 -743 -752 -743 -743 -752 -743 -761 -752 -743 -734 -752 -752 -717 -752 -743 -743 -752 -734 -752 -743 -752 -743 -752 -752 -752 -761 -752 -743 -752 -743 -761 -743 -743 -752 -752 -752 -752 -752 -752 -752 -752 -752 -752 -761 -743 -752 -761 -743 -752 -752 -752 -761 -743 -761 -770 -743 -761 -761 -770 -770 -752 -761 -779 -752 -788 -761 -761 -752 -770 -743 -743 -761 -761 -770 -761 -761 -770 -761 -752 -779 -779 -752 -779 -770 -770 -761 -779 -779 -752 -770 -761 -770 -770 -761 -752 -743 -761 -734 -743 -770 -743 -743 -743 -743 -717 -743 -734 -725 -708 -734 -725 -716 -716 -752 -716 -734 -734 -743 -734 -717 -725 -725 -725 -734 -716 -717 -734 -725 -743 -734 -734 -725 -734 -716 -725 -717 -725 -717 -743 -752 -734 -743 -761 -752 -752 -752 -752 -770 -743 -752 -743 -743 -725 -752 -752 -734 -734 -725 -725 -752 -752 -734 -734 -725 -725 -743 -734 -743 -761 -770 -761 -770 -752 -770 -770 -779 -770 -788 -797 -770 -779 -806 -770 -779 -797 -797 -797 -797 -805 -806 -797 -806 -797 -814 -788 -805 -806 -805 -814 -805 -806 -797 -805 -814 -814 -797 -806 -832 -814 -797 -788 -823 -823 -805 -806 -805 -806 -814 -814 -814 -841 -823 -805 -832 -814 -797 -832 -832 -823 -823 -814 -823 -841 -850 -832 -850 -841 -850 -832 -850 -850 -858 -858 -858 -841 -850 -841 -876 -858 -867 -867 -858 -867 -876 -876 -876 -867 -876 -876 -894 -894 -894 -885 -876 -876 -876 -885 -867 -894 -885 -903 -894 -885 -903 -894 -903 -903 -885 -894 -903 -894 -885 -876 -876 -885 -876 -903 -894 -894 -894 -876 -876 -894 -885 -885 -885 -885 -876 -876 -876 -885 -903 -894 -894 -885 -885 -885 -885 -885 -876 -912 -876 -903 -903 -885 -894 -894 -885 -885 -912 -903 -921 -912 -885 -903 -912 -903 -903 -903 -894 -894 -903 -894 -894 -894 -912 -894 -903 -894 -912 -903 -903 -903 -894 -912 -903 -894 -912 -912 -921 -903 -903 -912 -921 -903 -903 -903 -903 -903 -912 -921 -903 -912 -912 -903 -894 -894 -894 -894 -903 -921 -921 -930 -930 -903 -903 -921 -912 -912 -912 -903 -894 -912 -912 -894 -903 -912 -903 -912 -903 -894 -912 -903 -921 -912 -903 -921 -912 -912 -921 -921 -903 -912 -930
-717 -708 -708 -699 -725 -734 -716 -717 -734 -708 -708 -716 -717 -708 -725 -717 -716 -725 -717 -725 -734 -743 -743 -734 -725 -734 -725 -734 -725 -752 -725 -734 -725 -734 -725 -725 -725 -743 -734 -725 -752 -725 -716 -717 -717 -725 -752 -734 -725 -717 -752 -752 -725 -725 -743 -725 -734 -734 -725 -743 -725 -743 -761 -734 -725 -734 -743 -770 -734 -752 -717 -752 -743 -734 -725 -743 -734 -734 -743 -725 -734 -734 -717 -743 -761 -734 -743 -743 -743 -734 -770 -770 -761 -752 -734 -743 -743 -761 -752 -743 -752 -752 -752 -743 -770 -734 -761 -743 -761 -743 -743 -734 -752 -734 -743 -761 -761 -743 -743 -761 -761 -752 -761 -743 -752 -752 -770 -752 -743 -743 -761 -752 -761 -770 -752 -743 -761 -743 -761 -752 -752 -770 -752 -761 -734 -752 -752 -743 -752 -743 -761 -761 -761 -743 -761 -761 -752 -770 -761 -752 -761 -752 -779 -770 -752 -752 -761 -761 -761 -761 -761 -770 -752 -761 -770 -752 -761 -752 -752 -770 -770 -761 -761 -761 -752 -779 -770 -770 -761 -761 -770 -770 -761 -770 -752 -770 -761 -743 -734 -752 -734 -743 -743 -734 -743 -743 -734 -725 -725 -734 -725 -716 -725 -725 -725 -743 -717 -717 -716 -725 -725 -743 -707 -716 -717 -717 -717 -717 -734 -743 -717 -725 -734 -717 -752 -734 -752 -752 -752 -734 -752 -743 -743 -761 -743 -734 -752 -743 -734 -734 -725 -743 -752 -734 -734 -743 -734 -725 -717 -734 -752 -743 -743 -734 -725 -761 -717 -752 -743 -752 -761 -752 -770 -752 -788 -761 -770 -788 -797 -779 -797 -788 -779 -797 -788 -806 -806 -806 -823 -806 -770 -797 -805 -779 -788 -814 -814 -779 -797 -805 -806 -797 -797 -797 -814 -814 -788 -797 -814 -823 -814 -788 -796 -814 -797 -805 -814 -805 -796 -805 -814 -797 -814 -814 -814 -814 -823 -814 -814 -823 -832 -832 -850 -841 -841 -850 -841 -850 -850 -850 -850 -850 -841 -841 -867 -867 -858 -876 -858 -858 -876 -858 -885 -867 -858 -858 -876 -867 -885 -876 -894 -876 -894 -885 -885 -885 -894 -885 -885 -885 -894 -894 -876 -876 -876 -894 -885 -885 -876 -885 -894 -894 -912 -894 -912 -876 -885 -867 -885 -894 -885 -894 -903 -894 -894 -894 -885 -894 -885 -903 -894 -894 -894 -903 -885 -894 -894 -885 -894 -876 -885 -894 -903 -876 -894 -903 -885 -894 -894 -903 -885 -903 -894 -894 -903 -903 -912 -930 -894 -867 -894 -885 -894 -912 -903 -921 -921 -912 -894 -912 -921 -912 -903 -921 -912 -903 -894 -903 -903 -903 -912 -894 -912 -903 -903 -912 -930 -912 -894 -903 -894 -912 -885 -903 -894 -894 -912 -894 -894 -912 -903 -912 -912 -912 -912 -921 -903 -912 -921 -912 -894 -912 -903 -903 -894 -903 -903 -903 -903 -912 -912 -912 -912 -912 -912 -930 -912 -912 -912 -912 -894 -939 -921 -894 -912 -912 -903 -912 -912 -921 -921 -903
-716 -708 -725 -707 -725 -725 -716 -743 -725 -708 -734 -725 -734 -725 -717 -734 -725 -743 -743 -717 -725 -734 -734 -717 -725 -725 -725 -717 -734 -717 -734 -734 -734 -743 -708 -725 -725 -716 -734 -717 -734 -752 -734 -734 -725 -734 -743 -761 -717 -743 -743 -743 -752 -743 -734 -752 -734 -734 -752 -752 -743 -734 -743 -725 -725 -734 -734 -743 -734 -734 -752 -743 -725 -725 -734 -743 -734 -734 -752 -734 -752 -752 -734 -752 -752 -752 -743 -752 -752 -752 -761 -734 -761 -752 -743 -752 -743 -734 -743 -734 -752 -743 -743 -725 -752 -761 -734 -743 -734 -743 -761 -761 -761 -770 -761 -752 -761 -770 -743 -752 -770 -761 -752 -743 -743 -761 -734 -761 -743 -770 -743 -752 -752 -752 -743 -761 -752 -734 -761 -761 -752 -752 -761 -761 -752 -770 -761 -788 -752 -761 -761 -770 -761 -761 -743 -779 -779 -761 -770 -779 -770 -788 -752 -779 -752 -761 -761 -761 -761 -752 -788 -770 -770 -752 -761 -770 -770 -752 -752 -770 -770 -779 -761 -770 -761 -752 -752 -761 -743 -734 -734 -743 -743 -752 -725 -752 -734 -708 -725 -725 -725 -725 -717 -743 -725 -734 -734 -725 -725 -716 -708 -725 -708 -725 -725 -725 -743 -734 -734 -734 -734 -725 -725 -734 -725 -743 -743 -761 -743 -743 -752 -752 -734 -761 -752 -752 -761 -761 -752 -752 -734 -752 -734 -725 -734 -725 -734 -743 -725 -725 -734 -734 -717 -734 -734 -743 -725 -734 -761 -752 -743 -761 -761 -761 -752 -770 -761 -779 -788 -770 -761 -797 -770 -779 -797 -805 -788 -814 -797 -805 -797 -797 -814 -788 -806 -814 -814 -814 -797 -788 -823 -797 -796 -806 -805 -814 -797 -823 -797 -797 -806 -797 -788 -814 -814 -806 -806 -797 -814 -797 -814 -823 -814 -823 -814 -832 -832 -823 -806 -832 -832 -823 -841 -841 -814 -850 -858 -850 -850 -832 -867 -850 -867 -867 -841 -867 -867 -858 -876 -867 -858 -858 -876 -850 -867 -876 -876 -885 -885 -876 -867 -885 -885 -876 -885 -885 -885 -894 -885 -894 -885 -885 -876 -858 -903 -894 -894 -894 -894 -894 -894 -885 -885 -885 -894 -894 -876 -885 -876 -903 -885 -894 -903 -903 -912 -894 -894 -885 -867 -894 -894 -903 -912 -912 -903 -903 -894 -894 -867 -876 -894 -894 -921 -912 -903 -885 -894 -894 -885 -894 -894 -894 -894 -921 -894 -894 -894 -894 -894 -903 -903 -894 -894 -885 -903 -903 -903 -921 -912 -912 -894 -894 -903 -912 -894 -912 -903 -921 -894 -894 -912 -903 -894 -912 -885 -903 -903 -912 -903 -912 -894 -903 -912 -921 -903 -903 -912 -903 -894 -894 -903 -912 -921 -894 -903 -903 -894 -876 -912 -912 -912 -894 -921 -912 -921 -894 -921 -903 -903 -903 -912 -894 -903 -921 -921 -930 -921 -912 -921 -903 -930 -912 -912 -921 -903 -903 -903 -912 -903 -903 -903 -903 -912 -903 -894 -912 -912 -912 -903 -921 -912 -903
-734 -734 -734 -717 -717 -717 -734 -734 -725 -734 -734 -717 -734 -725 -725 -734 -734 -725 -725 -725 -743 -734 -734 -725 -717 -743 -717 -743 -725 -725 -717 -743 -725 -716 -717 -734 -725 -743 -725 -743 -734 -752 -734 -752 -761 -743 -725 -752 -743 -734 -734 -743 -743 -752 -743 -725 -725 -734 -743 -725 -734 -734 -725 -734 -725 -734 -734 -743 -743 -725 -743 -761 -725 -717 -770 -752 -743 -752 -761 -752 -752 -761 -734 -734 -743 -743 -734 -734 -743 -752 -734 -752 -725 -752 -734 -743 -761 -761 -752 -743 -752 -752 -761 -752 -752 -743 -743 -725 -761 -770 -743 -752 -752 -761 -761 -761 -752 -761 -761 -752 -770 -743 -770 -734 -761 -761 -743 -761 -752 -761 -761 -761 -761 -770 -743 -770 -761 -770 -770 -752 -761 -770 -752 -761 -770 -779 -770 -752 -752 -752 -770 -752 -770 -761 -770 -788 -761 -761 -761 -770 -761 -761 -770 -761 -761 -761 -761 -761 -761 -752 -752 -770 -752 -770 -761 -761 -752 -761 -761 -761 -752 -734 -752 -761 -743 -717 -717 -725 -725 -725 -743 -743 -743 -743 -725 -717 -734 -734 -734 -725 -717 -708 -725 -725 -708 -708 -725 -717 -708 -716 -708 -717 -725 -734 -743 -716 -743 -743 -725 -752 -734 -734 -743 -725 -752 -734 -752 -734 -752 -770 -743 -743 -743 -734 -752 -743 -743 -734 -734 -725 -734 -734 -734 -725 -752 -752 -752 -725 -743 -716 -734 -725 -743 -770 -743 -752 -761 -752 -770 -761 -770 -752 -779 -788 -797 -770 -806 -788 -797 -797 -806 -806 -814 -806 -787 -797 -796 -806 -806 -797 -806 -797 -805 -805 -814 -806 -806 -797 -806 -806 -814 -814 -806 -832 -797 -797 -814 -814 -806 -806 -797 -823 -806 -814 -832 -814 -814 -805 -814 -814 -832 -823 -805 -832 -823 -850 -823 -841 -850 -850 -832 -841 -841 -858 -841 -850 -850 -850 -841 -858 -876 -876 -876 -876 -867 -867 -858 -858 -841 -885 -885 -876 -850 -885 -876 -894 -876 -894 -885 -885 -894 -867 -885 -885 -885 -903 -876 -903 -903 -903 -876 -885 -885 -867 -876 -885 -885 -894 -894 -894 -894 -894 -885 -867 -885 -894 -894 -894 -894 -894 -885 -876 -903 -885 -903 -903 -885 -885 -903 -903 -885 -894 -894 -885 -894 -885 -894 -894 -885 -903 -903 -912 -903 -903 -903 -903 -885 -903 -912 -894 -885 -885 -912 -885 -912 -903 -894 -903 -921 -903 -903 -903 -885 -912 -903 -903 -894 -903 -894 -894 -912 -912 -912 -921 -912 -921 -930 -912 -921 -912 -912 -912 -903 -912 -903 -894 -912 -885 -921 -921 -894 -903 -903 -903 -903 -894 -920 -894 -912 -894 -921 -903 -912 -912 -903 -903 -929 -912 -912 -903 -894 -912 -912 -930 -912 -903 -930 -939 -894 -921 -903 -921 -903 -921 -903 -912 -903 -912 -912 -921 -903 -930 -903 -912 -903 -921 -912 -885 -921 -903 -894 -903 -912 -930 -903 -912 -921 -921 -921 -921 -912 -903
-725 -743 -725 -752 -743 -717 -725 -708 -725 -725 -743 -716 -717 -717 -707 -734 -725 -734 -734 -743 -725 -717 -734 -725 -734 -734 -734 -734 -725 -725 -734 -734 -734 -752 -734 -743 -734 -743 -734 -725 -743 -743 -725 -743 -708 -752 -743 -725 -743 -752 -734 -725 -734 -734 -725 -734 -725 -725 -734 -761 -725 -743 -725 -761 -752 -734 -743 -743 -734 -743 -734 -752 -770 -734 -752 -752 -725 -752 -752 -752 -734 -734 -752 -743 -743 -734 -725 -752 -761 -752 -752 -734 -752 -752 -752 -743 -752 -752 -752 -770 -761 -761 -761 -752 -752 -761 -770 -761 -770 -761 -752 -743 -761 -770 -761 -761 -761 -770 -761 -761 -752 -752 -761 -779 -752 -761 -761 -743 -752 -743 -752 -743 -752 -770 -770 -761 -779 -770 -752 -770 -752 -770 -752 -761 -770 -752 -752 -761 -770 -761 -761 -761 -779 -761 -770 -770 -779 -770 -778 -779 -779 -752 -761 -770 -788 -770 -752 -761 -752 -770 -761 -761 -743 -734 -743 -734 -743 -743 -734 -734 -743 -725 -743 -716 -717 -725 -725 -743 -743 -734 -734 -734 -734 -717 -717 -717 -717 -708 -725 -743 -716 -734 -717 -725 -752 -743 -734 -725 -725 -725 -743 -743 -743 -752 -752 -743 -734 -752 -734 -752 -752 -761 -752 -761 -761 -734 -743 -761 -734 -752 -734 -725 -734 -734 -725 -743 -725 -734 -734 -734 -725 -734 -743 -752 -743 -743 -761 -770 -761 -770 -761 -778 -788 -797 -779 -779 -797 -805 -797 -797 -797 -806 -806 -805 -806 -788 -806 -806 -805 -797 -797 -806 -806 -797 -779 -806 -797 -814 -806 -814 -797 -806 -814 -797 -806 -806 -814 -797 -814 -806 -806 -796 -806 -805 -805 -814 -805 -832 -806 -806 -814 -806 -814 -806 -806 -814 -823 -832 -832 -814 -841 -832 -841 -867 -850 -858 -858 -850 -858 -858 -850 -850 -858 -876 -867 -858 -867 -858 -876 -867 -885 -885 -858 -876 -867 -885 -894 -885 -903 -885 -876 -903 -876 -867 -894 -894 -894 -876 -894 -885 -894 -903 -885 -903 -912 -903 -885 -885 -894 -894 -894 -903 -885 -876 -894 -894 -903 -903 -894 -885 -903 -894 -876 -894 -876 -876 -894 -894 -894 -903 -867 -885 -885 -885 -885 -894 -903 -903 -876 -903 -894 -885 -903 -903 -894 -903 -912 -894 -894 -894 -903 -894 -894 -894 -894 -912 -912 -894 -894 -912 -903 -885 -903 -903 -894 -912 -894 -894 -894 -903 -903 -903 -903 -912 -912 -903 -894 -903 -903 -903 -903 -903 -920 -903 -894 -903 -894 -912 -876 -885 -912 -903 -885 -912 -921 -912 -921 -912 -921 -912 -903 -903 -903 -903 -894 -912 -885 -903 -894 -885 -912 -921 -921 -912 -930 -903 -912 -912 -903 -939 -912 -912 -903 -912 -912 -894 -912 -921 -912 -912 -912 -912 -921 -903 -912 -912 -894 -903 -912 -894 -912 -912 -894 -912 -894 -912 -894 -894 -894 -912 -921 -912 -912 -921 -930 -921 -912 -912 -938 -912 -921 -930
-743 -717 -743 -743 -717 -734 -734 -717 -725 -725 -717 -716 -734 -743 -725 -752 -725 -734 -734 -734 -725 -716 -717 -734 -734 -725 -734 -717 -761 -734 -743 -734 -734 -743 -752 -734 -752 -743 -725 -725 -734 -717 -752 -717 -752 -734 -734 -725 -717 -725 -743 -743 -725 -734 -743 -743 -734 -752 -752 -725 -743 -752 -743 -752 -743 -743 -725 -752 -761 -743 -734 -752 -734 -752 -752 -743 -743 -743 -734 -743 -761 -743 -752 -761 -734 -743 -752 -752 -752 -743 -752 -761 -752 -752 -752 -761 -752 -779 -743 -761 -761 -743 -752 -752 -761 -752 -734 -752 -761 -743 -761 -761 -743 -761 -761 -761 -761 -752 -761 -770 -743 -761 -761 -761 -770 -743 -752 -761 -752 -770 -752 -770 -761 -770 -779 -770 -761 -770 -770 -761 -761 -752 -770 -752 -761 -761 -770 -779 -761 -788 -761 -770 -761 -761 -752 -752 -752 -770 -761 -752 -761 -761 -761 -743 -734 -743 -761 -734 -752 -734 -743 -743 -734 -725 -734 -743 -717 -752 -743 -725 -743 -725 -725 -716 -725 -725 -716 -708 -734 -725 -734 -717 -734 -725 -725 -734 -725 -716 -734 -743 -734 -734 -734 -743 -752 -752 -743 -743 -743 -734 -761 -743 -734 -752 -761 -734 -725 -725 -734 -743 -734 -743 -725 -743 -743 -717 -734 -725 -734 -743 -734 -743 -734 -734 -743 -743 -761 -752 -770 -770 -743 -770 -779 -770 -779 -788 -788 -788 -788 -779 -797 -788 -788 -796 -806 -806 -806 -797 -814 -805 -806 -814 -796 -788 -806 -788 -788 -814 -806 -814 -797 -806 -805 -797 -806 -805 -805 -805 -796 -806 -788 -823 -806 -806 -797 -814 -814 -814 -814 -814 -806 -805 -806 -814 -832 -806 -814 -841 -841 -823 -841 -832 -823 -858 -850 -850 -841 -858 -850 -850 -850 -850 -850 -867 -876 -867 -867 -858 -867 -867 -885 -876 -867 -894 -867 -858 -876 -867 -885 -885 -885 -894 -885 -885 -876 -876 -876 -867 -912 -903 -867 -885 -894 -885 -903 -876 -903 -885 -876 -876 -885 -876 -894 -867 -876 -903 -894 -858 -894 -876 -894 -885 -894 -885 -876 -894 -876 -894 -867 -894 -885 -912 -876 -903 -903 -903 -885 -903 -903 -885 -903 -894 -885 -894 -903 -894 -876 -903 -894 -894 -894 -885 -894 -903 -903 -894 -894 -903 -921 -903 -894 -894 -894 -921 -903 -894 -903 -894 -894 -885 -903 -903 -912 -903 -894 -912 -921 -912 -903 -894 -912 -894 -921 -912 -894 -894 -903 -912 -885 -894 -903 -894 -912 -894 -903 -912 -894 -912 -921 -912 -894 -894 -903 -912 -894 -903 -929 -912 -930 -894 -903 -921 -912 -903 -921 -921 -903 -912 -912 -894 -912 -921 -930 -921 -912 -912 -912 -912 -921 -921 -912 -930 -930 -903 -912 -912 -921 -894 -903 -894 -912 -894 -903 -903 -921 -912 -912 -903 -903 -912 -903 -894 -912 -929 -912 -930 -921 -921 -912 -930 -929 -921 -912 -894 -930 -921 -930 -912 -921 -921 -903 -930
-725 -734 -725 -725 -725 -743 -734 -734 -725 -734 -734 -717 -734 -734 -734 -743 -743 -725 -761 -752 -725 -725 -743 -743 -743 -752 -734 -734 -717 -743 -725 -725 -743 -761 -752 -743 -734 -761 -734 -743 -717 -734 -716 -734 -743 -761 -743 -743 -743 -725 -734 -734 -752 -752 -743 -752 -761 -743 -752 -734 -761 -752 -743 -761 -743 -734 -752 -752 -752 -743 -725 -743 -761 -743 -752 -752 -725 -734 -752 -752 -734 -734 -761 -770 -761 -743 -761 -770 -779 -752 -770 -743 -770 -761 -743 -752 -752 -752 -752 -743 -770 -752 -770 -752 -752 -761 -752 -761 -770 -752 -761 -752 -752 -743 -752 -770 -761 -761 -779 -752 -761 -752 -770 -752 -761 -770 -770 -752 -752 -761 -761 -770 -752 -770 -752 -770 -770 -752 -752 -779 -770 -761 -761 -779 -770 -761 -752 -770 -761 -770 -779 -761 -761 -761 -770 -752 -761 -743 -770 -761 -743 -708 -725 -725 -717 -743 -752 -734 -734 -725 -717 -725 -708 -717 -717 -717 -717 -725 -734 -717 -717 -717 -716 -717 -717 -734 -725 -734 -725 -734 -734 -743 -761 -743 -734 -761 -734 -734 -743 -752 -761 -761 -761 -752 -734 -752 -761 -761 -752 -752 -761 -743 -734 -734 -743 -752 -743 -743 -734 -743 -717 -725 -717 -734 -743 -743 -752 -743 -743 -752 -743 -743 -770 -761 -770 -761 -788 -779 -770 -788 -797 -779 -787 -805 -797 -806 -797 -788 -814 -805 -814 -796 -787 -797 -806 -805 -806 -814 -797 -797 -779 -814 -797 -814 -788 -788 -797 -788 -814 -806 -814 -805 -797 -823 -823 -805 -797 -814 -814 -806 -806 -806 -814 -805 -814 -805 -823 -832 -841 -814 -832 -841 -823 -850 -841 -841 -850 -850 -858 -850 -841 -850 -850 -850 -858 -858 -858 -858 -867 -867 -858 -858 -858 -867 -858 -867 -867 -885 -894 -858 -876 -876 -885 -885 -885 -885 -876 -885 -867 -885 -885 -885 -885 -885 -894 -894 -885 -885 -894 -885 -894 -894 -894 -885 -876 -894 -903 -885 -885 -885 -885 -894 -894 -894 -885 -885 -876 -903 -894 -885 -876 -894 -894 -876 -894 -894 -903 -894 -876 -894 -894 -903 -885 -903 -903 -894 -885 -894 -903 -903 -885 -903 -894 -894 -894 -894 -894 -903 -912 -894 -885 -921 -903 -894 -912 -885 -921 -903 -894 -912 -894 -903 -903 -894 -912 -912 -912 -921 -903 -894 -894 -903 -903 -921 -912 -894 -912 -894 -912 -894 -903 -894 -903 -903 -894 -885 -894 -903 -894 -912 -903 -912 -903 -912 -930 -903 -930 -912 -903 -903 -903 -912 -921 -912 -903 -903 -912 -885 -903 -894 -894 -921 -903 -903 -921 -912 -912 -912 -903 -903 -912 -921 -921 -885 -912 -930 -885 -912 -912 -903 -885 -903 -894 -903 -894 -912 -921 -903 -930 -912 -921 -912 -912 -903 -903 -921 -930 -930 -921 -921 -930 -921 -930 -930 -912 -903 -921 -921 -921 -938 -894 -921 -939 -930 -921 -921 -930 -894 -894 -921 -903 -912
-708 -725 -725 -725 -708 -734 -725 -752 -743 -761 -734 -743 -734 -725 -743 -752 -743 -734 -743 -743 -752 -734 -743 -725 -734 -743 -743 -725 -734 -734 -734 -752 -717 -752 -734 -743 -734 -743 -725 -725 -725 -734 -725 -734 -734 -734 -752 -752 -752 -743 -752 -752 -752 -743 -752 -752 -734 -761 -752 -734 -752 -734 -743 -743 -770 -752 -743 -734 -743 -743 -761 -734 -752 -743 -743 -761 -752 -770 -752 -752 -752 -743 -752 -761 -761 -752 -761 -761 -761 -752 -743 -761 -752 -761 -743 -752 -752 -752 -761 -752 -752 -761 -752 -761 -752 -752 -761 -761 -761 -761 -752 -761 -752 -761 -752 -779 -761 -779 -752 -752 -770 -770 -779 -752 -761 -761 -761 -770 -761 -752 -743 -761 -770 -752 -761 -761 -761 -761 -752 -761 -770 -761 -770 -770 -761 -770 -761 -752 -752 -752 -752 -734 -734 -734 -725 -725 -734 -725 -734 -725 -725 -725 -716 -734 -725 -725 -717 -725 -717 -717 -708 -725 -734 -716 -716 -734 -743 -717 -725 -752 -716 -743 -725 -743 -725 -725 -734 -734 -743 -743 -743 -743 -743 -734 -734 -743 -743 -752 -743 -761 -743 -752 -743 -752 -734 -743 -743 -725 -734 -743 -743 -734 -743 -734 -752 -743 -725 -725 -725 -743 -752 -743 -752 -752 -752 -779 -770 -770 -779 -779 -770 -779 -788 -797 -806 -779 -797 -805 -797 -788 -797 -806 -797 -814 -806 -797 -797 -805 -805 -806 -806 -805 -814 -797 -788 -806 -805 -806 -806 -788 -797 -823 -823 -814 -823 -814 -805 -797 -814 -797 -841 -806 -806 -823 -805 -832 -823 -814 -823 -814 -832 -823 -841 -823 -823 -850 -832 -832 -841 -841 -858 -850 -876 -858 -841 -867 -867 -876 -867 -858 -876 -850 -885 -858 -858 -876 -876 -885 -876 -867 -885 -885 -894 -885 -885 -885 -867 -867 -885 -894 -894 -903 -894 -867 -894 -894 -894 -894 -903 -894 -903 -885 -876 -894 -867 -885 -885 -894 -894 -894 -894 -876 -885 -885 -894 -894 -903 -885 -894 -894 -903 -912 -894 -885 -894 -885 -885 -867 -885 -885 -876 -894 -894 -885 -894 -903 -894 -894 -885 -912 -903 -885 -903 -894 -894 -885 -894 -903 -894 -894 -894 -903 -894 -885 -894 -894 -903 -894 -912 -885 -885 -912 -885 -894 -912 -921 -921 -903 -912 -921 -912 -903 -921 -912 -921 -894 -912 -929 -903 -912 -885 -894 -912 -912 -903 -876 -894 -894 -885 -903 -921 -912 -912 -912 -912 -930 -912 -912 -903 -921 -894 -885 -912 -912 -903 -894 -885 -903 -903 -894 -903 -903 -921 -921 -912 -912 -912 -930 -903 -912 -929 -912 -912 -930 -912 -912 -921 -894 -894 -920 -912 -921 -894 -903 -885 -921 -903 -912 -894 -903 -912 -903 -903 -903 -903 -912 -921 -912 -921 -920 -930 -930 -921 -930 -921 -938 -912 -912 -912 -921 -912 -912 -912 -912 -894 -894 -912 -912 -939 -894 -912 -929 -903 -912 -912 -921 -930 -921 -920 -921 -930 -930
-743 -743 -725 -752 -734 -752 -734 -752 -743 -752 -743 -743 -743 -725 -734 -734 -725 -725 -752 -752 -734 -734 -743 -725 -752 -725 -725 -725 -743 -725 -734 -743 -743 -734 -734 -734 -752 -743 -752 -743 -752 -734 -752 -761 -734 -743 -743 -761 -752 -752 -743 -752 -743 -725 -743 -752 -752 -743 -752 -743 -752 -770 -752 -743 -761 -770 -752 -770 -761 -743 -752 -761 -743 -752 -761 -761 -752 -761 -752 -761 -752 -743 -752 -761 -770 -752 -770 -752 -770 -743 -779 -743 -761 -752 -752 -761 -752 -752 -752 -743 -752 -752 -752 -761 -761 -761 -734 -761 -752 -787 -761 -752 -770 -761 -761 -761 -761 -761 -761 -761 -770 -752 -770 -770 -770 -779 -770 -779 -761 -761 -779 -770 -779 -761 -770 -761 -761 -770 -752 -752 -761 -725 -752 -761 -743 -725 -743 -725 -725 -734 -725 -734 -716 -734 -743 -725 -717 -725 -725 -734 -725 -717 -707 -725 -725 -734 -725 -717 -734 -734 -725 -725 -734 -717 -734 -752 -743 -734 -734 -752 -717 -734 -734 -734 -734 -743 -743 -743 -734 -743 -752 -752 -734 -734 -734 -725 -752 -734 -752 -717 -734 -725 -752 -734 -717 -725 -743 -734 -752 -752 -734 -743 -761 -743 -743 -743 -761 -761 -761 -779 -779 -770 -779 -770 -806 -788 -788 -788 -806 -797 -806 -797 -814 -814 -806 -796 -796 -805 -806 -797 -823 -797 -797 -797 -814 -805 -814 -814 -806 -805 -806 -797 -806 -814 -797 -806 -805 -814 -814 -806 -788 -806 -806 -814 -806 -823 -823 -814 -823 -832 -832 -823 -832 -814 -850 -832 -841 -832 -841 -832 -850 -841 -841 -850 -858 -858 -858 -850 -858 -850 -858 -858 -867 -876 -867 -876 -867 -867 -867 -858 -885 -876 -858 -894 -885 -894 -876 -885 -894 -876 -885 -894 -894 -894 -894 -867 -876 -885 -876 -894 -894 -876 -867 -894 -894 -903 -885 -867 -885 -867 -894 -894 -885 -885 -894 -876 -894 -894 -867 -876 -903 -894 -894 -894 -894 -894 -903 -876 -894 -885 -885 -903 -885 -894 -894 -894 -894 -885 -894 -894 -885 -885 -894 -894 -903 -903 -885 -885 -894 -894 -912 -885 -912 -894 -885 -885 -894 -903 -903 -939 -921 -903 -912 -903 -903 -912 -894 -903 -876 -912 -903 -894 -903 -885 -912 -894 -903 -903 -894 -921 -921 -912 -903 -903 -894 -894 -885 -903 -912 -903 -894 -885 -903 -894 -903 -894 -894 -912 -912 -903 -930 -912 -912 -921 -912 -921 -911 -903 -894 -912 -912 -912 -903 -903 -912 -903 -903 -921 -903 -903 -903 -912 -903 -930 -930 -938 -939 -912 -912 -930 -903 -885 -894 -903 -912 -921 -921 -903 -921 -903 -912 -912 -903 -903 -921 -921 -894 -921 -912 -921 -930 -912 -930 -921 -903 -921 -912 -921 -921 -921 -903 -939 -939 -921 -921 -912 -930 -921 -912 -912 -921 -903 -921 -921 -930 -903 -921 -903 -921 -912 -930 -930 -930 -921 -930 -912 -921 -903 -939 -912 -912 -921
-743 -752 -725 -734 -725 -725 -734 -752 -725 -743 -725 -752 -752 -725 -752 -752 -734 -734 -734 -752 -734 -734 -743 -752 -743 -734 -743 -761 -734 -734 -743 -725 -743 -761 -734 -761 -752 -761 -743 -752 -725 -752 -743 -743 -752 -752 -761 -752 -717 -734 -752 -743 -752 -743 -743 -761 -752 -752 -761 -743 -752 -761 -743 -752 -761 -752 -752 -770 -743 -761 -752 -770 -761 -752 -743 -743 -752 -734 -743 -743 -752 -761 -752 -743 -743 -752 -761 -752 -770 -752 -743 -743 -761 -761 -770 -761 -761 -752 -779 -761 -752 -761 -779 -743 -770 -761 -761 -761 -752 -743 -770 -761 -761 -761 -761 -761 -770 -770 -761 -761 -761 -770 -761 -761 -761 -761 -788 -761 -761 -770 -743 -734 -752 -752 -752 -743 -734 -725 -734 -734 -734 -725 -725 -734 -725 -716 -734 -725 -725 -717 -708 -734 -734 -725 -734 -717 -734 -717 -725 -725 -734 -717 -717 -734 -734 -725 -734 -716 -734 -717 -725 -734 -734 -743 -752 -761 -752 -752 -752 -743 -752 -743 -752 -743 -761 -743 -752 -734 -743 -743 -734 -725 -734 -725 -743 -725 -725 -725 -734 -725 -734 -734 -752 -734 -734 -761 -752 -770 -761 -761 -779 -770 -761 -761 -779 -788 -797 -797 -788 -788 -788 -805 -805 -797 -814 -797 -797 -788 -814 -788 -814 -805 -805 -814 -806 -806 -806 -805 -797 -797 -806 -805 -806 -805 -814 -823 -814 -823 -806 -806 -806 -806 -797 -823 -814 -814 -814 -814 -823 -823 -814 -823 -832 -823 -841 -823 -832 -832 -832 -823 -841 -841 -850 -867 -850 -850 -850 -858 -850 -858 -867 -850 -867 -858 -858 -876 -876 -858 -885 -894 -876 -867 -867 -876 -867 -885 -876 -876 -894 -912 -894 -876 -894 -876 -885 -876 -894 -903 -903 -885 -885 -885 -876 -903 -894 -885 -876 -903 -894 -885 -894 -894 -885 -876 -885 -876 -894 -876 -885 -885 -903 -894 -876 -876 -894 -885 -885 -894 -885 -867 -903 -894 -876 -894 -894 -885 -894 -903 -894 -885 -885 -894 -885 -885 -894 -903 -894 -903 -894 -885 -903 -912 -894 -894 -894 -894 -903 -885 -894 -894 -894 -903 -903 -912 -930 -903 -903 -903 -894 -894 -903 -912 -894 -912 -912 -903 -912 -903 -885 -903 -894 -903 -903 -912 -903 -903 -903 -921 -894 -894 -885 -894 -885 -912 -894 -903 -903 -894 -903 -912 -903 -912 -912 -921 -894 -912 -912 -939 -921 -903 -885 -930 -939 -921 -912 -920 -894 -912 -912 -912 -894 -912 -903 -903 -903 -930 -921 -912 -921 -921 -903 -912 -903 -894 -894 -903 -912 -894 -894 -912 -903 -876 -903 -921 -912 -921 -903 -929 -912 -921 -921 -930 -930 -903 -930 -903 -921 -894 -903 -930 -903 -930 -912 -903 -921 -903 -903 -921 -921 -903 -912 -912 -921 -903 -912 -939 -912 -903 -939 -921 -903 -921 -903 -912 -903 -921 -921 -912 -921 -912 -921 -921 -921 -930 -930 -930 -912 -921 -930 -930 -930 -912
-717 -734 -743 -734 -734 -743 -725 -743 -752 -743 -734 -743 -743 -752 -734 -725 -725 -761 -734 -752 -752 -743 -752 -761 -743 -734 -752 -770 -734 -743 -752 -752 -734 -734 -734 -761 -743 -752 -743 -743 -734 -752 -752 -743 -752 -752 -752 -752 -725 -752 -752 -752 -752 -743 -770 -752 -752 -743 -770 -752 -752 -752 -734 -761 -761 -761 -752 -770 -743 -761 -752 -761 -761 -761 -761 -770 -770 -770 -761 -770 -752 -761 -743 -761 -752 -743 -761 -779 -743 -752 -761 -761 -743 -761 -752 -761 -770 -779 -761 -761 -761 -770 -761 -761 -761 -752 -761 -770 -761 -770 -761 -761 -761 -770 -761 -761 -761 -770 -779 -761 -761 -761 -752 -734 -752 -752 -761 -725 -743 -717 -734 -716 -752 -708 -734 -717 -734 -717 -734 -717 -734 -725 -743 -734 -717 -708 -716 -725 -725 -717 -725 -734 -708 -708 -725 -725 -725 -752 -725 -717 -725 -734 -743 -752 -743 -734 -743 -734 -752 -743 -752 -743 -752 -743 -752 -734 -725 -734 -743 -743 -734 -716 -725 -752 -752 -734 -734 -708 -725 -752 -734 -743 -734 -743 -752 -752 -752 -770 -770 -761 -770 -761 -770 -761 -770 -788 -788 -770 -770 -797 -779 -814 -814 -779 -814 -814 -805 -797 -805 -814 -806 -814 -788 -770 -823 -797 -814 -814 -806 -805 -797 -797 -805 -788 -806 -806 -788 -797 -788 -814 -805 -806 -796 -814 -797 -806 -805 -788 -797 -823 -788 -814 -814 -814 -832 -823 -814 -823 -832 -823 -841 -832 -841 -850 -850 -823 -841 -858 -850 -867 -850 -841 -850 -867 -858 -850 -850 -876 -858 -885 -858 -867 -876 -858 -867 -885 -876 -876 -894 -912 -867 -867 -885 -876 -894 -903 -885 -876 -885 -885 -885 -894 -885 -894 -885 -876 -894 -894 -894 -894 -885 -894 -903 -876 -876 -894 -885 -894 -894 -885 -894 -894 -885 -894 -894 -912 -885 -903 -894 -894 -885 -894 -894 -885 -885 -894 -885 -903 -876 -894 -894 -894 -894 -894 -903 -885 -894 -885 -903 -885 -885 -885 -903 -885 -903 -903 -894 -885 -912 -885 -876 -903 -912 -912 -912 -903 -894 -885 -912 -903 -903 -903 -903 -903 -930 -894 -912 -912 -903 -903 -903 -903 -885 -912 -921 -912 -921 -921 -903 -903 -912 -885 -903 -894 -921 -894 -921 -903 -912 -903 -912 -912 -912 -921 -903 -912 -903 -912 -912 -894 -894 -903 -903 -903 -912 -903 -903 -894 -894 -912 -912 -903 -903 -912 -912 -912 -912 -912 -930 -894 -894 -912 -921 -912 -903 -894 -903 -894 -894 -894 -903 -894 -903 -894 -894 -903 -912 -912 -903 -921 -903 -921 -903 -903 -930 -903 -912 -921 -930 -912 -903 -903 -921 -930 -939 -921 -921 -903 -912 -921 -921 -903 -903 -912 -912 -912 -921 -903 -939 -912 -912 -930 -903 -903 -930 -921 -912 -930 -921 -912 -930 -930 -938 -930 -930 -912 -912 -921 -912 -912 -921 -921 -930 -912 -930 -921 -921 -921 -930 -930 -912 -930
-717 -725 -725 -725 -734 -734 -743 -743 -761 -752 -743 -752 -734 -743 -734 -743 -743 -752 -752 -752 -752 -761 -725 -752 -743 -752 -743 -743 -761 -752 -743 -761 -743 -752 -752 -752 -743 -752 -743 -752 -761 -752 -752 -752 -743 -743 -734 -770 -743 -761 -743 -752 -770 -743 -761 -752 -761 -752 -743 -743 -752 -752 -734 -761 -752 -743 -752 -743 -770 -752 -752 -779 -761 -761 -752 -752 -743 -761 -761 -770 -770 -761 -761 -770 -752 -752 -752 -761 -779 -761 -761 -743 -752 -761 -752 -779 -761 -770 -761 -770 -761 -752 -770 -761 -770 -761 -770 -752 -779 -761 -752 -752 -752 -752 -761 -743 -752 -761 -743 -734 -717 -717 -725 -752 -725 -725 -734 -734 -717 -725 -734 -734 -734 -725 -734 -725 -725 -717 -725 -743 -717 -725 -699 -725 -734 -734 -708 -725 -734 -734 -743 -725 -717 -725 -752 -734 -734 -743 -743 -752 -761 -752 -743 -752 -743 -734 -752 -752 -752 -734 -734 -743 -743 -752 -725 -743 -734 -734 -725 -725 -725 -752 -734 -743 -752 -725 -761 -743 -734 -743 -761 -761 -761 -761 -770 -770 -797 -788 -779 -770 -770 -805 -788 -805 -797 -814 -779 -806 -814 -814 -806 -823 -788 -806 -805 -797 -806 -797 -797 -796 -806 -779 -814 -805 -796 -806 -805 -814 -806 -814 -796 -814 -805 -814 -814 -806 -814 -814 -797 -814 -823 -797 -797 -814 -823 -814 -823 -832 -841 -823 -841 -823 -841 -850 -832 -832 -841 -850 -850 -858 -832 -850 -841 -850 -850 -858 -867 -841 -850 -867 -876 -867 -858 -876 -876 -885 -885 -885 -885 -858 -894 -867 -876 -894 -894 -894 -876 -903 -876 -867 -876 -903 -876 -885 -885 -885 -894 -885 -894 -894 -876 -885 -894 -885 -894 -876 -885 -876 -867 -885 -894 -894 -894 -885 -903 -867 -876 -894 -885 -876 -894 -885 -876 -894 -894 -894 -894 -894 -894 -894 -885 -903 -885 -885 -885 -894 -885 -894 -903 -885 -894 -894 -912 -903 -885 -885 -903 -912 -894 -894 -903 -912 -912 -894 -930 -903 -912 -912 -903 -894 -921 -903 -903 -894 -903 -912 -894 -912 -903 -894 -912 -921 -921 -911 -903 -903 -903 -912 -885 -921 -903 -894 -894 -903 -903 -903 -903 -894 -894 -885 -912 -903 -903 -912 -885 -903 -912 -930 -903 -921 -894 -903 -894 -912 -912 -912 -921 -912 -894 -903 -912 -912 -912 -912 -912 -912 -894 -921 -921 -921 -912 -921 -921 -903 -930 -930 -912 -894 -912 -912 -894 -912 -894 -894 -894 -894 -903 -885 -912 -903 -894 -903 -912 -930 -921 -903 -912 -903 -894 -912 -894 -921 -921 -912 -903 -912 -912 -903 -903 -921 -921 -921 -912 -921 -921 -912 -912 -912 -894 -894 -921 -903 -912 -921 -921 -921 -912 -921 -930 -912 -921 -921 -921 -930 -921 -912 -939 -939 -921 -921 -938 -921 -930 -930 -920 -921 -930 -912 -921 -903 -903 -921 -912 -912 -930 -912 -930 -930 -912 -921 -921 -903
-734 -725 -752 -734 -743 -734 -734 -743 -734 -752 -752 -743 -752 -770 -734 -734 -743 -725 -761 -761 -752 -752 -743 -734 -743 -734 -752 -752 -752 -734 -743 -761 -743 -734 -734 -761 -752 -761 -743 -743 -734 -761 -743 -743 -752 -770 -752 -752 -752 -734 -752 -752 -743 -761 -761 -725 -743 -752 -779 -743 -743 -734 -761 -752 -743 -770 -752 -752 -761 -761 -761 -761 -770 -743 -761 -770 -743 -770 -770 -743 -761 -770 -761 -752 -770 -761 -752 -752 -770 -770 -761 -761 -752 -761 -761 -761 -770 -770 -743 -761 -761 -752 -761 -743 -743 -752 -743 -761 -734 -752 -734 -716 -734 -725 -717 -734 -725 -743 -708 -743 -725 -717 -725 -725 -717 -743 -699 -717 -708 -708 -725 -725 -717 -725 -717 -717 -725 -716 -725 -734 -734 -717 -734 -734 -725 -752 -752 -725 -734 -725 -752 -734 -743 -743 -761 -743 -743 -761 -752 -743 -743 -752 -734 -725 -725 -734 -725 -725 -725 -743 -716 -725 -708 -734 -743 -743 -734 -734 -743 -752 -743 -752 -752 -779 -752 -779 -761 -770 -788 -779 -806 -806 -788 -797 -788 -805 -797 -805 -797 -797 -806 -797 -796 -797 -797 -806 -805 -806 -788 -788 -806 -788 -806 -797 -806 -806 -814 -806 -806 -814 -814 -806 -797 -806 -806 -806 -805 -806 -806 -806 -805 -832 -814 -805 -806 -806 -814 -814 -823 -832 -823 -823 -823 -832 -823 -832 -850 -832 -850 -867 -858 -850 -858 -867 -858 -850 -858 -858 -876 -841 -867 -867 -850 -858 -867 -867 -867 -867 -885 -885 -858 -876 -867 -885 -894 -894 -876 -885 -876 -867 -894 -885 -885 -876 -885 -903 -885 -867 -885 -885 -894 -894 -885 -903 -885 -885 -876 -876 -894 -894 -885 -912 -894 -894 -894 -885 -885 -894 -894 -894 -885 -885 -894 -894 -903 -894 -894 -876 -876 -885 -894 -894 -894 -894 -885 -885 -894 -903 -894 -903 -876 -885 -903 -912 -903 -903 -876 -903 -903 -903 -903 -894 -894 -912 -894 -912 -903 -903 -903 -894 -894 -894 -894 -903 -894 -894 -903 -894 -903 -903 -894 -903 -894 -921 -912 -912 -921 -912 -912 -894 -912 -903 -903 -894 -894 -903 -912 -894 -903 -912 -912 -912 -903 -903 -930 -903 -921 -903 -903 -894 -912 -903 -930 -903 -930 -912 -903 -921 -903 -894 -912 -894 -903 -903 -903 -912 -912 -930 -912 -912 -903 -921 -894 -912 -921 -921 -930 -903 -894 -912 -894 -912 -903 -903 -930 -912 -894 -894 -921 -903 -903 -912 -894 -912 -912 -903 -930 -912 -930 -903 -930 -921 -903 -921 -921 -903 -894 -921 -921 -920 -912 -903 -921 -903 -912 -912 -894 -912 -903 -921 -894 -903 -930 -912 -921 -903 -903 -938 -912 -921 -921 -930 -939 -930 -930 -921 -930 -912 -912 -939 -912 -921 -921 -930 -912 -921 -903 -912 -921 -921 -912 -912 -921 -912 -921 -912 -921 -920 -939 -912 -956 -912 -921 -921 -939 -930 -930 -912 -930 -930 -921 -930
-743 -743 -743 -734 -752 -743 -761 -734 -752 -761 -752 -752 -743 -734 -743 -743 -752 -752 -743 -743 -752 -734 -752 -734 -743 -761 -734 -752 -743 -761 -743 -752 -743 -743 -761 -770 -752 -761 -734 -761 -743 -752 -734 -752 -752 -743 -770 -761 -734 -752 -752 -761 -743 -752 -779 -761 -770 -770 -743 -761 -761 -743 -761 -761 -761 -761 -761 -752 -761 -761 -770 -770 -761 -761 -752 -779 -752 -761 -743 -752 -752 -761 -761 -761 -770 -752 -761 -761 -734 -761 -770 -752 -752 -779 -761 -761 -770 -770 -752 -761 -743 -725 -752 -743 -734 -752 -752 -734 -743 -734 -717 -734 -725 -725 -734 -725 -725 -734 -725 -725 -717 -725 -725 -716 -725 -725 -725 -716 -725 -734 -734 -716 -716 -725 -734 -725 -725 -734 -734 -752 -725 -743 -734 -734 -743 -743 -752 -725 -779 -761 -752 -752 -725 -743 -752 -752 -725 -717 -743 -743 -717 -752 -725 -734 -717 -734 -743 -717 -734 -743 -752 -752 -743 -734 -770 -752 -770 -770 -761 -761 -788 -770 -788 -779 -788 -788 -797 -806 -797 -806 -805 -788 -788 -806 -805 -797 -779 -788 -788 -779 -779 -797 -797 -797 -797 -814 -797 -779 -797 -806 -797 -797 -797 -814 -797 -797 -814 -806 -796 -805 -796 -814 -797 -806 -814 -814 -806 -805 -814 -814 -832 -814 -832 -832 -832 -814 -841 -841 -823 -850 -841 -841 -850 -850 -841 -823 -858 -850 -867 -876 -858 -867 -867 -867 -850 -876 -841 -867 -867 -876 -885 -867 -876 -876 -867 -912 -885 -858 -885 -903 -894 -894 -885 -876 -885 -885 -876 -885 -876 -894 -894 -885 -876 -894 -894 -885 -894 -903 -885 -903 -894 -894 -885 -885 -894 -867 -876 -894 -876 -885 -876 -885 -894 -894 -885 -894 -885 -885 -858 -876 -876 -894 -912 -894 -885 -885 -903 -894 -894 -885 -894 -903 -894 -885 -894 -903 -894 -903 -894 -885 -903 -876 -903 -894 -894 -912 -912 -885 -903 -885 -894 -894 -885 -885 -885 -903 -894 -894 -921 -894 -894 -921 -912 -903 -912 -912 -921 -903 -894 -912 -894 -912 -912 -921 -903 -912 -921 -912 -894 -912 -894 -930 -903 -894 -903 -930 -903 -903 -885 -903 -912 -903 -894 -894 -912 -912 -912 -912 -903 -903 -921 -912 -912 -921 -912 -903 -912 -903 -930 -912 -894 -912 -912 -912 -930 -930 -903 -903 -903 -903 -903 -903 -912 -903 -894 -912 -894 -885 -912 -903 -903 -894 -912 -894 -921 -894 -912 -921 -921 -921 -929 -912 -912 -912 -921 -921 -903 -930 -939 -903 -903 -912 -912 -912 -930 -921 -912 -894 -903 -903 -930 -903 -912 -912 -921 -912 -912 -903 -939 -939 -939 -921 -921 -912 -912 -912 -912 -930 -912 -930 -939 -920 -912 -921 -930 -930 -930 -921 -947 -912 -921 -912 -921 -921 -903 -921 -921 -912 -921 -930 -921 -921 -921 -912 -912 -929 -939 -939 -912 -930 -930 -921 -930 -930 -930 -912 -930 -939 -947 -921 -921 -939
-752 -734 -734 -743 -725 -743 -743 -743 -734 -743 -734 -761 -743 -752 -752 -752 -725 -725 -761 -752 -752 -770 -752 -752 -743 -734 -743 -752 -752 -752 -734 -743 -761 -752 -761 -761 -743 -761 -761 -761 -752 -734 -761 -752 -743 -761 -761 -761 -752 -770 -770 -761 -770 -752 -761 -752 -770 -761 -752 -752 -770 -761 -761 -761 -761 -752 -761 -761 -752 -761 -752 -752 -761 -752 -761 -761 -761 -752 -779 -752 -761 -770 -770 -743 -761 -761 -752 -770 -752 -752 -761 -761 -743 -743 -743 -734 -734 -734 -725 -752 -717 -717 -725 -717 -734 -708 -725 -707 -743 -708 -743 -717 -725 -734 -725 -717 -707 -708 -734 -717 -717 -708 -734 -717 -717 -734 -725 -734 -734 -743 -725 -734 -734 -743 -743 -761 -752 -752 -743 -752 -752 -743 -734 -752 -743 -734 -717 -717 -734 -743 -743 -725 -717 -725 -743 -708 -717 -734 -725 -743 -743 -752 -725 -743 -752 -761 -761 -752 -761 -770 -734 -761 -770 -770 -779 -788 -797 -797 -797 -788 -788 -806 -797 -805 -805 -788 -806 -788 -797 -814 -806 -806 -797 -787 -823 -814 -797 -797 -814 -797 -806 -797 -797 -797 -806 -788 -814 -806 -805 -814 -814 -806 -797 -797 -805 -823 -805 -805 -814 -814 -805 -832 -823 -823 -841 -823 -832 -823 -841 -832 -841 -832 -850 -850 -841 -850 -832 -858 -858 -850 -867 -867 -858 -876 -876 -867 -858 -867 -858 -858 -867 -876 -894 -876 -876 -876 -867 -858 -885 -885 -867 -885 -885 -894 -885 -876 -885 -885 -867 -885 -903 -885 -894 -885 -867 -876 -894 -885 -903 -876 -885 -885 -894 -894 -894 -903 -876 -876 -876 -894 -894 -894 -876 -885 -876 -894 -867 -885 -885 -912 -894 -903 -885 -894 -894 -912 -903 -885 -885 -894 -885 -885 -894 -921 -885 -903 -921 -894 -894 -876 -894 -894 -912 -903 -903 -876 -894 -885 -894 -903 -921 -903 -903 -903 -921 -894 -885 -894 -903 -903 -912 -903 -912 -903 -885 -894 -894 -903 -885 -921 -903 -894 -903 -903 -912 -903 -903 -903 -903 -885 -903 -912 -894 -894 -894 -885 -921 -903 -921 -930 -903 -921 -912 -903 -903 -903 -885 -912 -912 -894 -903 -903 -921 -912 -903 -903 -912 -894 -894 -912 -912 -921 -903 -912 -912 -903 -921 -903 -903 -912 -903 -903 -894 -912 -894 -894 -903 -912 -921 -912 -903 -921 -912 -894 -903 -921 -903 -903 -894 -912 -903 -921 -930 -903 -912 -912 -912 -903 -903 -903 -921 -930 -912 -903 -912 -903 -921 -921 -903 -930 -921 -894 -921 -912 -903 -912 -921 -912 -930 -921 -930 -930 -930 -912 -912 -921 -929 -921 -930 -921 -921 -921 -921 -930 -903 -903 -912 -912 -930 -930 -930 -912 -912 -921 -912 -921 -903 -921 -921 -903 -912 -921 -939 -912 -912 -921 -921 -930 -930 -930 -903 -912 -921 -939 -930 -921 -921 -930 -930 -947 -939 -930 -939 -921 -930 -921 -938 -938 -930 -930 -921 -912
-743 -734 -752 -743 -752 -752 -743 -761 -761 -752 -743 -752 -734 -752 -743 -734 -770 -734 -770 -770 -761 -752 -743 -743 -743 -752 -743 -752 -752 -752 -761 -752 -743 -770 -752 -752 -770 -743 -752 -752 -752 -752 -743 -770 -752 -761 -743 -752 -761 -770 -761 -752 -743 -770 -779 -761 -761 -752 -761 -761 -752 -761 -752 -761 -752 -770 -761 -770 -752 -761 -761 -770 -779 -779 -770 -770 -761 -770 -761 -761 -761 -761 -761 -752 -743 -743 -743 -725 -743 -752 -743 -717 -734 -734 -725 -725 -708 -734 -725 -725 -743 -717 -725 -716 -716 -708 -725 -717 -717 -717 -734 -725 -743 -725 -743 -717 -725 -717 -725 -717 -743 -725 -743 -752 -717 -734 -734 -734 -743 -752 -734 -761 -734 -734 -743 -725 -752 -743 -752 -752 -734 -752 -716 -725 -725 -708 -734 -743 -734 -725 -734 -743 -743 -752 -725 -743 -734 -752 -752 -770 -752 -761 -761 -779 -770 -770 -779 -788 -788 -779 -788 -806 -788 -805 -788 -814 -823 -788 -797 -805 -805 -805 -797 -788 -779 -805 -779 -805 -788 -805 -797 -797 -788 -806 -814 -806 -806 -805 -814 -805 -832 -805 -797 -814 -814 -814 -806 -814 -841 -814 -814 -805 -806 -814 -814 -814 -823 -841 -841 -823 -841 -832 -850 -841 -858 -841 -850 -850 -832 -850 -858 -858 -850 -867 -858 -850 -867 -858 -867 -850 -867 -858 -876 -885 -876 -885 -885 -894 -885 -876 -876 -885 -867 -885 -885 -894 -885 -894 -912 -885 -885 -894 -876 -894 -894 -903 -885 -885 -894 -885 -903 -876 -876 -867 -885 -876 -894 -894 -885 -876 -885 -885 -885 -894 -894 -894 -885 -894 -885 -885 -885 -885 -894 -876 -903 -885 -885 -894 -885 -903 -903 -894 -885 -885 -885 -885 -894 -885 -885 -894 -894 -894 -903 -894 -903 -903 -903 -894 -903 -903 -894 -912 -903 -903 -903 -903 -894 -903 -894 -894 -894 -903 -912 -903 -903 -903 -876 -894 -912 -921 -912 -939 -912 -912 -903 -903 -894 -903 -903 -894 -903 -903 -903 -885 -903 -903 -894 -903 -885 -903 -912 -912 -912 -912 -894 -921 -903 -912 -894 -885 -912 -912 -903 -894 -903 -894 -903 -912 -921 -903 -903 -903 -894 -903 -921 -912 -912 -921 -912 -894 -930 -921 -876 -903 -912 -894 -894 -894 -921 -921 -903 -921 -903 -903 -921 -921 -912 -930 -894 -903 -903 -903 -894 -921 -894 -930 -903 -930 -930 -912 -921 -921 -903 -930 -912 -921 -921 -930 -929 -921 -921 -912 -912 -894 -912 -903 -912 -912 -930 -912 -921 -930 -921 -903 -903 -930 -930 -929 -921 -912 -930 -912 -921 -912 -921 -938 -921 -938 -912 -912 -912 -930 -912 -912 -912 -930 -912 -912 -921 -921 -930 -929 -930 -903 -912 -912 -930 -930 -912 -912 -939 -929 -921 -939 -903 -930 -921 -939 -921 -930 -930 -921 -939 -921 -939 -921 -921 -920 -921 -947 -912 -921 -930 -939 -920 -921 -939 -920 -939 -930 -903 -930
-743 -743 -761 -752 -752 -761 -752 -752 -725 -761 -743 -761 -752 -743 -752 -752 -752 -761 -743 -752 -770 -761 -761 -761 -752 -743 -770 -743 -752 -761 -752 -770 -743 -779 -761 -761 -743 -761 -752 -761 -761 -752 -761 -752 -770 -770 -761 -761 -761 -770 -770 -743 -761 -752 -779 -761 -752 -752 -770 -770 -770 -770 -770 -761 -761 -770 -752 -761 -761 -770 -761 -761 -752 -770 -743 -752 -725 -743 -743 -734 -734 -734 -743 -752 -734 -725 -743 -708 -725 -716 -717 -725 -725 -743 -717 -717 -734 -717 -716 -708 -734 -734 -743 -717 -725 -734 -717 -708 -734 -725 -734 -725 -734 -752 -743 -734 -734 -743 -752 -725 -752 -752 -752 -752 -761 -734 -743 -725 -717 -725 -725 -734 -734 -725 -734 -725 -734 -725 -743 -743 -725 -734 -743 -752 -752 -752 -734 -743 -752 -734 -752 -734 -752 -788 -770 -770 -779 -788 -770 -797 -779 -797 -788 -806 -806 -805 -788 -805 -797 -779 -806 -806 -805 -797 -797 -797 -806 -797 -797 -797 -806 -823 -806 -806 -814 -797 -797 -797 -788 -805 -806 -797 -796 -806 -806 -806 -814 -806 -823 -814 -814 -805 -823 -814 -814 -805 -832 -814 -814 -823 -832 -832 -841 -850 -850 -850 -841 -850 -876 -841 -858 -867 -841 -858 -850 -858 -850 -858 -867 -858 -867 -867 -876 -867 -867 -858 -867 -867 -876 -885 -876 -894 -876 -876 -885 -912 -876 -858 -867 -885 -876 -885 -885 -903 -885 -885 -894 -876 -876 -885 -876 -885 -885 -876 -876 -903 -885 -885 -903 -876 -885 -885 -867 -903 -876 -903 -894 -903 -894 -876 -894 -876 -885 -894 -885 -903 -894 -894 -885 -885 -903 -903 -894 -903 -894 -903 -894 -885 -876 -903 -894 -894 -903 -894 -903 -894 -903 -903 -912 -903 -903 -903 -912 -903 -903 -903 -912 -894 -903 -894 -894 -903 -894 -903 -903 -903 -912 -885 -903 -894 -894 -903 -912 -894 -894 -894 -903 -912 -912 -894 -912 -894 -903 -903 -894 -894 -921 -903 -903 -903 -903 -894 -903 -912 -912 -903 -903 -912 -920 -903 -912 -912 -912 -912 -912 -903 -903 -903 -903 -885 -912 -921 -912 -903 -894 -894 -930 -912 -921 -921 -912 -903 -912 -912 -903 -912 -903 -894 -903 -885 -894 -894 -894 -903 -912 -876 -903 -921 -894 -921 -894 -894 -921 -903 -903 -894 -903 -894 -903 -921 -903 -930 -930 -894 -921 -930 -930 -912 -921 -912 -903 -930 -921 -894 -903 -921 -903 -912 -912 -903 -921 -903 -903 -903 -939 -930 -939 -921 -912 -912 -930 -930 -903 -930 -939 -939 -903 -921 -912 -921 -921 -921 -912 -912 -921 -930 -921 -930 -912 -912 -930 -930 -930 -921 -912 -903 -930 -903 -939 -912 -930 -903 -930 -930 -930 -921 -939 -921 -947 -930 -939 -938 -939 -930 -903 -921 -930 -912 -921 -921 -921 -903 -947 -921 -921 -930 -921 -912 -930 -912 -921 -930 -939 -912 -912 -921 -921 -921 -939 -912 -921 -912
-725 -752 -752 -752 -743 -761 -734 -752 -734 -761 -752 -752 -770 -752 -734 -761 -752 -752 -761 -770 -752 -743 -743 -743 -761 -770 -761 -761 -734 -752 -770 -752 -779 -752 -761 -770 -770 -770 -752 -761 -779 -770 -752 -770 -761 -770 -770 -761 -752 -761 -761 -743 -734 -752 -779 -770 -761 -752 -779 -770 -761 -770 -770 -770 -761 -779 -752 -752 -743 -743 -734 -761 -725 -734 -743 -725 -725 -716 -734 -725 -725 -725 -734 -725 -725 -725 -725 -717 -734 -699 -717 -707 -725 -734 -707 -725 -725 -734 -708 -717 -725 -717 -734 -743 -752 -734 -725 -743 -725 -734 -734 -743 -734 -752 -734 -734 -743 -725 -752 -734 -734 -743 -743 -734 -743 -734 -717 -716 -717 -734 -725 -716 -752 -734 -725 -761 -734 -734 -761 -752 -770 -761 -761 -770 -761 -761 -770 -761 -752 -770 -797 -770 -788 -788 -805 -797 -806 -806 -797 -787 -797 -797 -805 -797 -814 -806 -797 -797 -797 -797 -797 -797 -797 -806 -797 -806 -797 -788 -814 -814 -806 -797 -814 -788 -814 -797 -788 -806 -814 -823 -814 -814 -823 -805 -814 -814 -797 -806 -814 -823 -823 -850 -841 -841 -832 -841 -841 -850 -841 -867 -850 -841 -867 -858 -850 -867 -850 -858 -858 -850 -858 -858 -858 -876 -858 -850 -885 -885 -876 -876 -876 -867 -885 -885 -876 -876 -867 -903 -858 -885 -894 -876 -912 -894 -876 -894 -867 -885 -876 -894 -885 -876 -885 -876 -885 -885 -876 -876 -903 -885 -867 -885 -894 -894 -885 -894 -894 -885 -894 -885 -885 -885 -903 -885 -903 -903 -885 -903 -894 -885 -885 -894 -885 -876 -885 -903 -885 -894 -894 -894 -885 -885 -894 -885 -894 -876 -885 -903 -885 -894 -894 -912 -894 -885 -903 -894 -921 -903 -903 -885 -903 -894 -894 -894 -921 -903 -894 -894 -894 -903 -894 -894 -903 -903 -912 -894 -912 -894 -885 -894 -894 -903 -912 -912 -903 -894 -894 -885 -912 -885 -894 -903 -894 -912 -903 -903 -903 -921 -912 -912 -921 -921 -912 -903 -894 -912 -920 -912 -921 -903 -903 -912 -903 -912 -903 -894 -903 -912 -894 -912 -921 -930 -912 -938 -912 -903 -894 -903 -903 -912 -894 -912 -894 -894 -903 -903 -885 -894 -921 -894 -903 -885 -894 -903 -903 -903 -912 -921 -912 -903 -903 -912 -903 -912 -894 -912 -930 -939 -903 -912 -921 -930 -912 -912 -921 -903 -920 -903 -903 -894 -921 -921 -894 -921 -921 -930 -939 -903 -921 -912 -929 -921 -930 -930 -920 -930 -912 -930 -921 -921 -912 -930 -939 -921 -929 -939 -912 -930 -921 -920 -921 -930 -903 -930 -912 -894 -921 -903 -912 -921 -921 -921 -903 -912 -939 -930 -921 -930 -912 -930 -939 -930 -939 -930 -912 -921 -939 -930 -921 -921 -930 -930 -921 -921 -947 -930 -939 -930 -903 -912 -912 -921 -920 -921 -930 -903 -939 -939 -930 -921 -930 -939 -929 -912 -921 -912 -921 -921 -921 -912 -930 -939
-752 -761 -752 -743 -743 -752 -734 -743 -752 -752 -752 -752 -752 -761 -761 -761 -770 -770 -752 -779 -770 -761 -770 -752 -761 -761 -770 -761 -770 -752 -752 -761 -752 -770 -761 -761 -761 -752 -752 -752 -761 -779 -761 -779 -761 -761 -770 -770 -761 -770 -752 -770 -770 -770 -752 -752 -761 -761 -761 -743 -717 -752 -752 -743 -743 -734 -734 -717 -725 -752 -734 -734 -725 -717 -717 -734 -699 -708 -725 -725 -717 -717 -717 -734 -717 -725 -708 -717 -717 -743 -725 -725 -725 -716 -717 -734 -717 -734 -743 -743 -743 -743 -743 -752 -743 -752 -734 -743 -743 -752 -743 -743 -761 -743 -725 -734 -752 -743 -734 -743 -717 -752 -725 -725 -743 -725 -743 -752 -752 -717 -734 -770 -743 -752 -752 -761 -761 -779 -779 -788 -779 -788 -788 -788 -770 -797 -805 -788 -770 -814 -814 -806 -806 -788 -797 -788 -797 -805 -788 -806 -806 -779 -806 -797 -788 -797 -797 -796 -805 -797 -797 -779 -805 -806 -805 -814 -797 -806 -823 -806 -805 -814 -805 -806 -797 -797 -814 -814 -814 -814 -814 -832 -823 -841 -823 -823 -823 -832 -832 -858 -841 -850 -841 -850 -850 -858 -850 -867 -850 -867 -867 -858 -850 -876 -841 -876 -867 -867 -876 -867 -894 -858 -876 -885 -876 -867 -867 -894 -885 -885 -876 -876 -867 -894 -903 -885 -894 -885 -885 -876 -894 -885 -867 -876 -903 -885 -867 -876 -885 -876 -885 -876 -894 -885 -885 -876 -885 -885 -894 -876 -894 -903 -876 -903 -876 -876 -903 -885 -885 -885 -876 -894 -912 -885 -894 -885 -885 -876 -894 -885 -876 -894 -894 -876 -894 -903 -903 -912 -903 -876 -867 -885 -894 -894 -912 -894 -912 -912 -894 -894 -912 -885 -912 -903 -903 -903 -894 -921 -903 -903 -912 -903 -912 -921 -903 -903 -903 -912 -912 -903 -912 -903 -903 -894 -894 -903 -885 -885 -903 -876 -876 -885 -930 -894 -903 -894 -903 -903 -920 -894 -903 -921 -903 -894 -894 -912 -912 -912 -903 -921 -912 -903 -894 -894 -903 -912 -903 -885 -930 -912 -912 -894 -912 -903 -921 -921 -911 -894 -912 -894 -903 -885 -894 -903 -903 -903 -885 -912 -894 -894 -903 -903 -912 -912 -903 -903 -912 -930 -894 -939 -921 -903 -921 -912 -930 -912 -894 -912 -930 -912 -903 -903 -912 -903 -912 -903 -894 -921 -903 -912 -912 -912 -903 -921 -921 -912 -894 -894 -912 -903 -921 -930 -912 -912 -903 -930 -930 -939 -912 -912 -912 -921 -947 -912 -903 -912 -921 -894 -912 -912 -903 -912 -930 -921 -929 -930 -921 -930 -912 -921 -903 -921 -921 -930 -929 -921 -912 -930 -912 -921 -912 -912 -921 -930 -930 -921 -930 -921 -930 -930 -921 -930 -938 -938 -930 -939 -930 -921 -921 -939 -921 -921 -921 -912 -930 -912 -930 -921 -921 -930 -921 -921 -921 -921 -912 -930 -912 -930 -930 -912 -939 -921 -921 -921 -930 -930 -921 -939 -912 -912 -930 -930
-752 -734 -761 -743 -743 -752 -743 -761 -761 -761 -761 -752 -743 -734 -761 -779 -770 -734 -770 -761 -752 -761 -761 -761 -761 -770 -761 -761 -743 -752 -761 -752 -761 -752 -770 -761 -761 -761 -761 -752 -761 -761 -770 -770 -779 -761 -770 -752 -761 -752 -734 -752 -725 -743 -717 -725 -725 -734 -725 -734 -725 -734 -734 -743 -734 -725 -725 -725 -734 -734 -708 -716 -725 -725 -725 -725 -725 -717 -725 -717 -725 -725 -725 -716 -717 -725 -725 -734 -725 -734 -743 -734 -752 -752 -734 -752 -743 -734 -743 -752 -725 -716 -725 -717 -734 -752 -716 -743 -734 -743 -725 -734 -717 -734 -734 -717 -752 -725 -734 -725 -752 -743 -761 -734 -761 -734 -761 -752 -770 -779 -779 -788 -788 -770 -797 -779 -788 -779 -788 -797 -788 -779 -797 -806 -796 -806 -814 -797 -797 -788 -806 -805 -797 -797 -779 -823 -806 -788 -797 -797 -806 -806 -797 -797 -806 -814 -805 -797 -814 -797 -797 -814 -788 -806 -806 -806 -814 -806 -832 -806 -814 -814 -832 -832 -832 -814 -850 -841 -823 -850 -841 -850 -858 -841 -841 -850 -841 -841 -850 -850 -867 -858 -858 -841 -858 -867 -876 -876 -867 -867 -867 -876 -885 -867 -885 -858 -885 -876 -858 -876 -867 -894 -894 -867 -885 -876 -885 -894 -903 -894 -876 -885 -867 -876 -894 -885 -876 -876 -894 -885 -903 -894 -894 -894 -903 -885 -885 -894 -876 -894 -894 -894 -903 -885 -885 -885 -903 -885 -903 -885 -885 -885 -894 -894 -894 -876 -903 -903 -876 -885 -894 -885 -885 -894 -885 -885 -885 -903 -903 -894 -903 -903 -885 -903 -903 -921 -903 -912 -903 -903 -903 -903 -903 -885 -912 -921 -885 -912 -921 -903 -894 -912 -912 -903 -903 -894 -912 -912 -921 -894 -894 -903 -921 -894 -903 -903 -894 -885 -912 -903 -903 -885 -894 -885 -912 -903 -912 -921 -903 -903 -921 -903 -903 -894 -903 -903 -903 -903 -876 -912 -912 -912 -903 -903 -903 -894 -921 -930 -912 -912 -912 -903 -903 -912 -894 -912 -912 -912 -921 -885 -912 -894 -903 -921 -903 -903 -894 -894 -903 -912 -894 -903 -894 -894 -912 -903 -903 -912 -903 -930 -912 -921 -912 -894 -921 -921 -912 -930 -912 -912 -912 -903 -912 -903 -930 -903 -912 -912 -912 -903 -921 -903 -903 -894 -903 -912 -903 -921 -912 -921 -930 -912 -903 -930 -912 -930 -930 -903 -921 -921 -921 -903 -938 -939 -912 -930 -930 -912 -912 -930 -903 -894 -921 -903 -929 -903 -912 -912 -912 -912 -912 -894 -930 -912 -930 -912 -912 -903 -921 -921 -912 -921 -921 -921 -930 -930 -930 -930 -930 -930 -939 -921 -939 -921 -903 -921 -930 -921 -903 -912 -938 -912 -921 -939 -921 -921 -930 -929 -939 -921 -947 -930 -912 -930 -930 -930 -930 -921 -921 -930 -930 -939 -921 -921 -912 -921 -930 -930 -912 -920 -930 -921 -921 -903 -903 -921 -903 -912 -912 -921 -930 -921
-752 -761 -752 -752 -752 -743 -761 -752 -770 -761 -752 -752 -743 -752 -770 -743 -761 -752 -761 -752 -761 -734 -752 -761 -770 -752 -761 -761 -761 -770 -743 -770 -761 -770 -761 -761 -761 -761 -779 -752 -761 -743 -761 -752 -752 -734 -743 -716 -743 -743 -717 -743 -717 -716 -725 -734 -725 -725 -708 -717 -734 -725 -717 -708 -717 -725 -725 -708 -716 -743 -717 -725 -734 -725 -734 -725 -707 -717 -725 -725 -743 -725 -725 -743 -743 -752 -725 -761 -752 -734 -752 -734 -752 -734 -752 -761 -743 -752 -734 -734 -761 -725 -734 -734 -725 -743 -734 -734 -725 -717 -734 -725 -734 -725 -743 -752 -734 -761 -770 -761 -770 -761 -770 -761 -770 -797 -779 -788 -788 -779 -806 -797 -796 -797 -806 -814 -797 -806 -806 -806 -806 -806 -814 -797 -823 -805 -814 -788 -797 -796 -797 -814 -797 -814 -806 -823 -814 -805 -806 -806 -797 -797 -805 -823 -797 -814 -814 -814 -797 -814 -805 -832 -823 -814 -806 -814 -814 -841 -823 -832 -814 -841 -832 -832 -850 -823 -832 -841 -850 -832 -850 -832 -858 -850 -867 -867 -850 -876 -850 -867 -885 -876 -885 -876 -867 -867 -876 -867 -876 -867 -885 -894 -885 -885 -903 -885 -885 -903 -885 -885 -894 -885 -885 -867 -894 -876 -894 -876 -885 -876 -885 -876 -885 -885 -894 -903 -885 -885 -876 -876 -876 -894 -903 -903 -894 -894 -885 -894 -885 -885 -894 -894 -894 -903 -876 -876 -876 -894 -885 -876 -912 -894 -885 -876 -903 -912 -894 -894 -894 -903 -894 -903 -885 -903 -903 -903 -885 -903 -903 -885 -921 -903 -903 -885 -912 -894 -903 -885 -894 -894 -894 -921 -912 -894 -903 -903 -903 -894 -903 -903 -903 -903 -894 -921 -894 -912 -885 -903 -903 -903 -912 -921 -912 -903 -885 -903 -912 -894 -903 -912 -912 -903 -903 -903 -903 -912 -903 -903 -903 -903 -912 -894 -903 -903 -903 -894 -894 -903 -894 -894 -912 -912 -912 -912 -894 -903 -903 -921 -912 -903 -903 -903 -930 -912 -903 -903 -903 -894 -912 -903 -912 -930 -894 -912 -876 -894 -903 -921 -912 -912 -921 -911 -921 -912 -930 -921 -930 -921 -912 -912 -903 -912 -930 -912 -912 -921 -921 -912 -912 -912 -921 -894 -894 -912 -921 -912 -921 -876 -903 -921 -903 -894 -903 -912 -930 -939 -921 -930 -930 -929 -930 -930 -930 -912 -912 -912 -921 -930 -930 -903 -930 -939 -921 -930 -903 -894 -921 -921 -921 -903 -912 -921 -930 -912 -912 -930 -930 -894 -930 -930 -921 -930 -903 -929 -921 -939 -947 -912 -930 -903 -938 -921 -921 -903 -921 -947 -912 -930 -921 -921 -903 -938 -912 -930 -921 -930 -921 -912 -921 -903 -930 -921 -939 -938 -939 -921 -939 -921 -930 -912 -921 -930 -921 -947 -921 -947 -939 -921 -912 -930 -912 -921 -921 -921 -929 -921 -930 -912 -912 -912 -930 -912 -930 -930 -921 -903 -939 -938 -938 -921 -903 -912
-761 -752 -752 -761 -752 -743 -761 -761 -743 -761 -752 -761 -761 -770 -761 -761 -752 -761 -761 -752 -761 -752 -770 -761 -770 -743 -761 -752 -752 -770 -761 -770 -770 -743 -761 -743 -743 -752 -752 -725 -717 -716 -699 -716 -725 -734 -717 -734 -734 -717 -725 -716 -725 -717 -752 -716 -716 -717 -717 -716 -716 -717 -725 -725 -717 -708 -725 -717 -708 -725 -734 -717 -743 -725 -743 -734 -752 -779 -752 -761 -734 -752 -725 -752 -761 -752 -752 -743 -743 -734 -734 -734 -761 -743 -743 -734 -717 -725 -717 -717 -725 -725 -743 -743 -734 -743 -734 -743 -743 -743 -770 -761 -752 -761 -770 -761 -770 -770 -779 -770 -779 -797 -779 -797 -788 -806 -797 -806 -805 -788 -797 -805 -788 -797 -797 -797 -806 -797 -806 -806 -806 -788 -797 -779 -806 -805 -814 -806 -797 -788 -805 -806 -806 -806 -797 -797 -805 -814 -814 -814 -814 -806 -797 -806 -806 -832 -814 -832 -823 -823 -814 -832 -841 -850 -858 -841 -850 -858 -823 -850 -858 -867 -850 -850 -850 -867 -876 -867 -867 -858 -867 -876 -858 -867 -858 -858 -867 -876 -876 -894 -885 -885 -885 -885 -894 -894 -894 -894 -885 -894 -885 -885 -876 -885 -885 -894 -885 -885 -885 -885 -858 -885 -894 -885 -894 -885 -885 -876 -903 -894 -885 -867 -885 -885 -885 -867 -894 -885 -885 -876 -885 -885 -912 -885 -885 -885 -903 -903 -885 -885 -894 -894 -894 -903 -885 -903 -903 -885 -894 -885 -921 -912 -894 -894 -894 -894 -894 -894 -885 -921 -903 -894 -894 -903 -903 -894 -903 -912 -912 -912 -921 -912 -903 -894 -903 -894 -903 -903 -903 -912 -903 -921 -912 -903 -903 -903 -903 -894 -912 -903 -894 -903 -903 -894 -894 -894 -903 -894 -912 -894 -903 -903 -894 -903 -903 -903 -903 -894 -912 -912 -894 -894 -903 -903 -894 -912 -894 -903 -912 -903 -912 -894 -894 -903 -912 -894 -885 -912 -903 -912 -912 -921 -921 -903 -885 -903 -885 -903 -894 -894 -885 -876 -894 -894 -912 -894 -912 -885 -894 -903 -912 -912 -912 -894 -912 -921 -930 -912 -921 -912 -903 -921 -911 -894 -894 -894 -921 -894 -921 -912 -921 -903 -903 -912 -912 -912 -912 -912 -929 -921 -921 -903 -903 -894 -921 -921 -912 -903 -930 -912 -903 -921 -912 -912 -930 -921 -921 -921 -921 -921 -921 -912 -921 -903 -912 -912 -912 -930 -903 -903 -912 -912 -930 -912 -930 -903 -912 -921 -903 -939 -912 -912 -921 -921 -912 -912 -912 -930 -930 -956 -912 -930 -930 -930 -903 -929 -930 -921 -921 -903 -939 -930 -930 -903 -921 -921 -921 -921 -921 -903 -938 -912 -921 -912 -930 -929 -921 -930 -912 -939 -930 -938 -912 -930 -912 -903 -939 -930 -921 -921 -939 -921 -921 -921 -930 -921 -912 -921 -903 -921 -903 -921 -903 -903 -912 -912 -912 -912 -921 -921 -894 -903 -921 -921 -921 -921 -912 -921 -903 -912 -921 -921
-761 -752 -752 -761 -734 -761 -779 -770 -752 -761 -752 -761 -752 -752 -770 -770 -770 -761 -761 -752 -761 -761 -752 -770 -734 -752 -761 -743 -752 -734 -734 -717 -743 -725 -725 -717 -725 -708 -743 -743 -725 -725 -708 -725 -725 -725 -725 -708 -717 -717 -717 -708 -708 -725 -717 -717 -725 -717 -725 -717 -725 -717 -743 -725 -725 -725 -725 -734 -743 -725 -743 -743 -743 -761 -743 -761 -716 -743 -743 -725 -734 -734 -743 -717 -725 -743 -717 -743 -734 -734 -743 -725 -734 -734 -725 -725 -743 -708 -752 -725 -752 -734 -770 -761 -761 -761 -779 -779 -770 -779 -770 -779 -788 -797 -797 -797 -797 -788 -788 -797 -806 -797 -797 -797 -779 -788 -806 -814 -806 -814 -814 -814 -796 -788 -806 -806 -796 -805 -805 -805 -814 -814 -797 -814 -805 -797 -797 -805 -814 -806 -806 -823 -814 -806 -814 -823 -814 -806 -832 -814 -832 -814 -832 -841 -841 -823 -832 -850 -841 -858 -867 -867 -841 -850 -850 -858 -858 -867 -841 -858 -876 -867 -867 -867 -850 -867 -876 -885 -876 -885 -885 -867 -894 -858 -894 -885 -858 -867 -894 -885 -885 -894 -867 -885 -867 -894 -885 -867 -894 -876 -876 -876 -885 -885 -867 -876 -894 -894 -894 -894 -858 -903 -894 -903 -876 -894 -903 -885 -894 -894 -885 -894 -894 -885 -885 -885 -885 -876 -885 -876 -885 -903 -903 -894 -850 -903 -885 -894 -903 -885 -885 -885 -894 -894 -894 -894 -894 -885 -885 -912 -894 -912 -894 -903 -903 -894 -885 -894 -903 -912 -894 -894 -921 -885 -903 -894 -912 -912 -921 -903 -912 -912 -894 -903 -921 -903 -903 -903 -903 -885 -894 -903 -894 -903 -894 -885 -903 -912 -894 -894 -876 -894 -894 -903 -894 -912 -894 -912 -885 -912 -912 -921 -903 -885 -894 -903 -912 -912 -903 -903 -903 -921 -912 -894 -912 -903 -912 -921 -912 -939 -921 -912 -912 -894 -903 -921 -894 -920 -903 -903 -903 -903 -912 -903 -894 -894 -912 -885 -885 -894 -885 -912 -921 -903 -894 -912 -930 -903 -921 -903 -912 -921 -912 -921 -920 -921 -939 -930 -921 -912 -930 -894 -921 -903 -912 -912 -912 -912 -894 -921 -903 -912 -885 -930 -921 -903 -903 -921 -921 -930 -930 -921 -912 -903 -947 -903 -903 -921 -929 -921 -903 -921 -939 -930 -921 -903 -921 -930 -903 -921 -921 -903 -921 -921 -930 -912 -921 -912 -921 -903 -912 -912 -921 -930 -912 -912 -930 -930 -921 -939 -921 -921 -930 -930 -930 -930 -930 -921 -939 -939 -921 -930 -921 -921 -930 -921 -921 -930 -912 -930 -912 -921 -921 -920 -930 -912 -930 -894 -930 -938 -921 -939 -947 -929 -930 -930 -939 -921 -930 -921 -912 -921 -912 -894 -921 -921 -903 -894 -921 -903 -921 -903 -921 -912 -903 -912 -930 -912 -929 -921 -921 -930 -912 -921 -921 -903 -921 -930 -912 -894 -903 -930 -912 -930 -930 -921 -939 -947 -939 -939 -930 -938
-761 -752 -770 -752 -779 -761 -761 -761 -752 -761 -770 -752 -761 -752 -770 -779 -743 -770 -752 -743 -743 -734 -725 -716 -734 -725 -725 -725 -699 -717 -725 -734 -708 -734 -725 -717 -725 -725 -707 -725 -708 -725 -725 -716 -725 -734 -725 -717 -725 -699 -725 -717 -716 -725 -708 -725 -725 -734 -734 -725 -734 -734 -743 -734 -743 -717 -734 -734 -752 -725 -734 -761 -752 -734 -752 -725 -725 -725 -725 -743 -725 -725 -716 -725 -752 -743 -725 -743 -734 -734 -725 -743 -743 -761 -770 -770 -770 -779 -770 -770 -761 -797 -788 -779 -797 -796 -788 -806 -797 -806 -788 -788 -806 -788 -779 -806 -805 -788 -823 -806 -806 -797 -788 -779 -770 -788 -788 -788 -806 -797 -805 -796 -797 -823 -797 -806 -788 -797 -806 -814 -806 -797 -806 -779 -788 -805 -814 -841 -814 -806 -832 -832 -814 -814 -832 -832 -832 -823 -832 -850 -858 -841 -841 -850 -832 -850 -850 -850 -867 -858 -850 -858 -858 -850 -876 -858 -850 -867 -876 -894 -885 -858 -876 -858 -867 -867 -876 -867 -894 -885 -894 -894 -885 -876 -876 -885 -894 -876 -885 -876 -894 -876 -885 -885 -894 -876 -876 -894 -894 -876 -885 -867 -876 -894 -876 -894 -885 -894 -912 -912 -894 -885 -894 -876 -885 -903 -885 -885 -876 -885 -885 -894 -885 -894 -885 -876 -903 -885 -885 -894 -894 -894 -894 -885 -885 -903 -894 -885 -903 -894 -894 -894 -894 -894 -903 -894 -903 -903 -894 -885 -885 -903 -921 -912 -894 -885 -894 -903 -885 -885 -894 -912 -894 -912 -876 -903 -876 -903 -894 -894 -894 -894 -894 -903 -912 -912 -903 -885 -912 -894 -885 -885 -894 -903 -894 -903 -903 -912 -885 -912 -912 -903 -885 -903 -894 -903 -903 -894 -885 -903 -903 -903 -921 -903 -894 -930 -903 -903 -894 -912 -921 -921 -921 -912 -921 -912 -912 -903 -894 -912 -912 -912 -912 -912 -885 -894 -903 -912 -912 -912 -903 -903 -912 -903 -894 -903 -912 -930 -903 -930 -912 -930 -912 -903 -912 -903 -921 -921 -894 -912 -903 -912 -912 -912 -894 -921 -894 -894 -903 -912 -903 -921 -894 -894 -912 -930 -912 -921 -921 -930 -903 -894 -921 -921 -912 -929 -930 -921 -903 -912 -903 -921 -921 -912 -912 -903 -938 -912 -912 -921 -921 -939 -903 -921 -912 -912 -921 -912 -912 -903 -912 -903 -929 -921 -903 -930 -921 -903 -912 -903 -921 -930 -912 -929 -947 -930 -921 -930 -930 -939 -939 -921 -921 -938 -930 -912 -921 -921 -912 -921 -903 -912 -930 -921 -921 -912 -912 -930 -921 -921 -939 -912 -921 -921 -930 -921 -921 -939 -921 -921 -930 -921 -930 -894 -912 -921 -921 -930 -912 -921 -912 -912 -912 -912 -912 -912 -903 -912 -930 -921 -921 -930 -930 -930 -912 -912 -912 -903 -929 -903 -921 -921 -903 -938 -921 -930 -939 -930 -939 -939 -956 -939 -947 -947 -956 -956 -939 -965 -939 -974 -965 -947
-761 -770 -743 -779 -761 -752 -752 -752 -761 -761 -770 -770 -752 -734 -734 -743 -734 -717 -743 -725 -708 -716 -725 -734 -734 -707 -717 -725 -717 -734 -725 -699 -717 -708 -717 -725 -717 -716 -725 -717 -708 -717 -717 -717 -708 -725 -725 -725 -725 -734 -717 -734 -734 -743 -752 -743 -743 -743 -761 -743 -743 -725 -725 -743 -743 -743 -734 -734 -743 -734 -717 -717 -717 -743 -734 -734 -734 -716 -761 -752 -743 -734 -743 -743 -743 -743 -770 -770 -779 -770 -779 -770 -788 -788 -788 -770 -788 -797 -797 -797 -787 -797 -788 -806 -806 -814 -814 -814 -797 -806 -788 -806 -806 -797 -797 -797 -788 -797 -814 -805 -805 -805 -814 -796 -814 -797 -797 -814 -797 -806 -797 -788 -806 -814 -797 -806 -823 -814 -814 -814 -805 -814 -796 -805 -823 -797 -823 -832 -832 -823 -850 -841 -850 -850 -841 -850 -858 -841 -832 -858 -858 -858 -858 -867 -858 -850 -867 -858 -867 -858 -876 -876 -876 -876 -885 -885 -867 -885 -876 -894 -903 -894 -876 -876 -885 -876 -903 -885 -858 -876 -885 -867 -876 -876 -903 -867 -912 -894 -867 -894 -885 -876 -885 -885 -903 -903 -894 -885 -885 -894 -885 -876 -885 -894 -894 -867 -894 -876 -876 -894 -885 -903 -876 -876 -885 -876 -885 -867 -876 -894 -885 -885 -894 -894 -885 -885 -894 -885 -894 -894 -885 -876 -876 -894 -894 -903 -894 -912 -894 -921 -894 -894 -903 -903 -903 -921 -903 -903 -903 -894 -894 -903 -903 -912 -903 -903 -885 -894 -885 -912 -894 -894 -903 -894 -894 -912 -894 -903 -903 -867 -894 -912 -903 -903 -903 -903 -903 -894 -894 -894 -903 -894 -894 -903 -903 -903 -912 -930 -912 -894 -885 -903 -894 -894 -903 -912 -903 -921 -912 -912 -903 -903 -921 -912 -912 -912 -930 -912 -921 -894 -912 -894 -921 -894 -885 -903 -894 -903 -912 -894 -894 -885 -894 -921 -912 -912 -912 -903 -903 -903 -903 -894 -921 -921 -912 -903 -912 -903 -921 -921 -912 -912 -894 -921 -930 -920 -894 -912 -912 -912 -912 -912 -903 -921 -921 -903 -885 -912 -903 -912 -921 -930 -912 -912 -903 -930 -912 -921 -903 -939 -921 -930 -912 -921 -930 -921 -930 -921 -903 -912 -903 -930 -912 -912 -912 -921 -912 -912 -912 -912 -921 -894 -921 -912 -921 -939 -921 -930 -930 -921 -930 -912 -930 -921 -894 -930 -921 -938 -930 -930 -921 -939 -921 -921 -930 -912 -921 -912 -912 -930 -921 -894 -921 -921 -930 -903 -921 -903 -894 -911 -930 -930 -912 -912 -930 -921 -921 -912 -930 -921 -921 -921 -921 -921 -912 -912 -903 -930 -921 -903 -912 -921 -921 -912 -912 -912 -912 -930 -912 -930 -903 -894 -903 -903 -903 -930 -903 -912 -921 -947 -939 -903 -903 -912 -921 -912 -912 -921 -930 -929 -930 -956 -956 -956 -947 -956 -956 -956 -947 -947 -965 -956 -956 -939 -956 -956 -939 -947 -947 -956 -956 -939
-752 -743 -752 -752 -752 -725 -725 -725 -716 -743 -708 -734 -734 -725 -707 -734 -725 -708 -725 -725 -708 -725 -708 -708 -725 -708 -725 -708 -708 -717 -734 -725 -717 -743 -717 -725 -734 -716 -717 -716 -743 -725 -717 -725 -734 -734 -743 -725 -734 -734 -743 -743 -743 -743 -752 -752 -734 -743 -743 -725 -716 -717 -708 -725 -725 -717 -725 -725 -734 -717 -725 -725 -734 -743 -725 -743 -743 -743 -761 -752 -761 -743 -779 -770 -770 -788 -779 -779 -770 -788 -788 -788 -797 -797 -788 -797 -814 -797 -796 -806 -788 -806 -797 -806 -797 -797 -806 -797 -797 -788 -788 -814 -797 -814 -797 -797 -805 -806 -797 -806 -797 -806 -806 -797 -788 -796 -797 -806 -814 -814 -806 -814 -805 -814 -797 -832 -832 -814 -823 -841 -841 -841 -841 -832 -841 -841 -850 -841 -832 -850 -850 -867 -876 -858 -858 -867 -850 -867 -858 -858 -850 -876 -885 -876 -858 -858 -876 -885 -885 -894 -885 -867 -867 -885 -894 -885 -885 -885 -858 -894 -876 -885 -894 -867 -858 -867 -894 -894 -885 -894 -894 -903 -894 -885 -867 -867 -885 -894 -885 -867 -894 -885 -885 -885 -876 -867 -885 -885 -876 -885 -885 -885 -903 -894 -912 -876 -876 -885 -894 -894 -885 -894 -903 -876 -894 -903 -912 -885 -903 -894 -903 -894 -903 -894 -885 -921 -894 -885 -894 -903 -921 -903 -903 -894 -894 -903 -903 -903 -876 -903 -894 -903 -903 -876 -894 -903 -885 -903 -921 -894 -921 -903 -894 -894 -903 -894 -894 -903 -903 -894 -894 -876 -903 -894 -912 -912 -894 -894 -912 -921 -903 -894 -903 -921 -903 -894 -912 -894 -903 -912 -885 -912 -894 -912 -912 -903 -903 -912 -903 -894 -912 -912 -903 -894 -894 -903 -903 -903 -903 -912 -912 -903 -921 -903 -894 -894 -921 -894 -876 -912 -894 -903 -894 -903 -912 -912 -912 -894 -930 -921 -903 -903 -930 -921 -894 -921 -912 -903 -921 -903 -912 -921 -921 -903 -912 -912 -921 -930 -894 -894 -912 -912 -921 -912 -894 -921 -921 -903 -938 -903 -903 -930 -921 -921 -921 -921 -921 -939 -930 -912 -929 -939 -912 -912 -930 -930 -939 -930 -921 -930 -912 -894 -912 -912 -912 -912 -921 -930 -930 -912 -903 -930 -921 -903 -912 -921 -930 -912 -929 -903 -921 -912 -921 -912 -930 -921 -939 -938 -921 -921 -930 -939 -903 -903 -912 -930 -930 -938 -930 -912 -921 -930 -912 -903 -921 -912 -920 -930 -939 -921 -903 -930 -921 -921 -921 -938 -912 -921 -912 -930 -929 -903 -912 -912 -921 -921 -938 -921 -930 -930 -903 -921 -921 -912 -912 -912 -903 -921 -903 -921 -903 -912 -903 -912 -912 -912 -930 -921 -930 -903 -903 -912 -903 -929 -912 -912 -912 -921 -929 -921 -939 -930 -939 -939 -947 -956 -956 -939 -965 -947 -947 -939 -956 -956 -974 -965 -956 -947 -956 -956 -947 -956 -965 -947 -965 -974 -974 -965 -965 -947 -956 -974
-725 -716 -743 -725 -725 -725 -717 -725 -734 -708 -725 -725 -716 -717 -725 -717 -717 -716 -708 -725 -708 -725 -708 -708 -716 -708 -717 -725 -716 -725 -743 -725 -734 -717 -743 -743 -752 -743 -743 -734 -761 -734 -752 -752 -752 -734 -734 -761 -752 -717 -725 -716 -725 -734 -725 -717 -725 -717 -725 -743 -725 -734 -743 -743 -743 -752 -743 -752 -761 -779 -761 -779 -761 -770 -788 -770 -797 -797 -787 -788 -797 -806 -797 -788 -814 -797 -788 -806 -806 -797 -797 -797 -788 -806 -788 -770 -806 -806 -797 -788 -779 -832 -823 -788 -788 -806 -805 -806 -806 -797 -805 -806 -806 -805 -806 -797 -805 -814 -806 -806 -806 -823 -823 -823 -814 -814 -832 -823 -814 -832 -841 -850 -850 -841 -867 -850 -841 -850 -850 -850 -858 -850 -858 -850 -876 -867 -858 -850 -858 -876 -876 -876 -876 -867 -894 -876 -894 -876 -876 -876 -885 -894 -894 -876 -876 -876 -885 -885 -885 -894 -894 -885 -903 -876 -885 -903 -867 -885 -885 -885 -894 -885 -894 -894 -876 -876 -894 -894 -885 -894 -894 -867 -885 -876 -894 -894 -885 -885 -894 -903 -885 -885 -903 -894 -876 -876 -885 -894 -894 -903 -894 -903 -912 -894 -885 -876 -894 -912 -894 -903 -903 -912 -894 -903 -885 -894 -885 -894 -912 -894 -894 -912 -885 -903 -912 -894 -885 -894 -894 -903 -894 -921 -885 -894 -921 -903 -894 -894 -921 -903 -903 -885 -912 -903 -894 -894 -894 -903 -903 -903 -912 -903 -903 -921 -894 -894 -894 -903 -903 -894 -903 -903 -903 -903 -903 -894 -894 -894 -903 -894 -894 -930 -921 -894 -903 -894 -903 -903 -912 -912 -912 -939 -921 -921 -903 -921 -912 -912 -921 -912 -921 -912 -903 -885 -894 -903 -894 -920 -894 -894 -903 -894 -885 -894 -903 -912 -903 -912 -903 -912 -912 -912 -903 -912 -912 -912 -921 -912 -912 -903 -921 -903 -930 -921 -930 -912 -903 -921 -912 -903 -903 -912 -920 -930 -912 -903 -903 -912 -912 -921 -921 -912 -939 -921 -903 -912 -930 -930 -921 -930 -921 -921 -903 -921 -921 -930 -930 -921 -912 -921 -938 -921 -912 -912 -929 -930 -921 -947 -921 -921 -921 -903 -912 -939 -912 -912 -921 -903 -921 -930 -939 -930 -930 -938 -921 -921 -939 -930 -930 -930 -939 -939 -930 -939 -939 -956 -921 -921 -939 -929 -930 -921 -912 -921 -912 -921 -921 -939 -921 -921 -921 -930 -930 -912 -930 -947 -930 -930 -939 -921 -894 -921 -921 -912 -930 -921 -930 -912 -903 -921 -930 -912 -903 -921 -921 -912 -921 -903 -921 -912 -921 -912 -921 -912 -912 -921 -903 -930 -921 -912 -912 -921 -912 -939 -903 -912 -930 -912 -939 -930 -921 -939 -921 -956 -947 -965 -956 -956 -965 -956 -947 -947 -947 -965 -965 -947 -939 -965 -956 -947 -974 -947 -947 -965 -965 -956 -983 -974 -956 -974 -983 -956 -983 -965 -965 -974 -956 -956 -991 -974 -956 -965
-725 -717 -716 -717 -725 -734 -725 -708 -725 -717 -717 -725 -725 -717 -716 -717 -717 -725 -734 -734 -752 -717 -725 -734 -752 -752 -743 -743 -725 -761 -725 -752 -734 -743 -743 -734 -743 -734 -717 -734 -716 -725 -734 -734 -725 -725 -725 -734 -716 -717 -717 -734 -725 -734 -734 -752 -761 -761 -752 -743 -770 -761 -779 -761 -761 -770 -788 -788 -788 -797 -788 -788 -797 -779 -806 -770 -806 -797 -796 -797 -788 -788 -806 -806 -797 -805 -788 -797 -805 -788 -779 -797 -806 -797 -797 -797 -788 -814 -788 -788 -797 -806 -805 -806 -797 -797 -797 -832 -806 -814 -814 -814 -814 -814 -814 -823 -814 -841 -814 -823 -832 -850 -850 -841 -841 -841 -841 -841 -850 -850 -867 -850 -850 -858 -858 -867 -858 -876 -876 -858 -876 -858 -867 -885 -894 -876 -885 -894 -885 -858 -876 -885 -894 -885 -885 -867 -885 -885 -885 -894 -885 -894 -876 -876 -876 -894 -867 -876 -894 -876 -894 -885 -894 -894 -885 -885 -876 -885 -876 -885 -885 -885 -894 -885 -876 -876 -894 -903 -894 -912 -876 -885 -876 -876 -885 -894 -885 -885 -903 -894 -894 -885 -885 -876 -912 -885 -894 -876 -894 -894 -894 -903 -903 -894 -894 -885 -894 -894 -894 -894 -903 -903 -894 -885 -894 -894 -894 -903 -912 -903 -912 -912 -912 -894 -930 -912 -903 -912 -912 -912 -903 -894 -894 -894 -903 -894 -885 -921 -885 -903 -894 -885 -894 -894 -903 -894 -885 -885 -903 -903 -894 -903 -912 -894 -894 -903 -903 -912 -894 -903 -903 -903 -903 -903 -903 -912 -903 -894 -921 -894 -912 -903 -912 -903 -903 -903 -903 -912 -894 -903 -903 -903 -894 -912 -903 -921 -903 -894 -894 -894 -903 -894 -903 -903 -903 -903 -912 -894 -903 -903 -912 -912 -912 -903 -912 -903 -912 -912 -912 -903 -912 -921 -912 -912 -912 -912 -912 -903 -903 -903 -912 -903 -912 -894 -903 -894 -903 -921 -912 -912 -921 -912 -921 -912 -921 -903 -912 -921 -912 -930 -912 -921 -921 -912 -929 -912 -921 -939 -930 -912 -929 -912 -912 -903 -939 -921 -912 -912 -921 -912 -912 -894 -912 -894 -903 -912 -921 -912 -903 -930 -912 -939 -903 -912 -947 -930 -903 -921 -894 -912 -929 -912 -912 -921 -921 -930 -939 -921 -930 -930 -912 -912 -921 -912 -903 -920 -921 -921 -921 -921 -912 -921 -912 -939 -912 -929 -921 -939 -921 -938 -912 -930 -921 -912 -921 -903 -912 -930 -939 -930 -903 -929 -930 -921 -921 -921 -921 -921 -921 -930 -912 -921 -912 -930 -930 -903 -921 -920 -920 -920 -921 -921 -912 -903 -912 -921 -903 -912 -921 -912 -912 -921 -930 -947 -939 -938 -947 -974 -956 -956 -965 -939 -965 -947 -956 -965 -965 -939 -956 -947 -947 -956 -965 -956 -965 -956 -965 -956 -965 -974 -956 -965 -956 -974 -983 -965 -956 -983 -965 -965 -939 -947 -947 -939 -939 -939 -956 -965 -956 -947 -965 -965
-708 -725 -734 -708 -717 -707 -716 -708 -699 -743 -734 -717 -725 -734 -743 -734 -734 -725 -761 -734 -743 -734 -761 -734 -734 -725 -734 -752 -725 -725 -725 -734 -725 -743 -725 -743 -708 -734 -743 -725 -717 -725 -725 -734 -734 -743 -743 -752 -752 -752 -761 -752 -752 -752 -770 -770 -779 -770 -770 -779 -779 -806 -797 -806 -788 -806 -814 -797 -814 -806 -806 -797 -806 -797 -788 -797 -797 -797 -806 -797 -797 -796 -797 -806 -797 -788 -805 -797 -797 -779 -779 -787 -806 -797 -797 -814 -797 -823 -797 -814 -788 -788 -814 -806 -814 -814 -814 -814 -805 -814 -823 -832 -832 -823 -841 -841 -850 -841 -841 -841 -850 -850 -841 -850 -867 -850 -850 -876 -858 -850 -858 -867 -876 -885 -858 -876 -867 -876 -867 -876 -876 -850 -885 -894 -885 -858 -876 -885 -903 -894 -885 -858 -894 -876 -867 -876 -894 -876 -876 -876 -885 -858 -885 -894 -894 -876 -876 -885 -885 -867 -885 -894 -903 -876 -885 -885 -894 -876 -876 -876 -876 -894 -894 -876 -903 -885 -894 -876 -885 -885 -894 -894 -885 -885 -885 -885 -903 -867 -894 -894 -894 -894 -885 -885 -894 -903 -876 -894 -903 -894 -903 -894 -885 -894 -903 -894 -894 -894 -903 -903 -903 -894 -885 -903 -894 -912 -894 -903 -903 -894 -894 -885 -894 -894 -894 -912 -903 -894 -894 -921 -903 -903 -894 -894 -885 -894 -903 -885 -912 -912 -894 -903 -894 -894 -921 -912 -912 -903 -894 -903 -912 -903 -912 -903 -903 -894 -903 -894 -903 -885 -894 -894 -903 -930 -894 -912 -894 -912 -885 -903 -903 -912 -930 -894 -903 -894 -894 -894 -885 -894 -903 -894 -894 -903 -903 -903 -930 -912 -894 -903 -912 -885 -912 -894 -894 -894 -912 -921 -921 -921 -921 -894 -912 -903 -903 -930 -903 -903 -921 -894 -912 -912 -894 -912 -903 -903 -912 -921 -885 -930 -903 -912 -894 -894 -930 -912 -912 -930 -912 -912 -921 -903 -930 -921 -921 -912 -903 -921 -921 -903 -903 -912 -930 -912 -912 -912 -912 -930 -912 -912 -912 -912 -930 -921 -912 -912 -903 -903 -912 -912 -912 -921 -903 -912 -939 -912 -930 -912 -947 -930 -912 -921 -939 -912 -947 -912 -930 -930 -921 -938 -939 -912 -903 -912 -903 -939 -921 -903 -903 -912 -912 -912 -921 -921 -921 -912 -912 -921 -930 -938 -930 -903 -938 -939 -921 -930 -912 -912 -912 -912 -912 -903 -903 -929 -930 -903 -921 -939 -921 -921 -921 -903 -921 -921 -912 -930 -912 -912 -903 -921 -903 -930 -939 -921 -912 -921 -912 -903 -903 -921 -912 -912 -930 -947 -939 -947 -947 -939 -947 -938 -956 -956 -956 -947 -956 -974 -965 -965 -965 -939 -956 -947 -965 -965 -974 -956 -956 -965 -983 -956 -956 -965 -956 -974 -965 -965 -965 -974 -947 -965 -956 -974 -956 -956 -974 -965 -947 -965 -956 -956 -956 -947 -939 -938 -956 -938 -956 -947 -965 -939 -939 -921
-725 -725 -717 -717 -734 -734 -725 -717 -734 -743 -725 -734 -725 -734 -752 -734 -734 -743 -761 -743 -725 -743 -725 -725 -743 -725 -717 -708 -734 -717 -708 -734 -725 -725 -725 -725 -725 -725 -752 -752 -761 -734 -761 -752 -761 -752 -761 -770 -779 -779 -788 -779 -770 -796 -806 -797 -814 -779 -779 -797 -788 -788 -797 -797 -796 -797 -806 -770 -797 -797 -797 -806 -806 -797 -806 -806 -797 -779 -788 -797 -797 -814 -806 -788 -814 -806 -806 -814 -805 -806 -814 -806 -797 -823 -806 -805 -814 -823 -814 -806 -841 -841 -832 -823 -823 -832 -823 -841 -850 -850 -850 -850 -841 -841 -850 -867 -841 -858 -858 -850 -867 -876 -867 -858 -867 -867 -858 -876 -867 -850 -876 -876 -885 -867 -867 -885 -867 -894 -867 -894 -885 -885 -885 -867 -867 -876 -867 -876 -885 -903 -894 -885 -894 -894 -885 -876 -876 -885 -894 -885 -885 -894 -876 -885 -885 -903 -867 -876 -867 -885 -894 -894 -885 -876 -867 -885 -894 -876 -885 -894 -903 -885 -894 -876 -894 -876 -894 -876 -885 -894 -885 -885 -885 -885 -885 -885 -894 -885 -903 -894 -894 -894 -903 -894 -894 -885 -894 -903 -894 -885 -903 -894 -903 -885 -894 -912 -903 -912 -894 -912 -903 -894 -903 -912 -885 -894 -903 -894 -894 -903 -894 -894 -894 -921 -885 -903 -912 -903 -894 -903 -921 -885 -894 -903 -903 -894 -903 -903 -885 -912 -903 -903 -903 -894 -912 -894 -903 -912 -894 -894 -912 -912 -903 -903 -921 -912 -894 -903 -903 -903 -912 -921 -912 -912 -921 -903 -894 -912 -885 -912 -903 -903 -894 -912 -903 -903 -894 -921 -921 -903 -903 -903 -912 -912 -921 -921 -903 -912 -894 -903 -903 -894 -894 -912 -921 -912 -912 -912 -921 -930 -912 -903 -912 -921 -912 -903 -921 -903 -903 -912 -912 -903 -921 -930 -885 -921 -912 -903 -903 -912 -894 -912 -921 -894 -903 -912 -912 -921 -930 -894 -930 -894 -912 -912 -939 -903 -921 -930 -903 -894 -912 -930 -921 -912 -903 -912 -939 -912 -920 -921 -912 -930 -912 -939 -930 -921 -921 -930 -921 -921 -930 -921 -912 -930 -912 -921 -912 -930 -912 -921 -912 -911 -903 -921 -903 -921 -912 -903 -921 -912 -939 -939 -903 -930 -921 -921 -921 -921 -929 -912 -930 -930 -930 -930 -912 -930 -921 -912 -930 -912 -894 -938 -938 -921 -921 -939 -921 -912 -903 -912 -930 -930 -930 -912 -903 -921 -939 -921 -921 -912 -903 -921 -939 -912 -903 -939 -912 -903 -912 -912 -912 -894 -894 -903 -921 -939 -938 -930 -929 -947 -938 -956 -947 -956 -956 -947 -956 -956 -947 -947 -965 -956 -965 -939 -956 -956 -938 -956 -956 -983 -974 -983 -965 -974 -965 -956 -983 -965 -956 -965 -947 -965 -965 -965 -965 -965 -956 -947 -956 -956 -939 -938 -939 -929 -939 -939 -938 -947 -947 -939 -939 -956 -947 -947 -947 -939 -956 -947 -930 -938 -939 -939
-734 -734 -743 -743 -743 -734 -761 -725 -725 -734 -752 -734 -734 -752 -725 -734 -725 -708 -725 -734 -725 -716 -717 -717 -734 -752 -734 -743 -743 -734 -770 -752 -743 -752 -743 -752 -752 -779 -779 -770 -761 -770 -779 -788 -788 -788 -788 -814 -805 -806 -797 -788 -806 -797 -788 -788 -814 -797 -814 -788 -797 -797 -779 -797 -814 -805 -797 -797 -806 -806 -788 -814 -796 -814 -805 -806 -806 -797 -806 -814 -805 -797 -806 -797 -806 -823 -797 -814 -814 -814 -796 -823 -814 -841 -850 -841 -841 -832 -841 -823 -841 -850 -850 -841 -823 -850 -841 -876 -850 -858 -858 -867 -876 -858 -876 -850 -876 -876 -876 -876 -867 -876 -876 -876 -858 -876 -876 -876 -876 -894 -894 -867 -894 -876 -885 -885 -876 -885 -885 -876 -885 -876 -885 -876 -876 -894 -885 -858 -885 -885 -876 -876 -885 -885 -876 -885 -885 -876 -912 -894 -894 -894 -876 -867 -876 -894 -876 -903 -885 -894 -885 -894 -894 -885 -885 -885 -894 -894 -894 -903 -885 -885 -894 -894 -894 -894 -894 -885 -894 -903 -903 -885 -912 -903 -885 -894 -903 -885 -894 -903 -903 -903 -903 -894 -903 -903 -903 -894 -894 -885 -885 -903 -921 -903 -903 -903 -912 -903 -894 -894 -912 -912 -885 -894 -876 -903 -885 -921 -885 -894 -894 -894 -894 -894 -903 -912 -894 -921 -930 -894 -903 -903 -903 -885 -894 -903 -903 -921 -920 -903 -903 -912 -903 -912 -894 -903 -903 -894 -912 -885 -921 -876 -894 -912 -912 -903 -894 -912 -912 -912 -912 -903 -894 -903 -903 -903 -903 -894 -894 -903 -903 -894 -903 -885 -912 -903 -921 -921 -921 -912 -894 -894 -894 -921 -912 -921 -921 -894 -912 -894 -921 -912 -921 -930 -912 -903 -903 -912 -912 -921 -912 -894 -903 -912 -912 -903 -894 -921 -903 -930 -912 -912 -912 -912 -912 -912 -920 -921 -930 -903 -903 -921 -921 -929 -912 -903 -912 -912 -903 -930 -921 -912 -903 -921 -894 -921 -939 -912 -921 -921 -912 -930 -930 -912 -903 -912 -921 -930 -912 -930 -921 -938 -921 -930 -938 -938 -930 -921 -939 -921 -930 -939 -912 -912 -930 -912 -930 -912 -912 -912 -894 -912 -921 -903 -903 -912 -939 -921 -930 -921 -930 -903 -903 -939 -921 -947 -930 -921 -921 -903 -921 -939 -930 -921 -921 -930 -921 -930 -929 -912 -912 -921 -921 -903 -921 -903 -903 -912 -912 -912 -903 -912 -903 -912 -930 -912 -912 -912 -912 -921 -903 -912 -938 -912 -912 -930 -921 -930 -939 -938 -930 -930 -947 -965 -947 -965 -947 -965 -956 -947 -965 -956 -939 -956 -956 -974 -956 -956 -974 -947 -965 -947 -956 -947 -956 -956 -956 -965 -974 -956 -974 -983 -974 -974 -956 -956 -956 -974 -947 -956 -956 -947 -965 -974 -930 -939 -956 -956 -939 -921 -930 -939 -947 -938 -939 -947 -939 -939 -929 -939 -939 -956 -938 -939 -947 -938 -930 -947 -947 -939 -930 -930
-725 -725 -734 -734 -743 -725 -743 -734 -743 -734 -725 -734 -717 -734 -725 -743 -725 -717 -734 -716 -725 -743 -734 -743 -734 -770 -743 -761 -761 -761 -779 -761 -788 -761 -797 -779 -797 -806 -779 -779 -814 -814 -797 -806 -788 -788 -806 -796 -788 -797 -796 -797 -797 -806 -788 -788 -814 -797 -814 -806 -797 -797 -797 -797 -788 -788 -796 -806 -796 -805 -797 -797 -806 -806 -814 -814 -806 -814 -805 -806 -814 -832 -832 -823 -850 -814 -823 -823 -823 -841 -814 -850 -850 -841 -841 -858 -858 -841 -850 -850 -850 -858 -858 -858 -850 -858 -876 -867 -850 -894 -867 -876 -876 -876 -885 -894 -858 -885 -885 -894 -876 -885 -894 -885 -867 -885 -894 -876 -876 -876 -903 -894 -858 -885 -885 -894 -885 -894 -885 -876 -885 -894 -885 -894 -885 -885 -876 -876 -876 -894 -876 -885 -858 -876 -885 -885 -894 -885 -885 -885 -894 -885 -876 -894 -885 -894 -894 -894 -885 -885 -876 -876 -894 -894 -894 -885 -894 -894 -903 -894 -876 -903 -903 -894 -894 -903 -894 -885 -885 -885 -903 -903 -903 -903 -903 -894 -903 -903 -885 -903 -894 -903 -894 -903 -903 -903 -894 -912 -903 -903 -894 -894 -903 -894 -903 -903 -894 -903 -903 -912 -894 -903 -894 -912 -903 -894 -894 -921 -921 -903 -903 -903 -903 -912 -920 -894 -903 -894 -894 -921 -885 -903 -903 -903 -903 -894 -921 -912 -903 -894 -921 -921 -921 -903 -921 -894 -921 -930 -903 -912 -903 -894 -903 -903 -912 -894 -903 -921 -894 -894 -876 -912 -894 -903 -903 -903 -921 -885 -903 -894 -903 -912 -903 -912 -912 -903 -903 -903 -885 -912 -894 -912 -903 -930 -894 -921 -903 -929 -903 -903 -894 -912 -894 -903 -894 -930 -903 -912 -903 -903 -903 -921 -930 -912 -930 -912 -903 -921 -921 -920 -912 -930 -894 -903 -903 -912 -930 -930 -921 -894 -903 -921 -939 -912 -930 -903 -912 -912 -930 -903 -912 -939 -921 -903 -912 -912 -912 -912 -921 -903 -912 -921 -903 -938 -930 -930 -912 -938 -912 -939 -911 -921 -939 -912 -912 -930 -921 -921 -912 -938 -912 -930 -939 -903 -921 -921 -930 -912 -938 -930 -939 -921 -930 -930 -912 -930 -930 -921 -912 -912 -921 -912 -921 -921 -921 -912 -912 -930 -921 -912 -920 -921 -912 -912 -930 -912 -903 -903 -912 -921 -930 -903 -930 -912 -930 -903 -912 -903 -912 -921 -939 -912 -903 -930 -921 -921 -903 -921 -930 -921 -947 -938 -947 -939 -956 -956 -956 -947 -939 -947 -939 -956 -947 -947 -947 -965 -965 -956 -956 -965 -965 -956 -956 -956 -956 -956 -965 -974 -965 -965 -947 -965 -965 -965 -956 -956 -974 -956 -947 -947 -974 -947 -965 -956 -956 -947 -938 -938 -938 -939 -947 -939 -947 -956 -939 -930 -947 -938 -939 -939 -930 -947 -947 -939 -921 -939 -938 -938 -939 -930 -938 -939 -947 -930 -921 -930 -930 -939 -939 -929 -912 -903
-717 -734 -717 -716 -734 -752 -725 -734 -717 -725 -725 -717 -743 -752 -734 -734 -734 -743 -743 -761 -752 -788 -752 -770 -761 -770 -788 -788 -788 -770 -797 -805 -797 -788 -779 -806 -779 -806 -814 -797 -797 -814 -797 -770 -806 -805 -797 -806 -797 -796 -797 -806 -805 -788 -797 -806 -797 -797 -806 -806 -806 -814 -797 -806 -797 -806 -797 -805 -814 -814 -805 -805 -806 -814 -788 -814 -823 -832 -823 -841 -832 -832 -832 -850 -841 -841 -850 -850 -841 -858 -850 -850 -850 -850 -867 -850 -876 -867 -858 -876 -876 -858 -867 -876 -885 -885 -867 -867 -885 -894 -885 -876 -867 -876 -885 -885 -903 -876 -894 -894 -885 -876 -876 -858 -885 -894 -885 -876 -885 -876 -885 -885 -885 -885 -903 -885 -894 -885 -876 -894 -876 -876 -885 -894 -885 -876 -885 -885 -894 -876 -894 -876 -885 -894 -876 -894 -903 -903 -876 -885 -894 -894 -885 -894 -894 -876 -894 -894 -894 -903 -894 -912 -894 -894 -876 -885 -885 -885 -894 -912 -894 -903 -912 -876 -894 -903 -903 -894 -894 -894 -885 -894 -903 -903 -912 -894 -903 -894 -912 -921 -903 -903 -894 -903 -894 -894 -903 -903 -912 -912 -903 -894 -894 -903 -903 -903 -885 -903 -894 -903 -912 -894 -903 -903 -903 -894 -903 -894 -894 -912 -903 -894 -912 -903 -903 -903 -921 -912 -903 -912 -894 -903 -912 -894 -903 -912 -930 -912 -903 -903 -885 -912 -912 -903 -930 -903 -876 -876 -903 -894 -894 -903 -903 -903 -903 -885 -939 -912 -894 -912 -894 -930 -921 -912 -912 -921 -894 -912 -921 -930 -912 -921 -921 -912 -903 -921 -912 -912 -903 -930 -903 -903 -912 -903 -912 -912 -903 -912 -930 -912 -921 -930 -912 -903 -930 -912 -912 -912 -921 -912 -912 -921 -912 -930 -921 -921 -939 -912 -903 -921 -938 -903 -921 -903 -912 -912 -912 -894 -921 -903 -912 -903 -903 -903 -921 -894 -921 -930 -912 -912 -912 -921 -921 -921 -912 -903 -921 -912 -939 -921 -903 -930 -912 -930 -921 -938 -938 -912 -930 -921 -921 -912 -921 -912 -920 -912 -912 -921 -947 -930 -930 -903 -920 -930 -930 -939 -912 -921 -930 -930 -921 -921 -921 -921 -921 -921 -921 -912 -930 -947 -930 -930 -939 -912 -921 -930 -912 -921 -903 -921 -912 -912 -921 -903 -903 -930 -921 -921 -894 -912 -912 -894 -921 -912 -921 -921 -930 -921 -921 -903 -912 -939 -930 -939 -939 -947 -930 -965 -947 -965 -947 -947 -956 -947 -956 -956 -965 -947 -956 -956 -956 -938 -947 -947 -956 -974 -965 -947 -965 -965 -965 -965 -965 -956 -974 -956 -956 -956 -974 -965 -947 -965 -965 -956 -956 -930 -956 -921 -947 -939 -929 -930 -939 -930 -939 -947 -965 -930 -930 -930 -938 -939 -930 -930 -947 -930 -939 -947 -930 -938 -939 -939 -947 -939 -947 -921 -939 -921 -930 -939 -939 -930 -921 -921 -903 -894 -921 -912 -894 -912 -912 -903
-734 -725 -725 -734 -734 -725 -734 -725 -743 -743 -752 -752 -752 -752 -779 -761 -770 -779 -770 -779 -779 -788 -787 -814 -806 -806 -806 -806 -805 -797 -797 -796 -805 -806 -797 -779 -788 -805 -788 -788 -806 -797 -797 -806 -797 -806 -788 -806 -788 -796 -797 -796 -805 -788 -779 -814 -814 -814 -823 -806 -823 -814 -806 -832 -814 -797 -823 -823 -814 -823 -841 -832 -832 -832 -841 -850 -841 -832 -832 -858 -850 -841 -858 -858 -858 -858 -858 -850 -841 -867 -858 -858 -876 -876 -876 -876 -876 -885 -876 -867 -885 -885 -885 -894 -894 -867 -885 -894 -894 -885 -885 -885 -876 -867 -876 -894 -876 -903 -894 -876 -885 -885 -885 -867 -885 -885 -885 -867 -876 -876 -885 -885 -876 -885 -903 -885 -885 -885 -885 -894 -885 -876 -876 -876 -894 -885 -903 -885 -876 -885 -885 -903 -885 -885 -894 -885 -885 -885 -885 -894 -894 -894 -885 -912 -921 -903 -894 -894 -903 -885 -894 -912 -894 -885 -885 -885 -903 -903 -876 -894 -912 -903 -894 -903 -903 -894 -894 -921 -903 -894 -903 -894 -894 -912 -903 -912 -885 -894 -894 -903 -885 -885 -885 -903 -894 -894 -876 -903 -876 -885 -903 -921 -903 -912 -903 -894 -903 -921 -903 -912 -885 -912 -903 -903 -885 -894 -903 -903 -903 -903 -894 -912 -903 -894 -930 -894 -921 -903 -894 -894 -894 -903 -912 -903 -894 -903 -903 -912 -894 -894 -894 -894 -894 -903 -894 -903 -912 -894 -894 -912 -921 -912 -912 -921 -912 -921 -912 -903 -912 -912 -930 -912 -921 -903 -921 -912 -921 -903 -894 -894 -912 -921 -921 -903 -912 -912 -903 -912 -903 -921 -921 -921 -921 -921 -912 -912 -912 -912 -903 -921 -921 -912 -912 -921 -939 -930 -903 -930 -930 -921 -912 -921 -921 -930 -930 -894 -921 -903 -903 -894 -921 -921 -921 -894 -894 -894 -930 -912 -930 -921 -921 -921 -939 -912 -921 -921 -903 -921 -939 -921 -921 -921 -921 -912 -921 -930 -921 -903 -921 -912 -912 -921 -939 -903 -921 -912 -912 -921 -912 -921 -912 -921 -929 -912 -921 -930 -930 -930 -921 -912 -921 -921 -930 -921 -912 -930 -930 -912 -921 -894 -930 -921 -930 -921 -930 -921 -930 -930 -930 -921 -921 -921 -903 -912 -921 -921 -921 -903 -930 -939 -921 -894 -921 -903 -903 -903 -903 -903 -939 -912 -912 -939 -930 -939 -939 -930 -921 -956 -947 -965 -956 -965 -956 -965 -947 -947 -956 -974 -956 -939 -974 -956 -939 -956 -974 -965 -965 -956 -965 -956 -965 -965 -965 -974 -974 -965 -974 -965 -956 -956 -974 -956 -939 -947 -965 -947 -965 -956 -956 -947 -947 -939 -939 -947 -930 -938 -939 -930 -947 -930 -947 -939 -921 -929 -930 -939 -929 -930 -947 -939 -956 -938 -930 -921 -938 -939 -938 -947 -947 -921 -903 -930 -912 -930 -921 -938 -921 -930 -921 -894 -912 -903 -903 -903 -903 -894 -930 -903 -903 -903 -921 -912
-725 -752 -752 -761 -770 -761 -761 -761 -788 -770 -770 -788 -788 -788 -779 -806 -814 -788 -805 -806 -797 -797 -797 -797 -788 -797 -770 -797 -788 -797 -805 -788 -788 -788 -779 -788 -788 -788 -788 -806 -787 -797 -788 -806 -788 -806 -806 -814 -796 -806 -806 -806 -823 -814 -806 -823 -805 -805 -832 -814 -823 -823 -832 -814 -814 -832 -841 -841 -850 -850 -841 -858 -832 -850 -850 -858 -850 -858 -858 -858 -867 -850 -867 -841 -876 -867 -885 -867 -858 -876 -885 -858 -867 -876 -885 -903 -885 -876 -876 -885 -894 -894 -858 -885 -885 -867 -885 -876 -885 -876 -885 -894 -885 -885 -876 -894 -903 -876 -903 -885 -894 -885 -876 -867 -885 -885 -876 -867 -876 -885 -876 -885 -876 -894 -876 -885 -885 -885 -894 -885 -894 -885 -894 -876 -876 -876 -885 -885 -894 -876 -894 -894 -858 -894 -894 -894 -894 -876 -894 -903 -903 -903 -903 -912 -894 -885 -885 -903 -894 -894 -885 -894 -894 -912 -885 -894 -903 -903 -903 -903 -903 -894 -903 -903 -894 -885 -894 -912 -903 -885 -903 -894 -903 -867 -903 -894 -894 -894 -894 -894 -894 -903 -894 -903 -894 -894 -903 -885 -894 -894 -903 -903 -894 -885 -903 -885 -903 -903 -903 -894 -930 -912 -903 -894 -921 -912 -903 -903 -894 -885 -903 -903 -885 -912 -912 -885 -921 -912 -903 -894 -912 -885 -894 -930 -912 -894 -885 -894 -885 -894 -903 -894 -921 -912 -912 -903 -921 -912 -903 -903 -903 -930 -903 -894 -903 -930 -912 -921 -921 -894 -930 -903 -912 -912 -903 -912 -903 -876 -912 -921 -930 -921 -921 -894 -903 -912 -912 -903 -903 -921 -894 -894 -912 -930 -894 -912 -930 -912 -930 -921 -921 -894 -912 -912 -921 -885 -903 -921 -912 -921 -912 -894 -903 -894 -912 -921 -930 -912 -903 -912 -930 -930 -903 -912 -912 -930 -930 -930 -939 -912 -930 -929 -930 -912 -921 -930 -912 -903 -930 -930 -939 -921 -921 -903 -921 -911 -921 -930 -912 -930 -912 -921 -929 -921 -921 -903 -921 -921 -912 -921 -921 -930 -921 -912 -921 -930 -930 -921 -921 -903 -930 -938 -921 -903 -921 -930 -921 -921 -921 -894 -921 -930 -930 -921 -930 -921 -903 -903 -921 -921 -903 -903 -930 -912 -903 -894 -903 -903 -921 -921 -921 -912 -903 -930 -921 -938 -939 -938 -939 -947 -956 -939 -938 -956 -939 -947 -947 -956 -965 -974 -947 -956 -956 -938 -947 -956 -939 -965 -965 -965 -947 -947 -983 -956 -983 -974 -974 -956 -965 -965 -956 -956 -947 -947 -965 -965 -956 -939 -956 -947 -947 -930 -939 -939 -956 -930 -921 -947 -939 -938 -947 -929 -939 -930 -939 -939 -956 -930 -939 -930 -938 -947 -947 -947 -947 -930 -947 -939 -939 -912 -930 -921 -921 -921 -930 -921 -930 -921 -903 -903 -912 -903 -903 -912 -921 -912 -912 -903 -912 -903 -912 -903 -903 -894 -921 -903 -912 -912 -912 -930 -921 -894
-770 -779 -770 -779 -779 -806 -788 -797 -797 -788 -806 -797 -805 -806 -814 -806 -814 -779 -806 -805 -806 -788 -788 -797 -779 -806 -814 -797 -797 -797 -779 -797 -797 -806 -806 -797 -797 -806 -814 -788 -814 -814 -805 -814 -806 -814 -797 -832 -823 -832 -797 -823 -823 -823 -832 -841 -850 -850 -841 -832 -832 -841 -850 -850 -841 -867 -850 -858 -841 -867 -867 -850 -885 -858 -858 -858 -858 -876 -876 -885 -858 -867 -894 -876 -867 -894 -867 -867 -894 -867 -876 -885 -876 -876 -876 -867 -885 -876 -876 -894 -885 -867 -876 -876 -885 -885 -894 -867 -858 -903 -876 -876 -867 -894 -894 -876 -894 -858 -876 -903 -885 -894 -894 -876 -885 -876 -867 -876 -867 -885 -894 -894 -876 -858 -885 -876 -903 -903 -885 -903 -885 -894 -885 -885 -894 -885 -903 -894 -894 -894 -885 -894 -885 -894 -885 -894 -903 -912 -894 -894 -894 -903 -903 -903 -903 -894 -894 -912 -903 -903 -903 -903 -894 -912 -903 -894 -894 -894 -903 -894 -894 -903 -912 -885 -885 -903 -894 -876 -876 -903 -903 -894 -921 -903 -894 -921 -894 -903 -903 -894 -894 -894 -912 -894 -903 -894 -903 -903 -903 -885 -894 -894 -894 -912 -894 -894 -912 -921 -903 -912 -903 -912 -903 -903 -921 -912 -894 -903 -894 -903 -894 -894 -885 -912 -903 -894 -894 -912 -894 -912 -885 -885 -912 -903 -903 -912 -912 -903 -921 -921 -912 -912 -912 -921 -903 -930 -921 -912 -930 -885 -912 -894 -903 -921 -903 -894 -921 -903 -894 -903 -912 -903 -903 -903 -921 -903 -903 -912 -903 -912 -921 -912 -894 -921 -912 -912 -903 -903 -912 -912 -894 -921 -912 -903 -912 -912 -912 -921 -912 -921 -912 -921 -921 -903 -939 -912 -903 -894 -939 -921 -912 -921 -921 -912 -912 -912 -938 -912 -930 -930 -921 -939 -912 -930 -930 -939 -930 -930 -903 -930 -921 -930 -912 -912 -912 -912 -930 -911 -930 -894 -903 -912 -930 -912 -921 -903 -912 -921 -921 -921 -921 -903 -912 -938 -921 -939 -930 -930 -903 -912 -921 -921 -930 -930 -921 -903 -930 -912 -930 -903 -921 -903 -903 -921 -912 -912 -903 -894 -921 -921 -912 -903 -921 -921 -921 -894 -912 -903 -912 -912 -930 -921 -930 -929 -903 -921 -930 -920 -930 -947 -939 -956 -939 -947 -939 -947 -947 -965 -956 -956 -947 -947 -956 -956 -965 -965 -947 -956 -956 -956 -974 -956 -956 -956 -965 -965 -956 -956 -956 -965 -965 -974 -956 -974 -983 -947 -956 -956 -947 -939 -947 -947 -929 -947 -939 -912 -938 -947 -938 -939 -956 -947 -939 -947 -939 -947 -947 -947 -930 -939 -921 -938 -930 -956 -939 -947 -947 -939 -938 -930 -930 -947 -930 -939 -921 -912 -903 -912 -903 -903 -903 -912 -903 -912 -903 -903 -912 -903 -903 -903 -885 -912 -894 -903 -903 -903 -894 -903 -912 -912 -930 -921 -921 -912 -930 -912 -912 -921 -903 -903 -894 -903
-797 -806 -797 -814 -797 -814 -805 -797 -806 -806 -788 -797 -806 -806 -788 -788 -788 -787 -806 -788 -779 -796 -797 -797 -788 -797 -788 -806 -797 -797 -797 -823 -805 -805 -805 -814 -814 -797 -814 -814 -797 -814 -823 -841 -823 -806 -806 -850 -823 -841 -832 -841 -850 -841 -841 -858 -858 -858 -858 -850 -850 -850 -867 -858 -867 -850 -858 -850 -876 -858 -876 -867 -858 -858 -858 -876 -876 -876 -876 -876 -867 -876 -858 -867 -903 -867 -876 -876 -885 -885 -894 -867 -885 -885 -894 -876 -876 -850 -867 -885 -894 -885 -885 -894 -867 -885 -858 -867 -876 -885 -894 -867 -912 -903 -876 -876 -867 -867 -867 -867 -885 -885 -894 -894 -876 -867 -885 -876 -876 -885 -876 -894 -894 -885 -885 -894 -903 -876 -903 -885 -894 -903 -885 -867 -885 -894 -885 -894 -894 -876 -876 -903 -903 -903 -903 -876 -903 -894 -903 -894 -894 -912 -903 -912 -894 -894 -912 -894 -903 -921 -921 -903 -903 -903 -903 -920 -894 -894 -894 -894 -894 -885 -903 -885 -885 -912 -894 -894 -894 -912 -894 -894 -921 -903 -903 -903 -921 -903 -903 -903 -912 -894 -903 -912 -912 -894 -912 -903 -912 -903 -894 -903 -903 -912 -894 -921 -903 -903 -894 -894 -894 -894 -894 -885 -885 -903 -894 -903 -903 -894 -912 -903 -885 -903 -912 -885 -894 -903 -930 -903 -912 -912 -921 -912 -894 -921 -930 -912 -930 -903 -903 -912 -912 -903 -912 -903 -903 -912 -903 -894 -894 -921 -903 -903 -903 -903 -930 -921 -903 -930 -903 -894 -903 -912 -920 -930 -912 -921 -912 -921 -894 -930 -930 -912 -912 -912 -921 -912 -921 -903 -921 -903 -921 -903 -894 -903 -903 -921 -920 -912 -930 -903 -938 -912 -921 -921 -921 -921 -912 -912 -939 -903 -912 -912 -912 -921 -938 -921 -912 -903 -921 -921 -930 -939 -912 -912 -930 -912 -903 -930 -911 -903 -912 -912 -903 -912 -903 -930 -921 -930 -912 -930 -921 -938 -912 -938 -921 -903 -912 -903 -921 -930 -903 -930 -912 -903 -912 -894 -930 -921 -930 -912 -903 -903 -912 -903 -912 -912 -894 -903 -885 -912 -912 -912 -903 -894 -921 -912 -903 -912 -912 -921 -912 -912 -903 -921 -912 -903 -930 -947 -938 -965 -938 -939 -956 -965 -956 -965 -938 -965 -947 -956 -947 -947 -965 -956 -956 -956 -947 -956 -947 -956 -947 -974 -956 -956 -974 -956 -965 -974 -965 -974 -974 -965 -947 -974 -939 -947 -947 -956 -956 -965 -965 -947 -947 -939 -939 -947 -947 -956 -947 -939 -939 -939 -938 -947 -930 -930 -939 -921 -939 -930 -930 -930 -930 -939 -956 -930 -929 -947 -938 -930 -930 -938 -921 -930 -930 -921 -912 -921 -921 -912 -921 -912 -912 -903 -912 -912 -903 -903 -894 -903 -912 -894 -912 -894 -903 -903 -921 -903 -903 -894 -912 -921 -921 -912 -930 -921 -921 -903 -912 -894 -903 -885 -885 -885 -894 -885 -885 -876 -858 -876
-806 -797 -788 -788 -788 -779 -779 -806 -797 -779 -797 -797 -797 -797 -788 -806 -797 -806 -814 -797 -788 -797 -788 -814 -805 -805 -806 -797 -823 -806 -806 -814 -814 -805 -814 -806 -841 -823 -823 -823 -832 -841 -850 -841 -841 -850 -858 -832 -841 -850 -858 -850 -850 -867 -858 -876 -858 -858 -858 -867 -876 -876 -885 -876 -876 -867 -867 -867 -894 -876 -885 -885 -876 -885 -876 -867 -885 -850 -885 -885 -894 -885 -867 -867 -894 -876 -876 -876 -885 -867 -885 -858 -885 -885 -867 -876 -885 -885 -876 -876 -885 -894 -876 -885 -885 -894 -894 -894 -894 -876 -894 -876 -894 -876 -876 -876 -894 -885 -885 -885 -885 -894 -903 -876 -876 -876 -894 -894 -885 -876 -885 -885 -885 -903 -885 -885 -894 -894 -885 -894 -903 -885 -894 -885 -894 -903 -894 -894 -912 -903 -903 -894 -912 -894 -894 -903 -912 -894 -903 -894 -912 -903 -903 -903 -903 -876 -903 -894 -885 -885 -912 -894 -885 -894 -885 -912 -903 -894 -894 -903 -903 -921 -903 -894 -894 -894 -903 -894 -912 -912 -903 -903 -921 -903 -903 -912 -903 -912 -903 -903 -930 -903 -903 -894 -903 -921 -912 -912 -903 -921 -921 -885 -894 -894 -885 -903 -903 -876 -894 -903 -894 -894 -903 -885 -885 -912 -912 -894 -894 -903 -894 -903 -903 -903 -894 -894 -894 -921 -894 -903 -903 -912 -903 -903 -912 -894 -903 -912 -903 -921 -912 -894 -885 -912 -903 -912 -912 -903 -903 -894 -912 -920 -903 -894 -921 -894 -930 -921 -921 -912 -930 -929 -930 -912 -921 -921 -921 -921 -921 -894 -903 -912 -921 -912 -903 -930 -903 -903 -930 -912 -894 -903 -912 -903 -938 -921 -921 -903 -912 -930 -894 -912 -939 -912 -912 -912 -921 -912 -921 -939 -930 -921 -930 -930 -912 -939 -912 -921 -903 -912 -903 -921 -921 -912 -912 -921 -912 -912 -930 -930 -939 -930 -903 -894 -920 -912 -921 -921 -930 -912 -921 -912 -921 -930 -903 -903 -912 -921 -921 -912 -912 -930 -912 -921 -912 -921 -912 -912 -903 -929 -912 -903 -921 -921 -903 -912 -921 -912 -921 -912 -894 -921 -912 -903 -894 -912 -903 -939 -903 -930 -912 -947 -939 -947 -947 -939 -938 -930 -956 -956 -965 -974 -956 -965 -965 -947 -974 -974 -956 -956 -956 -947 -956 -930 -947 -965 -956 -974 -947 -947 -974 -947 -956 -956 -965 -956 -965 -947 -965 -956 -956 -956 -956 -947 -965 -956 -974 -947 -947 -939 -947 -939 -947 -921 -947 -921 -939 -930 -939 -947 -947 -938 -930 -938 -930 -930 -947 -939 -947 -921 -921 -938 -921 -921 -930 -930 -929 -921 -921 -930 -903 -912 -930 -921 -912 -912 -894 -921 -903 -903 -912 -885 -894 -903 -894 -921 -912 -912 -921 -912 -912 -894 -912 -930 -903 -894 -912 -912 -894 -903 -894 -894 -885 -885 -903 -885 -894 -876 -876 -894 -885 -876 -885 -867 -858 -858 -858 -867 -850 -841 -858 -841
-788 -814 -788 -788 -788 -797 -797 -806 -806 -797 -788 -788 -806 -814 -814 -823 -805 -805 -797 -806 -823 -823 -814 -805 -823 -796 -823 -814 -823 -814 -814 -832 -850 -823 -841 -832 -850 -823 -841 -823 -832 -841 -832 -858 -850 -858 -858 -858 -858 -867 -876 -867 -885 -867 -876 -876 -876 -876 -876 -885 -876 -885 -858 -876 -876 -876 -867 -876 -876 -894 -894 -876 -876 -885 -885 -876 -858 -876 -885 -894 -876 -885 -903 -894 -876 -894 -894 -885 -894 -894 -876 -885 -894 -885 -885 -885 -894 -894 -894 -894 -885 -885 -894 -876 -876 -894 -876 -885 -885 -876 -858 -885 -885 -876 -885 -867 -903 -894 -885 -885 -894 -894 -894 -894 -885 -894 -885 -894 -885 -885 -894 -894 -903 -885 -903 -894 -894 -885 -885 -885 -894 -894 -894 -894 -885 -894 -885 -885 -894 -885 -894 -894 -903 -894 -894 -894 -894 -912 -894 -894 -903 -894 -885 -894 -894 -903 -894 -894 -903 -912 -894 -885 -894 -885 -894 -921 -903 -903 -903 -894 -903 -903 -885 -903 -903 -903 -894 -894 -903 -903 -912 -930 -912 -912 -885 -894 -912 -894 -903 -912 -912 -894 -912 -885 -912 -903 -894 -903 -903 -912 -903 -894 -894 -903 -894 -885 -903 -894 -903 -912 -903 -894 -903 -912 -930 -921 -903 -912 -903 -912 -885 -912 -930 -903 -912 -903 -894 -921 -912 -921 -903 -912 -894 -912 -921 -921 -894 -912 -903 -912 -912 -903 -930 -912 -912 -912 -912 -912 -912 -912 -912 -912 -921 -912 -921 -885 -912 -921 -930 -921 -903 -920 -912 -930 -912 -939 -903 -921 -912 -921 -912 -912 -912 -912 -903 -894 -921 -912 -921 -903 -921 -921 -903 -921 -930 -939 -929 -903 -939 -921 -921 -930 -921 -921 -939 -929 -921 -912 -921 -921 -912 -921 -921 -930 -930 -912 -903 -921 -912 -938 -921 -912 -939 -912 -921 -903 -921 -921 -912 -921 -912 -903 -921 -921 -930 -930 -903 -921 -921 -921 -903 -903 -912 -938 -939 -921 -894 -903 -912 -903 -921 -930 -903 -903 -921 -912 -903 -938 -930 -894 -903 -912 -921 -903 -921 -894 -921 -903 -929 -903 -921 -921 -938 -930 -947 -939 -939 -930 -956 -947 -974 -947 -947 -939 -956 -947 -956 -947 -947 -956 -938 -965 -930 -956 -956 -947 -965 -983 -956 -947 -965 -956 -956 -983 -965 -956 -956 -956 -974 -956 -965 -965 -974 -956 -956 -947 -956 -947 -956 -956 -947 -947 -947 -930 -939 -956 -939 -939 -939 -947 -939 -947 -947 -921 -939 -930 -921 -938 -939 -938 -947 -921 -930 -939 -930 -939 -930 -939 -912 -930 -912 -912 -921 -921 -930 -903 -921 -921 -903 -903 -912 -903 -930 -885 -912 -894 -903 -894 -894 -903 -894 -912 -912 -912 -912 -921 -921 -930 -912 -912 -912 -903 -912 -903 -903 -903 -894 -894 -876 -885 -894 -894 -876 -867 -885 -876 -867 -841 -841 -841 -850 -867 -858 -867 -841 -841 -841 -832 -841 -841 -823 -850
-797 -814 -814 -814 -806 -788 -797 -797 -788 -805 -823 -805 -797 -806 -823 -806 -814 -814 -806 -832 -823 -823 -841 -832 -823 -832 -850 -841 -850 -841 -850 -841 -841 -858 -867 -858 -850 -850 -858 -876 -867 -867 -858 -867 -858 -867 -858 -885 -867 -867 -858 -885 -894 -885 -894 -885 -885 -885 -894 -876 -867 -876 -885 -867 -876 -876 -894 -876 -885 -894 -894 -867 -894 -885 -876 -885 -876 -867 -867 -885 -876 -894 -876 -876 -903 -876 -885 -894 -885 -858 -885 -885 -867 -876 -885 -858 -903 -885 -876 -903 -885 -894 -894 -876 -894 -885 -885 -876 -903 -903 -885 -894 -903 -894 -894 -894 -903 -903 -903 -912 -894 -903 -876 -903 -903 -894 -894 -894 -903 -912 -894 -903 -912 -894 -894 -903 -903 -903 -903 -903 -903 -903 -894 -894 -903 -903 -912 -894 -912 -903 -903 -894 -894 -885 -894 -876 -903 -885 -894 -903 -903 -903 -885 -885 -903 -885 -903 -903 -894 -894 -911 -894 -912 -903 -903 -903 -903 -903 -885 -921 -894 -894 -912 -894 -885 -912 -894 -885 -912 -903 -912 -912 -894 -894 -894 -903 -903 -912 -894 -894 -894 -903 -903 -885 -903 -885 -885 -894 -903 -903 -885 -912 -903 -903 -912 -912 -903 -894 -912 -903 -920 -912 -912 -921 -903 -912 -921 -921 -903 -912 -885 -894 -912 -912 -894 -903 -903 -903 -903 -912 -894 -903 -903 -912 -903 -894 -912 -903 -912 -903 -912 -894 -938 -903 -921 -912 -903 -921 -930 -912 -921 -921 -912 -903 -912 -930 -930 -903 -912 -903 -894 -903 -921 -921 -921 -921 -912 -894 -921 -921 -903 -921 -921 -930 -939 -921 -903 -921 -921 -921 -912 -930 -921 -939 -930 -921 -912 -920 -912 -930 -930 -912 -912 -912 -930 -939 -921 -894 -921 -912 -930 -912 -921 -921 -930 -912 -930 -912 -930 -930 -921 -921 -930 -921 -903 -912 -912 -912 -939 -921 -912 -930 -912 -921 -921 -930 -930 -912 -894 -912 -912 -903 -921 -903 -903 -912 -912 -894 -912 -912 -894 -903 -921 -903 -903 -930 -894 -912 -903 -912 -930 -912 -947 -921 -947 -921 -930 -938 -956 -938 -939 -947 -974 -939 -939 -939 -947 -965 -974 -965 -956 -956 -947 -947 -939 -956 -956 -956 -974 -965 -965 -956 -956 -956 -965 -956 -974 -983 -956 -974 -956 -947 -965 -947 -956 -939 -939 -956 -939 -947 -956 -939 -956 -930 -947 -930 -947 -939 -930 -939 -938 -938 -939 -939 -947 -947 -930 -947 -938 -939 -929 -921 -939 -939 -939 -912 -947 -930 -930 -921 -921 -912 -938 -921 -912 -921 -930 -912 -894 -903 -912 -903 -903 -894 -903 -903 -885 -903 -885 -903 -921 -903 -930 -885 -921 -921 -903 -930 -921 -903 -912 -894 -903 -912 -876 -894 -894 -903 -903 -894 -903 -876 -885 -885 -876 -876 -867 -867 -841 -858 -858 -858 -867 -850 -832 -867 -850 -850 -858 -841 -841 -841 -841 -841 -832 -858 -832 -850 -832 -841 -841 -841
-797 -806 -788 -797 -814 -814 -823 -814 -814 -814 -805 -823 -823 -814 -832 -841 -832 -841 -841 -841 -850 -841 -858 -850 -850 -832 -841 -841 -858 -841 -858 -876 -850 -885 -867 -858 -867 -867 -867 -876 -885 -876 -858 -903 -885 -876 -894 -867 -885 -876 -894 -885 -885 -885 -858 -867 -867 -894 -885 -876 -876 -894 -885 -876 -876 -894 -867 -876 -894 -885 -867 -885 -903 -885 -894 -894 -885 -894 -885 -894 -867 -876 -894 -894 -876 -894 -876 -885 -894 -876 -876 -885 -885 -867 -885 -894 -894 -885 -894 -912 -894 -885 -894 -894 -885 -876 -894 -894 -894 -894 -885 -885 -894 -894 -912 -894 -894 -894 -903 -903 -894 -894 -903 -894 -912 -885 -894 -903 -903 -903 -894 -885 -903 -921 -903 -894 -903 -894 -921 -912 -894 -894 -885 -894 -903 -903 -903 -903 -894 -894 -885 -903 -912 -894 -894 -903 -903 -903 -885 -885 -903 -885 -903 -894 -885 -894 -921 -885 -903 -894 -894 -894 -894 -903 -903 -912 -903 -921 -903 -876 -912 -903 -894 -903 -894 -912 -903 -894 -894 -894 -885 -894 -894 -903 -894 -894 -903 -885 -885 -894 -903 -903 -912 -912 -894 -903 -903 -903 -903 -903 -903 -894 -903 -903 -912 -930 -903 -894 -903 -912 -903 -912 -912 -912 -912 -903 -894 -930 -929 -894 -903 -894 -894 -912 -912 -920 -903 -921 -912 -912 -894 -921 -903 -921 -921 -912 -912 -912 -903 -921 -903 -930 -912 -903 -912 -903 -921 -930 -903 -921 -939 -903 -912 -930 -921 -921 -921 -903 -921 -894 -894 -912 -920 -903 -912 -930 -912 -912 -912 -903 -921 -921 -939 -912 -885 -930 -921 -912 -912 -921 -912 -930 -912 -912 -912 -912 -939 -921 -903 -912 -921 -903 -921 -930 -912 -912 -903 -903 -930 -912 -912 -912 -921 -912 -921 -903 -921 -921 -930 -930 -921 -903 -903 -921 -912 -930 -912 -912 -912 -921 -912 -921 -903 -930 -912 -912 -903 -929 -912 -903 -912 -921 -894 -903 -912 -912 -885 -912 -921 -921 -912 -912 -903 -912 -921 -921 -921 -939 -921 -929 -938 -939 -965 -938 -947 -939 -956 -956 -939 -938 -947 -956 -947 -956 -947 -939 -930 -947 -947 -947 -956 -956 -947 -974 -938 -974 -956 -965 -956 -956 -983 -965 -965 -956 -947 -956 -956 -956 -939 -947 -956 -956 -947 -956 -939 -938 -930 -956 -947 -947 -939 -930 -947 -956 -939 -938 -930 -939 -939 -939 -939 -938 -939 -930 -939 -956 -939 -939 -938 -930 -921 -921 -921 -930 -921 -921 -921 -894 -894 -903 -894 -894 -903 -912 -921 -894 -903 -903 -894 -903 -912 -912 -903 -894 -885 -894 -912 -921 -912 -912 -912 -921 -921 -894 -903 -912 -921 -903 -903 -903 -903 -876 -876 -885 -885 -876 -876 -885 -876 -858 -858 -850 -858 -850 -841 -832 -850 -850 -858 -832 -850 -850 -832 -823 -858 -832 -841 -841 -841 -841 -832 -823 -850 -850 -841 -832 -850 -841 -841 -832 -841 -841
-805 -806 -806 -823 -841 -832 -814 -832 -850 -841 -841 -841 -832 -850 -850 -832 -850 -867 -858 -867 -858 -850 -876 -858 -858 -885 -850 -876 -876 -850 -885 -867 -876 -858 -858 -876 -867 -876 -885 -858 -885 -876 -894 -894 -876 -867 -858 -876 -885 -885 -894 -876 -876 -876 -876 -867 -867 -876 -850 -858 -876 -894 -867 -894 -876 -894 -894 -903 -876 -867 -885 -876 -885 -885 -885 -885 -876 -885 -885 -876 -885 -894 -894 -867 -858 -867 -876 -894 -885 -885 -876 -867 -885 -894 -885 -894 -903 -903 -894 -894 -885 -894 -894 -903 -885 -885 -894 -876 -885 -876 -885 -894 -894 -885 -894 -894 -894 -894 -894 -912 -894 -894 -885 -903 -894 -894 -894 -903 -921 -903 -903 -876 -894 -894 -885 -903 -912 -903 -903 -885 -885 -912 -903 -894 -894 -894 -885 -894 -894 -894 -894 -903 -885 -885 -903 -903 -885 -903 -903 -912 -903 -885 -894 -894 -903 -912 -894 -894 -903 -912 -921 -903 -912 -921 -894 -894 -903 -912 -903 -894 -903 -894 -903 -894 -894 -885 -903 -912 -903 -903 -894 -894 -885 -903 -894 -903 -921 -894 -903 -912 -903 -921 -912 -930 -921 -903 -930 -894 -921 -921 -912 -903 -912 -903 -912 -921 -921 -921 -912 -929 -912 -912 -903 -903 -903 -912 -912 -912 -912 -903 -912 -903 -903 -912 -903 -912 -921 -903 -903 -921 -894 -921 -930 -912 -930 -921 -912 -930 -921 -921 -903 -912 -894 -930 -894 -921 -921 -921 -903 -912 -921 -912 -903 -894 -903 -912 -885 -903 -912 -938 -939 -912 -912 -930 -921 -921 -921 -903 -921 -929 -912 -921 -912 -930 -921 -894 -921 -921 -912 -912 -921 -912 -903 -903 -930 -903 -912 -912 -903 -912 -930 -903 -921 -930 -930 -921 -921 -912 -930 -939 -912 -921 -912 -903 -903 -912 -912 -903 -912 -930 -903 -912 -912 -903 -912 -921 -903 -921 -903 -921 -894 -903 -912 -903 -930 -894 -921 -921 -903 -930 -912 -939 -903 -894 -912 -929 -921 -912 -912 -912 -939 -947 -947 -947 -947 -956 -939 -974 -947 -947 -956 -947 -938 -939 -939 -947 -947 -947 -947 -983 -974 -956 -956 -974 -974 -956 -947 -965 -956 -974 -965 -965 -965 -974 -947 -974 -956 -965 -947 -939 -938 -938 -956 -939 -956 -938 -947 -930 -930 -939 -921 -939 -939 -939 -930 -929 -947 -930 -930 -921 -947 -930 -939 -947 -947 -938 -939 -930 -938 -939 -921 -912 -930 -930 -930 -912 -912 -930 -939 -912 -903 -903 -912 -921 -903 -894 -912 -903 -912 -894 -912 -894 -903 -894 -903 -903 -903 -885 -912 -912 -912 -921 -912 -903 -912 -903 -903 -921 -903 -912 -894 -912 -894 -885 -876 -876 -885 -876 -885 -867 -858 -867 -876 -885 -867 -858 -850 -858 -850 -841 -850 -850 -841 -841 -841 -832 -841 -814 -858 -823 -850 -832 -832 -841 -858 -841 -841 -832 -841 -850 -850 -841 -850 -850 -841 -841 -832 -823 -823 -832 -841 -841
-823 -832 -841 -832 -841 -832 -858 -850 -841 -850 -823 -858 -832 -841 -841 -867 -841 -885 -876 -858 -867 -876 -858 -876 -885 -876 -876 -885 -867 -885 -894 -876 -894 -867 -894 -876 -876 -894 -876 -858 -867 -876 -876 -894 -867 -876 -894 -894 -894 -876 -885 -876 -876 -876 -894 -885 -876 -885 -894 -903 -894 -885 -876 -867 -885 -885 -894 -885 -876 -903 -885 -876 -894 -894 -885 -885 -903 -876 -894 -894 -876 -903 -876 -885 -885 -894 -885 -903 -894 -894 -912 -894 -885 -885 -885 -885 -912 -894 -867 -894 -885 -894 -894 -894 -912 -903 -894 -894 -903 -894 -885 -903 -903 -903 -885 -903 -903 -894 -885 -903 -903 -894 -903 -885 -894 -894 -885 -894 -885 -885 -903 -894 -885 -885 -876 -894 -894 -912 -894 -894 -894 -903 -903 -903 -894 -894 -894 -903 -903 -903 -894 -876 -894 -903 -894 -903 -894 -903 -903 -903 -903 -903 -921 -912 -903 -912 -921 -885 -894 -903 -912 -894 -894 -885 -894 -912 -894 -903 -894 -903 -885 -894 -894 -876 -903 -903 -894 -894 -903 -903 -903 -912 -912 -885 -921 -903 -912 -912 -903 -903 -903 -921 -930 -912 -912 -912 -903 -921 -912 -903 -912 -903 -921 -912 -903 -894 -912 -939 -903 -930 -912 -903 -894 -921 -921 -912 -921 -939 -938 -920 -921 -903 -903 -930 -929 -912 -912 -912 -912 -912 -903 -903 -911 -903 -930 -903 -903 -903 -930 -894 -903 -903 -903 -921 -912 -912 -912 -921 -930 -903 -921 -930 -921 -921 -921 -912 -921 -921 -921 -930 -921 -903 -921 -938 -912 -912 -930 -921 -903 -938 -912 -903 -930 -912 -912 -903 -930 -912 -921 -912 -912 -912 -912 -921 -920 -912 -930 -921 -921 -912 -912 -912 -903 -912 -921 -912 -921 -921 -921 -921 -903 -930 -912 -903 -912 -930 -921 -903 -921 -894 -912 -912 -921 -912 -921 -912 -921 -912 -903 -912 -912 -912 -903 -920 -921 -894 -921 -912 -938 -930 -921 -930 -938 -947 -930 -965 -947 -956 -939 -956 -956 -947 -939 -947 -939 -956 -939 -956 -956 -956 -947 -956 -965 -974 -974 -965 -939 -965 -974 -956 -965 -965 -956 -939 -965 -965 -947 -956 -956 -965 -956 -947 -956 -956 -938 -965 -947 -929 -947 -930 -939 -938 -938 -939 -939 -929 -930 -947 -956 -930 -921 -939 -930 -930 -930 -930 -947 -939 -921 -939 -921 -930 -929 -938 -930 -921 -930 -921 -930 -930 -921 -921 -903 -912 -912 -903 -894 -912 -930 -894 -903 -903 -921 -894 -912 -921 -894 -912 -921 -903 -903 -903 -921 -912 -912 -930 -912 -903 -903 -894 -903 -894 -912 -885 -894 -903 -894 -876 -894 -876 -885 -867 -858 -876 -867 -858 -885 -867 -867 -841 -841 -850 -841 -850 -841 -841 -850 -841 -850 -841 -841 -850 -858 -841 -832 -823 -841 -858 -832 -832 -850 -841 -841 -832 -850 -841 -832 -823 -832 -823 -832 -814 -823 -832 -832 -832 -814 -850 -814 -823 -814 -806
-841 -841 -832 -876 -858 -850 -858 -850 -850 -858 -858 -867 -850 -867 -876 -885 -867 -885 -858 -876 -867 -850 -885 -867 -885 -876 -885 -867 -858 -867 -885 -894 -885 -894 -885 -867 -876 -876 -876 -885 -894 -885 -867 -894 -876 -894 -876 -885 -876 -876 -894 -885 -894 -876 -867 -885 -894 -894 -894 -894 -885 -885 -885 -867 -885 -876 -894 -876 -903 -885 -885 -894 -876 -876 -867 -894 -903 -885 -885 -876 -894 -885 -894 -894 -903 -885 -885 -885 -885 -894 -876 -903 -894 -894 -894 -894 -894 -894 -894 -894 -894 -885 -903 -912 -885 -894 -903 -912 -912 -912 -885 -885 -894 -912 -903 -885 -894 -894 -903 -885 -903 -903 -885 -885 -885 -903 -894 -894 -903 -903 -903 -921 -921 -894 -894 -894 -903 -894 -912 -903 -894 -903 -894 -894 -921 -894 -903 -903 -912 -894 -903 -912 -912 -894 -894 -903 -903 -930 -921 -921 -903 -894 -912 -912 -903 -894 -894 -894 -894 -903 -885 -876 -894 -912 -894 -912 -912 -912 -903 -921 -903 -912 -903 -903 -885 -894 -912 -930 -912 -894 -912 -903 -930 -921 -894 -903 -912 -903 -921 -894 -921 -894 -921 -903 -903 -912 -921 -912 -912 -903 -912 -903 -912 -903 -903 -912 -921 -903 -903 -903 -921 -921 -947 -921 -921 -894 -912 -938 -912 -912 -903 -921 -921 -921 -921 -912 -903 -921 -912 -903 -920 -912 -912 -921 -912 -921 -894 -912 -903 -921 -894 -921 -939 -921 -921 -921 -921 -921 -921 -930 -921 -930 -939 -930 -921 -930 -930 -930 -912 -930 -939 -921 -930 -912 -894 -912 -912 -921 -921 -930 -921 -921 -912 -903 -912 -939 -921 -930 -921 -929 -938 -921 -921 -903 -930 -912 -903 -930 -930 -912 -912 -912 -930 -912 -903 -903 -885 -903 -903 -912 -912 -930 -894 -930 -921 -912 -921 -912 -903 -894 -912 -903 -912 -903 -903 -894 -912 -921 -921 -912 -921 -938 -930 -921 -938 -947 -930 -965 -947 -939 -956 -956 -965 -947 -947 -965 -956 -974 -956 -965 -956 -947 -956 -956 -947 -956 -956 -965 -947 -974 -965 -956 -956 -974 -947 -965 -965 -956 -947 -983 -956 -965 -974 -939 -947 -956 -947 -947 -947 -939 -965 -939 -939 -947 -930 -939 -912 -930 -938 -930 -939 -938 -929 -930 -947 -947 -938 -939 -939 -929 -921 -947 -938 -921 -939 -938 -930 -930 -930 -930 -921 -938 -930 -903 -903 -921 -912 -903 -903 -912 -921 -894 -921 -903 -930 -894 -894 -930 -903 -912 -903 -921 -912 -930 -912 -912 -903 -903 -921 -912 -912 -912 -885 -903 -894 -903 -894 -894 -885 -894 -885 -858 -885 -858 -858 -858 -867 -850 -858 -858 -850 -850 -858 -850 -841 -832 -841 -858 -823 -832 -850 -850 -841 -832 -841 -841 -841 -850 -841 -832 -841 -832 -841 -858 -823 -832 -841 -841 -832 -823 -841 -814 -823 -832 -832 -841 -823 -823 -850 -832 -814 -832 -823 -814 -823 -814 -823 -841 -814 -814 -814 -814
-867 -850 -876 -858 -885 -858 -867 -867 -858 -885 -885 -894 -885 -876 -885 -867 -876 -876 -903 -876 -876 -876 -867 -858 -876 -885 -876 -894 -903 -885 -867 -867 -858 -885 -876 -876 -885 -894 -885 -885 -885 -885 -867 -876 -885 -894 -903 -867 -894 -885 -885 -885 -876 -876 -894 -885 -894 -894 -876 -876 -894 -867 -858 -876 -894 -885 -894 -894 -894 -894 -885 -903 -903 -867 -894 -885 -885 -894 -876 -903 -894 -903 -894 -903 -885 -885 -912 -894 -894 -912 -903 -903 -894 -894 -894 -894 -894 -894 -894 -912 -903 -876 -894 -894 -894 -894 -885 -903 -894 -912 -903 -894 -894 -912 -885 -894 -885 -903 -894 -885 -903 -885 -894 -903 -912 -894 -894 -894 -921 -894 -903 -894 -903 -921 -903 -903 -894 -903 -921 -912 -903 -894 -930 -903 -894 -912 -894 -903 -894 -930 -903 -912 -894 -903 -912 -912 -894 -903 -885 -912 -894 -894 -876 -894 -903 -885 -876 -894 -894 -894 -903 -894 -912 -903 -921 -903 -903 -912 -903 -921 -912 -903 -894 -912 -903 -903 -921 -930 -894 -912 -930 -912 -894 -912 -912 -903 -930 -903 -912 -912 -894 -921 -912 -903 -921 -921 -921 -930 -903 -903 -912 -921 -912 -903 -903 -930 -920 -903 -903 -903 -921 -930 -921 -921 -921 -921 -894 -921 -903 -930 -912 -894 -903 -912 -894 -921 -921 -912 -903 -903 -921 -903 -912 -912 -921 -930 -930 -921 -903 -921 -939 -930 -930 -921 -938 -921 -939 -912 -912 -894 -930 -912 -930 -921 -903 -912 -912 -921 -921 -894 -930 -921 -903 -939 -911 -930 -921 -921 -894 -938 -930 -921 -930 -921 -921 -921 -903 -912 -921 -903 -912 -939 -921 -921 -921 -912 -930 -912 -912 -894 -912 -903 -921 -912 -921 -912 -912 -903 -921 -903 -894 -903 -894 -912 -921 -930 -921 -903 -921 -903 -912 -930 -939 -938 -921 -939 -939 -939 -947 -965 -956 -947 -947 -938 -947 -939 -939 -947 -965 -939 -965 -947 -930 -930 -938 -956 -939 -965 -956 -947 -965 -965 -965 -947 -965 -965 -965 -965 -947 -947 -956 -965 -974 -956 -947 -939 -956 -947 -947 -956 -956 -939 -956 -956 -930 -947 -930 -929 -930 -939 -930 -921 -947 -938 -930 -930 -921 -939 -939 -947 -930 -938 -939 -938 -930 -930 -930 -939 -930 -921 -930 -930 -930 -912 -912 -903 -885 -930 -921 -912 -921 -903 -894 -885 -903 -894 -894 -921 -903 -912 -921 -921 -903 -930 -912 -912 -930 -912 -894 -921 -903 -903 -912 -903 -894 -894 -885 -885 -903 -894 -894 -876 -894 -894 -885 -885 -850 -867 -867 -858 -850 -850 -850 -858 -850 -841 -858 -850 -841 -867 -850 -841 -850 -823 -841 -841 -841 -832 -841 -841 -850 -858 -832 -841 -832 -850 -841 -841 -832 -841 -832 -832 -841 -823 -823 -832 -823 -841 -814 -832 -814 -806 -832 -805 -814 -823 -823 -814 -832 -814 -814 -814 -814 -806 -805 -805 -814 -814 -805 -814 -814 -797
-876 -876 -867 -867 -876 -867 -876 -885 -876 -867 -885 -885 -876 -876 -867 -885 -867 -867 -876 -876 -867 -885 -885 -876 -876 -867 -876 -850 -885 -894 -876 -876 -876 -885 -876 -858 -894 -894 -885 -894 -876 -885 -885 -885 -885 -885 -885 -876 -885 -894 -876 -885 -876 -885 -876 -876 -885 -894 -894 -894 -885 -903 -903 -885 -894 -885 -885 -894 -903 -885 -885 -885 -885 -894 -885 -894 -894 -903 -885 -885 -903 -903 -912 -894 -885 -894 -903 -903 -903 -894 -912 -894 -885 -894 -903 -894 -885 -912 -876 -894 -894 -912 -894 -903 -894 -912 -894 -903 -894 -894 -885 -894 -903 -876 -894 -903 -903 -894 -885 -894 -912 -903 -903 -894 -912 -894 -885 -903 -894 -885 -885 -885 -894 -921 -903 -921 -894 -912 -912 -921 -903 -903 -894 -903 -903 -894 -912 -903 -894 -903 -885 -885 -894 -903 -885 -903 -894 -912 -912 -903 -912 -903 -912 -903 -894 -903 -912 -894 -903 -912 -903 -921 -912 -903 -903 -894 -912 -894 -921 -912 -903 -903 -894 -894 -903 -885 -912 -903 -903 -921 -903 -903 -912 -921 -903 -912 -912 -921 -912 -912 -912 -921 -912 -894 -921 -903 -903 -930 -912 -939 -912 -921 -894 -921 -930 -903 -912 -903 -894 -903 -903 -903 -903 -912 -930 -921 -912 -903 -903 -921 -894 -912 -903 -894 -921 -912 -921 -894 -921 -912 -912 -930 -921 -921 -912 -912 -903 -929 -912 -912 -921 -912 -921 -903 -930 -894 -912 -894 -921 -912 -921 -912 -939 -903 -912 -921 -912 -921 -921 -912 -921 -912 -903 -921 -903 -912 -912 -921 -930 -912 -912 -921 -912 -903 -921 -912 -894 -939 -921 -930 -912 -903 -921 -912 -921 -930 -894 -912 -921 -930 -912 -912 -912 -921 -912 -894 -903 -903 -903 -912 -894 -912 -912 -912 -930 -930 -939 -921 -938 -947 -956 -939 -956 -956 -956 -938 -929 -947 -947 -956 -956 -947 -956 -965 -956 -956 -947 -939 -965 -956 -938 -983 -956 -947 -956 -965 -965 -974 -983 -965 -974 -983 -965 -947 -956 -939 -947 -956 -956 -947 -947 -974 -947 -947 -947 -939 -939 -939 -947 -921 -912 -939 -930 -939 -939 -947 -930 -939 -939 -921 -930 -929 -930 -930 -930 -921 -947 -938 -939 -929 -939 -938 -912 -903 -921 -921 -930 -903 -903 -903 -903 -930 -903 -921 -912 -894 -894 -912 -885 -912 -912 -921 -885 -903 -921 -903 -938 -912 -903 -903 -903 -903 -912 -903 -912 -903 -885 -894 -885 -912 -876 -885 -885 -894 -876 -858 -876 -867 -867 -858 -858 -876 -858 -841 -850 -841 -841 -841 -850 -858 -841 -850 -841 -832 -850 -841 -850 -850 -850 -832 -841 -832 -832 -841 -841 -841 -841 -841 -823 -832 -832 -832 -832 -814 -858 -841 -841 -823 -806 -823 -841 -841 -806 -832 -832 -850 -805 -814 -814 -806 -823 -814 -814 -814 -814 -797 -806 -814 -797 -788 -797 -814 -806 -797 -797 -814 -797 -797 -797 -805 -797 -797
-885 -876 -850 -876 -858 -850 -876 -867 -867 -903 -876 -876 -894 -876 -876 -876 -876 -867 -876 -867 -867 -885 -885 -885 -885 -876 -867 -885 -894 -885 -885 -876 -885 -894 -885 -876 -894 -858 -885 -876 -876 -912 -867 -903 -894 -885 -876 -894 -885 -876 -894 -894 -894 -885 -876 -867 -876 -894 -894 -894 -894 -876 -885 -885 -885 -885 -876 -876 -885 -885 -876 -885 -903 -894 -894 -885 -894 -903 -894 -885 -894 -894 -903 -903 -885 -894 -903 -885 -894 -903 -885 -885 -903 -903 -894 -894 -885 -885 -894 -885 -912 -894 -885 -903 -912 -894 -912 -876 -894 -885 -894 -903 -894 -894 -912 -894 -903 -921 -894 -903 -903 -903 -912 -894 -903 -894 -885 -912 -903 -885 -903 -894 -921 -894 -903 -885 -894 -894 -903 -894 -903 -903 -885 -894 -912 -903 -894 -894 -885 -912 -894 -912 -903 -903 -876 -912 -912 -894 -921 -921 -894 -894 -894 -912 -912 -912 -912 -912 -912 -903 -912 -921 -912 -912 -930 -903 -894 -912 -894 -912 -921 -921 -912 -903 -911 -921 -894 -921 -894 -903 -912 -912 -903 -921 -894 -921 -912 -912 -930 -929 -921 -911 -921 -912 -921 -903 -921 -921 -921 -921 -912 -903 -921 -903 -903 -930 -903 -903 -903 -894 -921 -903 -903 -912 -894 -912 -912 -929 -912 -921 -930 -930 -939 -912 -939 -912 -920 -930 -930 -903 -912 -903 -903 -912 -921 -903 -912 -930 -921 -912 -903 -912 -894 -930 -930 -903 -921 -930 -912 -894 -894 -912 -921 -921 -930 -921 -903 -930 -930 -903 -912 -903 -930 -921 -912 -903 -885 -920 -921 -885 -921 -921 -912 -921 -921 -929 -903 -894 -921 -921 -912 -912 -912 -912 -903 -903 -912 -930 -912 -903 -930 -903 -912 -912 -912 -912 -921 -921 -930 -956 -939 -939 -947 -938 -956 -956 -947 -947 -947 -965 -956 -965 -956 -939 -947 -947 -956 -956 -956 -938 -939 -974 -947 -947 -956 -965 -965 -974 -956 -947 -965 -947 -947 -939 -939 -956 -965 -939 -947 -947 -956 -956 -965 -929 -938 -939 -939 -930 -939 -938 -939 -930 -930 -947 -930 -938 -939 -939 -947 -921 -939 -939 -930 -938 -921 -939 -939 -939 -930 -912 -930 -947 -921 -921 -939 -930 -939 -921 -921 -921 -912 -930 -903 -903 -885 -903 -912 -912 -903 -903 -912 -894 -903 -912 -903 -921 -903 -912 -903 -921 -912 -903 -912 -912 -903 -903 -912 -921 -885 -885 -885 -885 -885 -894 -885 -885 -867 -876 -876 -850 -867 -858 -858 -867 -850 -850 -858 -858 -832 -841 -823 -823 -841 -841 -841 -841 -841 -858 -850 -841 -832 -841 -850 -832 -841 -841 -841 -832 -823 -850 -841 -841 -823 -841 -858 -823 -832 -832 -841 -841 -823 -823 -841 -805 -814 -832 -814 -823 -832 -832 -832 -797 -806 -814 -823 -805 -832 -814 -805 -806 -806 -805 -806 -806 -806 -806 -797 -814 -797 -797 -797 -797 -797 -788 -779 -788 -806 -788 -779 -797 -797 -788
-885 -858 -885 -885 -876 -867 -876 -867 -858 -885 -894 -885 -885 -885 -876 -867 -867 -876 -885 -867 -885 -903 -894 -894 -894 -894 -876 -876 -894 -894 -876 -903 -867 -894 -894 -885 -885 -894 -876 -894 -885 -903 -885 -894 -867 -867 -867 -885 -876 -903 -894 -903 -894 -894 -894 -903 -894 -885 -894 -903 -894 -903 -903 -894 -894 -894 -903 -867 -894 -903 -885 -894 -903 -894 -885 -903 -903 -876 -894 -894 -894 -894 -885 -912 -876 -894 -894 -894 -894 -912 -885 -885 -885 -894 -894 -921 -930 -903 -894 -903 -903 -894 -912 -903 -894 -894 -894 -903 -894 -903 -894 -894 -885 -894 -885 -903 -903 -903 -903 -912 -894 -903 -903 -912 -903 -894 -894 -903 -894 -903 -912 -903 -912 -894 -912 -894 -894 -903 -885 -903 -885 -894 -894 -921 -885 -903 -903 -921 -912 -903 -921 -903 -903 -921 -921 -903 -912 -912 -894 -903 -921 -894 -912 -903 -930 -903 -912 -912 -903 -885 -903 -903 -912 -903 -921 -903 -885 -912 -894 -903 -894 -921 -920 -921 -903 -930 -912 -921 -894 -912 -912 -921 -921 -921 -930 -921 -912 -912 -912 -903 -912 -912 -921 -912 -894 -912 -912 -921 -903 -903 -912 -903 -912 -912 -912 -903 -912 -876 -921 -921 -894 -903 -903 -930 -912 -912 -912 -912 -921 -921 -912 -930 -921 -921 -912 -921 -912 -921 -921 -903 -912 -912 -930 -903 -930 -903 -921 -903 -912 -921 -903 -921 -894 -903 -921 -921 -903 -920 -921 -912 -912 -921 -921 -912 -912 -903 -903 -921 -903 -894 -885 -912 -912 -894 -903 -921 -921 -921 -930 -903 -903 -921 -903 -912 -912 -921 -921 -912 -894 -903 -903 -903 -903 -903 -903 -912 -921 -912 -938 -947 -939 -939 -947 -939 -956 -965 -939 -947 -947 -947 -956 -930 -947 -956 -947 -965 -956 -956 -947 -956 -956 -956 -956 -947 -956 -965 -965 -956 -956 -956 -965 -965 -965 -965 -974 -965 -947 -956 -956 -947 -974 -956 -929 -965 -956 -939 -939 -939 -939 -939 -939 -939 -947 -930 -930 -930 -947 -938 -930 -947 -938 -939 -939 -930 -938 -947 -947 -939 -930 -912 -930 -947 -947 -921 -930 -939 -921 -921 -912 -912 -912 -903 -894 -903 -912 -921 -912 -894 -903 -894 -885 -903 -903 -903 -894 -903 -921 -903 -894 -921 -921 -903 -921 -921 -912 -921 -921 -921 -903 -921 -903 -894 -894 -876 -894 -876 -876 -867 -885 -885 -858 -858 -876 -850 -841 -850 -841 -850 -850 -858 -841 -841 -850 -841 -832 -832 -841 -858 -814 -850 -832 -841 -841 -841 -832 -823 -832 -832 -841 -814 -841 -841 -832 -850 -841 -823 -850 -832 -832 -841 -832 -832 -823 -823 -823 -823 -823 -823 -806 -841 -814 -823 -832 -823 -823 -814 -814 -806 -806 -814 -805 -805 -796 -814 -797 -814 -806 -797 -797 -806 -797 -797 -797 -779 -797 -788 -806 -797 -797 -788 -788 -779 -806 -770 -797 -761 -779 -797 -788 -788 -779 -779
-876 -867 -850 -867 -858 -876 -885 -876 -876 -876 -885 -876 -894 -885 -876 -876 -885 -876 -858 -867 -876 -867 -876 -885 -876 -894 -876 -885 -876 -894 -885 -894 -885 -894 -858 -876 -894 -885 -885 -876 -885 -894 -885 -903 -876 -885 -885 -894 -894 -912 -903 -867 -894 -885 -894 -885 -885 -903 -903 -903 -894 -912 -894 -885 -885 -903 -894 -903 -894 -903 -903 -894 -894 -894 -894 -921 -912 -912 -885 -894 -885 -894 -894 -894 -876 -894 -894 -885 -903 -894 -912 -894 -885 -903 -903 -903 -885 -921 -903 -894 -903 -885 -903 -894 -903 -903 -912 -903 -912 -903 -903 -894 -903 -903 -912 -912 -903 -885 -903 -903 -885 -921 -912 -903 -885 -885 -903 -912 -921 -894 -903 -885 -894 -903 -894 -894 -903 -903 -894 -921 -903 -903 -903 -894 -921 -912 -912 -912 -921 -903 -912 -903 -894 -903 -921 -894 -894 -912 -903 -912 -912 -885 -894 -912 -903 -903 -912 -894 -903 -912 -903 -921 -912 -903 -912 -912 -894 -930 -921 -912 -903 -903 -930 -894 -912 -903 -894 -912 -903 -912 -912 -921 -912 -912 -921 -894 -903 -921 -903 -912 -921 -903 -894 -894 -912 -921 -903 -894 -921 -903 -912 -930 -912 -912 -903 -912 -912 -930 -921 -930 -903 -929 -903 -930 -912 -939 -921 -921 -921 -921 -912 -912 -912 -930 -894 -921 -894 -921 -921 -912 -921 -921 -903 -920 -921 -920 -912 -903 -912 -921 -912 -930 -903 -912 -921 -921 -921 -912 -903 -930 -912 -930 -930 -912 -921 -894 -921 -929 -912 -903 -912 -921 -903 -903 -912 -930 -921 -903 -912 -894 -912 -921 -921 -903 -921 -921 -921 -921 -912 -921 -921 -930 -930 -939 -947 -947 -939 -939 -965 -939 -930 -929 -965 -939 -947 -956 -965 -956 -939 -956 -965 -956 -965 -965 -965 -956 -965 -947 -947 -956 -965 -956 -965 -947 -965 -965 -956 -947 -956 -956 -974 -939 -947 -930 -947 -947 -947 -947 -939 -939 -939 -939 -930 -956 -930 -939 -939 -938 -947 -930 -930 -939 -930 -947 -921 -938 -947 -930 -921 -903 -912 -939 -921 -930 -939 -921 -939 -930 -930 -921 -921 -930 -912 -912 -912 -921 -912 -894 -921 -912 -894 -903 -894 -921 -894 -903 -912 -912 -903 -921 -903 -912 -894 -903 -903 -912 -912 -903 -921 -912 -903 -903 -929 -912 -903 -885 -894 -903 -885 -876 -885 -867 -867 -867 -841 -858 -858 -841 -867 -850 -850 -850 -841 -832 -823 -841 -850 -823 -832 -841 -832 -841 -823 -832 -823 -832 -850 -832 -832 -850 -841 -850 -841 -814 -841 -832 -823 -832 -841 -841 -850 -832 -823 -841 -832 -841 -841 -823 -832 -805 -823 -832 -823 -814 -814 -823 -823 -814 -823 -814 -797 -806 -806 -806 -797 -797 -788 -797 -779 -796 -779 -788 -806 -788 -814 -788 -806 -779 -788 -779 -779 -796 -806 -787 -779 -797 -797 -770 -779 -797 -788 -779 -779 -788 -761 -779 -770 -770 -770 -761 -761 -761
-876 -885 -867 -885 -894 -876 -885 -885 -885 -876 -885 -894 -858 -876 -867 -867 -876 -885 -894 -894 -858 -876 -876 -885 -876 -894 -903 -867 -894 -876 -894 -885 -894 -903 -885 -903 -903 -921 -894 -876 -885 -903 -867 -885 -894 -894 -885 -894 -903 -903 -903 -894 -903 -894 -894 -885 -885 -903 -894 -894 -903 -894 -903 -894 -894 -903 -912 -894 -894 -885 -894 -885 -885 -903 -903 -876 -903 -894 -903 -912 -903 -903 -903 -921 -912 -903 -912 -885 -894 -894 -876 -912 -894 -894 -903 -894 -885 -912 -894 -894 -885 -912 -894 -903 -912 -903 -912 -894 -894 -912 -912 -912 -903 -903 -903 -912 -912 -894 -894 -885 -894 -903 -903 -894 -894 -912 -921 -885 -903 -894 -903 -894 -903 -894 -903 -912 -912 -903 -903 -930 -912 -921 -894 -894 -894 -912 -930 -912 -903 -903 -912 -921 -894 -885 -894 -903 -903 -894 -894 -903 -903 -912 -903 -903 -903 -921 -930 -912 -912 -912 -912 -903 -912 -921 -921 -939 -912 -930 -920 -912 -930 -930 -921 -903 -921 -885 -903 -921 -903 -894 -938 -903 -912 -903 -885 -912 -912 -903 -894 -921 -903 -921 -930 -930 -930 -930 -912 -921 -921 -921 -921 -912 -930 -930 -921 -921 -921 -921 -921 -930 -912 -912 -921 -921 -903 -903 -912 -903 -921 -912 -921 -939 -930 -912 -912 -930 -912 -921 -921 -921 -921 -930 -903 -921 -930 -894 -903 -921 -921 -930 -903 -903 -903 -921 -903 -930 -912 -903 -921 -921 -894 -885 -894 -921 -903 -912 -912 -912 -921 -912 -912 -912 -921 -903 -894 -903 -921 -903 -903 -894 -912 -929 -912 -930 -930 -912 -938 -956 -930 -956 -930 -947 -947 -939 -956 -956 -947 -939 -939 -947 -983 -965 -947 -956 -956 -965 -965 -965 -965 -938 -956 -974 -939 -965 -965 -947 -947 -974 -947 -947 -965 -947 -947 -965 -956 -939 -956 -956 -965 -947 -939 -939 -947 -956 -947 -930 -938 -921 -930 -930 -938 -938 -930 -912 -912 -939 -938 -921 -939 -939 -930 -930 -930 -929 -921 -939 -947 -930 -939 -930 -930 -912 -921 -921 -912 -903 -912 -912 -894 -903 -903 -894 -903 -876 -903 -912 -894 -912 -894 -912 -894 -912 -912 -903 -903 -912 -894 -903 -885 -912 -903 -903 -912 -894 -894 -903 -894 -894 -885 -885 -876 -876 -876 -850 -867 -885 -858 -850 -867 -850 -841 -858 -832 -841 -858 -841 -841 -841 -850 -858 -814 -850 -841 -841 -832 -858 -850 -823 -832 -841 -841 -841 -832 -823 -841 -832 -832 -841 -806 -841 -814 -850 -823 -850 -823 -814 -814 -832 -823 -832 -823 -814 -850 -814 -832 -832 -832 -814 -823 -823 -805 -823 -814 -832 -823 -797 -778 -788 -814 -796 -806 -788 -779 -788 -797 -796 -797 -788 -797 -779 -797 -779 -806 -797 -797 -788 -806 -779 -779 -761 -770 -788 -779 -770 -761 -770 -779 -788 -752 -761 -761 -770 -761 -761 -743 -770 -752 -770 -752 -752 -743 -752
-894 -885 -885 -867 -885 -885 -876 -858 -876 -867 -876 -885 -885 -858 -894 -903 -867 -885 -885 -885 -894 -876 -885 -894 -885 -876 -876 -885 -894 -903 -885 -894 -894 -885 -885 -912 -912 -885 -894 -894 -921 -903 -894 -894 -903 -894 -885 -894 -894 -894 -885 -903 -912 -903 -912 -885 -903 -885 -894 -894 -903 -903 -894 -885 -912 -894 -885 -885 -885 -876 -894 -894 -894 -912 -912 -885 -885 -885 -894 -894 -885 -903 -894 -885 -894 -885 -903 -912 -885 -903 -912 -903 -885 -903 -903 -903 -903 -903 -894 -903 -912 -903 -894 -894 -894 -903 -930 -894 -894 -903 -903 -894 -885 -894 -903 -894 -885 -876 -894 -903 -903 -912 -912 -912 -894 -903 -894 -894 -912 -912 -912 -930 -894 -912 -903 -921 -912 -885 -912 -894 -903 -867 -921 -921 -894 -903 -885 -894 -894 -920 -921 -894 -912 -921 -921 -903 -921 -894 -912 -912 -912 -930 -912 -912 -912 -930 -920 -930 -921 -912 -903 -912 -921 -911 -938 -912 -921 -912 -903 -903 -903 -903 -894 -903 -912 -903 -912 -921 -903 -903 -921 -903 -912 -894 -912 -912 -912 -921 -903 -921 -930 -930 -921 -894 -930 -929 -894 -912 -930 -912 -930 -930 -930 -903 -894 -912 -912 -912 -912 -894 -939 -921 -930 -921 -921 -921 -921 -921 -903 -930 -930 -912 -938 -921 -939 -921 -921 -894 -930 -921 -921 -921 -903 -921 -930 -912 -912 -912 -930 -912 -912 -912 -912 -921 -912 -921 -912 -912 -903 -894 -920 -912 -903 -921 -921 -903 -912 -912 -921 -921 -921 -903 -912 -903 -921 -947 -930 -930 -938 -939 -947 -956 -947 -947 -947 -965 -947 -974 -947 -947 -956 -956 -956 -956 -947 -947 -947 -939 -965 -947 -965 -956 -974 -956 -956 -965 -938 -956 -974 -974 -974 -956 -965 -956 -965 -956 -956 -956 -947 -938 -939 -947 -938 -939 -956 -938 -930 -939 -939 -939 -930 -930 -939 -939 -921 -930 -930 -930 -930 -929 -912 -912 -930 -930 -939 -938 -947 -921 -930 -921 -921 -912 -912 -912 -912 -921 -921 -912 -894 -903 -912 -903 -894 -903 -894 -921 -903 -903 -921 -903 -894 -912 -912 -894 -903 -912 -921 -921 -903 -903 -912 -894 -912 -921 -921 -912 -894 -903 -885 -894 -894 -876 -885 -885 -867 -876 -867 -867 -876 -858 -850 -867 -858 -858 -841 -850 -850 -814 -841 -832 -814 -832 -841 -841 -823 -832 -841 -832 -823 -850 -823 -841 -850 -850 -841 -814 -832 -850 -850 -823 -841 -841 -841 -805 -841 -832 -823 -841 -832 -832 -832 -832 -841 -832 -850 -814 -832 -806 -823 -823 -805 -814 -806 -832 -806 -806 -797 -797 -806 -805 -797 -806 -806 -805 -788 -797 -797 -797 -805 -788 -788 -770 -796 -779 -788 -806 -805 -814 -788 -806 -797 -788 -770 -779 -797 -770 -797 -770 -788 -761 -788 -761 -779 -761 -779 -761 -761 -761 -752 -770 -770 -779 -752 -761 -743 -743 -743 -752 -752 -752 -752 -761
-885 -885 -876 -876 -894 -867 -858 -885 -885 -858 -885 -885 -894 -894 -894 -885 -894 -867 -885 -876 -903 -894 -894 -903 -894 -903 -885 -885 -894 -867 -885 -894 -885 -867 -885 -876 -894 -903 -885 -894 -894 -894 -885 -894 -903 -894 -894 -894 -903 -894 -912 -894 -885 -885 -867 -894 -894 -894 -876 -894 -876 -894 -894 -885 -894 -894 -912 -894 -894 -894 -894 -894 -894 -903 -903 -903 -903 -912 -885 -912 -894 -885 -894 -912 -903 -903 -903 -903 -903 -903 -903 -912 -903 -903 -903 -912 -903 -894 -894 -885 -894 -894 -894 -903 -903 -903 -885 -894 -894 -885 -894 -903 -894 -894 -903 -903 -894 -903 -903 -930 -894 -894 -903 -903 -894 -903 -939 -912 -912 -912 -930 -921 -903 -903 -903 -903 -894 -885 -903 -903 -894 -885 -903 -912 -885 -912 -912 -912 -894 -903 -921 -912 -903 -903 -912 -912 -921 -930 -920 -912 -912 -912 -903 -903 -921 -903 -903 -912 -903 -921 -903 -903 -903 -921 -894 -903 -912 -912 -903 -921 -903 -921 -912 -921 -912 -939 -912 -903 -912 -921 -903 -921 -903 -921 -912 -894 -930 -921 -929 -921 -930 -921 -930 -930 -912 -894 -912 -912 -921 -894 -912 -912 -912 -894 -912 -894 -921 -921 -921 -921 -912 -930 -930 -912 -921 -921 -930 -912 -912 -930 -912 -930 -912 -921 -921 -894 -903 -912 -939 -903 -912 -903 -921 -912 -912 -921 -912 -894 -885 -903 -912 -921 -903 -894 -912 -903 -912 -912 -903 -912 -894 -903 -912 -930 -912 -912 -921 -921 -929 -921 -930 -930 -956 -947 -956 -956 -947 -938 -938 -965 -965 -956 -956 -947 -938 -956 -947 -956 -965 -947 -938 -956 -956 -947 -956 -956 -965 -965 -947 -930 -947 -965 -956 -965 -947 -974 -965 -947 -947 -947 -939 -956 -930 -956 -921 -939 -939 -930 -939 -947 -938 -938 -938 -939 -921 -947 -903 -921 -939 -930 -930 -938 -929 -930 -930 -921 -921 -921 -930 -956 -921 -930 -947 -920 -921 -903 -930 -921 -903 -903 -894 -903 -903 -903 -912 -885 -894 -903 -894 -903 -903 -894 -921 -912 -921 -921 -903 -921 -885 -903 -912 -921 -921 -903 -894 -903 -903 -903 -885 -876 -885 -903 -894 -885 -894 -858 -885 -867 -867 -850 -850 -850 -832 -850 -850 -858 -858 -823 -841 -850 -841 -841 -832 -850 -841 -841 -850 -850 -832 -850 -832 -832 -850 -858 -832 -823 -832 -858 -823 -832 -806 -823 -823 -841 -850 -841 -850 -841 -823 -832 -823 -832 -841 -832 -832 -832 -832 -841 -814 -823 -823 -814 -823 -823 -814 -806 -814 -806 -805 -779 -788 -805 -797 -806 -806 -779 -797 -806 -788 -788 -797 -788 -788 -788 -806 -788 -788 -779 -770 -779 -788 -779 -788 -770 -788 -788 -779 -788 -770 -761 -770 -761 -779 -770 -761 -770 -779 -761 -743 -779 -761 -770 -761 -752 -752 -761 -752 -761 -761 -752 -752 -752 -752 -743 -752 -743 -743 -743 -743 -734 -752 -734
-876 -885 -876 -885 -885 -894 -867 -903 -903 -903 -885 -921 -903 -885 -885 -885 -894 -903 -894 -885 -894 -876 -894 -894 -903 -885 -894 -903 -894 -885 -912 -885 -894 -903 -894 -903 -912 -885 -885 -903 -903 -894 -894 -885 -885 -885 -876 -894 -885 -894 -894 -885 -885 -885 -903 -894 -885 -876 -912 -903 -894 -876 -894 -903 -912 -903 -912 -885 -894 -885 -903 -912 -903 -903 -903 -885 -912 -912 -903 -894 -912 -903 -894 -903 -894 -912 -894 -903 -903 -876 -912 -912 -894 -894 -894 -885 -903 -885 -885 -912 -912 -903 -921 -903 -894 -903 -903 -903 -903 -903 -912 -903 -921 -921 -903 -921 -903 -912 -912 -894 -921 -885 -894 -894 -921 -894 -912 -903 -903 -921 -903 -903 -894 -912 -903 -894 -894 -903 -903 -903 -912 -894 -903 -903 -903 -894 -912 -912 -921 -921 -903 -938 -912 -930 -912 -912 -912 -912 -912 -903 -903 -903 -912 -894 -912 -912 -894 -894 -903 -930 -912 -903 -921 -912 -912 -912 -903 -912 -930 -912 -912 -912 -912 -894 -921 -921 -912 -912 -903 -921 -912 -930 -912 -921 -912 -930 -921 -903 -921 -903 -903 -912 -921 -903 -921 -912 -903 -912 -921 -912 -939 -903 -930 -912 -894 -930 -912 -912 -903 -921 -912 -903 -912 -903 -921 -912 -903 -912 -912 -912 -912 -912 -912 -912 -903 -912 -912 -912 -912 -912 -894 -903 -903 -894 -912 -912 -894 -894 -894 -912 -921 -903 -903 -930 -903 -903 -930 -921 -947 -930 -938 -939 -930 -929 -939 -947 -939 -930 -974 -939 -938 -938 -947 -956 -947 -947 -947 -947 -947 -956 -956 -974 -965 -947 -938 -965 -956 -956 -965 -956 -965 -956 -938 -956 -956 -956 -947 -947 -947 -956 -947 -956 -947 -965 -947 -947 -947 -947 -939 -947 -939 -921 -947 -956 -921 -938 -930 -939 -930 -939 -938 -930 -939 -930 -939 -921 -938 -939 -930 -938 -939 -921 -921 -930 -921 -921 -921 -912 -912 -903 -903 -903 -912 -885 -894 -903 -903 -903 -903 -912 -903 -885 -921 -903 -921 -912 -912 -930 -921 -920 -903 -912 -912 -912 -903 -903 -903 -903 -912 -903 -903 -885 -903 -894 -876 -876 -867 -867 -867 -850 -885 -876 -867 -867 -867 -850 -850 -850 -850 -841 -841 -841 -841 -850 -823 -841 -832 -823 -832 -841 -823 -823 -832 -841 -823 -823 -832 -858 -823 -850 -823 -850 -841 -823 -832 -841 -832 -832 -823 -814 -832 -832 -841 -823 -814 -850 -814 -823 -832 -823 -832 -832 -832 -823 -814 -806 -823 -832 -814 -806 -806 -806 -797 -805 -806 -805 -806 -806 -797 -779 -805 -788 -788 -770 -787 -761 -779 -797 -797 -779 -779 -770 -779 -788 -806 -788 -761 -779 -779 -797 -761 -787 -779 -788 -770 -779 -761 -788 -770 -761 -779 -761 -761 -743 -752 -761 -752 -725 -761 -752 -752 -761 -761 -734 -761 -761 -752 -770 -743 -761 -770 -743 -743 -734 -734 -743 -725 -743 -761 -752 -752 -734
-885 -885 -903 -867 -885 -885 -894 -885 -894 -894 -885 -876 -885 -894 -885 -894 -885 -903 -912 -894 -885 -894 -894 -876 -894 -921 -876 -876 -894 -885 -894 -894 -894 -894 -894 -894 -885 -894 -894 -894 -903 -894 -876 -894 -894 -876 -903 -894 -885 -885 -894 -894 -903 -885 -876 -903 -885 -885 -876 -903 -885 -903 -894 -903 -903 -920 -885 -894 -885 -894 -885 -903 -912 -903 -903 -894 -894 -912 -912 -894 -894 -867 -894 -894 -894 -885 -885 -885 -885 -921 -903 -903 -894 -921 -894 -903 -894 -903 -903 -885 -885 -921 -894 -903 -912 -912 -921 -903 -903 -903 -903 -894 -921 -903 -903 -921 -912 -903 -903 -894 -894 -903 -903 -921 -903 -894 -894 -903 -903 -894 -894 -903 -894 -903 -930 -903 -912 -921 -921 -903 -921 -921 -903 -903 -912 -921 -903 -921 -912 -903 -912 -903 -903 -903 -903 -921 -912 -912 -921 -903 -903 -903 -930 -912 -912 -912 -912 -912 -912 -912 -921 -921 -921 -921 -894 -903 -921 -930 -921 -930 -930 -903 -912 -903 -912 -903 -903 -938 -903 -903 -921 -903 -903 -912 -912 -912 -912 -903 -894 -903 -894 -903 -912 -903 -912 -930 -894 -903 -912 -930 -903 -921 -921 -930 -912 -903 -903 -921 -912 -903 -912 -903 -912 -912 -903 -903 -921 -903 -903 -912 -912 -912 -894 -921 -921 -894 -903 -903 -903 -921 -903 -894 -894 -903 -912 -912 -912 -912 -930 -912 -912 -956 -947 -939 -956 -947 -930 -930 -938 -939 -947 -956 -947 -947 -938 -956 -939 -947 -939 -965 -947 -947 -965 -965 -947 -947 -956 -938 -965 -956 -974 -974 -939 -965 -965 -965 -939 -939 -947 -965 -956 -939 -956 -974 -947 -947 -947 -938 -939 -947 -938 -939 -947 -930 -947 -947 -930 -903 -903 -930 -939 -939 -930 -930 -921 -930 -938 -947 -939 -939 -921 -939 -939 -912 -930 -938 -938 -903 -938 -921 -912 -912 -921 -921 -912 -894 -894 -894 -903 -894 -885 -894 -903 -885 -912 -876 -894 -894 -903 -903 -912 -921 -912 -912 -912 -894 -894 -894 -894 -903 -894 -912 -894 -885 -894 -885 -885 -894 -876 -885 -885 -876 -850 -867 -867 -858 -850 -858 -841 -858 -858 -850 -850 -832 -841 -841 -841 -832 -850 -814 -850 -841 -841 -841 -832 -841 -850 -841 -832 -832 -841 -841 -850 -841 -832 -814 -841 -832 -832 -841 -832 -841 -850 -832 -823 -841 -823 -823 -832 -814 -841 -814 -832 -823 -823 -806 -823 -814 -806 -814 -814 -806 -805 -814 -797 -806 -806 -805 -806 -788 -788 -797 -788 -779 -797 -788 -788 -779 -779 -788 -788 -797 -761 -779 -788 -788 -779 -779 -770 -779 -770 -779 -779 -770 -779 -779 -788 -752 -734 -770 -779 -752 -770 -752 -752 -770 -752 -752 -752 -761 -743 -734 -761 -761 -761 -761 -752 -752 -734 -752 -752 -752 -752 -770 -752 -725 -770 -761 -743 -725 -752 -734 -725 -752 -743 -761 -752 -743 -734 -752 -725 -716
-885 -885 -894 -894 -885 -876 -885 -912 -876 -885 -894 -903 -894 -885 -903 -894 -903 -903 -885 -903 -885 -903 -903 -903 -894 -885 -912 -894 -894 -894 -894 -867 -894 -858 -894 -876 -912 -894 -885 -894 -885 -885 -903 -894 -885 -885 -885 -903 -885 -912 -894 -885 -894 -894 -894 -912 -903 -885 -894 -912 -894 -903 -894 -903 -912 -903 -885 -894 -903 -894 -903 -885 -903 -894 -894 -885 -894 -876 -885 -903 -867 -894 -912 -885 -894 -903 -894 -894 -912 -903 -894 -903 -912 -903 -903 -921 -912 -885 -894 -894 -903 -912 -903 -921 -903 -894 -930 -912 -903 -903 -894 -912 -885 -885 -912 -903 -912 -903 -903 -894 -894 -912 -894 -912 -921 -912 -903 -921 -903 -912 -903 -903 -912 -912 -912 -912 -894 -921 -903 -930 -912 -921 -912 -921 -903 -912 -912 -912 -912 -903 -912 -921 -903 -903 -912 -903 -912 -912 -894 -894 -921 -903 -903 -912 -921 -912 -930 -921 -903 -903 -921 -930 -912 -920 -921 -921 -903 -912 -912 -903 -903 -903 -921 -912 -903 -903 -903 -912 -903 -912 -921 -903 -921 -903 -921 -921 -912 -903 -912 -912 -912 -885 -930 -930 -921 -930 -912 -912 -912 -921 -912 -912 -912 -894 -903 -912 -930 -912 -912 -912 -911 -894 -903 -921 -921 -921 -921 -921 -885 -912 -912 -894 -903 -903 -912 -921 -921 -894 -921 -894 -894 -921 -930 -930 -921 -938 -956 -939 -947 -947 -956 -947 -956 -956 -939 -956 -947 -947 -947 -956 -956 -956 -974 -956 -956 -947 -974 -947 -965 -974 -965 -965 -965 -956 -965 -947 -947 -947 -947 -947 -938 -947 -947 -939 -965 -930 -921 -965 -939 -939 -947 -947 -938 -938 -938 -939 -939 -938 -921 -947 -930 -930 -947 -930 -939 -930 -921 -930 -930 -939 -930 -921 -938 -921 -938 -930 -930 -930 -930 -921 -921 -903 -921 -894 -894 -894 -903 -912 -921 -912 -894 -894 -894 -903 -894 -903 -903 -921 -912 -885 -912 -912 -903 -912 -921 -930 -903 -921 -912 -921 -912 -903 -903 -912 -876 -894 -894 -876 -894 -876 -876 -885 -885 -876 -841 -850 -876 -858 -858 -841 -850 -850 -841 -841 -850 -832 -850 -832 -841 -850 -823 -841 -832 -841 -832 -823 -832 -823 -841 -823 -850 -841 -850 -832 -841 -841 -850 -841 -832 -823 -841 -832 -841 -814 -823 -841 -832 -841 -823 -814 -806 -841 -814 -814 -814 -805 -832 -814 -823 -814 -797 -805 -832 -823 -806 -814 -814 -788 -806 -797 -797 -788 -796 -797 -788 -788 -788 -788 -797 -797 -788 -788 -788 -770 -779 -779 -806 -770 -788 -788 -770 -779 -779 -778 -779 -779 -761 -770 -761 -770 -779 -761 -770 -761 -761 -752 -761 -761 -770 -761 -761 -770 -743 -743 -761 -752 -725 -734 -743 -761 -752 -743 -752 -752 -761 -743 -734 -752 -761 -761 -752 -752 -717 -725 -743 -725 -743 -734 -752 -743 -743 -743 -717 -752 -725 -734 -743 -734 -725 -725 -725 -725
-903 -894 -894 -903 -912 -894 -903 -894 -903 -903 -903 -894 -894 -894 -903 -894 -894 -876 -894 -885 -885 -903 -885 -894 -885 -885 -885 -894 -876 -894 -903 -885 -894 -894 -894 -894 -894 -894 -894 -912 -894 -894 -903 -912 -885 -894 -894 -894 -921 -894 -885 -894 -894 -885 -894 -912 -912 -903 -885 -894 -894 -903 -885 -894 -894 -876 -903 -912 -894 -894 -912 -894 -885 -885 -885 -894 -894 -903 -903 -894 -903 -903 -903 -903 -903 -912 -912 -903 -894 -903 -903 -903 -912 -894 -903 -894 -894 -903 -894 -903 -903 -921 -894 -903 -903 -903 -903 -903 -912 -912 -903 -885 -921 -903 -912 -903 -912 -921 -903 -921 -912 -894 -921 -903 -903 -912 -912 -912 -912 -894 -903 -894 -912 -903 -903 -921 -930 -894 -894 -903 -894 -903 -903 -903 -894 -912 -903 -912 -903 -903 -912 -912 -921 -921 -921 -912 -930 -930 -912 -921 -930 -894 -939 -921 -903 -939 -930 -912 -921 -894 -921 -939 -903 -903 -912 -921 -894 -903 -903 -903 -921 -921 -912 -921 -912 -912 -912 -903 -921 -912 -921 -921 -912 -912 -903 -894 -921 -912 -903 -903 -912 -939 -903 -921 -903 -903 -912 -921 -921 -921 -894 -912 -912 -912 -903 -894 -912 -912 -903 -930 -921 -912 -912 -912 -903 -903 -894 -911 -912 -921 -930 -930 -912 -921 -939 -930 -930 -939 -938 -947 -938 -939 -947 -965 -947 -956 -947 -938 -956 -939 -930 -947 -930 -956 -947 -956 -956 -947 -965 -965 -956 -947 -956 -965 -956 -974 -974 -947 -956 -965 -947 -965 -956 -965 -947 -947 -939 -947 -956 -956 -938 -947 -939 -938 -921 -930 -939 -930 -921 -930 -930 -921 -939 -939 -974 -947 -938 -930 -921 -930 -930 -921 -912 -947 -938 -930 -921 -930 -930 -921 -930 -921 -912 -912 -912 -903 -885 -912 -894 -912 -912 -921 -903 -885 -894 -894 -894 -912 -903 -894 -885 -912 -894 -912 -921 -921 -912 -921 -912 -912 -921 -885 -903 -894 -903 -885 -903 -894 -903 -885 -885 -894 -885 -876 -867 -894 -867 -867 -876 -867 -858 -850 -858 -867 -841 -850 -832 -823 -841 -841 -841 -850 -814 -832 -823 -850 -832 -841 -832 -832 -841 -850 -841 -841 -832 -823 -832 -832 -832 -832 -850 -823 -823 -832 -850 -832 -806 -823 -832 -823 -823 -832 -814 -832 -832 -814 -814 -814 -814 -841 -814 -806 -806 -806 -805 -797 -814 -806 -797 -788 -796 -797 -788 -770 -797 -797 -788 -788 -805 -806 -788 -779 -788 -788 -788 -806 -779 -788 -779 -797 -797 -788 -761 -779 -770 -788 -788 -761 -770 -761 -752 -779 -779 -770 -770 -761 -761 -752 -761 -761 -761 -752 -761 -734 -743 -761 -743 -752 -752 -761 -752 -752 -752 -743 -752 -743 -761 -743 -752 -734 -734 -743 -743 -734 -743 -734 -743 -716 -725 -743 -743 -743 -752 -743 -743 -752 -761 -752 -725 -716 -734 -725 -717 -743 -725 -725 -725 -717 -725 -734 -717 -725
-876 -894 -903 -894 -894 -903 -894 -894 -903 -903 -894 -903 -894 -912 -903 -894 -876 -885 -894 -876 -885 -894 -903 -894 -876 -903 -903 -912 -912 -903 -885 -903 -903 -894 -894 -903 -894 -894 -894 -885 -894 -894 -894 -885 -921 -912 -894 -921 -930 -903 -903 -903 -912 -894 -903 -903 -903 -912 -903 -894 -885 -885 -894 -894 -885 -903 -894 -894 -912 -894 -894 -912 -903 -885 -921 -903 -903 -921 -894 -921 -903 -903 -930 -912 -903 -921 -921 -912 -921 -903 -894 -912 -912 -903 -912 -921 -903 -903 -894 -894 -903 -912 -921 -912 -911 -894 -903 -912 -912 -894 -920 -921 -912 -930 -903 -912 -930 -912 -912 -912 -903 -912 -930 -912 -903 -912 -912 -921 -912 -912 -903 -885 -885 -912 -903 -894 -894 -903 -903 -903 -921 -912 -921 -894 -912 -939 -912 -921 -929 -912 -921 -921 -903 -930 -912 -939 -921 -912 -921 -930 -947 -912 -903 -912 -912 -912 -912 -930 -912 -903 -930 -894 -930 -939 -920 -930 -938 -930 -921 -912 -912 -930 -930 -930 -912 -903 -938 -930 -930 -912 -921 -912 -894 -912 -921 -939 -912 -921 -920 -912 -912 -921 -912 -921 -912 -903 -912 -921 -921 -903 -930 -912 -921 -921 -894 -930 -903 -894 -921 -912 -912 -903 -903 -912 -930 -930 -912 -947 -929 -939 -939 -939 -947 -956 -947 -939 -939 -939 -939 -947 -947 -947 -947 -930 -947 -947 -947 -947 -947 -965 -956 -956 -983 -965 -965 -965 -965 -956 -965 -974 -956 -974 -965 -947 -938 -956 -965 -939 -956 -956 -947 -939 -947 -947 -929 -929 -939 -921 -939 -930 -930 -930 -939 -930 -939 -930 -930 -938 -921 -956 -921 -921 -939 -930 -930 -947 -947 -930 -921 -912 -912 -930 -912 -930 -921 -930 -939 -912 -912 -912 -912 -894 -912 -894 -921 -903 -903 -903 -912 -903 -885 -903 -894 -903 -903 -912 -894 -903 -894 -921 -912 -903 -912 -885 -903 -876 -903 -876 -894 -903 -885 -876 -885 -867 -876 -858 -876 -850 -841 -867 -850 -858 -858 -841 -850 -832 -841 -841 -850 -841 -841 -841 -841 -841 -832 -832 -832 -832 -850 -850 -850 -841 -841 -832 -832 -814 -814 -850 -832 -841 -832 -823 -841 -832 -823 -832 -823 -823 -823 -841 -832 -841 -814 -814 -823 -832 -832 -823 -806 -805 -806 -832 -814 -806 -806 -797 -805 -805 -814 -788 -806 -805 -806 -797 -788 -797 -797 -779 -788 -797 -814 -788 -806 -797 -797 -797 -788 -788 -779 -770 -788 -770 -788 -779 -770 -770 -788 -770 -770 -788 -779 -770 -770 -770 -743 -770 -779 -770 -761 -752 -752 -752 -752 -761 -761 -761 -743 -752 -743 -761 -761 -761 -761 -752 -743 -761 -743 -770 -752 -761 -752 -734 -734 -752 -743 -752 -743 -743 -743 -743 -752 -752 -752 -743 -752 -734 -725 -734 -743 -725 -734 -743 -743 -743 -734 -725 -717 -743 -717 -716 -752 -725 -734 -717 -708 -716 -708 -716 -734 -725 -725 -708
-885 -903 -903 -885 -885 -894 -885 -894 -894 -894 -876 -885 -894 -894 -894 -903 -885 -903 -912 -912 -912 -903 -894 -903 -903 -912 -894 -894 -894 -894 -894 -903 -885 -885 -912 -894 -912 -903 -903 -903 -903 -894 -903 -912 -894 -894 -903 -894 -894 -903 -903 -903 -894 -894 -894 -894 -903 -885 -885 -894 -894 -876 -894 -912 -903 -903 -912 -903 -903 -912 -903 -903 -912 -903 -903 -921 -921 -912 -903 -894 -894 -903 -903 -912 -903 -921 -894 -894 -921 -921 -894 -885 -894 -903 -903 -912 -912 -912 -912 -894 -903 -921 -912 -903 -912 -903 -894 -903 -921 -921 -903 -903 -921 -912 -903 -921 -903 -903 -903 -903 -903 -876 -921 -894 -903 -921 -912 -903 -903 -894 -930 -912 -921 -912 -921 -903 -903 -912 -912 -912 -921 -930 -920 -903 -930 -921 -921 -903 -921 -921 -912 -920 -903 -912 -903 -930 -912 -912 -912 -921 -930 -912 -921 -894 -921 -912 -903 -921 -921 -903 -903 -912 -912 -930 -921 -903 -921 -921 -903 -921 -912 -903 -912 -903 -912 -894 -921 -930 -903 -921 -894 -894 -938 -903 -903 -903 -894 -921 -912 -912 -894 -921 -912 -912 -903 -921 -894 -921 -912 -894 -912 -903 -903 -894 -912 -903 -903 -894 -939 -938 -930 -939 -938 -939 -956 -947 -939 -956 -938 -947 -965 -965 -956 -956 -947 -965 -947 -956 -974 -956 -956 -939 -965 -947 -947 -956 -956 -956 -965 -956 -947 -947 -956 -947 -965 -947 -947 -956 -939 -956 -956 -939 -956 -939 -930 -930 -939 -939 -956 -947 -947 -939 -939 -921 -947 -939 -947 -938 -938 -939 -921 -921 -939 -947 -939 -912 -947 -929 -930 -930 -939 -939 -939 -912 -912 -921 -903 -921 -912 -912 -921 -912 -894 -921 -894 -894 -894 -903 -903 -912 -903 -903 -903 -894 -894 -903 -903 -921 -921 -921 -903 -912 -939 -912 -894 -885 -903 -894 -894 -885 -885 -894 -894 -894 -894 -885 -876 -867 -885 -858 -876 -858 -858 -858 -858 -858 -841 -832 -823 -841 -850 -841 -841 -850 -823 -841 -841 -832 -850 -823 -841 -832 -832 -832 -841 -850 -832 -841 -850 -832 -832 -823 -832 -832 -841 -832 -832 -832 -832 -832 -823 -832 -841 -823 -814 -823 -823 -805 -841 -823 -814 -823 -823 -823 -823 -814 -797 -805 -797 -806 -797 -814 -806 -788 -806 -787 -797 -770 -779 -788 -797 -770 -779 -779 -797 -788 -779 -779 -797 -770 -797 -788 -779 -770 -779 -770 -788 -770 -779 -788 -770 -788 -779 -770 -761 -770 -770 -770 -752 -761 -761 -779 -761 -752 -752 -752 -770 -770 -761 -761 -752 -752 -752 -761 -743 -743 -761 -743 -734 -752 -743 -752 -752 -743 -743 -770 -743 -725 -743 -725 -734 -734 -743 -752 -743 -761 -734 -734 -734 -743 -761 -734 -725 -743 -743 -734 -734 -725 -743 -734 -734 -725 -734 -716 -743 -725 -734 -716 -734 -717 -725 -717 -725 -725 -725 -725 -725 -717 -716 -717 -699 -708
-894 -894 -885 -894 -885 -894 -894 -876 -903 -894 -885 -894 -903 -912 -894 -894 -894 -894 -885 -885 -903 -885 -903 -894 -885 -894 -894 -903 -894 -894 -894 -912 -912 -912 -903 -912 -894 -894 -903 -894 -894 -885 -903 -903 -894 -903 -912 -912 -903 -894 -912 -894 -885 -903 -903 -903 -903 -903 -894 -894 -921 -912 -903 -894 -894 -903 -903 -903 -903 -903 -903 -912 -903 -903 -894 -894 -912 -930 -903 -894 -912 -903 -903 -912 -903 -885 -912 -894 -921 -912 -894 -930 -921 -912 -912 -921 -894 -912 -921 -894 -903 -921 -894 -912 -921 -912 -903 -903 -912 -903 -912 -921 -885 -912 -903 -912 -930 -912 -903 -912 -921 -921 -912 -912 -912 -912 -912 -912 -894 -912 -930 -930 -912 -912 -930 -903 -930 -912 -921 -903 -912 -912 -912 -921 -912 -912 -912 -894 -903 -894 -921 -894 -903 -885 -912 -903 -885 -903 -912 -894 -903 -912 -903 -930 -921 -912 -912 -912 -921 -894 -903 -912 -930 -912 -921 -912 -921 -903 -921 -921 -903 -930 -921 -903 -903 -894 -912 -894 -894 -930 -912 -903 -903 -912 -903 -912 -894 -921 -921 -921 -894 -894 -912 -930 -921 -903 -921 -894 -921 -929 -939 -939 -930 -930 -930 -939 -947 -939 -939 -947 -956 -947 -939 -947 -939 -939 -947 -956 -965 -947 -930 -947 -939 -956 -956 -939 -947 -956 -956 -947 -956 -965 -983 -956 -956 -965 -965 -947 -947 -947 -947 -956 -956 -939 -965 -947 -938 -938 -947 -912 -930 -921 -939 -938 -939 -930 -939 -921 -930 -930 -930 -938 -930 -930 -921 -921 -921 -921 -921 -939 -930 -921 -921 -938 -921 -912 -938 -912 -921 -903 -921 -930 -894 -921 -912 -912 -912 -903 -894 -912 -912 -903 -894 -903 -903 -903 -903 -903 -912 -912 -894 -903 -894 -912 -912 -885 -912 -903 -876 -903 -894 -903 -903 -885 -894 -894 -885 -894 -885 -858 -894 -867 -876 -858 -850 -850 -858 -850 -850 -832 -841 -850 -841 -806 -823 -832 -814 -841 -850 -832 -823 -850 -841 -823 -832 -841 -832 -841 -832 -823 -850 -814 -823 -814 -832 -832 -832 -850 -832 -823 -814 -832 -841 -814 -814 -832 -814 -823 -823 -814 -841 -823 -814 -832 -814 -806 -814 -806 -806 -814 -797 -814 -797 -806 -814 -788 -796 -788 -797 -814 -806 -770 -806 -797 -797 -806 -806 -788 -806 -788 -788 -770 -779 -779 -797 -788 -796 -779 -797 -770 -788 -797 -779 -779 -761 -779 -761 -761 -761 -779 -752 -779 -761 -743 -752 -752 -761 -761 -743 -761 -752 -761 -752 -752 -743 -752 -743 -743 -761 -770 -770 -752 -743 -734 -734 -752 -752 -752 -761 -743 -743 -743 -761 -761 -743 -752 -743 -752 -743 -734 -752 -716 -743 -734 -725 -716 -725 -708 -734 -743 -725 -743 -717 -717 -725 -734 -734 -734 -716 -725 -725 -717 -734 -717 -725 -734 -717 -708 -717 -707 -699 -699 -708 -707 -717 -681 -708 -717 -708 -699 -699 -699
-894 -912 -867 -894 -894 -903 -894 -894 -903 -885 -894 -903 -885 -903 -894 -903 -894 -903 -903 -912 -885 -876 -912 -894 -894 -903 -912 -921 -921 -894 -903 -894 -921 -885 -894 -903 -894 -885 -903 -885 -903 -903 -894 -903 -894 -894 -894 -885 -885 -885 -921 -885 -903 -894 -930 -894 -894 -921 -912 -912 -894 -912 -921 -930 -903 -912 -894 -903 -894 -903 -894 -903 -912 -903 -885 -903 -912 -903 -894 -885 -903 -921 -912 -912 -912 -921 -921 -930 -921 -921 -894 -903 -903 -912 -912 -912 -912 -930 -912 -930 -921 -912 -921 -885 -903 -912 -912 -903 -894 -912 -912 -885 -912 -912 -912 -894 -903 -912 -921 -894 -903 -912 -912 -912 -894 -921 -912 -912 -912 -912 -912 -921 -912 -912 -912 -903 -921 -903 -912 -921 -903 -912 -894 -912 -912 -903 -912 -903 -939 -903 -921 -912 -912 -912 -912 -930 -912 -921 -921 -921 -930 -912 -930 -921 -930 -921 -903 -921 -938 -912 -912 -912 -921 -903 -912 -912 -912 -903 -912 -903 -912 -921 -912 -921 -903 -912 -894 -930 -912 -903 -903 -921 -912 -912 -930 -903 -912 -912 -903 -903 -930 -930 -930 -921 -930 -947 -947 -939 -938 -939 -947 -956 -956 -956 -938 -956 -956 -938 -956 -956 -965 -956 -956 -965 -965 -956 -965 -965 -956 -974 -938 -947 -974 -956 -965 -956 -965 -956 -956 -965 -956 -938 -947 -938 -956 -939 -947 -956 -956 -947 -947 -939 -947 -930 -939 -947 -939 -947 -947 -947 -912 -921 -930 -921 -930 -939 -938 -938 -930 -947 -930 -930 -912 -912 -921 -939 -912 -912 -912 -912 -912 -903 -912 -903 -912 -930 -894 -903 -903 -894 -912 -894 -903 -885 -903 -903 -903 -885 -894 -903 -930 -912 -921 -912 -903 -921 -903 -894 -912 -903 -903 -903 -903 -894 -912 -885 -885 -894 -876 -885 -885 -876 -867 -876 -858 -832 -885 -850 -876 -850 -841 -841 -841 -850 -841 -832 -850 -832 -832 -832 -832 -832 -832 -841 -823 -832 -858 -841 -841 -850 -823 -832 -832 -858 -832 -832 -841 -823 -832 -841 -823 -814 -850 -841 -832 -823 -814 -832 -823 -832 -823 -823 -814 -823 -814 -805 -814 -823 -814 -814 -788 -805 -806 -814 -796 -770 -779 -814 -806 -788 -797 -797 -770 -797 -779 -788 -779 -788 -788 -779 -788 -779 -770 -770 -788 -779 -779 -779 -761 -770 -788 -761 -770 -770 -761 -770 -770 -761 -761 -770 -779 -779 -761 -743 -743 -761 -752 -743 -743 -752 -761 -770 -752 -752 -743 -761 -752 -743 -743 -752 -752 -761 -752 -734 -761 -734 -752 -743 -734 -743 -743 -743 -734 -752 -743 -743 -752 -734 -734 -725 -725 -717 -734 -734 -717 -752 -725 -743 -708 -734 -743 -734 -752 -752 -716 -725 -717 -734 -725 -734 -725 -708 -708 -717 -725 -708 -717 -725 -717 -717 -716 -699 -708 -716 -708 -708 -716 -716 -672 -708 -690 -699 -690 -681 -699 -672 -681 -681 -681 -690 -672 -717
-894 -912 -885 -885 -885 -894 -885 -912 -894 -903 -903 -894 -894 -912 -885 -912 -885 -885 -894 -912 -894 -903 -885 -912 -885 -876 -885 -885 -894 -894 -903 -876 -903 -894 -894 -894 -894 -894 -894 -894 -894 -885 -903 -912 -903 -894 -903 -912 -903 -912 -894 -921 -921 -903 -903 -894 -894 -912 -903 -912 -903 -894 -885 -885 -885 -912 -885 -912 -903 -894 -894 -903 -912 -903 -894 -912 -921 -912 -921 -894 -921 -903 -912 -912 -903 -921 -930 -903 -903 -912 -930 -912 -938 -894 -912 -912 -912 -912 -921 -912 -903 -894 -903 -903 -921 -921 -903 -912 -903 -912 -903 -903 -894 -912 -930 -912 -921 -903 -921 -912 -921 -921 -894 -903 -912 -903 -912 -903 -912 -912 -894 -912 -885 -894 -903 -939 -903 -912 -903 -912 -894 -903 -903 -903 -912 -894 -921 -912 -903 -912 -912 -921 -912 -930 -912 -912 -938 -903 -930 -903 -894 -903 -921 -912 -912 -894 -912 -912 -903 -903 -912 -912 -903 -912 -903 -912 -903 -912 -921 -921 -921 -921 -921 -903 -930 -903 -921 -894 -921 -903 -929 -921 -930 -930 -939 -947 -956 -939 -939 -956 -939 -947 -947 -956 -956 -947 -956 -939 -947 -939 -965 -947 -947 -938 -956 -956 -947 -965 -947 -974 -965 -956 -956 -965 -965 -956 -965 -956 -956 -965 -965 -965 -947 -947 -965 -956 -956 -956 -939 -930 -939 -947 -956 -929 -930 -947 -939 -939 -947 -939 -930 -930 -939 -930 -930 -912 -939 -929 -938 -930 -939 -930 -930 -930 -947 -947 -947 -930 -939 -930 -921 -921 -903 -912 -912 -912 -903 -894 -912 -912 -903 -903 -894 -894 -894 -903 -903 -921 -903 -894 -912 -903 -912 -903 -903 -912 -921 -912 -921 -894 -903 -903 -912 -894 -903 -903 -903 -894 -894 -885 -903 -867 -867 -867 -876 -876 -858 -850 -850 -858 -858 -850 -858 -850 -832 -806 -841 -841 -841 -867 -832 -823 -841 -850 -832 -850 -832 -823 -832 -850 -832 -850 -867 -832 -832 -832 -823 -823 -832 -823 -841 -832 -841 -814 -841 -832 -832 -832 -832 -832 -823 -823 -823 -823 -814 -832 -832 -814 -806 -814 -814 -814 -823 -797 -814 -806 -806 -797 -797 -788 -806 -814 -796 -797 -797 -806 -788 -788 -779 -797 -797 -779 -797 -788 -797 -779 -779 -797 -797 -761 -779 -761 -770 -788 -779 -779 -770 -770 -779 -770 -779 -770 -779 -779 -761 -761 -752 -770 -779 -761 -752 -761 -743 -752 -743 -761 -752 -761 -752 -752 -761 -752 -761 -743 -743 -752 -761 -734 -743 -743 -734 -761 -752 -752 -743 -743 -734 -743 -743 -734 -734 -752 -752 -752 -725 -761 -725 -743 -725 -734 -725 -734 -717 -743 -725 -716 -717 -743 -717 -734 -725 -725 -716 -717 -734 -734 -725 -734 -734 -717 -734 -707 -725 -717 -717 -707 -725 -707 -699 -717 -707 -708 -690 -717 -690 -708 -690 -708 -699 -708 -699 -690 -699 -699 -708 -690 -717 -708 -708 -717 -699 -717
-894 -885 -876 -912 -903 -930 -921 -903 -894 -912 -903 -894 -921 -885 -912 -894 -903 -894 -885 -894 -894 -903 -885 -903 -912 -885 -885 -885 -885 -912 -885 -894 -894 -903 -894 -903 -921 -885 -903 -894 -903 -912 -885 -912 -912 -885 -894 -894 -903 -894 -903 -894 -912 -912 -885 -885 -894 -912 -929 -912 -921 -921 -921 -912 -903 -903 -903 -903 -903 -920 -912 -903 -912 -912 -912 -921 -912 -894 -921 -912 -894 -921 -894 -903 -939 -894 -912 -912 -903 -921 -903 -912 -921 -912 -912 -903 -939 -894 -903 -912 -939 -912 -912 -912 -912 -912 -912 -903 -939 -921 -912 -912 -894 -921 -939 -930 -930 -921 -912 -930 -912 -903 -912 -903 -912 -921 -912 -894 -921 -903 -912 -876 -921 -894 -912 -903 -912 -894 -912 -912 -912 -903 -930 -903 -921 -921 -885 -912 -930 -903 -930 -912 -921 -912 -921 -903 -921 -912 -912 -912 -930 -912 -921 -912 -894 -903 -912 -912 -894 -912 -912 -894 -903 -903 -903 -930 -903 -912 -921 -894 -894 -921 -903 -912 -912 -930 -930 -939 -939 -938 -947 -947 -939 -947 -965 -956 -956 -930 -938 -947 -947 -947 -947 -938 -939 -956 -956 -939 -939 -983 -947 -947 -947 -965 -983 -956 -939 -965 -965 -938 -956 -947 -939 -947 -983 -956 -956 -947 -956 -956 -947 -930 -938 -947 -947 -947 -930 -947 -939 -939 -947 -947 -930 -939 -930 -930 -930 -912 -938 -939 -930 -930 -947 -921 -921 -929 -921 -930 -930 -921 -903 -921 -930 -921 -929 -939 -930 -903 -921 -912 -903 -921 -894 -903 -903 -903 -885 -912 -912 -885 -921 -912 -876 -894 -903 -912 -903 -912 -912 -903 -921 -912 -894 -903 -903 -894 -912 -894 -903 -885 -894 -876 -894 -894 -867 -885 -867 -867 -867 -867 -867 -858 -850 -858 -850 -867 -858 -850 -850 -858 -832 -832 -832 -832 -850 -832 -841 -841 -823 -841 -832 -841 -823 -832 -841 -832 -823 -832 -823 -832 -823 -832 -841 -832 -832 -832 -823 -841 -823 -841 -814 -841 -823 -832 -814 -823 -823 -823 -823 -806 -814 -832 -806 -806 -841 -806 -797 -788 -814 -788 -823 -814 -797 -797 -806 -797 -788 -805 -788 -797 -779 -788 -796 -770 -797 -806 -770 -779 -770 -770 -770 -788 -788 -779 -761 -779 -770 -761 -770 -779 -779 -779 -779 -734 -752 -779 -743 -788 -770 -761 -761 -761 -752 -743 -761 -761 -752 -752 -761 -752 -743 -761 -743 -761 -761 -752 -761 -761 -743 -743 -761 -743 -752 -743 -752 -752 -734 -752 -734 -743 -752 -734 -734 -743 -734 -734 -717 -743 -717 -743 -743 -734 -734 -725 -717 -725 -716 -725 -725 -743 -725 -708 -734 -725 -734 -725 -734 -725 -725 -725 -743 -708 -708 -708 -708 -699 -725 -699 -708 -699 -708 -717 -690 -699 -708 -690 -681 -663 -681 -690 -681 -690 -690 -690 -690 -690 -699 -717 -717 -681 -699 -708 -708 -699 -717 -717 -708 -708 -717 -716 -717 -708
-894 -912 -903 -894 -885 -912 -921 -894 -912 -903 -894 -876 -912 -885 -903 -885 -885 -894 -894 -903 -894 -894 -894 -894 -912 -894 -894 -912 -885 -912 -903 -885 -912 -912 -903 -903 -912 -903 -876 -912 -903 -903 -912 -903 -921 -894 -894 -894 -903 -894 -903 -912 -903 -903 -912 -903 -894 -921 -921 -921 -894 -894 -912 -903 -912 -912 -930 -903 -921 -894 -921 -921 -921 -903 -912 -903 -903 -921 -930 -903 -912 -903 -912 -921 -921 -903 -912 -885 -903 -894 -930 -921 -921 -912 -912 -894 -894 -912 -930 -912 -912 -912 -921 -930 -921 -930 -912 -921 -912 -912 -912 -912 -903 -903 -903 -921 -921 -903 -921 -921 -894 -921 -903 -894 -930 -912 -912 -912 -912 -930 -894 -912 -903 -921 -894 -921 -903 -929 -912 -912 -912 -912 -903 -912 -921 -921 -903 -903 -921 -921 -903 -912 -912 -912 -912 -921 -903 -903 -912 -912 -894 -912 -894 -903 -912 -912 -903 -903 -903 -912 -903 -912 -921 -912 -912 -903 -903 -921 -921 -930 -930 -947 -947 -938 -947 -938 -947 -938 -956 -947 -956 -965 -956 -947 -947 -956 -956 -956 -947 -947 -947 -965 -947 -939 -965 -939 -974 -947 -947 -947 -956 -956 -939 -956 -965 -956 -965 -965 -939 -947 -956 -947 -947 -938 -930 -938 -930 -939 -939 -956 -956 -938 -939 -921 -939 -939 -939 -921 -921 -939 -921 -921 -939 -921 -947 -938 -930 -921 -921 -921 -938 -939 -912 -930 -921 -921 -912 -921 -912 -912 -921 -903 -912 -903 -903 -912 -894 -912 -903 -903 -903 -921 -912 -912 -903 -912 -903 -903 -894 -912 -894 -876 -912 -912 -921 -885 -903 -894 -903 -903 -894 -858 -885 -885 -885 -894 -867 -867 -867 -867 -850 -850 -850 -823 -850 -858 -850 -850 -841 -832 -832 -823 -841 -832 -841 -823 -841 -832 -832 -850 -841 -832 -850 -841 -832 -841 -832 -832 -858 -841 -832 -850 -832 -823 -823 -823 -832 -841 -814 -841 -841 -832 -832 -841 -823 -832 -823 -823 -806 -823 -814 -806 -823 -823 -806 -806 -806 -814 -814 -796 -814 -796 -797 -814 -805 -797 -814 -779 -797 -779 -805 -788 -787 -770 -797 -814 -788 -788 -770 -797 -779 -797 -770 -788 -761 -779 -788 -788 -761 -779 -752 -770 -761 -752 -770 -761 -761 -770 -770 -770 -752 -743 -770 -752 -752 -770 -761 -761 -752 -761 -752 -743 -752 -743 -752 -734 -743 -743 -770 -743 -743 -743 -734 -761 -770 -734 -761 -752 -752 -770 -725 -717 -734 -743 -734 -734 -716 -734 -761 -734 -752 -734 -752 -734 -734 -761 -743 -734 -717 -717 -725 -725 -743 -734 -752 -725 -743 -708 -725 -717 -708 -725 -717 -734 -725 -717 -734 -708 -725 -699 -699 -717 -690 -699 -690 -681 -689 -699 -681 -708 -708 -690 -690 -690 -690 -699 -699 -699 -699 -699 -708 -716 -707 -708 -699 -717 -699 -725 -699 -708 -708 -708 -690 -708 -708 -699 -698 -717 -699 -708 -699 -708
-885 -903 -894 -894 -894 -885 -876 -912 -876 -885 -867 -885 -912 -885 -912 -903 -894 -903 -912 -903 -912 -894 -894 -921 -885 -894 -912 -903 -894 -903 -903 -894 -903 -903 -903 -903 -903 -894 -894 -912 -903 -903 -903 -903 -885 -912 -885 -912 -920 -912 -894 -912 -930 -912 -912 -894 -912 -903 -903 -930 -903 -903 -912 -912 -921 -912 -903 -912 -912 -930 -903 -903 -903 -912 -921 -903 -885 -912 -894 -921 -903 -912 -912 -903 -894 -903 -912 -894 -921 -903 -912 -912 -920 -921 -921 -912 -930 -903 -912 -912 -912 -921 -930 -930 -921 -912 -930 -912 -921 -921 -921 -912 -903 -912 -930 -903 -912 -921 -930 -903 -903 -903 -903 -921 -912 -930 -930 -912 -912 -921 -894 -912 -903 -912 -912 -903 -921 -903 -912 -912 -903 -920 -903 -903 -912 -903 -912 -912 -912 -912 -894 -903 -894 -903 -903 -903 -894 -903 -903 -903 -894 -894 -912 -912 -921 -921 -894 -930 -894 -930 -930 -938 -938 -939 -939 -947 -947 -938 -956 -947 -939 -938 -947 -947 -965 -956 -947 -947 -947 -947 -947 -947 -956 -965 -930 -965 -939 -956 -956 -947 -956 -956 -956 -965 -956 -965 -965 -947 -956 -947 -947 -956 -929 -938 -929 -939 -947 -939 -939 -956 -939 -930 -939 -930 -921 -920 -939 -930 -930 -921 -929 -938 -921 -921 -930 -938 -930 -930 -939 -930 -930 -921 -912 -930 -921 -939 -930 -912 -930 -912 -912 -912 -912 -912 -903 -876 -903 -894 -921 -903 -894 -903 -912 -903 -912 -903 -921 -912 -903 -903 -885 -894 -903 -912 -894 -894 -921 -912 -894 -903 -903 -903 -885 -885 -894 -894 -876 -867 -858 -894 -858 -876 -867 -858 -858 -841 -858 -850 -858 -841 -850 -832 -832 -841 -841 -832 -832 -832 -841 -832 -823 -841 -814 -823 -850 -832 -832 -832 -841 -867 -823 -832 -841 -858 -841 -814 -832 -841 -841 -832 -814 -806 -814 -823 -823 -823 -806 -823 -823 -841 -823 -823 -832 -814 -832 -814 -806 -805 -814 -814 -797 -805 -805 -806 -806 -806 -806 -788 -806 -814 -814 -779 -797 -788 -797 -788 -788 -797 -779 -779 -779 -797 -788 -788 -770 -779 -788 -788 -797 -788 -770 -770 -770 -761 -761 -770 -761 -761 -770 -761 -761 -752 -770 -761 -770 -752 -761 -761 -761 -743 -734 -743 -761 -752 -752 -752 -734 -761 -752 -752 -752 -761 -743 -752 -743 -752 -752 -752 -743 -743 -752 -761 -743 -734 -761 -734 -743 -761 -734 -743 -752 -743 -717 -734 -752 -734 -734 -725 -752 -716 -708 -708 -752 -743 -717 -752 -717 -743 -717 -725 -708 -716 -734 -725 -708 -725 -717 -717 -752 -708 -708 -708 -708 -699 -717 -699 -699 -699 -699 -690 -690 -672 -708 -699 -681 -699 -708 -699 -699 -690 -699 -699 -708 -716 -708 -699 -725 -699 -717 -690 -690 -716 -708 -708 -708 -716 -699 -699 -708 -708 -708 -690 -699 -708 -690 -708 -698 -690 -690 -698 -699 -690
-894 -894 -885 -921 -894 -903 -894 -885 -912 -912 -903 -912 -903 -903 -930 -903 -921 -912 -894 -885 -903 -903 -912 -903 -912 -912 -885 -921 -894 -903 -903 -903 -939 -912 -894 -903 -921 -894 -912 -903 -903 -903 -894 -903 -921 -903 -894 -930 -912 -912 -894 -912 -912 -921 -921 -930 -912 -903 -912 -903 -903 -930 -930 -930 -930 -903 -912 -894 -921 -903 -921 -903 -921 -903 -930 -903 -903 -903 -921 -912 -912 -912 -930 -885 -903 -912 -921 -920 -921 -930 -930 -921 -912 -912 -921 -912 -921 -930 -930 -912 -903 -921 -912 -929 -921 -912 -930 -912 -903 -903 -912 -894 -921 -903 -912 -903 -921 -903 -912 -885 -930 -903 -912 -912 -921 -929 -921 -912 -921 -930 -903 -903 -912 -912 -930 -921 -912 -903 -912 -903 -903 -912 -894 -921 -912 -912 -903 -903 -921 -903 -912 -912 -912 -921 -903 -903 -894 -903 -903 -921 -939 -930 -947 -947 -938 -939 -930 -947 -939 -965 -974 -939 -965 -956 -939 -947 -956 -947 -939 -956 -956 -947 -947 -939 -965 -965 -956 -947 -965 -956 -947 -983 -939 -974 -965 -947 -956 -965 -956 -956 -947 -965 -956 -947 -930 -956 -939 -947 -947 -947 -939 -921 -938 -956 -938 -939 -947 -939 -939 -921 -947 -930 -929 -921 -921 -930 -939 -930 -939 -930 -912 -921 -930 -939 -912 -947 -947 -930 -921 -912 -921 -921 -903 -903 -903 -921 -912 -912 -903 -912 -912 -903 -885 -885 -912 -912 -894 -912 -903 -903 -894 -903 -894 -921 -894 -894 -921 -903 -903 -903 -894 -903 -912 -885 -912 -894 -894 -876 -876 -876 -876 -876 -876 -867 -867 -858 -885 -850 -858 -841 -850 -823 -841 -841 -841 -841 -823 -832 -832 -841 -841 -850 -850 -850 -841 -850 -841 -832 -841 -823 -832 -823 -850 -823 -832 -832 -841 -841 -841 -832 -814 -823 -823 -841 -814 -823 -850 -841 -832 -797 -832 -850 -814 -832 -832 -841 -814 -832 -823 -797 -814 -797 -805 -797 -797 -805 -806 -788 -788 -788 -806 -797 -797 -797 -770 -788 -797 -779 -788 -797 -806 -779 -797 -770 -779 -779 -770 -796 -788 -761 -788 -779 -788 -770 -779 -761 -779 -761 -761 -779 -770 -761 -770 -752 -752 -761 -752 -743 -752 -770 -752 -752 -717 -752 -752 -752 -743 -761 -761 -743 -752 -725 -752 -743 -734 -743 -743 -734 -734 -752 -725 -734 -743 -743 -752 -743 -752 -734 -734 -761 -725 -743 -752 -734 -743 -743 -725 -734 -734 -717 -743 -743 -752 -734 -743 -725 -725 -725 -734 -725 -743 -725 -725 -734 -717 -725 -734 -717 -734 -717 -717 -717 -699 -708 -708 -708 -708 -690 -708 -690 -707 -699 -690 -672 -690 -681 -690 -690 -699 -699 -690 -690 -699 -681 -698 -708 -708 -699 -708 -717 -690 -717 -708 -699 -699 -708 -708 -708 -690 -717 -716 -708 -708 -699 -708 -699 -717 -725 -708 -708 -699 -681 -708 -708 -699 -699 -699 -690 -716 -708 -681 -699
-903 -894 -903 -894 -903 -903 -912 -903 -894 -921 -903 -921 -903 -921 -903 -903 -894 -903 -903 -912 -903 -885 -903 -912 -885 -903 -894 -903 -903 -894 -921 -921 -894 -903 -903 -921 -912 -903 -912 -921 -885 -912 -903 -894 -912 -894 -912 -921 -921 -921 -903 -912 -912 -894 -894 -903 -921 -903 -903 -930 -894 -894 -903 -903 -912 -912 -894 -894 -912 -903 -894 -903 -912 -903 -903 -912 -921 -912 -921 -903 -930 -912 -921 -912 -912 -921 -930 -903 -921 -912 -912 -930 -894 -921 -903 -894 -912 -921 -912 -912 -921 -912 -903 -921 -921 -894 -921 -930 -912 -903 -921 -921 -912 -911 -921 -894 -903 -903 -894 -912 -921 -912 -921 -903 -903 -912 -903 -912 -912 -903 -930 -903 -912 -921 -912 -894 -921 -903 -903 -903 -894 -921 -912 -912 -912 -930 -912 -903 -894 -903 -938 -912 -939 -921 -947 -947 -930 -939 -947 -947 -947 -939 -956 -939 -947 -956 -939 -947 -947 -939 -947 -947 -956 -939 -930 -947 -974 -938 -965 -965 -965 -965 -939 -956 -965 -947 -983 -956 -947 -956 -965 -939 -956 -947 -947 -938 -956 -930 -930 -947 -947 -947 -938 -956 -939 -939 -939 -939 -939 -939 -929 -929 -921 -947 -921 -939 -939 -939 -921 -930 -930 -903 -912 -930 -938 -921 -930 -930 -921 -903 -930 -912 -930 -921 -912 -903 -912 -903 -903 -903 -894 -903 -894 -912 -921 -894 -903 -894 -903 -912 -903 -903 -903 -912 -912 -903 -903 -912 -912 -894 -885 -894 -903 -885 -903 -894 -912 -903 -885 -885 -876 -876 -876 -876 -867 -858 -876 -867 -850 -841 -858 -841 -850 -832 -850 -832 -850 -832 -858 -841 -850 -850 -823 -841 -841 -832 -814 -841 -850 -832 -832 -841 -841 -841 -858 -850 -850 -823 -823 -850 -814 -841 -832 -841 -832 -832 -814 -841 -806 -814 -832 -814 -823 -823 -814 -806 -814 -805 -832 -823 -806 -814 -797 -806 -814 -823 -814 -805 -814 -797 -797 -805 -788 -788 -788 -797 -770 -806 -779 -779 -779 -770 -797 -779 -770 -805 -779 -779 -779 -779 -788 -797 -806 -770 -779 -770 -770 -770 -770 -770 -743 -761 -779 -761 -761 -770 -770 -752 -752 -734 -752 -743 -743 -770 -752 -752 -752 -752 -752 -761 -752 -761 -743 -743 -743 -734 -752 -734 -752 -743 -743 -743 -734 -734 -743 -725 -717 -743 -743 -725 -734 -752 -734 -734 -734 -725 -734 -752 -743 -743 -743 -725 -725 -743 -734 -734 -725 -717 -725 -734 -708 -734 -725 -725 -725 -717 -725 -725 -717 -716 -734 -717 -716 -717 -716 -699 -725 -717 -708 -699 -690 -699 -699 -690 -708 -690 -681 -690 -699 -690 -699 -681 -681 -699 -690 -690 -708 -708 -699 -717 -717 -708 -708 -717 -717 -725 -699 -716 -699 -708 -699 -690 -699 -725 -717 -699 -699 -717 -708 -708 -690 -681 -699 -690 -699 -708 -690 -707 -699 -699 -708 -699 -716 -708 -708 -690 -707 -707 -725 -699 -699 -717
-894 -903 -903 -894 -894 -894 -912 -903 -930 -903 -903 -912 -903 -903 -921 -903 -921 -903 -885 -903 -903 -894 -912 -894 -903 -894 -903 -903 -912 -894 -912 -912 -903 -903 -912 -912 -912 -903 -912 -930 -903 -921 -912 -894 -912 -903 -903 -912 -903 -894 -912 -921 -912 -903 -894 -912 -912 -912 -903 -912 -921 -912 -912 -912 -912 -930 -912 -912 -921 -912 -930 -921 -903 -912 -921 -912 -921 -912 -903 -930 -912 -930 -921 -894 -903 -912 -912 -912 -912 -921 -903 -912 -930 -912 -912 -921 -912 -930 -921 -921 -894 -894 -903 -912 -912 -921 -912 -912 -912 -921 -912 -912 -921 -903 -921 -903 -903 -912 -894 -930 -921 -912 -903 -912 -921 -903 -921 -885 -894 -894 -903 -903 -921 -912 -903 -912 -930 -903 -894 -903 -903 -903 -930 -921 -930 -930 -921 -939 -938 -930 -938 -939 -974 -938 -939 -930 -938 -947 -956 -947 -965 -939 -938 -947 -956 -947 -956 -956 -938 -947 -956 -965 -965 -947 -939 -947 -956 -947 -947 -956 -974 -965 -974 -938 -956 -956 -939 -947 -939 -956 -947 -930 -965 -938 -938 -930 -939 -939 -947 -939 -939 -930 -939 -930 -930 -947 -921 -930 -930 -921 -947 -921 -921 -903 -930 -930 -938 -912 -929 -921 -921 -903 -912 -921 -921 -929 -921 -912 -921 -894 -912 -930 -921 -903 -894 -921 -930 -903 -903 -885 -921 -894 -903 -930 -903 -894 -912 -912 -921 -894 -894 -921 -894 -903 -894 -894 -894 -894 -885 -903 -885 -867 -894 -885 -876 -876 -876 -867 -867 -850 -876 -867 -850 -850 -850 -841 -850 -841 -841 -841 -841 -823 -841 -823 -850 -832 -814 -832 -850 -823 -841 -841 -823 -850 -841 -823 -823 -823 -841 -814 -832 -832 -850 -841 -823 -823 -823 -823 -823 -814 -806 -823 -814 -814 -814 -805 -832 -832 -823 -814 -823 -797 -806 -814 -823 -805 -806 -806 -823 -814 -788 -797 -797 -797 -788 -788 -797 -797 -797 -788 -779 -779 -806 -770 -779 -788 -779 -796 -788 -788 -779 -779 -788 -770 -788 -797 -770 -779 -770 -770 -761 -770 -779 -761 -788 -761 -770 -752 -770 -761 -770 -779 -752 -752 -752 -761 -752 -761 -752 -752 -761 -752 -770 -761 -734 -752 -761 -761 -743 -752 -752 -752 -752 -752 -761 -743 -752 -752 -752 -734 -725 -725 -752 -725 -734 -734 -761 -752 -743 -734 -717 -743 -716 -725 -716 -743 -743 -752 -743 -743 -743 -725 -734 -717 -725 -734 -725 -734 -717 -725 -717 -717 -725 -717 -708 -708 -708 -717 -699 -708 -707 -707 -708 -699 -699 -663 -699 -698 -681 -699 -699 -681 -690 -699 -681 -717 -690 -699 -708 -699 -717 -699 -716 -690 -717 -725 -699 -708 -708 -699 -717 -699 -681 -690 -708 -708 -725 -708 -708 -699 -690 -690 -725 -690 -690 -708 -708 -699 -708 -717 -708 -690 -699 -690 -708 -699 -708 -708 -708 -725 -717 -716 -725 -708 -699 -708 -708 -725 -717 -717 -716 -698
-903 -912 -894 -903 -921 -903 -912 -911 -894 -912 -903 -885 -894 -903 -894 -894 -912 -894 -903 -912 -912 -903 -903 -921 -912 -921 -912 -930 -912 -912 -921 -921 -912 -912 -903 -912 -912 -912 -930 -921 -912 -894 -912 -903 -903 -894 -912 -894 -903 -903 -939 -912 -894 -903 -912 -903 -903 -894 -921 -921 -903 -921 -930 -929 -912 -921 -930 -912 -921 -930 -930 -921 -903 -903 -930 -912 -903 -921 -912 -903 -921 -894 -921 -903 -912 -894 -912 -912 -903 -912 -930 -912 -903 -921 -921 -903 -921 -921 -894 -911 -921 -921 -903 -903 -930 -903 -939 -921 -912 -912 -903 -894 -903 -903 -921 -921 -921 -921 -903 -903 -912 -903 -938 -894 -894 -903 -894 -921 -921 -885 -912 -903 -885 -912 -921 -912 -939 -921 -921 -947 -939 -939 -956 -938 -956 -956 -956 -956 -938 -947 -956 -930 -938 -947 -965 -956 -965 -939 -965 -965 -956 -956 -956 -956 -956 -956 -947 -956 -965 -965 -947 -974 -956 -947 -939 -974 -947 -956 -947 -947 -930 -939 -939 -956 -938 -939 -939 -947 -939 -930 -921 -938 -930 -938 -921 -929 -947 -939 -930 -929 -930 -921 -939 -947 -930 -930 -921 -930 -938 -939 -921 -921 -912 -921 -930 -912 -930 -903 -912 -903 -903 -912 -912 -921 -912 -894 -912 -894 -894 -894 -903 -903 -894 -894 -885 -876 -894 -903 -903 -894 -921 -903 -912 -894 -912 -903 -912 -921 -894 -894 -894 -903 -894 -894 -867 -867 -876 -876 -858 -867 -867 -850 -858 -867 -867 -850 -823 -841 -841 -832 -832 -841 -823 -850 -823 -850 -823 -841 -841 -832 -841 -841 -841 -832 -832 -832 -841 -841 -850 -832 -858 -832 -841 -850 -823 -850 -832 -841 -832 -814 -841 -823 -823 -823 -832 -814 -832 -823 -814 -823 -823 -814 -823 -823 -805 -806 -797 -814 -814 -806 -823 -797 -806 -806 -806 -797 -797 -797 -797 -797 -805 -788 -788 -779 -788 -761 -788 -797 -788 -779 -788 -788 -779 -770 -797 -779 -779 -788 -788 -779 -770 -770 -779 -761 -770 -752 -743 -761 -752 -761 -770 -761 -761 -761 -752 -743 -761 -752 -761 -770 -761 -752 -761 -743 -752 -725 -743 -743 -734 -734 -752 -734 -752 -743 -734 -734 -743 -725 -743 -761 -752 -752 -761 -734 -743 -761 -725 -743 -761 -725 -752 -734 -717 -752 -743 -743 -734 -734 -717 -725 -734 -743 -725 -734 -743 -734 -725 -717 -716 -717 -717 -708 -717 -725 -717 -717 -716 -734 -717 -708 -725 -717 -707 -699 -699 -690 -699 -708 -699 -690 -681 -681 -699 -690 -681 -681 -690 -717 -690 -690 -708 -708 -699 -717 -708 -725 -699 -699 -699 -708 -717 -708 -707 -708 -716 -708 -708 -707 -681 -717 -699 -699 -699 -699 -708 -690 -699 -690 -717 -690 -689 -681 -690 -717 -699 -690 -690 -699 -717 -708 -717 -717 -708 -708 -725 -717 -699 -708 -708 -716 -716 -717 -717 -708 -717 -699 -717 -717 -708 -707 -717 -690
-903 -903 -903 -894 -894 -903 -921 -912 -903 -912 -912 -921 -894 -894 -939 -903 -912 -921 -921 -912 -903 -921 -921 -903 -903 -903 -939 -930 -921 -903 -894 -903 -921 -894 -903 -885 -894 -894 -894 -912 -894 -894 -903 -912 -921 -921 -912 -912 -894 -912 -921 -921 -903 -921 -903 -921 -921 -912 -930 -903 -903 -939 -921 -912 -912 -894 -912 -912 -921 -921 -912 -921 -921 -930 -903 -921 -930 -894 -921 -912 -921 -930 -912 -903 -912 -903 -912 -921 -921 -930 -894 -903 -894 -912 -912 -903 -921 -903 -912 -894 -912 -912 -921 -903 -912 -903 -921 -921 -894 -903 -903 -912 -894 -912 -903 -894 -912 -903 -921 -912 -912 -903 -894 -912 -894 -903 -912 -903 -912 -939 -939 -921 -956 -956 -947 -947 -938 -930 -939 -947 -956 -965 -956 -947 -956 -947 -947 -956 -939 -947 -956 -965 -956 -974 -974 -956 -956 -956 -965 -965 -956 -956 -947 -956 -956 -947 -956 -947 -965 -956 -974 -956 -939 -947 -956 -938 -938 -939 -921 -930 -912 -939 -947 -930 -930 -938 -939 -939 -930 -930 -930 -939 -947 -930 -956 -921 -938 -930 -912 -912 -929 -921 -912 -939 -921 -912 -938 -912 -903 -912 -921 -903 -894 -912 -921 -903 -912 -903 -912 -894 -912 -921 -885 -903 -903 -885 -903 -894 -912 -894 -903 -912 -912 -894 -912 -921 -921 -921 -894 -912 -903 -894 -903 -903 -876 -885 -876 -858 -867 -858 -867 -850 -858 -876 -850 -832 -858 -850 -841 -841 -823 -832 -841 -841 -841 -841 -823 -823 -850 -850 -832 -841 -850 -841 -841 -850 -850 -841 -867 -841 -832 -832 -814 -841 -858 -823 -841 -823 -832 -841 -850 -814 -841 -832 -823 -823 -823 -823 -814 -832 -806 -832 -823 -814 -806 -814 -814 -806 -806 -823 -814 -797 -797 -806 -814 -797 -806 -770 -770 -788 -788 -779 -770 -797 -779 -779 -796 -779 -788 -788 -806 -797 -788 -770 -779 -797 -779 -788 -770 -779 -788 -761 -770 -770 -770 -761 -752 -770 -779 -770 -770 -761 -752 -770 -752 -752 -761 -734 -761 -752 -743 -743 -761 -752 -752 -770 -761 -752 -770 -752 -761 -743 -743 -725 -734 -743 -752 -761 -743 -743 -725 -743 -752 -743 -725 -743 -734 -752 -734 -716 -734 -717 -743 -752 -752 -752 -743 -743 -734 -717 -734 -725 -717 -734 -717 -725 -725 -734 -699 -716 -708 -708 -725 -725 -725 -717 -725 -734 -717 -699 -717 -699 -717 -681 -699 -690 -699 -717 -708 -708 -690 -690 -672 -699 -690 -708 -681 -681 -681 -699 -681 -699 -690 -699 -699 -716 -717 -717 -716 -717 -708 -708 -708 -699 -708 -725 -699 -707 -717 -716 -699 -717 -717 -708 -690 -708 -681 -690 -699 -708 -708 -690 -690 -699 -699 -716 -698 -708 -699 -690 -708 -699 -708 -707 -734 -716 -708 -708 -725 -717 -716 -717 -725 -717 -708 -708 -725 -725 -716 -717 -699 -717 -708 -699 -708 -708 -708 -708 -708 -699 -708 -716
-921 -894 -903 -921 -903 -894 -903 -903 -903 -903 -912 -921 -903 -912 -903 -912 -912 -921 -912 -921 -921 -885 -903 -912 -903 -912 -903 -903 -894 -903 -894 -903 -894 -903 -894 -912 -921 -930 -912 -921 -903 -912 -903 -894 -930 -921 -912 -912 -921 -921 -903 -921 -912 -912 -912 -930 -903 -903 -912 -912 -912 -903 -903 -912 -912 -903 -894 -921 -921 -920 -912 -912 -921 -921 -930 -921 -912 -903 -912 -930 -912 -912 -912 -929 -921 -921 -903 -921 -930 -921 -921 -894 -903 -894 -921 -912 -894 -894 -921 -903 -921 -903 -903 -894 -912 -912 -912 -903 -921 -894 -912 -894 -903 -921 -912 -894 -903 -912 -903 -921 -921 -921 -938 -947 -947 -947 -947 -956 -938 -939 -947 -956 -965 -956 -956 -956 -939 -947 -939 -956 -947 -939 -939 -983 -939 -965 -956 -965 -956 -965 -965 -947 -965 -956 -965 -947 -974 -956 -956 -965 -947 -965 -956 -956 -947 -939 -939 -939 -956 -939 -938 -930 -947 -956 -939 -947 -956 -930 -921 -947 -939 -930 -947 -930 -939 -947 -930 -921 -938 -930 -921 -930 -930 -921 -903 -939 -930 -921 -939 -912 -930 -912 -903 -912 -912 -894 -903 -903 -921 -885 -894 -903 -876 -894 -912 -912 -894 -903 -921 -894 -894 -903 -930 -921 -894 -920 -903 -894 -903 -894 -912 -912 -894 -903 -894 -894 -885 -894 -885 -876 -885 -867 -885 -858 -850 -858 -858 -867 -850 -850 -841 -841 -858 -858 -850 -841 -823 -841 -841 -841 -841 -841 -823 -841 -841 -832 -841 -841 -823 -841 -867 -841 -832 -850 -850 -832 -832 -832 -823 -823 -823 -832 -823 -832 -841 -850 -814 -832 -850 -814 -814 -832 -823 -832 -823 -823 -814 -806 -806 -823 -814 -823 -806 -814 -797 -796 -797 -806 -788 -797 -806 -805 -805 -797 -779 -788 -779 -788 -797 -779 -796 -770 -779 -797 -788 -788 -805 -788 -761 -770 -797 -796 -779 -788 -779 -770 -788 -779 -770 -752 -779 -752 -770 -770 -761 -761 -761 -761 -770 -752 -743 -734 -743 -761 -761 -743 -752 -725 -734 -770 -743 -734 -752 -761 -743 -743 -752 -725 -743 -752 -761 -752 -752 -743 -743 -734 -743 -743 -725 -734 -743 -734 -752 -752 -752 -717 -716 -725 -725 -734 -725 -734 -717 -734 -725 -734 -717 -734 -708 -725 -725 -752 -752 -725 -717 -734 -716 -717 -734 -699 -717 -708 -708 -725 -699 -699 -708 -717 -717 -708 -690 -690 -681 -672 -708 -717 -681 -681 -699 -681 -690 -690 -708 -708 -717 -716 -725 -725 -708 -708 -708 -717 -725 -708 -717 -717 -717 -717 -716 -708 -708 -708 -708 -699 -699 -708 -708 -708 -717 -699 -708 -708 -699 -717 -681 -699 -717 -690 -708 -708 -717 -716 -717 -699 -708 -707 -699 -699 -716 -717 -717 -708 -716 -734 -725 -725 -717 -725 -707 -699 -725 -708 -699 -708 -725 -699 -690 -699 -707 -717 -708 -725 -708 -690 -725 -708 -699 -716 -708 -725 -716 -717
-921 -903 -912 -921 -912 -903 -930 -930 -921 -921 -912 -912 -930 -912 -912 -903 -912 -903 -921 -921 -903 -921 -903 -921 -903 -912 -903 -903 -903 -903 -903 -921 -894 -921 -912 -930 -912 -921 -939 -912 -938 -912 -930 -912 -929 -894 -921 -921 -912 -930 -921 -912 -921 -921 -912 -921 -903 -894 -903 -903 -912 -930 -921 -930 -903 -921 -930 -930 -912 -912 -912 -921 -921 -903 -912 -930 -921 -947 -939 -921 -921 -930 -912 -894 -912 -894 -912 -930 -903 -903 -921 -894 -903 -912 -903 -921 -921 -903 -921 -903 -921 -903 -894 -912 -930 -903 -903 -912 -894 -921 -930 -894 -912 -939 -939 -930 -939 -947 -938 -947 -947 -947 -939 -938 -947 -956 -939 -956 -939 -947 -947 -965 -939 -956 -947 -921 -956 -965 -956 -983 -956 -965 -947 -956 -974 -965 -956 -947 -956 -956 -965 -947 -947 -947 -956 -947 -956 -947 -939 -938 -956 -956 -939 -930 -939 -930 -929 -939 -930 -930 -939 -930 -956 -956 -921 -947 -930 -939 -912 -921 -912 -947 -921 -930 -947 -930 -921 -939 -912 -930 -921 -930 -921 -920 -894 -930 -894 -912 -911 -894 -912 -885 -903 -894 -894 -885 -912 -894 -894 -903 -894 -912 -903 -912 -930 -921 -921 -921 -912 -903 -912 -903 -894 -894 -894 -894 -894 -894 -885 -894 -867 -867 -876 -850 -850 -867 -885 -841 -850 -858 -850 -850 -823 -858 -832 -823 -841 -832 -832 -832 -841 -841 -841 -850 -841 -841 -832 -850 -867 -841 -850 -841 -823 -823 -832 -832 -841 -850 -823 -832 -823 -823 -823 -841 -814 -823 -814 -841 -823 -823 -823 -814 -823 -832 -805 -832 -814 -814 -788 -823 -814 -806 -814 -823 -797 -797 -805 -805 -788 -779 -806 -806 -797 -797 -788 -797 -788 -788 -779 -752 -779 -797 -788 -788 -797 -779 -788 -770 -752 -788 -797 -797 -770 -788 -770 -779 -787 -770 -770 -779 -761 -752 -770 -752 -743 -761 -761 -761 -761 -752 -761 -761 -752 -761 -761 -752 -734 -743 -743 -743 -725 -761 -770 -743 -734 -761 -743 -752 -752 -752 -752 -752 -725 -743 -734 -734 -725 -752 -743 -743 -743 -734 -761 -734 -743 -743 -734 -734 -725 -743 -743 -725 -708 -716 -717 -725 -734 -734 -734 -717 -708 -717 -708 -725 -717 -725 -717 -734 -716 -717 -725 -717 -699 -707 -690 -699 -717 -725 -690 -699 -681 -681 -690 -663 -690 -708 -681 -699 -698 -699 -672 -699 -707 -690 -699 -690 -690 -716 -717 -708 -708 -717 -725 -725 -717 -690 -717 -708 -708 -699 -708 -734 -708 -717 -708 -708 -690 -708 -708 -708 -699 -708 -708 -708 -699 -717 -716 -708 -708 -708 -707 -717 -698 -716 -708 -708 -699 -717 -716 -708 -716 -717 -725 -698 -717 -734 -725 -717 -717 -708 -716 -725 -708 -725 -734 -699 -716 -708 -699 -716 -699 -708 -717 -690 -699 -690 -707 -699 -734 -698 -717 -717 -717 -708 -717 -717 -690 -708 -717 -717 -734 -725
-912 -912 -912 -921 -903 -885 -903 -894 -903 -903 -921 -912 -912 -912 -903 -885 -921 -912 -912 -903 -921 -903 -921 -903 -921 -912 -921 -930 -903 -894 -921 -930 -912 -920 -939 -930 -921 -903 -939 -939 -894 -930 -921 -912 -903 -912 -912 -903 -912 -912 -912 -912 -894 -912 -903 -903 -921 -912 -921 -912 -912 -903 -912 -930 -930 -912 -912 -930 -912 -912 -921 -930 -912 -903 -903 -894 -930 -921 -912 -921 -921 -912 -939 -921 -912 -894 -903 -903 -912 -929 -903 -921 -903 -894 -903 -912 -930 -894 -912 -921 -903 -921 -912 -894 -912 -921 -930 -947 -947 -939 -938 -947 -939 -939 -930 -947 -938 -956 -965 -947 -939 -939 -947 -930 -947 -965 -956 -956 -956 -965 -965 -947 -947 -947 -965 -947 -947 -938 -956 -965 -956 -939 -939 -956 -956 -974 -947 -956 -974 -947 -938 -956 -930 -956 -956 -939 -938 -939 -938 -938 -947 -947 -930 -930 -947 -939 -930 -939 -947 -938 -930 -947 -921 -921 -930 -912 -939 -930 -921 -929 -912 -930 -912 -930 -921 -921 -912 -912 -903 -885 -912 -912 -903 -894 -912 -894 -894 -885 -903 -894 -903 -912 -912 -930 -912 -894 -912 -912 -903 -894 -912 -921 -903 -912 -903 -894 -903 -903 -912 -903 -885 -885 -885 -885 -885 -867 -876 -850 -867 -850 -867 -858 -850 -832 -850 -858 -832 -850 -841 -832 -832 -832 -832 -850 -832 -841 -850 -832 -850 -832 -814 -814 -823 -850 -841 -832 -841 -832 -841 -841 -850 -832 -832 -841 -850 -823 -832 -814 -841 -823 -805 -823 -823 -823 -832 -805 -823 -832 -823 -823 -814 -806 -823 -806 -806 -814 -805 -814 -806 -806 -788 -779 -779 -788 -814 -814 -761 -797 -787 -779 -788 -779 -788 -797 -788 -797 -779 -779 -788 -788 -788 -779 -788 -788 -788 -788 -779 -788 -770 -779 -779 -761 -770 -770 -761 -761 -761 -752 -752 -752 -752 -761 -752 -761 -761 -752 -752 -752 -752 -761 -734 -761 -734 -752 -752 -743 -752 -761 -743 -752 -743 -761 -752 -752 -743 -752 -761 -761 -743 -743 -734 -743 -734 -743 -734 -743 -734 -725 -725 -743 -725 -725 -725 -752 -734 -725 -717 -717 -752 -734 -725 -743 -725 -717 -716 -725 -716 -717 -717 -734 -717 -716 -699 -725 -717 -725 -699 -708 -708 -690 -708 -699 -690 -699 -708 -690 -699 -681 -690 -699 -690 -672 -690 -699 -699 -699 -716 -699 -690 -708 -699 -725 -708 -699 -717 -716 -717 -716 -699 -708 -716 -717 -690 -690 -717 -725 -725 -699 -699 -690 -690 -699 -708 -708 -708 -690 -708 -708 -681 -708 -708 -699 -717 -699 -708 -708 -717 -717 -717 -708 -708 -708 -717 -708 -716 -717 -725 -717 -725 -708 -725 -734 -716 -725 -708 -725 -699 -717 -717 -708 -708 -708 -708 -708 -708 -725 -708 -699 -717 -708 -690 -717 -717 -717 -708 -725 -725 -717 -699 -725 -716 -717 -725 -717 -708 -708 -708 -717 -734 -717 -734 -725
-939 -921 -903 -894 -903 -903 -894 -912 -894 -903 -903 -912 -903 -912 -903 -912 -912 -930 -912 -894 -912 -903 -930 -912 -930 -912 -912 -903 -921 -894 -921 -912 -912 -912 -903 -912 -912 -921 -921 -921 -912 -894 -912 -894 -912 -912 -903 -921 -921 -912 -930 -912 -930 -921 -930 -921 -921 -921 -912 -912 -912 -912 -903 -930 -912 -921 -930 -894 -921 -912 -912 -894 -903 -894 -930 -903 -912 -903 -903 -920 -912 -903 -894 -903 -912 -912 -912 -894 -921 -921 -921 -885 -921 -912 -912 -903 -921 -929 -921 -939 -938 -956 -947 -947 -947 -956 -947 -947 -956 -938 -956 -965 -947 -947 -947 -947 -965 -956 -947 -947 -956 -956 -965 -956 -965 -956 -956 -938 -965 -965 -939 -956 -939 -956 -965 -965 -947 -947 -965 -965 -939 -956 -938 -938 -947 -947 -947 -930 -930 -939 -947 -920 -939 -947 -921 -947 -930 -939 -939 -929 -939 -930 -921 -929 -921 -939 -930 -930 -939 -939 -938 -930 -921 -930 -912 -921 -912 -930 -921 -930 -903 -894 -903 -921 -912 -912 -912 -894 -903 -894 -885 -894 -903 -912 -894 -903 -912 -912 -912 -912 -921 -894 -903 -921 -894 -903 -903 -894 -903 -894 -894 -894 -885 -876 -876 -876 -885 -876 -885 -850 -858 -867 -850 -867 -841 -832 -841 -850 -850 -832 -850 -850 -832 -823 -850 -832 -841 -850 -841 -841 -841 -814 -823 -832 -841 -841 -841 -832 -841 -832 -823 -841 -832 -841 -832 -832 -832 -823 -832 -814 -850 -832 -841 -841 -832 -832 -832 -823 -814 -814 -814 -814 -814 -823 -814 -788 -814 -814 -823 -814 -797 -814 -797 -814 -797 -805 -797 -788 -805 -797 -797 -806 -796 -797 -788 -797 -779 -797 -796 -788 -788 -778 -761 -779 -788 -770 -770 -779 -806 -779 -770 -770 -788 -761 -743 -779 -788 -761 -743 -779 -752 -752 -752 -761 -743 -761 -752 -761 -734 -743 -734 -761 -761 -752 -752 -761 -725 -743 -761 -752 -752 -761 -752 -770 -743 -752 -734 -752 -752 -743 -743 -752 -743 -752 -752 -743 -743 -734 -743 -734 -725 -734 -734 -734 -743 -725 -734 -734 -716 -725 -725 -725 -716 -717 -725 -734 -725 -717 -725 -717 -734 -716 -725 -717 -725 -707 -743 -708 -708 -708 -708 -725 -717 -690 -681 -698 -699 -725 -699 -699 -690 -699 -699 -690 -699 -690 -699 -699 -690 -699 -717 -699 -707 -699 -708 -708 -708 -681 -708 -699 -708 -708 -708 -707 -717 -717 -717 -716 -699 -708 -717 -708 -717 -734 -690 -708 -708 -699 -690 -690 -699 -690 -708 -699 -690 -699 -708 -699 -708 -708 -708 -708 -717 -717 -699 -717 -708 -708 -708 -699 -699 -708 -734 -725 -725 -725 -698 -716 -708 -708 -717 -690 -717 -699 -708 -716 -708 -717 -717 -708 -717 -716 -717 -708 -717 -699 -708 -725 -716 -708 -708 -725 -717 -716 -717 -708 -725 -717 -734 -717 -725 -725 -725 -716 -717 -725 -734 -725 -708 -725 -708 -725
-894 -912 -903 -921 -903 -912 -903 -894 -903 -930 -939 -912 -938 -921 -921 -921 -930 -903 -921 -912 -938 -903 -921 -921 -912 -912 -930 -912 -912 -912 -912 -912 -894 -912 -912 -921 -894 -921 -912 -930 -912 -921 -921 -912 -912 -930 -921 -912 -921 -930 -912 -930 -930 -903 -930 -921 -912 -903 -920 -930 -921 -921 -912 -912 -921 -912 -903 -912 -912 -921 -912 -903 -903 -912 -912 -903 -903 -912 -912 -903 -912 -912 -912 -929 -912 -903 -894 -947 -939 -912 -930 -939 -939 -947 -956 -939 -956 -947 -974 -956 -965 -947 -956 -938 -939 -947 -965 -947 -947 -965 -974 -965 -956 -965 -956 -965 -956 -983 -965 -956 -956 -956 -956 -947 -983 -965 -956 -956 -947 -938 -965 -947 -939 -947 -947 -956 -930 -939 -939 -930 -956 -930 -939 -947 -938 -930 -930 -939 -930 -938 -939 -912 -939 -930 -939 -930 -930 -921 -939 -921 -939 -921 -947 -939 -930 -930 -930 -903 -903 -921 -930 -912 -912 -903 -903 -903 -912 -912 -903 -912 -903 -885 -885 -903 -903 -903 -903 -912 -894 -921 -903 -903 -903 -894 -912 -912 -903 -912 -894 -912 -876 -894 -894 -885 -894 -894 -876 -858 -867 -867 -885 -867 -867 -867 -867 -858 -850 -832 -841 -850 -850 -841 -841 -841 -841 -814 -850 -823 -841 -850 -850 -850 -841 -832 -832 -832 -841 -832 -841 -832 -823 -832 -841 -858 -814 -823 -832 -841 -814 -814 -841 -841 -823 -814 -832 -832 -832 -832 -823 -823 -841 -832 -814 -814 -814 -823 -806 -814 -814 -788 -814 -814 -805 -806 -797 -796 -788 -796 -797 -797 -806 -797 -788 -779 -779 -797 -788 -770 -770 -770 -779 -788 -788 -788 -788 -761 -788 -779 -761 -770 -779 -770 -770 -770 -770 -761 -770 -770 -761 -761 -788 -743 -752 -779 -761 -752 -743 -752 -770 -761 -752 -770 -770 -743 -752 -761 -752 -761 -743 -752 -761 -770 -752 -743 -734 -743 -734 -752 -761 -752 -734 -743 -743 -725 -752 -743 -743 -743 -752 -734 -752 -734 -734 -734 -725 -743 -743 -725 -717 -717 -734 -743 -725 -725 -725 -725 -734 -717 -725 -734 -743 -734 -717 -725 -734 -708 -699 -716 -717 -725 -707 -699 -708 -725 -699 -690 -699 -699 -708 -690 -699 -690 -707 -690 -699 -699 -699 -708 -699 -690 -699 -717 -699 -708 -717 -699 -708 -699 -717 -708 -725 -708 -717 -699 -690 -707 -681 -717 -708 -716 -717 -699 -708 -716 -708 -690 -708 -699 -699 -699 -690 -690 -717 -690 -708 -717 -699 -698 -690 -708 -708 -708 -699 -734 -717 -708 -717 -717 -725 -716 -717 -717 -716 -699 -716 -717 -725 -725 -708 -699 -708 -708 -717 -708 -717 -717 -681 -708 -699 -690 -708 -707 -725 -734 -725 -716 -717 -708 -725 -708 -717 -716 -717 -708 -716 -725 -725 -725 -734 -734 -725 -725 -708 -743 -725 -716 -708 -708 -708 -717 -717 -699 -708 -717 -725 -717 -716 -717 -734 -725 -725 -708
-921 -912 -930 -912 -921 -903 -921 -903 -939 -930 -921 -930 -903 -903 -921 -912 -939 -903 -921 -903 -930 -903 -912 -912 -930 -912 -903 -921 -894 -921 -912 -912 -939 -930 -912 -903 -939 -921 -921 -930 -903 -912 -912 -930 -930 -921 -912 -921 -903 -903 -930 -912 -903 -912 -921 -930 -912 -894 -921 -894 -939 -912 -921 -912 -912 -930 -912 -894 -903 -912 -894 -912 -903 -903 -912 -885 -921 -921 -903 -912 -939 -930 -939 -947 -921 -947 -947 -947 -974 -947 -956 -947 -939 -939 -939 -939 -965 -939 -956 -930 -947 -947 -956 -983 -956 -965 -947 -965 -956 -939 -974 -965 -956 -974 -947 -956 -965 -965 -947 -947 -965 -947 -974 -956 -947 -947 -974 -930 -947 -947 -947 -921 -939 -939 -947 -921 -930 -939 -939 -939 -921 -938 -921 -938 -956 -930 -938 -921 -947 -930 -939 -903 -912 -939 -930 -938 -921 -921 -939 -921 -903 -921 -939 -894 -894 -912 -912 -939 -912 -894 -903 -903 -903 -894 -903 -912 -903 -894 -903 -912 -912 -903 -903 -894 -930 -912 -912 -921 -912 -903 -903 -894 -885 -903 -894 -894 -876 -894 -885 -867 -858 -876 -876 -876 -867 -885 -858 -858 -858 -858 -850 -850 -823 -832 -841 -832 -850 -841 -832 -832 -858 -841 -841 -850 -841 -850 -832 -841 -841 -850 -832 -850 -832 -841 -841 -832 -823 -832 -832 -832 -841 -841 -814 -823 -841 -823 -823 -814 -832 -823 -823 -823 -814 -832 -814 -814 -814 -805 -832 -797 -814 -814 -814 -814 -797 -788 -788 -797 -797 -805 -779 -797 -770 -788 -797 -797 -806 -796 -788 -779 -806 -797 -788 -779 -770 -770 -788 -761 -797 -788 -761 -779 -779 -770 -788 -797 -779 -761 -788 -770 -761 -761 -761 -770 -752 -761 -770 -761 -761 -761 -770 -761 -743 -761 -752 -752 -743 -761 -734 -752 -725 -770 -743 -752 -752 -761 -761 -752 -743 -752 -743 -752 -743 -752 -743 -734 -779 -725 -743 -761 -752 -743 -743 -743 -725 -716 -725 -725 -725 -761 -743 -734 -734 -734 -734 -716 -725 -734 -743 -725 -725 -716 -716 -725 -743 -725 -725 -708 -725 -717 -725 -716 -708 -690 -699 -690 -699 -690 -699 -690 -708 -690 -708 -708 -690 -690 -690 -699 -699 -690 -699 -699 -699 -725 -716 -708 -708 -708 -734 -708 -725 -699 -725 -716 -716 -725 -708 -725 -708 -707 -708 -690 -717 -708 -708 -699 -699 -708 -716 -717 -708 -708 -690 -699 -708 -699 -699 -699 -725 -681 -699 -699 -716 -716 -690 -716 -717 -716 -717 -725 -734 -717 -725 -716 -725 -708 -717 -725 -725 -708 -717 -690 -708 -716 -708 -708 -699 -708 -708 -716 -690 -708 -708 -717 -716 -707 -725 -716 -699 -725 -725 -725 -725 -734 -708 -707 -716 -734 -725 -717 -699 -725 -734 -716 -708 -725 -716 -717 -717 -717 -717 -734 -725 -708 -707 -725 -717 -734 -725 -717 -725 -734 -734 -725 -708 -717 -717 -734 -725 -734 -734 -743
-930 -939 -903 -921 -930 -930 -921 -921 -921 -921 -903 -912 -921 -912 -912 -921 -912 -912 -903 -912 -912 -912 -912 -903 -930 -921 -921 -921 -921 -911 -930 -912 -912 -903 -930 -912 -894 -912 -912 -903 -939 -912 -921 -921 -921 -903 -903 -903 -930 -912 -912 -912 -939 -912 -894 -894 -903 -903 -912 -930 -903 -930 -930 -903 -903 -894 -912 -912 -894 -912 -938 -938 -912 -921 -947 -947 -947 -947 -939 -956 -947 -947 -956 -965 -965 -956 -965 -939 -956 -956 -939 -965 -939 -956 -956 -939 -956 -947 -965 -947 -947 -956 -974 -974 -956 -974 -956 -956 -956 -956 -965 -956 -965 -956 -939 -930 -965 -947 -947 -947 -947 -938 -939 -939 -947 -947 -947 -947 -947 -938 -939 -939 -930 -929 -930 -939 -938 -930 -930 -939 -921 -912 -939 -930 -930 -930 -930 -921 -930 -930 -912 -921 -903 -912 -903 -894 -912 -903 -894 -903 -912 -912 -894 -894 -894 -912 -912 -912 -912 -912 -912 -912 -921 -894 -894 -921 -903 -921 -930 -921 -912 -894 -903 -894 -894 -921 -894 -876 -876 -894 -894 -867 -885 -885 -867 -867 -858 -850 -867 -841 -858 -867 -850 -850 -858 -832 -841 -832 -832 -850 -850 -841 -858 -841 -850 -823 -850 -850 -832 -850 -841 -823 -850 -850 -832 -841 -823 -823 -841 -841 -832 -823 -841 -832 -841 -832 -841 -850 -832 -823 -832 -823 -814 -823 -823 -823 -832 -832 -814 -823 -814 -814 -806 -797 -814 -832 -805 -806 -806 -806 -806 -797 -806 -814 -797 -797 -779 -788 -797 -788 -779 -797 -806 -788 -788 -797 -788 -788 -806 -797 -770 -797 -788 -788 -770 -770 -770 -779 -779 -788 -779 -761 -752 -770 -752 -788 -770 -770 -778 -761 -761 -761 -788 -761 -761 -752 -752 -752 -752 -752 -752 -752 -752 -761 -761 -761 -761 -752 -734 -743 -761 -743 -725 -743 -734 -752 -752 -743 -752 -761 -734 -734 -743 -752 -752 -734 -734 -734 -743 -734 -725 -734 -734 -725 -725 -725 -708 -752 -743 -743 -743 -743 -725 -725 -734 -708 -725 -725 -716 -734 -725 -734 -717 -717 -708 -717 -725 -708 -708 -717 -699 -708 -708 -699 -681 -690 -708 -699 -681 -681 -681 -707 -690 -708 -717 -690 -699 -717 -717 -708 -716 -717 -717 -725 -708 -717 -708 -699 -725 -708 -699 -690 -717 -708 -725 -725 -690 -699 -699 -716 -717 -708 -690 -708 -716 -690 -708 -690 -699 -690 -699 -699 -708 -699 -699 -716 -708 -708 -716 -707 -708 -699 -734 -717 -717 -734 -725 -716 -717 -690 -717 -708 -708 -716 -708 -716 -708 -717 -699 -708 -708 -716 -708 -708 -717 -717 -707 -725 -734 -699 -734 -717 -734 -725 -743 -725 -725 -734 -717 -725 -725 -725 -743 -725 -725 -725 -717 -734 -725 -708 -717 -725 -690 -725 -708 -717 -708 -725 -725 -708 -716 -717 -725 -725 -725 -708 -734 -725 -725 -734 -743 -734 -734 -725 -725 -734 -716 -734 -743 -725 -717 -734
-939 -894 -930 -921 -912 -903 -930 -912 -903 -903 -930 -921 -912 -903 -938 -930 -939 -912 -921 -921 -921 -921 -930 -903 -921 -894 -921 -903 -903 -939 -929 -921 -912 -903 -921 -903 -903 -912 -912 -921 -903 -921 -903 -912 -912 -912 -929 -930 -930 -903 -912 -903 -921 -912 -903 -894 -912 -912 -921 -912 -876 -903 -903 -930 -921 -939 -938 -938 -947 -938 -947 -947 -939 -930 -938 -965 -947 -939 -947 -947 -965 -956 -947 -947 -939 -956 -947 -947 -983 -974 -938 -965 -965 -983 -965 -965 -965 -956 -983 -965 -983 -939 -965 -947 -947 -947 -947 -956 -939 -956 -947 -929 -956 -947 -956 -947 -939 -939 -939 -930 -939 -939 -947 -930 -939 -938 -930 -947 -939 -939 -939 -930 -930 -912 -921 -939 -938 -939 -930 -921 -912 -939 -903 -921 -939 -903 -903 -894 -903 -903 -912 -903 -920 -903 -903 -894 -903 -903 -903 -885 -903 -894 -921 -920 -921 -921 -912 -912 -921 -930 -894 -921 -912 -894 -894 -912 -903 -912 -903 -903 -903 -885 -876 -885 -867 -885 -876 -867 -876 -850 -850 -867 -832 -858 -850 -850 -858 -858 -850 -850 -841 -858 -841 -832 -841 -823 -841 -850 -850 -850 -841 -850 -850 -832 -850 -832 -832 -841 -841 -832 -832 -832 -823 -832 -814 -841 -841 -841 -823 -823 -814 -841 -823 -814 -841 -841 -832 -823 -814 -823 -832 -814 -814 -823 -832 -814 -823 -788 -806 -814 -806 -796 -797 -814 -806 -814 -797 -797 -806 -779 -797 -779 -806 -779 -797 -805 -779 -788 -779 -797 -770 -778 -779 -761 -788 -770 -770 -788 -779 -761 -761 -788 -761 -779 -788 -761 -770 -761 -752 -761 -770 -761 -752 -761 -761 -752 -734 -752 -761 -761 -761 -752 -752 -743 -743 -761 -734 -761 -752 -761 -743 -752 -752 -761 -743 -743 -761 -734 -743 -752 -752 -761 -734 -734 -761 -734 -770 -761 -743 -725 -734 -725 -734 -752 -725 -743 -734 -716 -734 -725 -725 -725 -734 -734 -725 -734 -734 -716 -725 -717 -716 -734 -707 -717 -708 -725 -708 -699 -707 -708 -690 -716 -699 -690 -699 -690 -690 -708 -681 -681 -690 -708 -699 -690 -681 -708 -699 -699 -725 -717 -699 -690 -699 -725 -708 -717 -717 -717 -708 -699 -699 -708 -708 -725 -699 -690 -708 -699 -717 -708 -725 -717 -699 -690 -699 -699 -717 -699 -708 -699 -708 -708 -708 -708 -717 -717 -690 -725 -708 -717 -717 -699 -725 -725 -734 -717 -708 -734 -717 -708 -708 -717 -717 -716 -717 -725 -717 -716 -708 -717 -708 -717 -717 -699 -699 -699 -699 -717 -708 -708 -717 -734 -725 -725 -717 -734 -717 -725 -708 -699 -725 -725 -717 -717 -725 -717 -734 -734 -699 -725 -725 -716 -708 -717 -725 -717 -717 -717 -717 -725 -725 -734 -699 -717 -708 -725 -734 -717 -717 -725 -743 -743 -725 -725 -734 -752 -708 -734 -725 -761 -743 -734 -717 -725 -734 -743 -717 -717 -734 -734 -743 -743
-921 -939 -894 -921 -921 -912 -930 -912 -921 -939 -930 -921 -921 -930 -930 -929 -930 -930 -912 -930 -921 -912 -921 -921 -903 -903 -912 -930 -903 -912 -894 -903 -912 -921 -912 -903 -912 -921 -894 -903 -903 -912 -921 -894 -903 -921 -894 -894 -894 -903 -903 -912 -912 -903 -921 -930 -930 -930 -921 -947 -956 -947 -965 -965 -938 -947 -956 -947 -938 -956 -956 -938 -947 -939 -939 -947 -947 -947 -956 -965 -965 -965 -947 -974 -956 -974 -974 -956 -965 -965 -938 -974 -947 -956 -947 -947 -947 -938 -974 -956 -938 -947 -939 -947 -947 -947 -938 -939 -939 -947 -930 -938 -930 -947 -938 -947 -947 -947 -930 -930 -939 -930 -938 -939 -947 -938 -938 -930 -930 -939 -939 -930 -930 -929 -903 -921 -912 -921 -894 -912 -929 -912 -930 -912 -912 -903 -903 -912 -894 -903 -903 -894 -912 -903 -921 -903 -912 -921 -912 -894 -938 -921 -912 -921 -903 -903 -894 -903 -903 -885 -894 -903 -885 -894 -894 -885 -885 -867 -867 -876 -850 -858 -867 -850 -858 -850 -850 -841 -823 -841 -850 -850 -841 -850 -850 -850 -823 -850 -850 -841 -832 -850 -850 -850 -832 -850 -841 -832 -858 -850 -832 -832 -805 -850 -850 -814 -832 -832 -832 -841 -832 -823 -806 -832 -832 -823 -814 -832 -814 -823 -823 -823 -832 -832 -806 -806 -806 -806 -788 -806 -814 -814 -814 -806 -797 -797 -788 -788 -788 -797 -788 -770 -779 -779 -797 -806 -779 -779 -797 -779 -797 -770 -779 -788 -779 -796 -797 -788 -761 -770 -770 -779 -779 -770 -761 -788 -761 -788 -752 -761 -761 -761 -761 -761 -779 -752 -770 -743 -761 -761 -743 -761 -761 -761 -743 -779 -770 -788 -761 -752 -761 -761 -743 -743 -752 -725 -734 -752 -770 -734 -734 -743 -734 -743 -752 -752 -743 -725 -725 -734 -743 -717 -717 -743 -717 -717 -717 -725 -734 -717 -717 -743 -743 -734 -734 -717 -734 -725 -734 -743 -725 -717 -717 -717 -725 -725 -743 -725 -708 -725 -690 -716 -717 -708 -708 -690 -690 -690 -690 -690 -699 -681 -699 -690 -699 -690 -708 -681 -708 -708 -707 -725 -690 -725 -699 -699 -716 -717 -717 -717 -708 -708 -717 -708 -708 -717 -708 -717 -708 -717 -717 -716 -699 -717 -717 -717 -708 -708 -708 -708 -717 -699 -690 -708 -690 -708 -708 -708 -725 -716 -708 -717 -725 -708 -734 -708 -734 -725 -717 -717 -699 -708 -725 -717 -716 -717 -717 -708 -717 -699 -690 -699 -708 -725 -707 -699 -717 -708 -707 -716 -717 -681 -717 -708 -708 -717 -725 -708 -725 -716 -717 -725 -707 -708 -725 -725 -725 -717 -708 -708 -725 -717 -716 -725 -716 -699 -734 -717 -717 -725 -699 -717 -717 -717 -717 -725 -725 -743 -708 -717 -725 -699 -725 -725 -725 -734 -734 -752 -725 -743 -734 -743 -734 -725 -734 -734 -717 -734 -725 -725 -716 -725 -725 -717 -725 -717 -734 -734 -725 -717 -725 -717
-930 -939 -912 -930 -939 -912 -921 -921 -903 -930 -921 -903 -930 -912 -921 -912 -930 -912 -903 -912 -912 -903 -903 -894 -912 -912 -903 -912 -903 -921 -912 -912 -912 -903 -903 -903 -912 -903 -903 -903 -912 -912 -921 -921 -912 -921 -930 -912 -938 -938 -921 -939 -939 -947 -930 -956 -947 -939 -956 -956 -939 -956 -956 -956 -956 -939 -947 -947 -956 -965 -956 -965 -956 -956 -965 -965 -974 -938 -956 -965 -983 -965 -965 -965 -956 -939 -947 -947 -939 -939 -939 -947 -965 -965 -939 -939 -938 -947 -939 -939 -939 -939 -930 -930 -939 -939 -947 -930 -930 -930 -921 -930 -938 -947 -938 -956 -939 -921 -929 -921 -929 -939 -947 -947 -921 -939 -938 -903 -930 -912 -921 -912 -912 -921 -885 -912 -921 -912 -930 -912 -912 -903 -921 -912 -903 -912 -894 -903 -912 -912 -894 -921 -912 -912 -921 -912 -903 -903 -894 -912 -894 -894 -894 -894 -894 -876 -894 -876 -867 -858 -841 -850 -876 -885 -850 -850 -850 -858 -850 -850 -832 -841 -841 -832 -850 -850 -850 -841 -841 -832 -823 -858 -850 -850 -858 -823 -823 -841 -841 -832 -832 -850 -832 -841 -823 -832 -841 -850 -832 -841 -832 -850 -832 -850 -832 -832 -823 -841 -832 -841 -814 -823 -814 -806 -814 -841 -823 -841 -823 -814 -805 -806 -823 -805 -814 -814 -814 -806 -797 -805 -806 -806 -797 -805 -797 -788 -770 -779 -779 -788 -770 -770 -797 -788 -779 -788 -788 -788 -797 -779 -788 -779 -779 -779 -770 -770 -779 -770 -761 -761 -788 -770 -770 -752 -770 -752 -761 -761 -761 -761 -743 -734 -743 -734 -752 -752 -770 -752 -761 -743 -761 -770 -761 -752 -752 -752 -752 -770 -734 -743 -770 -734 -761 -752 -734 -743 -734 -752 -734 -717 -734 -743 -743 -743 -743 -734 -734 -716 -717 -734 -734 -752 -725 -725 -725 -725 -752 -734 -725 -725 -725 -717 -725 -717 -725 -725 -725 -725 -716 -708 -708 -725 -717 -716 -699 -707 -708 -708 -681 -698 -699 -690 -707 -699 -672 -681 -690 -690 -708 -708 -708 -699 -717 -708 -708 -708 -708 -708 -716 -717 -707 -717 -717 -708 -717 -699 -708 -725 -681 -708 -708 -708 -699 -707 -699 -708 -699 -681 -681 -699 -699 -699 -708 -699 -699 -699 -690 -690 -690 -717 -717 -699 -717 -725 -699 -716 -725 -717 -717 -734 -717 -708 -734 -717 -734 -725 -717 -717 -708 -699 -717 -717 -708 -717 -717 -708 -716 -708 -717 -708 -681 -717 -708 -708 -717 -699 -725 -716 -708 -708 -725 -734 -717 -708 -725 -725 -725 -725 -716 -725 -717 -725 -725 -717 -690 -717 -716 -699 -716 -717 -708 -708 -725 -725 -743 -734 -717 -717 -708 -725 -708 -717 -734 -725 -725 -734 -734 -717 -717 -743 -734 -725 -743 -743 -717 -725 -708 -734 -734 -734 -717 -716 -734 -725 -725 -725 -716 -743 -725 -734 -725 -734 -717 -716 -716 -716 -725 -734 -734 -734 -725 -743
-930 -930 -930 -930 -912 -921 -903 -894 -921 -903 -912 -912 -903 -912 -903 -930 -894 -929 -912 -912 -921 -921 -894 -912 -912 -903 -912 -921 -929 -894 -921 -921 -912 -930 -894 -921 -921 -903 -921 -939 -930 -930 -930 -947 -947 -939 -947 -938 -939 -929 -965 -956 -947 -956 -956 -956 -947 -938 -938 -956 -965 -947 -947 -956 -956 -956 -956 -965 -974 -974 -947 -956 -947 -965 -974 -956 -947 -956 -956 -965 -947 -947 -938 -947 -947 -947 -956 -974 -965 -947 -930 -947 -938 -939 -938 -938 -939 -921 -929 -947 -921 -938 -939 -956 -929 -956 -930 -930 -921 -930 -921 -921 -939 -930 -930 -921 -930 -939 -938 -912 -930 -903 -930 -912 -912 -912 -894 -921 -921 -903 -903 -912 -903 -903 -903 -912 -903 -903 -912 -903 -903 -903 -921 -903 -920 -912 -912 -894 -903 -921 -930 -894 -894 -903 -894 -885 -885 -903 -885 -876 -867 -867 -867 -867 -858 -867 -858 -858 -858 -858 -858 -858 -858 -841 -832 -850 -858 -841 -841 -841 -850 -850 -850 -841 -841 -832 -850 -850 -841 -841 -841 -832 -850 -832 -832 -841 -832 -814 -832 -841 -858 -832 -841 -823 -841 -850 -841 -814 -832 -823 -832 -814 -832 -832 -814 -806 -814 -814 -823 -797 -814 -806 -806 -823 -797 -796 -797 -788 -806 -796 -797 -797 -779 -796 -797 -779 -814 -788 -788 -797 -797 -770 -788 -779 -806 -779 -788 -770 -797 -788 -770 -788 -779 -797 -779 -797 -770 -770 -761 -761 -788 -770 -770 -761 -788 -743 -770 -752 -752 -770 -752 -752 -752 -752 -752 -761 -761 -752 -761 -752 -761 -761 -761 -743 -761 -734 -743 -752 -752 -743 -761 -752 -743 -743 -743 -752 -734 -752 -743 -734 -734 -734 -743 -734 -743 -761 -743 -752 -725 -743 -734 -743 -761 -725 -752 -734 -725 -717 -725 -743 -734 -717 -717 -725 -734 -725 -725 -725 -708 -734 -725 -717 -708 -734 -699 -699 -699 -690 -699 -690 -681 -699 -681 -699 -690 -708 -699 -690 -708 -699 -708 -690 -699 -699 -699 -717 -708 -716 -699 -699 -708 -717 -708 -717 -708 -716 -708 -708 -725 -708 -699 -708 -708 -725 -699 -699 -717 -690 -708 -708 -716 -725 -699 -708 -699 -717 -708 -699 -725 -716 -725 -716 -725 -708 -708 -717 -708 -717 -717 -717 -716 -725 -717 -699 -725 -707 -717 -716 -699 -708 -725 -725 -716 -717 -717 -717 -725 -699 -699 -717 -716 -734 -725 -717 -716 -725 -708 -716 -725 -717 -725 -734 -725 -716 -734 -734 -708 -717 -716 -708 -716 -734 -734 -708 -725 -725 -717 -725 -734 -708 -716 -717 -717 -708 -725 -725 -743 -708 -699 -717 -717 -725 -708 -716 -725 -725 -725 -761 -734 -716 -734 -743 -717 -725 -734 -725 -734 -734 -725 -717 -734 -708 -734 -717 -725 -752 -717 -725 -717 -725 -708 -734 -725 -743 -717 -725 -725 -725 -761 -717 -734 -725 -743 -725 -752 -743 -752 -761 -752 -725 -725 -743
-912 -921 -912 -930 -930 -903 -903 -894 -885 -903 -903 -903 -912 -903 -930 -903 -912 -903 -930 -903 -921 -912 -903 -912 -894 -912 -921 -921 -894 -930 -930 -930 -930 -939 -930 -947 -939 -947 -939 -965 -947 -956 -938 -956 -965 -956 -947 -939 -939 -965 -965 -947 -947 -956 -965 -938 -956 -947 -965 -965 -965 -974 -965 -965 -956 -965 -956 -965 -956 -947 -965 -939 -947 -947 -947 -938 -939 -947 -956 -947 -947 -947 -947 -965 -956 -939 -921 -938 -947 -939 -930 -947 -930 -921 -929 -930 -929 -947 -947 -930 -930 -930 -930 -947 -938 -921 -938 -921 -930 -930 -947 -921 -921 -912 -921 -912 -912 -921 -930 -912 -903 -912 -894 -912 -903 -903 -911 -885 -885 -912 -921 -894 -894 -885 -930 -912 -903 -921 -921 -894 -930 -921 -921 -903 -903 -894 -885 -903 -894 -876 -885 -885 -867 -876 -876 -858 -850 -850 -841 -867 -850 -858 -867 -841 -850 -850 -832 -850 -850 -832 -841 -850 -841 -832 -841 -823 -841 -841 -850 -832 -841 -850 -858 -850 -841 -841 -832 -841 -841 -841 -832 -841 -814 -832 -832 -832 -841 -832 -832 -832 -832 -823 -832 -814 -832 -814 -841 -806 -823 -806 -806 -823 -832 -806 -814 -814 -805 -779 -805 -797 -788 -806 -796 -797 -788 -797 -788 -779 -814 -788 -797 -779 -797 -770 -805 -796 -788 -779 -779 -797 -797 -797 -778 -779 -779 -770 -779 -761 -779 -779 -761 -761 -743 -752 -761 -761 -761 -761 -770 -752 -761 -761 -743 -761 -761 -743 -743 -761 -761 -761 -761 -761 -761 -770 -752 -752 -752 -734 -752 -761 -725 -752 -770 -761 -752 -743 -743 -743 -743 -743 -743 -734 -725 -743 -743 -725 -752 -743 -716 -743 -725 -752 -725 -761 -725 -734 -743 -734 -717 -725 -725 -743 -725 -725 -725 -725 -734 -717 -725 -725 -725 -734 -717 -717 -717 -699 -716 -717 -708 -699 -708 -699 -708 -708 -708 -699 -672 -699 -699 -672 -708 -690 -725 -699 -699 -699 -699 -699 -717 -708 -717 -725 -716 -708 -717 -699 -708 -717 -690 -717 -734 -690 -716 -699 -708 -708 -717 -708 -717 -717 -699 -690 -699 -717 -690 -717 -717 -699 -725 -699 -708 -717 -716 -717 -716 -743 -717 -717 -725 -734 -734 -725 -708 -708 -708 -725 -717 -725 -717 -708 -725 -717 -708 -699 -708 -707 -699 -725 -699 -716 -699 -717 -699 -717 -699 -708 -708 -717 -725 -717 -699 -716 -717 -725 -717 -725 -725 -707 -725 -725 -708 -708 -725 -716 -734 -725 -707 -716 -717 -708 -725 -725 -717 -717 -699 -717 -716 -717 -699 -725 -717 -717 -717 -734 -725 -734 -725 -734 -725 -725 -716 -725 -743 -725 -734 -725 -743 -716 -734 -725 -717 -725 -725 -716 -734 -734 -752 -734 -716 -717 -716 -725 -725 -734 -725 -752 -717 -734 -734 -725 -734 -734 -725 -752 -743 -743 -743 -734 -752 -734 -752 -752 -725 -725 -743 -734 -734 -743 -734 -734 -743 -743
-912 -912 -912 -930 -903 -894 -912 -921 -903 -903 -903 -894 -903 -912 -912 -921 -912 -921 -894 -912 -903 -930 -930 -912 -947 -930 -939 -930 -956 -956 -965 -956 -956 -939 -938 -956 -947 -956 -965 -956 -947 -965 -956 -974 -930 -983 -965 -965 -938 -974 -965 -974 -956 -956 -956 -965 -983 -956 -965 -947 -974 -939 -947 -974 -965 -956 -939 -938 -947 -930 -956 -947 -947 -939 -965 -938 -938 -939 -947 -921 -938 -947 -939 -947 -939 -939 -930 -921 -903 -939 -947 -921 -939 -929 -939 -921 -921 -938 -947 -938 -920 -920 -930 -921 -930 -929 -930 -894 -912 -912 -930 -912 -912 -903 -903 -912 -903 -903 -912 -903 -903 -911 -903 -903 -912 -912 -903 -921 -903 -912 -912 -903 -894 -921 -903 -903 -894 -894 -885 -885 -885 -903 -876 -876 -876 -867 -876 -885 -858 -858 -850 -858 -850 -850 -841 -850 -850 -850 -850 -841 -823 -832 -850 -841 -841 -850 -850 -841 -850 -841 -823 -841 -858 -858 -832 -858 -841 -841 -832 -850 -814 -832 -823 -858 -841 -841 -823 -841 -814 -832 -814 -841 -841 -841 -814 -823 -832 -841 -823 -814 -814 -823 -806 -814 -805 -806 -814 -814 -806 -805 -788 -806 -797 -797 -797 -797 -814 -814 -779 -797 -797 -779 -806 -788 -779 -797 -770 -788 -779 -806 -788 -779 -788 -788 -770 -770 -779 -770 -779 -779 -770 -779 -761 -752 -779 -770 -770 -761 -761 -770 -752 -752 -761 -752 -761 -770 -752 -752 -761 -743 -752 -743 -743 -734 -761 -743 -752 -743 -752 -752 -752 -752 -761 -752 -752 -761 -752 -752 -752 -734 -752 -770 -743 -752 -734 -725 -725 -743 -752 -752 -752 -717 -743 -743 -734 -761 -725 -725 -725 -725 -734 -716 -734 -717 -716 -725 -743 -734 -743 -743 -725 -725 -734 -717 -717 -717 -717 -699 -699 -699 -716 -699 -708 -681 -699 -708 -681 -699 -690 -672 -681 -717 -699 -708 -708 -708 -708 -707 -708 -708 -699 -717 -717 -734 -708 -717 -716 -716 -708 -716 -716 -725 -717 -717 -708 -699 -716 -708 -699 -725 -717 -690 -690 -690 -708 -690 -699 -708 -690 -717 -690 -690 -699 -717 -725 -699 -699 -707 -708 -734 -734 -717 -716 -725 -725 -717 -734 -725 -699 -717 -725 -707 -716 -708 -725 -716 -734 -717 -708 -699 -716 -717 -699 -707 -717 -716 -717 -717 -708 -708 -734 -717 -716 -717 -734 -725 -725 -725 -725 -717 -725 -725 -725 -717 -734 -725 -725 -716 -717 -725 -717 -717 -717 -743 -717 -708 -717 -717 -708 -716 -717 -725 -725 -716 -725 -743 -717 -717 -717 -725 -717 -725 -725 -734 -725 -752 -725 -734 -717 -734 -752 -743 -752 -725 -743 -743 -743 -725 -725 -725 -734 -717 -717 -725 -734 -725 -725 -734 -734 -725 -734 -734 -725 -734 -734 -734 -734 -743 -752 -743 -734 -752 -725 -725 -725 -743 -734 -725 -752 -752 -743 -743 -734 -761 -743 -743 -743 -752 -752 -743 -743 -743
-912 -921 -912 -930 -921 -939 -921 -912 -921 -921 -930 -930 -894 -912 -930 -939 -930 -929 -930 -939 -947 -965 -930 -939 -947 -965 -956 -974 -965 -938 -956 -965 -974 -939 -956 -965 -947 -956 -956 -956 -974 -965 -965 -956 -974 -956 -956 -947 -947 -947 -965 -938 -956 -956 -947 -965 -965 -947 -965 -983 -956 -956 -965 -947 -947 -930 -947 -921 -938 -921 -947 -939 -938 -938 -956 -956 -939 -939 -938 -930 -938 -938 -939 -930 -929 -921 -930 -947 -938 -947 -947 -930 -921 -930 -921 -921 -921 -921 -930 -912 -912 -903 -903 -894 -903 -912 -894 -903 -903 -903 -903 -912 -903 -912 -921 -903 -903 -903 -921 -921 -894 -912 -921 -894 -894 -912 -894 -912 -903 -903 -912 -894 -894 -894 -885 -903 -876 -867 -867 -858 -867 -876 -867 -850 -850 -850 -850 -850 -850 -850 -841 -823 -832 -850 -850 -841 -832 -841 -850 -841 -841 -832 -832 -832 -841 -850 -841 -832 -850 -832 -814 -841 -841 -841 -841 -850 -832 -832 -823 -823 -858 -832 -832 -841 -832 -823 -806 -832 -814 -806 -823 -832 -823 -814 -823 -823 -823 -806 -823 -805 -814 -806 -805 -806 -814 -797 -788 -797 -779 -814 -788 -788 -788 -788 -788 -788 -797 -788 -788 -814 -796 -779 -779 -797 -788 -788 -788 -779 -779 -779 -779 -770 -797 -779 -770 -787 -788 -761 -761 -752 -770 -761 -770 -779 -752 -752 -761 -752 -743 -761 -761 -779 -761 -761 -761 -752 -743 -734 -734 -752 -743 -734 -752 -761 -761 -752 -752 -752 -734 -743 -761 -725 -734 -752 -734 -725 -752 -743 -734 -752 -752 -743 -743 -743 -761 -725 -725 -752 -717 -734 -725 -725 -752 -725 -752 -716 -716 -752 -743 -734 -725 -717 -717 -716 -708 -717 -734 -708 -716 -708 -708 -708 -689 -708 -699 -699 -717 -717 -690 -690 -699 -717 -699 -699 -708 -690 -708 -699 -717 -717 -716 -725 -708 -716 -699 -717 -708 -707 -708 -708 -717 -717 -716 -708 -717 -734 -717 -708 -708 -708 -717 -690 -716 -708 -716 -717 -717 -699 -690 -699 -699 -690 -699 -725 -717 -707 -699 -699 -699 -717 -717 -717 -725 -717 -725 -725 -717 -717 -725 -708 -725 -717 -734 -716 -708 -725 -708 -708 -717 -699 -725 -717 -699 -699 -725 -725 -725 -725 -690 -699 -725 -717 -699 -717 -725 -708 -708 -716 -717 -717 -716 -708 -725 -717 -725 -734 -734 -734 -717 -725 -743 -699 -708 -717 -717 -716 -716 -743 -734 -716 -707 -717 -734 -717 -725 -725 -717 -725 -717 -717 -717 -743 -734 -725 -743 -734 -725 -725 -725 -717 -743 -708 -752 -734 -743 -743 -734 -743 -743 -717 -734 -717 -725 -725 -717 -725 -725 -743 -725 -734 -708 -725 -707 -725 -734 -752 -743 -743 -725 -725 -725 -743 -743 -743 -717 -725 -743 -725 -743 -752 -761 -725 -743 -743 -734 -743 -743 -725 -734 -743 -734 -734 -734 -734 -743 -743 -761 -734 -734 -770 -717 -752
-912 -894 -903 -912 -921 -930 -921 -903 -912 -930 -921 -956 -947 -947 -947 -947 -956 -947 -938 -956 -947 -947 -956 -938 -947 -956 -956 -947 -947 -956 -939 -965 -938 -974 -965 -974 -956 -956 -974 -956 -983 -965 -965 -974 -956 -965 -965 -947 -947 -956 -956 -956 -938 -965 -947 -938 -947 -956 -947 -947 -956 -930 -956 -939 -930 -930 -938 -930 -930 -930 -965 -947 -938 -930 -947 -939 -921 -903 -939 -938 -930 -939 -939 -930 -930 -939 -912 -921 -930 -921 -947 -921 -912 -903 -903 -912 -903 -903 -912 -903 -912 -912 -894 -912 -903 -894 -921 -930 -912 -885 -912 -912 -912 -894 -921 -903 -921 -894 -894 -903 -912 -903 -885 -885 -903 -876 -885 -867 -876 -885 -858 -885 -850 -876 -867 -858 -858 -841 -841 -841 -850 -841 -850 -841 -850 -850 -841 -823 -850 -832 -850 -841 -858 -832 -841 -841 -841 -858 -841 -850 -841 -841 -850 -850 -850 -832 -850 -832 -814 -814 -823 -832 -841 -841 -823 -832 -823 -832 -814 -823 -823 -832 -823 -823 -806 -823 -805 -806 -832 -806 -796 -806 -814 -814 -805 -805 -806 -797 -797 -788 -788 -796 -779 -797 -806 -797 -806 -805 -788 -797 -779 -806 -797 -805 -797 -797 -770 -779 -779 -761 -770 -788 -770 -770 -761 -752 -761 -788 -770 -779 -770 -761 -770 -761 -761 -752 -752 -770 -761 -761 -779 -752 -743 -734 -761 -752 -761 -770 -770 -752 -761 -761 -761 -761 -770 -761 -761 -761 -743 -734 -761 -725 -752 -752 -770 -743 -743 -734 -734 -761 -743 -734 -734 -725 -725 -734 -761 -752 -725 -725 -734 -743 -734 -725 -717 -743 -734 -734 -734 -725 -725 -725 -734 -725 -725 -716 -725 -717 -717 -699 -717 -699 -708 -708 -708 -699 -699 -708 -699 -708 -690 -690 -699 -672 -690 -690 -708 -690 -716 -708 -699 -708 -717 -717 -717 -717 -717 -708 -699 -708 -707 -734 -717 -707 -717 -708 -699 -717 -717 -717 -699 -716 -717 -699 -699 -708 -690 -716 -717 -707 -717 -699 -699 -699 -725 -699 -708 -690 -717 -690 -717 -698 -717 -717 -717 -708 -717 -725 -717 -717 -734 -717 -716 -725 -708 -708 -717 -717 -708 -708 -716 -717 -725 -743 -717 -708 -708 -699 -717 -708 -725 -708 -699 -725 -725 -708 -725 -708 -717 -708 -725 -717 -716 -717 -734 -717 -725 -725 -734 -725 -708 -734 -708 -743 -707 -725 -743 -717 -734 -734 -717 -725 -725 -717 -725 -717 -734 -725 -717 -717 -725 -725 -743 -708 -725 -752 -743 -717 -725 -725 -717 -752 -752 -743 -752 -743 -725 -734 -743 -734 -725 -725 -717 -734 -725 -734 -725 -734 -708 -725 -734 -717 -743 -743 -734 -725 -743 -734 -743 -725 -725 -743 -752 -752 -734 -743 -734 -743 -752 -734 -725 -752 -725 -752 -734 -761 -743 -743 -743 -734 -725 -734 -725 -734 -734 -743 -743 -743 -743 -743 -734 -752 -752 -743 -734 -734 -717 -761 -734 -752 -743 -752
-939 -930 -930 -930 -930 -939 -956 -956 -947 -947 -956 -947 -947 -956 -956 -956 -983 -956 -956 -947 -956 -956 -965 -965 -965 -938 -956 -938 -956 -956 -965 -983 -974 -965 -956 -974 -965 -956 -965 -965 -965 -939 -956 -939 -956 -947 -939 -939 -947 -939 -974 -947 -939 -947 -930 -938 -930 -939 -939 -939 -921 -938 -939 -939 -947 -929 -912 -929 -939 -921 -912 -930 -939 -938 -921 -938 -912 -930 -912 -921 -921 -903 -912 -903 -903 -903 -903 -921 -930 -903 -921 -912 -903 -903 -903 -894 -912 -903 -903 -903 -912 -912 -930 -939 -894 -912 -921 -912 -903 -921 -903 -894 -894 -912 -921 -894 -894 -876 -894 -867 -876 -876 -867 -876 -850 -850 -850 -858 -850 -858 -841 -841 -850 -841 -841 -841 -841 -850 -850 -850 -832 -823 -858 -832 -858 -841 -841 -841 -832 -841 -841 -841 -832 -850 -832 -832 -841 -832 -850 -832 -841 -823 -832 -814 -832 -841 -841 -806 -841 -841 -850 -814 -814 -823 -823 -814 -823 -832 -814 -814 -814 -806 -805 -796 -814 -805 -797 -814 -797 -806 -806 -806 -788 -779 -787 -788 -805 -797 -805 -788 -806 -797 -814 -814 -806 -806 -787 -788 -788 -779 -770 -779 -779 -770 -770 -788 -770 -770 -761 -779 -779 -761 -770 -770 -752 -761 -770 -761 -761 -761 -761 -752 -743 -743 -761 -761 -761 -734 -770 -752 -743 -752 -743 -725 -761 -752 -761 -752 -761 -752 -761 -743 -734 -743 -743 -743 -734 -743 -752 -761 -743 -743 -734 -752 -725 -743 -752 -734 -743 -734 -743 -743 -743 -725 -743 -743 -734 -734 -717 -734 -717 -734 -708 -717 -734 -734 -725 -725 -699 -725 -725 -725 -699 -717 -699 -717 -708 -716 -681 -690 -699 -690 -690 -717 -699 -708 -699 -690 -690 -689 -708 -699 -707 -717 -708 -716 -707 -708 -717 -699 -708 -717 -725 -725 -699 -717 -725 -699 -708 -717 -708 -708 -708 -725 -699 -690 -717 -717 -708 -708 -717 -717 -708 -699 -690 -699 -699 -717 -690 -717 -699 -725 -707 -699 -699 -717 -717 -716 -707 -725 -725 -717 -725 -716 -734 -725 -717 -708 -717 -708 -725 -725 -716 -708 -717 -708 -708 -708 -717 -707 -716 -717 -708 -717 -725 -708 -699 -716 -725 -717 -716 -725 -717 -717 -716 -725 -725 -725 -725 -717 -699 -707 -699 -725 -717 -725 -717 -725 -708 -717 -717 -725 -716 -708 -734 -717 -734 -717 -717 -717 -716 -717 -734 -725 -725 -716 -725 -734 -725 -734 -734 -717 -734 -734 -752 -743 -734 -717 -725 -743 -725 -734 -725 -734 -717 -734 -725 -725 -717 -725 -752 -725 -725 -743 -725 -743 -725 -734 -725 -734 -752 -752 -752 -734 -743 -752 -752 -761 -752 -752 -743 -761 -743 -725 -743 -752 -743 -743 -734 -743 -734 -734 -743 -761 -743 -725 -743 -752 -725 -752 -743 -743 -752 -761 -752 -752 -743 -761 -752 -743 -752 -761 -743 -761 -752 -770 -743 -734 -752 -761 -752 -743
-947 -956 -930 -956 -939 -974 -965 -947 -956 -947 -956 -974 -974 -965 -956 -956 -974 -974 -956 -974 -956 -947 -956 -956 -956 -956 -965 -956 -947 -956 -956 -956 -956 -965 -956 -947 -939 -947 -930 -929 -947 -947 -921 -939 -930 -965 -947 -939 -930 -939 -930 -938 -939 -939 -939 -956 -939 -956 -930 -939 -930 -938 -939 -903 -921 -947 -938 -930 -921 -930 -947 -939 -912 -921 -921 -912 -912 -912 -894 -912 -921 -921 -885 -903 -921 -921 -921 -894 -894 -903 -921 -903 -885 -894 -921 -930 -912 -903 -921 -930 -903 -912 -921 -903 -903 -894 -885 -903 -894 -894 -876 -894 -876 -894 -858 -858 -876 -858 -858 -841 -850 -850 -841 -841 -841 -823 -858 -850 -832 -841 -823 -850 -850 -841 -841 -832 -850 -858 -832 -814 -850 -841 -814 -823 -850 -867 -850 -832 -850 -850 -850 -823 -823 -832 -832 -850 -832 -841 -841 -832 -841 -832 -823 -832 -823 -806 -823 -806 -832 -806 -823 -814 -814 -823 -814 -823 -806 -806 -823 -806 -814 -814 -788 -788 -788 -806 -796 -797 -779 -788 -779 -788 -814 -806 -788 -797 -814 -788 -770 -788 -761 -788 -779 -779 -797 -788 -788 -779 -779 -779 -770 -770 -761 -788 -761 -770 -770 -770 -761 -761 -743 -770 -761 -752 -770 -761 -752 -743 -779 -743 -752 -752 -743 -761 -752 -761 -752 -752 -761 -752 -743 -752 -761 -743 -752 -743 -743 -743 -734 -752 -743 -734 -752 -734 -725 -734 -734 -734 -734 -761 -743 -752 -743 -734 -725 -734 -743 -743 -743 -743 -752 -725 -734 -734 -708 -725 -725 -717 -725 -734 -717 -734 -717 -725 -725 -698 -717 -690 -707 -699 -708 -708 -690 -708 -681 -681 -690 -699 -690 -690 -672 -699 -708 -672 -699 -708 -708 -716 -708 -699 -708 -717 -716 -708 -707 -708 -708 -717 -717 -717 -708 -717 -708 -717 -708 -708 -725 -690 -708 -708 -707 -699 -708 -707 -717 -699 -690 -699 -725 -717 -708 -708 -717 -708 -699 -716 -734 -717 -716 -716 -725 -708 -725 -725 -734 -734 -725 -734 -708 -717 -717 -717 -717 -725 -708 -708 -708 -717 -708 -716 -717 -708 -699 -708 -707 -734 -716 -716 -734 -716 -717 -716 -717 -716 -717 -707 -717 -717 -743 -725 -707 -725 -734 -725 -734 -725 -725 -743 -734 -716 -717 -734 -725 -743 -725 -734 -717 -717 -716 -734 -734 -717 -717 -725 -743 -708 -717 -716 -725 -734 -725 -717 -734 -743 -752 -752 -725 -743 -752 -743 -734 -734 -725 -725 -725 -725 -743 -734 -743 -743 -725 -761 -725 -725 -734 -743 -734 -725 -734 -752 -734 -708 -734 -752 -734 -725 -752 -734 -752 -734 -725 -734 -734 -725 -734 -743 -743 -743 -734 -734 -725 -734 -752 -743 -761 -743 -752 -734 -743 -752 -743 -725 -734 -752 -734 -752 -734 -743 -761 -734 -752 -734 -752 -743 -761 -761 -743 -752 -743 -752 -734 -761 -752 -770 -743 -725 -743 -752 -761 -770 -761 -752
-947 -974 -956 -965 -947 -974 -965 -956 -947 -965 -947 -974 -956 -956 -974 -965 -974 -939 -947 -983 -965 -947 -956 -965 -956 -956 -947 -956 -956 -947 -965 -956 -956 -947 -956 -947 -947 -938 -938 -939 -947 -947 -939 -939 -947 -939 -930 -938 -947 -947 -947 -947 -930 -939 -939 -947 -938 -939 -929 -947 -921 -921 -930 -921 -912 -912 -912 -921 -921 -930 -903 -903 -903 -894 -903 -903 -894 -912 -903 -912 -921 -921 -912 -912 -912 -903 -885 -912 -912 -939 -912 -903 -912 -903 -903 -903 -903 -894 -894 -876 -885 -894 -876 -885 -885 -867 -876 -867 -850 -876 -867 -858 -858 -850 -832 -850 -850 -823 -858 -867 -850 -850 -850 -850 -858 -850 -832 -832 -841 -858 -841 -850 -841 -841 -832 -850 -841 -832 -850 -858 -832 -832 -841 -823 -841 -850 -841 -823 -832 -823 -823 -823 -832 -850 -814 -814 -832 -805 -832 -806 -823 -814 -832 -806 -805 -823 -806 -823 -806 -805 -814 -806 -796 -788 -796 -806 -814 -788 -788 -779 -779 -797 -788 -779 -788 -770 -788 -779 -806 -779 -788 -788 -788 -797 -770 -788 -779 -779 -788 -779 -779 -788 -779 -770 -761 -752 -779 -761 -770 -788 -761 -770 -743 -743 -770 -743 -761 -752 -761 -752 -779 -752 -761 -761 -743 -752 -761 -752 -761 -770 -752 -752 -752 -761 -743 -734 -734 -725 -743 -752 -725 -734 -752 -743 -743 -761 -752 -743 -734 -743 -743 -743 -743 -734 -743 -761 -734 -734 -734 -708 -743 -725 -725 -707 -717 -725 -734 -734 -734 -734 -725 -743 -734 -734 -734 -725 -734 -708 -716 -717 -708 -699 -716 -672 -708 -690 -708 -690 -690 -725 -708 -690 -708 -708 -699 -708 -707 -708 -708 -707 -716 -708 -717 -708 -717 -708 -725 -698 -716 -708 -725 -708 -717 -708 -699 -699 -708 -708 -716 -725 -716 -708 -699 -717 -708 -699 -690 -708 -717 -708 -708 -690 -690 -699 -725 -708 -725 -717 -716 -743 -725 -717 -725 -716 -725 -717 -716 -734 -717 -716 -743 -725 -725 -717 -725 -725 -725 -717 -708 -716 -707 -717 -725 -708 -699 -717 -725 -725 -699 -717 -708 -725 -717 -725 -725 -708 -725 -717 -717 -725 -717 -716 -725 -734 -725 -725 -725 -725 -717 -717 -725 -734 -708 -743 -708 -708 -725 -716 -708 -716 -716 -717 -725 -717 -725 -725 -734 -734 -725 -743 -725 -743 -725 -734 -734 -725 -734 -743 -743 -725 -717 -725 -752 -725 -725 -725 -734 -734 -725 -725 -725 -708 -734 -725 -734 -725 -717 -743 -734 -734 -725 -743 -725 -752 -717 -734 -743 -717 -743 -743 -752 -743 -743 -734 -743 -734 -734 -734 -743 -734 -743 -743 -734 -743 -752 -734 -734 -734 -717 -752 -743 -734 -752 -743 -734 -734 -752 -752 -761 -752 -734 -743 -734 -743 -743 -752 -761 -761 -752 -761 -770 -752 -752 -743 -752 -734 -743 -752 -734 -752 -752 -761 -752 -752 -743 -734 -743 -734 -752 -725 -761 -743
-965 -965 -956 -965 -965 -974 -956 -974 -965 -956 -974 -965 -965 -947 -956 -965 -947 -965 -956 -938 -939 -947 -938 -939 -939 -947 -947 -938 -939 -930 -956 -930 -938 -938 -938 -939 -939 -930 -947 -947 -930 -939 -929 -939 -947 -930 -938 -921 -930 -930 -947 -912 -938 -938 -921 -939 -903 -921 -930 -903 -921 -930 -912 -921 -912 -939 -912 -903 -912 -912 -903 -894 -921 -912 -903 -921 -903 -903 -894 -903 -912 -930 -912 -921 -903 -912 -921 -894 -903 -903 -903 -894 -885 -885 -885 -876 -894 -885 -885 -894 -876 -841 -850 -850 -850 -850 -850 -841 -858 -841 -850 -841 -841 -832 -832 -841 -858 -858 -841 -858 -867 -850 -832 -850 -850 -841 -850 -841 -850 -841 -832 -841 -814 -841 -841 -823 -823 -832 -850 -814 -832 -814 -832 -823 -814 -823 -832 -832 -832 -832 -823 -841 -841 -814 -823 -805 -814 -796 -823 -814 -806 -806 -797 -806 -788 -797 -806 -779 -823 -788 -788 -788 -779 -788 -788 -779 -797 -788 -805 -788 -797 -797 -788 -797 -797 -788 -779 -779 -797 -779 -779 -770 -770 -779 -806 -752 -770 -752 -779 -770 -761 -779 -761 -761 -752 -743 -752 -752 -752 -770 -752 -743 -743 -761 -743 -761 -734 -752 -761 -752 -761 -752 -752 -734 -752 -752 -725 -752 -743 -761 -752 -743 -752 -734 -761 -725 -761 -743 -734 -761 -725 -725 -717 -734 -743 -743 -743 -743 -734 -725 -725 -716 -743 -725 -717 -734 -734 -734 -717 -717 -743 -725 -717 -725 -708 -725 -716 -725 -725 -717 -698 -708 -699 -699 -699 -708 -690 -690 -708 -690 -681 -708 -690 -690 -690 -681 -699 -690 -708 -699 -698 -717 -708 -716 -699 -725 -717 -717 -717 -708 -708 -717 -708 -690 -708 -717 -717 -708 -708 -708 -699 -699 -708 -717 -717 -725 -690 -699 -717 -716 -699 -681 -699 -717 -717 -708 -708 -725 -707 -725 -699 -725 -725 -725 -725 -725 -717 -725 -716 -725 -725 -717 -716 -708 -717 -725 -717 -734 -725 -708 -717 -725 -708 -707 -699 -717 -708 -699 -708 -717 -725 -708 -717 -717 -743 -717 -717 -725 -743 -717 -734 -725 -734 -725 -734 -734 -752 -717 -717 -725 -743 -708 -708 -717 -725 -734 -717 -708 -716 -734 -734 -725 -717 -725 -716 -734 -725 -725 -734 -725 -708 -734 -725 -743 -734 -743 -734 -752 -752 -743 -725 -716 -734 -743 -734 -717 -743 -725 -734 -725 -717 -743 -708 -717 -717 -717 -725 -734 -734 -734 -752 -717 -743 -761 -725 -734 -752 -743 -752 -743 -734 -743 -734 -734 -734 -743 -717 -734 -752 -734 -717 -743 -734 -725 -734 -752 -725 -743 -752 -725 -734 -743 -752 -743 -752 -743 -752 -734 -752 -734 -752 -725 -752 -743 -743 -752 -761 -761 -743 -770 -752 -752 -761 -770 -752 -761 -752 -761 -734 -752 -743 -743 -761 -752 -752 -743 -761 -743 -761 -752 -761 -779 -761 -743 -752 -761 -761 -752 -761 -752 -761 -761
-956 -956 -947 -947 -947 -965 -965 -956 -956 -956 -947 -956 -956 -956 -965 -947 -947 -947 -965 -930 -947 -939 -956 -956 -947 -947 -930 -939 -930 -938 -921 -939 -930 -956 -938 -921 -930 -938 -930 -938 -947 -930 -939 -930 -912 -939 -930 -912 -912 -930 -930 -912 -912 -921 -912 -912 -912 -903 -894 -903 -894 -903 -903 -912 -903 -912 -903 -912 -894 -912 -912 -912 -921 -912 -912 -894 -885 -903 -921 -903 -912 -894 -894 -885 -885 -894 -885 -894 -894 -885 -858 -867 -867 -858 -867 -850 -850 -867 -841 -850 -832 -841 -850 -841 -858 -858 -850 -841 -832 -841 -858 -841 -841 -858 -867 -841 -858 -841 -841 -850 -841 -841 -858 -841 -832 -850 -841 -841 -841 -823 -832 -850 -841 -832 -832 -850 -850 -823 -841 -832 -814 -823 -832 -823 -823 -823 -823 -805 -797 -806 -823 -806 -779 -806 -806 -797 -797 -788 -823 -797 -806 -805 -806 -806 -797 -797 -797 -770 -806 -806 -788 -806 -797 -779 -779 -805 -779 -788 -797 -761 -779 -788 -779 -770 -770 -797 -779 -770 -770 -770 -761 -761 -761 -734 -761 -770 -770 -761 -761 -752 -761 -761 -752 -752 -770 -734 -752 -761 -761 -752 -770 -734 -743 -743 -752 -761 -734 -743 -761 -752 -743 -743 -752 -752 -743 -743 -716 -752 -743 -734 -725 -743 -743 -752 -725 -752 -743 -725 -752 -717 -743 -717 -725 -734 -752 -725 -752 -734 -734 -725 -734 -717 -725 -734 -725 -708 -734 -725 -717 -725 -690 -725 -708 -708 -708 -708 -699 -690 -699 -699 -708 -699 -690 -690 -699 -708 -699 -699 -708 -690 -708 -717 -716 -716 -717 -717 -699 -717 -707 -708 -725 -716 -708 -717 -717 -699 -690 -708 -717 -708 -708 -725 -708 -725 -699 -717 -717 -717 -690 -708 -699 -708 -708 -699 -716 -716 -717 -716 -708 -708 -699 -717 -717 -699 -716 -717 -708 -725 -716 -725 -725 -717 -734 -717 -725 -716 -725 -716 -717 -717 -725 -707 -725 -716 -743 -707 -716 -708 -725 -725 -717 -734 -698 -716 -725 -716 -725 -707 -717 -717 -717 -725 -717 -725 -734 -743 -725 -716 -725 -725 -716 -717 -717 -725 -708 -725 -707 -717 -708 -734 -734 -725 -717 -725 -734 -708 -725 -725 -734 -717 -734 -725 -734 -743 -743 -725 -734 -734 -734 -743 -717 -752 -734 -725 -734 -734 -734 -725 -734 -743 -734 -752 -725 -734 -725 -734 -717 -725 -717 -716 -734 -717 -734 -734 -725 -717 -725 -734 -743 -734 -743 -752 -752 -725 -734 -743 -734 -734 -770 -725 -725 -717 -743 -734 -743 -743 -743 -743 -752 -734 -743 -734 -725 -761 -743 -743 -734 -752 -752 -761 -752 -752 -743 -725 -743 -752 -761 -752 -761 -752 -752 -761 -752 -734 -761 -743 -743 -761 -761 -743 -752 -752 -734 -752 -743 -752 -743 -743 -743 -734 -743 -761 -761 -761 -743 -752 -752 -752 -752 -761 -761 -770 -761 -761 -761 -761 -761 -770 -761 -770 -761 -761
-965 -947 -965 -956 -938 -947 -956 -956 -974 -930 -947 -929 -939 -929 -938 -938 -939 -947 -947 -965 -939 -947 -939 -930 -921 -939 -938 -947 -947 -921 -939 -929 -938 -939 -939 -947 -930 -912 -912 -912 -939 -930 -903 -939 -921 -921 -912 -903 -912 -912 -912 -912 -930 -930 -894 -921 -912 -885 -903 -912 -903 -912 -894 -912 -920 -903 -912 -912 -903 -903 -903 -903 -894 -903 -885 -894 -885 -885 -894 -876 -876 -858 -876 -867 -858 -850 -858 -850 -867 -858 -850 -841 -832 -832 -841 -850 -841 -850 -841 -841 -858 -850 -832 -850 -858 -850 -850 -850 -850 -832 -858 -841 -832 -850 -850 -832 -841 -823 -841 -841 -832 -858 -841 -823 -841 -823 -850 -832 -841 -841 -823 -823 -832 -823 -823 -832 -814 -832 -823 -814 -797 -814 -806 -805 -806 -823 -805 -814 -805 -806 -806 -797 -806 -806 -797 -806 -788 -797 -779 -805 -797 -797 -806 -797 -779 -788 -779 -797 -788 -788 -770 -770 -788 -788 -761 -779 -761 -779 -761 -770 -788 -779 -779 -770 -752 -761 -779 -752 -761 -761 -752 -752 -761 -752 -761 -743 -761 -752 -743 -752 -752 -779 -752 -752 -743 -761 -752 -743 -743 -752 -752 -743 -752 -743 -743 -761 -752 -743 -743 -761 -743 -725 -743 -743 -734 -743 -752 -752 -734 -734 -717 -725 -725 -743 -734 -734 -734 -743 -716 -725 -761 -734 -725 -725 -725 -734 -734 -743 -743 -734 -708 -716 -708 -708 -708 -708 -708 -699 -699 -699 -708 -699 -708 -708 -708 -681 -699 -708 -708 -717 -699 -716 -716 -698 -690 -717 -708 -725 -725 -708 -725 -708 -717 -716 -708 -717 -708 -717 -717 -708 -699 -708 -717 -698 -708 -717 -725 -725 -717 -716 -716 -690 -708 -708 -690 -708 -708 -708 -707 -708 -708 -725 -699 -698 -717 -707 -708 -725 -725 -725 -725 -716 -708 -725 -725 -716 -725 -725 -725 -717 -717 -717 -716 -699 -725 -708 -698 -708 -716 -699 -717 -717 -725 -717 -716 -725 -717 -716 -708 -717 -717 -725 -725 -743 -717 -734 -725 -725 -708 -734 -699 -717 -725 -743 -734 -725 -725 -725 -725 -716 -725 -716 -725 -708 -717 -716 -725 -708 -725 -725 -734 -734 -725 -734 -725 -743 -734 -743 -734 -717 -734 -752 -734 -725 -725 -743 -725 -734 -734 -743 -717 -743 -734 -734 -734 -734 -734 -725 -717 -734 -734 -725 -734 -752 -734 -734 -725 -725 -743 -752 -761 -743 -743 -717 -752 -743 -734 -743 -734 -761 -734 -743 -734 -734 -743 -752 -752 -725 -734 -734 -752 -725 -752 -734 -725 -743 -743 -752 -743 -725 -761 -752 -752 -761 -752 -743 -761 -761 -743 -761 -761 -734 -752 -752 -734 -743 -734 -734 -725 -752 -752 -752 -761 -734 -752 -752 -761 -752 -752 -761 -752 -743 -752 -752 -761 -761 -761 -752 -761 -752 -725 -743 -752 -752 -752 -761 -752 -752 -761 -770 -743 -761 -761 -752 -743 -761 -770 -752 -761 -770 -779 -761
-938 -939 -930 -947 -965 -930 -938 -939 -938 -930 -939 -938 -939 -939 -939 -930 -947 -939 -930 -938 -947 -939 -939 -939 -930 -939 -956 -930 -938 -930 -939 -938 -929 -921 -921 -912 -912 -903 -912 -921 -885 -903 -903 -921 -903 -894 -903 -921 -912 -930 -921 -921 -894 -912 -912 -912 -921 -894 -912 -920 -921 -939 -894 -894 -912 -903 -885 -876 -894 -885 -876 -894 -885 -876 -885 -858 -867 -876 -876 -867 -858 -867 -850 -858 -850 -850 -841 -858 -841 -850 -850 -841 -841 -850 -841 -850 -832 -850 -858 -850 -841 -814 -850 -814 -832 -858 -832 -841 -841 -832 -823 -832 -850 -850 -841 -841 -823 -823 -823 -841 -832 -841 -823 -832 -814 -832 -823 -832 -814 -823 -832 -823 -806 -806 -841 -814 -806 -806 -814 -814 -797 -797 -806 -788 -805 -806 -779 -806 -797 -814 -806 -788 -788 -796 -806 -806 -797 -779 -788 -779 -779 -779 -779 -788 -787 -788 -788 -805 -788 -761 -752 -779 -779 -770 -770 -770 -752 -752 -752 -761 -761 -779 -761 -770 -761 -779 -761 -752 -770 -743 -752 -761 -752 -761 -761 -761 -752 -761 -761 -743 -734 -743 -743 -752 -752 -752 -743 -761 -743 -752 -743 -743 -734 -734 -752 -752 -734 -752 -717 -734 -743 -743 -743 -734 -734 -734 -734 -717 -717 -743 -743 -725 -716 -725 -708 -725 -725 -716 -725 -708 -734 -725 -717 -734 -699 -716 -725 -708 -717 -699 -699 -699 -708 -681 -690 -690 -681 -681 -690 -699 -708 -708 -681 -699 -690 -708 -699 -699 -690 -699 -699 -707 -708 -698 -717 -708 -717 -708 -708 -708 -716 -717 -717 -708 -708 -717 -699 -708 -717 -708 -734 -699 -699 -708 -681 -708 -690 -699 -690 -708 -708 -717 -708 -717 -717 -725 -717 -717 -708 -743 -717 -716 -717 -708 -717 -725 -717 -707 -708 -708 -725 -716 -725 -717 -725 -717 -707 -717 -708 -716 -717 -708 -716 -708 -716 -716 -725 -725 -717 -725 -725 -716 -725 -717 -717 -743 -734 -717 -734 -734 -734 -717 -717 -725 -734 -717 -716 -734 -708 -725 -716 -734 -725 -717 -725 -708 -734 -716 -734 -725 -725 -725 -708 -717 -725 -716 -725 -725 -725 -725 -734 -743 -725 -743 -725 -725 -743 -734 -734 -734 -752 -743 -752 -725 -725 -734 -734 -743 -743 -734 -734 -752 -725 -725 -725 -725 -717 -761 -725 -716 -734 -743 -725 -734 -734 -725 -761 -725 -734 -743 -761 -743 -743 -743 -743 -725 -752 -734 -725 -734 -761 -752 -734 -743 -734 -761 -752 -734 -734 -734 -761 -743 -743 -752 -734 -752 -734 -743 -761 -752 -743 -752 -752 -752 -752 -752 -743 -743 -734 -752 -752 -752 -743 -734 -734 -752 -743 -752 -743 -734 -743 -734 -761 -752 -761 -761 -761 -743 -752 -752 -752 -770 -761 -743 -770 -761 -752 -743 -752 -752 -770 -761 -761 -761 -752 -770 -761 -779 -752 -743 -752 -761 -761 -743 -770 -752 -734 -761 -761 -752 -761 -761
-921 -930 -930 -912 -938 -930 -947 -930 -939 -938 -947 -930 -938 -947 -939 -939 -947 -947 -939 -939 -939 -939 -921 -921 -938 -894 -912 -930 -921 -921 -903 -912 -903 -921 -894 -912 -912 -903 -903 -921 -912 -903 -894 -912 -912 -894 -921 -894 -912 -912 -930 -903 -912 -912 -912 -885 -912 -894 -894 -885 -903 -894 -876 -876 -876 -885 -876 -858 -876 -858 -876 -867 -850 -850 -850 -841 -850 -823 -841 -841 -841 -841 -841 -841 -841 -841 -850 -850 -850 -850 -832 -841 -867 -858 -858 -841 -832 -823 -841 -823 -841 -841 -841 -832 -850 -814 -841 -850 -832 -823 -841 -814 -832 -832 -823 -823 -814 -814 -832 -823 -841 -832 -797 -832 -814 -805 -814 -814 -806 -806 -797 -806 -797 -806 -806 -797 -797 -805 -806 -796 -797 -788 -788 -796 -797 -788 -788 -779 -797 -797 -797 -806 -788 -779 -779 -788 -788 -770 -770 -770 -779 -779 -779 -770 -770 -779 -788 -761 -770 -752 -761 -770 -752 -761 -761 -743 -743 -743 -770 -752 -761 -743 -752 -761 -761 -752 -743 -761 -761 -743 -752 -770 -734 -752 -761 -770 -743 -752 -743 -743 -752 -752 -761 -725 -752 -734 -743 -725 -743 -734 -752 -752 -743 -734 -743 -734 -752 -752 -734 -743 -743 -725 -734 -734 -734 -725 -743 -716 -734 -725 -734 -725 -708 -734 -717 -717 -717 -716 -717 -690 -708 -699 -708 -708 -699 -699 -690 -690 -681 -681 -708 -681 -699 -716 -707 -708 -716 -690 -708 -716 -699 -699 -725 -716 -707 -699 -725 -698 -717 -725 -699 -717 -734 -716 -708 -708 -708 -717 -699 -708 -708 -716 -708 -699 -708 -699 -699 -699 -716 -708 -717 -717 -699 -716 -716 -734 -734 -708 -717 -717 -716 -690 -717 -734 -725 -708 -717 -717 -734 -717 -717 -717 -717 -708 -725 -717 -699 -699 -699 -708 -708 -725 -725 -743 -716 -716 -716 -717 -699 -716 -716 -708 -725 -725 -725 -707 -717 -725 -707 -716 -708 -725 -743 -725 -725 -717 -743 -717 -708 -734 -734 -725 -743 -734 -708 -725 -734 -725 -708 -734 -717 -717 -708 -708 -734 -725 -716 -743 -752 -734 -725 -743 -717 -743 -725 -734 -725 -717 -743 -725 -725 -725 -725 -717 -734 -734 -734 -743 -725 -725 -743 -725 -743 -725 -725 -725 -717 -752 -725 -716 -734 -725 -734 -752 -734 -725 -734 -743 -734 -752 -734 -752 -734 -743 -752 -743 -743 -743 -725 -743 -743 -734 -743 -743 -743 -752 -743 -752 -725 -743 -743 -725 -734 -734 -734 -743 -743 -743 -734 -752 -752 -761 -752 -743 -752 -743 -734 -761 -761 -743 -752 -752 -734 -734 -743 -752 -752 -743 -770 -743 -734 -761 -752 -734 -761 -743 -752 -761 -752 -752 -761 -734 -752 -752 -761 -761 -743 -770 -752 -743 -752 -752 -761 -752 -779 -770 -761 -761 -761 -761 -761 -752 -743 -752 -761 -752 -761 -743 -770 -761 -770 -752 -770 -761 -770 -752 -725 -770 -752 -743 -770 -752
-930 -956 -947 -947 -921 -930 -939 -921 -947 -930 -930 -921 -939 -930 -921 -921 -912 -930 -930 -912 -912 -921 -939 -894 -903 -903 -921 -903 -912 -903 -903 -912 -930 -921 -921 -930 -912 -912 -912 -912 -912 -921 -921 -921 -912 -921 -921 -903 -903 -912 -921 -903 -894 -912 -876 -885 -903 -894 -867 -867 -876 -876 -867 -876 -850 -850 -832 -850 -841 -823 -850 -858 -832 -841 -832 -850 -850 -850 -850 -832 -850 -841 -850 -850 -858 -823 -841 -850 -832 -850 -841 -850 -832 -841 -850 -841 -832 -841 -832 -823 -832 -832 -823 -823 -823 -823 -832 -832 -850 -814 -823 -814 -823 -814 -806 -814 -823 -805 -805 -814 -805 -806 -788 -797 -805 -806 -797 -797 -806 -788 -788 -806 -814 -788 -806 -779 -806 -779 -788 -788 -770 -788 -788 -788 -797 -788 -787 -788 -797 -788 -779 -788 -770 -779 -761 -779 -770 -761 -761 -761 -779 -752 -761 -761 -761 -761 -761 -743 -761 -752 -734 -761 -761 -734 -752 -761 -716 -761 -761 -752 -725 -752 -743 -752 -743 -761 -752 -734 -761 -752 -743 -752 -752 -752 -743 -734 -743 -743 -752 -717 -734 -743 -734 -743 -725 -725 -743 -752 -734 -725 -734 -743 -752 -725 -734 -743 -725 -734 -752 -725 -752 -725 -716 -717 -725 -716 -717 -716 -716 -717 -716 -708 -708 -690 -690 -708 -690 -690 -690 -708 -681 -699 -672 -681 -699 -717 -699 -708 -716 -717 -699 -708 -717 -708 -708 -717 -717 -725 -707 -717 -725 -716 -717 -725 -717 -717 -717 -717 -716 -690 -708 -708 -708 -717 -717 -708 -725 -708 -690 -699 -708 -717 -708 -717 -716 -708 -708 -699 -725 -725 -717 -708 -716 -708 -725 -699 -708 -717 -725 -717 -725 -717 -725 -717 -708 -725 -708 -708 -716 -725 -708 -717 -717 -734 -725 -725 -725 -725 -708 -725 -717 -725 -725 -708 -734 -725 -699 -725 -717 -725 -725 -708 -734 -717 -734 -725 -734 -708 -725 -708 -743 -717 -725 -717 -725 -717 -717 -717 -716 -717 -717 -699 -708 -716 -734 -717 -734 -725 -725 -717 -725 -717 -734 -734 -752 -725 -734 -734 -717 -734 -734 -752 -734 -752 -734 -734 -743 -743 -717 -734 -743 -725 -725 -707 -725 -734 -734 -716 -743 -725 -752 -743 -734 -717 -725 -734 -734 -734 -717 -743 -725 -752 -734 -752 -761 -734 -761 -743 -743 -743 -752 -734 -734 -743 -752 -717 -752 -743 -743 -743 -743 -725 -734 -734 -743 -743 -752 -752 -752 -752 -752 -752 -770 -743 -752 -752 -770 -761 -752 -743 -761 -761 -743 -770 -752 -725 -752 -743 -752 -761 -752 -743 -725 -752 -761 -752 -761 -743 -752 -752 -761 -761 -761 -761 -761 -752 -770 -761 -752 -743 -752 -752 -752 -743 -770 -770 -761 -752 -761 -761 -752 -752 -752 -752 -752 -761 -761 -761 -752 -761 -761 -761 -761 -752 -761 -761 -761 -752 -752 -761 -770 -761 -752 -752 -761 -743 -734 -725 -725 -752 -717 -717
-921 -930 -939 -939 -912 -939 -894 -912 -921 -912 -912 -921 -930 -912 -903 -930 -912 -894 -903 -894 -912 -903 -912 -903 -885 -921 -930 -912 -912 -912 -930 -921 -921 -930 -921 -912 -921 -912 -912 -912 -912 -894 -894 -903 -885 -885 -885 -894 -867 -885 -876 -885 -867 -858 -867 -858 -858 -850 -850 -850 -858 -841 -841 -850 -841 -832 -850 -832 -850 -850 -850 -841 -841 -841 -841 -858 -850 -841 -841 -832 -850 -841 -850 -823 -850 -832 -832 -850 -832 -850 -841 -832 -850 -823 -832 -832 -832 -823 -832 -832 -814 -823 -814 -832 -823 -832 -814 -814 -823 -832 -806 -814 -823 -806 -832 -823 -805 -806 -797 -797 -806 -814 -797 -779 -779 -805 -779 -797 -805 -797 -787 -797 -788 -788 -770 -779 -806 -788 -779 -797 -770 -761 -779 -806 -788 -779 -761 -788 -770 -788 -752 -761 -770 -761 -743 -761 -761 -761 -779 -761 -761 -752 -761 -761 -752 -761 -761 -770 -743 -761 -752 -761 -752 -743 -743 -734 -743 -761 -743 -761 -743 -770 -743 -743 -743 -734 -761 -761 -743 -752 -743 -752 -734 -743 -743 -752 -743 -752 -725 -734 -743 -734 -734 -725 -725 -725 -734 -734 -725 -708 -743 -743 -743 -734 -716 -725 -716 -716 -717 -708 -717 -717 -690 -708 -690 -699 -717 -708 -707 -708 -681 -708 -681 -708 -690 -699 -699 -699 -708 -690 -717 -717 -717 -708 -717 -708 -708 -708 -725 -716 -708 -699 -708 -716 -716 -725 -717 -717 -717 -699 -725 -708 -717 -725 -708 -708 -708 -708 -699 -717 -708 -699 -699 -708 -699 -699 -707 -699 -708 -708 -717 -717 -725 -717 -708 -725 -716 -734 -716 -717 -716 -725 -717 -725 -743 -734 -708 -716 -717 -716 -716 -716 -708 -734 -708 -717 -717 -725 -717 -717 -717 -717 -717 -708 -725 -725 -725 -708 -717 -734 -717 -717 -716 -717 -708 -743 -725 -734 -734 -716 -708 -734 -743 -725 -743 -725 -716 -734 -707 -725 -743 -734 -743 -707 -725 -725 -734 -752 -734 -734 -743 -717 -717 -734 -734 -734 -743 -734 -725 -716 -734 -743 -734 -752 -734 -725 -725 -725 -734 -743 -743 -734 -734 -725 -734 -734 -725 -734 -725 -725 -725 -752 -725 -734 -752 -725 -734 -761 -734 -734 -761 -743 -743 -734 -725 -743 -743 -725 -752 -734 -743 -734 -734 -743 -743 -752 -734 -725 -761 -761 -743 -725 -752 -761 -734 -752 -743 -743 -752 -743 -743 -734 -743 -743 -734 -743 -743 -752 -743 -743 -761 -734 -761 -752 -752 -743 -761 -761 -752 -743 -743 -752 -761 -752 -743 -743 -743 -752 -752 -752 -752 -761 -752 -770 -752 -752 -761 -752 -761 -770 -770 -761 -743 -761 -752 -761 -761 -770 -743 -752 -743 -761 -770 -761 -761 -752 -752 -752 -761 -761 -770 -779 -752 -770 -761 -770 -761 -770 -761 -770 -770 -761 -752 -761 -752 -752 -752 -725 -743 -734 -743 -743 -743 -734 -725 -717 -725 -725 -725 -717 -734 -734
-930 -930 -921 -903 -912 -912 -921 -903 -921 -930 -912 -921 -903 -912 -903 -912 -903 -885 -921 -903 -912 -930 -912 -894 -903 -912 -903 -912 -912 -903 -921 -903 -885 -903 -894 -894 -894 -894 -867 -885 -894 -885 -867 -867 -858 -867 -858 -858 -867 -850 -841 -841 -850 -858 -850 -867 -858 -850 -850 -841 -841 -850 -841 -850 -841 -858 -850 -858 -850 -841 -858 -858 -841 -850 -850 -841 -858 -841 -867 -841 -850 -841 -858 -823 -850 -858 -841 -823 -832 -832 -814 -832 -823 -823 -832 -823 -832 -814 -805 -814 -832 -797 -797 -806 -814 -814 -814 -806 -805 -814 -814 -797 -823 -805 -814 -797 -797 -797 -797 -797 -797 -788 -797 -788 -797 -779 -797 -797 -788 -770 -770 -770 -779 -788 -779 -770 -779 -797 -779 -779 -779 -770 -779 -761 -761 -788 -779 -761 -779 -761 -770 -752 -770 -761 -761 -761 -770 -761 -752 -743 -761 -761 -734 -743 -761 -752 -752 -743 -770 -761 -761 -743 -743 -743 -743 -752 -761 -752 -743 -743 -752 -743 -725 -743 -743 -717 -734 -743 -761 -743 -743 -743 -743 -725 -743 -743 -717 -734 -725 -734 -743 -734 -752 -725 -717 -725 -743 -708 -725 -717 -716 -725 -717 -708 -725 -717 -717 -708 -699 -708 -717 -708 -699 -699 -699 -690 -681 -699 -717 -690 -690 -708 -690 -699 -716 -708 -708 -725 -717 -717 -717 -699 -717 -716 -725 -708 -725 -725 -725 -734 -716 -708 -725 -717 -725 -708 -708 -708 -708 -708 -708 -717 -707 -708 -681 -717 -699 -708 -707 -708 -699 -708 -716 -717 -708 -717 -708 -725 -725 -725 -717 -708 -717 -725 -725 -734 -725 -734 -717 -708 -725 -717 -725 -725 -725 -725 -717 -716 -716 -707 -708 -699 -681 -699 -708 -699 -708 -716 -725 -708 -717 -725 -717 -717 -743 -725 -734 -734 -708 -725 -743 -725 -717 -725 -717 -743 -717 -717 -725 -725 -717 -716 -725 -716 -734 -716 -734 -734 -717 -717 -725 -734 -743 -725 -725 -734 -734 -743 -743 -743 -752 -725 -752 -743 -725 -725 -734 -743 -734 -743 -725 -743 -734 -734 -725 -725 -743 -734 -743 -725 -734 -725 -734 -734 -717 -717 -734 -743 -734 -734 -743 -734 -743 -743 -743 -734 -752 -752 -725 -743 -752 -743 -734 -725 -717 -725 -743 -752 -743 -734 -734 -717 -734 -752 -743 -752 -743 -734 -743 -752 -752 -752 -743 -734 -752 -752 -752 -734 -761 -743 -761 -752 -734 -743 -752 -734 -743 -752 -761 -761 -761 -752 -752 -752 -752 -752 -743 -752 -743 -743 -743 -770 -743 -770 -752 -752 -752 -761 -770 -761 -752 -761 -761 -761 -743 -752 -761 -770 -761 -770 -761 -743 -752 -752 -761 -743 -761 -770 -761 -770 -761 -770 -761 -752 -770 -761 -761 -770 -752 -752 -743 -743 -752 -761 -752 -752 -743 -743 -752 -734 -743 -725 -734 -725 -717 -734 -734 -734 -716 -708 -717 -725 -734 -717 -725 -725 -717 -717 -725 -716 -725 -717
-903 -912 -903 -921 -903 -921 -903 -885 -894 -903 -912 -921 -929 -921 -921 -921 -920 -903 -921 -903 -903 -912 -903 -894 -912 -903 -903 -903 -912 -885 -885 -885 -885 -894 -867 -867 -867 -867 -858 -858 -850 -850 -841 -850 -841 -841 -850 -823 -841 -841 -841 -850 -850 -841 -858 -850 -832 -832 -823 -841 -832 -832 -841 -850 -832 -858 -850 -832 -841 -832 -841 -814 -832 -832 -858 -823 -850 -850 -823 -814 -832 -832 -850 -806 -823 -823 -823 -806 -832 -832 -814 -823 -823 -823 -805 -797 -806 -806 -814 -797 -797 -805 -797 -797 -805 -797 -788 -806 -805 -797 -797 -788 -797 -787 -788 -779 -788 -797 -779 -779 -806 -788 -788 -770 -779 -779 -796 -779 -761 -770 -770 -796 -761 -779 -770 -752 -761 -761 -770 -761 -752 -788 -761 -752 -752 -752 -761 -761 -743 -770 -752 -761 -743 -752 -770 -743 -761 -761 -743 -725 -734 -761 -761 -752 -725 -743 -752 -743 -752 -752 -734 -734 -752 -734 -743 -761 -761 -752 -734 -734 -734 -743 -734 -725 -725 -743 -752 -725 -743 -725 -734 -734 -734 -734 -725 -743 -725 -743 -716 -716 -734 -743 -734 -734 -725 -725 -708 -699 -708 -717 -681 -690 -716 -689 -708 -690 -690 -681 -708 -708 -690 -690 -690 -708 -708 -716 -716 -716 -699 -690 -717 -734 -716 -717 -717 -725 -716 -708 -725 -708 -717 -725 -717 -699 -716 -725 -717 -717 -699 -717 -717 -699 -699 -699 -716 -708 -699 -717 -690 -717 -708 -699 -716 -716 -717 -725 -708 -717 -717 -725 -717 -717 -725 -734 -717 -725 -716 -717 -717 -708 -734 -716 -717 -725 -708 -725 -734 -708 -699 -717 -725 -699 -725 -717 -708 -707 -708 -716 -717 -725 -734 -725 -708 -717 -734 -725 -725 -717 -734 -725 -725 -725 -717 -734 -725 -717 -725 -717 -725 -717 -734 -717 -725 -734 -699 -725 -717 -734 -699 -717 -717 -717 -717 -725 -725 -725 -734 -734 -734 -717 -716 -734 -734 -734 -752 -743 -734 -743 -725 -752 -734 -734 -743 -743 -743 -752 -743 -717 -716 -734 -725 -734 -734 -752 -717 -725 -734 -725 -743 -734 -734 -725 -761 -725 -725 -743 -752 -752 -734 -743 -743 -743 -734 -734 -743 -752 -725 -734 -725 -734 -734 -743 -743 -734 -752 -734 -743 -770 -743 -734 -770 -743 -752 -743 -734 -752 -752 -761 -752 -743 -752 -770 -743 -752 -761 -752 -752 -743 -743 -761 -743 -743 -743 -761 -752 -761 -752 -770 -725 -752 -743 -761 -752 -761 -752 -752 -743 -761 -725 -770 -761 -770 -752 -761 -761 -761 -752 -761 -770 -743 -752 -752 -761 -761 -752 -761 -752 -752 -761 -761 -761 -752 -761 -761 -752 -743 -761 -752 -752 -761 -761 -752 -779 -761 -770 -743 -770 -743 -743 -743 -743 -743 -734 -743 -743 -725 -734 -743 -734 -725 -717 -743 -725 -734 -717 -725 -708 -717 -717 -743 -716 -716 -725 -725 -743 -699 -725 -708 -725 -716 -708 -716
-912 -921 -903 -930 -894 -912 -912 -894 -903 -921 -912 -911 -921 -912 -921 -930 -894 -903 -894 -903 -894 -885 -885 -867 -903 -894 -867 -858 -867 -867 -867 -850 -832 -850 -832 -850 -841 -850 -832 -850 -850 -841 -850 -823 -814 -841 -850 -850 -841 -841 -850 -850 -858 -858 -858 -841 -841 -814 -841 -850 -832 -841 -841 -832 -850 -850 -823 -841 -814 -832 -832 -823 -823 -814 -814 -814 -841 -806 -832 -823 -823 -832 -823 -814 -823 -814 -814 -823 -814 -832 -805 -823 -788 -787 -788 -806 -805 -805 -797 -797 -796 -788 -788 -805 -797 -806 -788 -788 -797 -779 -779 -788 -797 -788 -788 -788 -770 -779 -770 -761 -797 -770 -770 -788 -788 -770 -761 -779 -752 -761 -770 -770 -752 -761 -752 -761 -761 -752 -752 -761 -761 -743 -779 -752 -752 -752 -761 -752 -752 -734 -752 -752 -761 -770 -752 -752 -743 -734 -752 -743 -752 -743 -770 -734 -743 -725 -752 -743 -734 -743 -734 -725 -734 -743 -734 -743 -717 -743 -743 -725 -743 -725 -717 -734 -725 -743 -734 -725 -734 -743 -743 -743 -734 -717 -717 -708 -699 -717 -708 -717 -716 -707 -717 -717 -699 -699 -698 -690 -699 -699 -690 -708 -699 -708 -690 -690 -699 -708 -717 -708 -716 -708 -699 -734 -716 -717 -699 -717 -717 -716 -708 -708 -699 -708 -699 -717 -699 -708 -699 -699 -708 -699 -699 -699 -699 -708 -708 -717 -699 -699 -708 -708 -717 -708 -708 -725 -716 -699 -734 -708 -717 -717 -725 -734 -725 -717 -716 -725 -708 -725 -725 -717 -734 -708 -708 -717 -717 -717 -725 -716 -725 -708 -725 -725 -699 -725 -725 -734 -734 -725 -717 -725 -743 -717 -725 -734 -725 -734 -717 -734 -716 -734 -752 -725 -743 -734 -725 -725 -725 -725 -725 -752 -716 -725 -717 -717 -725 -734 -707 -717 -725 -734 -717 -734 -725 -725 -752 -717 -717 -725 -734 -725 -725 -734 -725 -761 -725 -725 -734 -743 -752 -752 -734 -725 -725 -725 -752 -717 -717 -716 -734 -743 -752 -752 -734 -734 -743 -725 -717 -725 -717 -725 -725 -743 -725 -734 -734 -734 -752 -743 -734 -743 -761 -734 -743 -743 -743 -743 -725 -743 -734 -752 -734 -734 -743 -743 -752 -743 -743 -743 -734 -752 -743 -761 -734 -743 -752 -752 -752 -761 -770 -743 -761 -743 -752 -752 -761 -752 -725 -770 -743 -761 -743 -725 -752 -743 -761 -752 -752 -743 -761 -752 -743 -752 -752 -752 -743 -761 -743 -752 -752 -770 -734 -761 -761 -743 -761 -752 -752 -761 -743 -761 -761 -761 -752 -770 -752 -752 -752 -761 -761 -770 -770 -761 -761 -770 -761 -770 -752 -770 -770 -761 -761 -761 -761 -752 -770 -752 -752 -752 -761 -752 -752 -743 -743 -725 -725 -743 -734 -725 -743 -725 -734 -725 -717 -725 -725 -716 -716 -717 -717 -717 -717 -716 -707 -717 -717 -708 -725 -717 -717 -716 -734 -708 -725 -717 -725 -752 -734 -734 -743 -743
-903 -939 -921 -921 -921 -921 -903 -912 -894 -912 -912 -894 -903 -876 -867 -903 -876 -867 -885 -867 -850 -858 -858 -858 -867 -867 -850 -858 -850 -850 -850 -850 -850 -850 -841 -841 -832 -823 -850 -841 -850 -841 -867 -841 -841 -832 -841 -823 -841 -858 -850 -841 -850 -841 -850 -850 -841 -841 -850 -832 -832 -832 -841 -858 -841 -814 -841 -841 -832 -832 -823 -814 -805 -814 -823 -806 -806 -814 -806 -814 -797 -805 -806 -814 -806 -788 -805 -805 -806 -797 -797 -787 -797 -788 -770 -814 -797 -797 -797 -797 -787 -788 -797 -797 -770 -806 -788 -797 -779 -788 -779 -770 -761 -779 -779 -770 -788 -779 -761 -743 -761 -752 -752 -770 -779 -761 -752 -761 -761 -761 -752 -761 -761 -752 -752 -752 -761 -743 -761 -752 -761 -743 -743 -752 -752 -752 -761 -743 -752 -743 -761 -761 -743 -743 -770 -752 -743 -734 -761 -734 -734 -743 -752 -743 -734 -725 -725 -734 -743 -725 -717 -752 -725 -743 -743 -734 -725 -717 -734 -734 -734 -734 -752 -734 -725 -725 -725 -717 -717 -734 -699 -717 -708 -717 -708 -690 -690 -708 -699 -672 -681 -690 -717 -690 -699 -708 -690 -716 -708 -717 -699 -717 -708 -717 -708 -708 -717 -708 -717 -725 -708 -725 -708 -725 -734 -716 -699 -699 -716 -699 -716 -717 -699 -716 -699 -717 -708 -708 -699 -717 -699 -717 -708 -708 -717 -708 -717 -708 -717 -734 -716 -708 -717 -725 -717 -708 -717 -716 -699 -725 -734 -717 -716 -717 -725 -734 -690 -743 -717 -734 -716 -708 -717 -717 -708 -725 -717 -690 -717 -708 -708 -725 -725 -716 -716 -725 -725 -725 -717 -708 -717 -717 -725 -725 -734 -725 -708 -725 -734 -717 -734 -708 -734 -716 -725 -725 -734 -725 -717 -734 -717 -734 -717 -725 -725 -725 -734 -734 -725 -725 -734 -717 -743 -725 -743 -743 -752 -752 -743 -752 -743 -743 -743 -752 -734 -734 -734 -725 -752 -725 -752 -725 -717 -717 -725 -717 -725 -716 -699 -725 -743 -734 -734 -734 -743 -734 -752 -717 -743 -734 -752 -743 -743 -761 -752 -743 -725 -734 -725 -734 -743 -743 -743 -734 -734 -734 -752 -734 -743 -752 -743 -725 -734 -743 -752 -743 -743 -734 -761 -752 -743 -752 -752 -743 -761 -752 -743 -761 -734 -761 -734 -752 -761 -752 -743 -752 -752 -734 -743 -743 -752 -752 -761 -770 -752 -743 -761 -752 -761 -770 -761 -752 -770 -761 -761 -752 -761 -770 -752 -761 -743 -770 -743 -761 -743 -743 -761 -752 -734 -761 -788 -779 -761 -779 -752 -779 -761 -779 -779 -761 -761 -779 -752 -779 -770 -752 -752 -752 -752 -761 -770 -743 -734 -734 -752 -725 -743 -752 -743 -734 -743 -734 -725 -717 -717 -725 -725 -708 -734 -743 -708 -734 -716 -716 -717 -725 -716 -725 -725 -725 -725 -725 -717 -734 -725 -725 -707 -725 -717 -743 -734 -743 -734 -725 -752 -734 -734 -743 -743 -743 -743 -752
-894 -903 -894 -903 -894 -894 -903 -885 -894 -876 -867 -867 -876 -858 -850 -858 -850 -850 -858 -858 -850 -841 -832 -850 -823 -841 -832 -850 -858 -841 -850 -832 -841 -841 -850 -841 -841 -850 -850 -850 -867 -850 -858 -850 -850 -841 -841 -832 -832 -832 -832 -823 -832 -841 -841 -832 -823 -832 -823 -832 -814 -841 -832 -841 -823 -814 -832 -806 -814 -806 -823 -806 -823 -823 -806 -797 -814 -797 -814 -788 -814 -797 -796 -788 -797 -806 -788 -797 -779 -788 -797 -788 -788 -779 -779 -788 -797 -779 -770 -797 -779 -779 -779 -779 -779 -779 -770 -779 -770 -761 -761 -761 -770 -761 -770 -761 -743 -752 -761 -761 -761 -770 -761 -761 -734 -761 -752 -752 -761 -761 -761 -770 -752 -761 -761 -743 -734 -761 -770 -743 -743 -752 -743 -761 -752 -743 -761 -743 -761 -734 -734 -743 -752 -743 -752 -752 -752 -752 -734 -752 -734 -743 -725 -743 -743 -743 -734 -752 -734 -717 -725 -743 -725 -734 -717 -725 -725 -734 -734 -708 -725 -717 -708 -717 -699 -717 -699 -717 -690 -708 -708 -690 -690 -699 -699 -708 -699 -708 -708 -690 -699 -699 -716 -708 -708 -708 -716 -708 -717 -708 -725 -725 -717 -717 -717 -708 -708 -716 -708 -708 -725 -725 -708 -699 -717 -725 -717 -743 -717 -707 -708 -690 -716 -708 -725 -708 -699 -717 -725 -717 -708 -725 -725 -717 -725 -717 -725 -725 -717 -717 -717 -717 -717 -734 -725 -708 -717 -717 -725 -717 -708 -708 -716 -725 -717 -699 -725 -717 -716 -699 -717 -717 -725 -717 -734 -717 -725 -717 -734 -725 -717 -734 -743 -725 -725 -734 -725 -708 -725 -717 -734 -725 -708 -734 -717 -717 -725 -725 -717 -725 -725 -725 -717 -734 -734 -725 -734 -752 -725 -725 -717 -725 -717 -725 -716 -717 -743 -734 -743 -734 -734 -734 -743 -734 -752 -734 -743 -734 -725 -725 -743 -734 -717 -717 -743 -725 -717 -717 -734 -725 -725 -725 -743 -717 -734 -734 -752 -743 -717 -734 -743 -743 -734 -743 -743 -734 -743 -761 -752 -734 -743 -725 -734 -743 -743 -734 -734 -770 -734 -734 -752 -761 -734 -743 -743 -761 -743 -770 -752 -743 -761 -743 -761 -743 -752 -734 -743 -752 -734 -743 -743 -743 -734 -761 -734 -761 -752 -761 -770 -752 -752 -761 -743 -752 -752 -752 -761 -770 -761 -761 -752 -752 -752 -761 -743 -743 -761 -752 -743 -752 -743 -752 -761 -752 -752 -770 -752 -752 -761 -761 -761 -761 -761 -761 -770 -761 -770 -752 -761 -752 -752 -770 -770 -779 -761 -752 -779 -761 -770 -761 -770 -761 -752 -743 -734 -743 -752 -734 -743 -725 -734 -725 -734 -743 -708 -734 -725 -734 -725 -734 -725 -717 -725 -717 -717 -743 -725 -725 -699 -725 -717 -717 -699 -708 -725 -725 -716 -734 -734 -716 -734 -743 -743 -752 -725 -725 -734 -734 -734 -734 -725 -761 -752 -725 -743 -717 -761 -752 -752 -734 -734 -725
-867 -894 -876 -876 -858 -867 -858 -841 -867 -858 -850 -858 -841 -841 -841 -841 -850 -850 -841 -858 -850 -858 -832 -850 -841 -850 -850 -850 -841 -850 -832 -832 -858 -850 -841 -850 -850 -850 -832 -832 -850 -832 -823 -841 -841 -832 -841 -814 -832 -823 -841 -850 -841 -832 -832 -814 -823 -823 -832 -806 -814 -814 -797 -823 -806 -814 -797 -806 -797 -814 -779 -805 -797 -797 -797 -806 -788 -806 -806 -797 -806 -788 -788 -797 -806 -806 -797 -805 -788 -779 -770 -788 -797 -779 -770 -788 -779 -779 -788 -761 -770 -788 -770 -779 -761 -770 -761 -779 -761 -761 -761 -752 -779 -761 -761 -752 -752 -761 -761 -770 -752 -752 -770 -743 -761 -752 -761 -761 -779 -743 -743 -743 -743 -752 -734 -752 -752 -761 -734 -761 -734 -752 -761 -743 -743 -752 -734 -734 -734 -743 -743 -725 -725 -734 -725 -743 -752 -743 -725 -752 -725 -734 -717 -734 -725 -717 -734 -725 -725 -717 -743 -717 -717 -725 -717 -699 -699 -707 -699 -690 -699 -708 -717 -708 -717 -690 -699 -690 -708 -708 -717 -717 -708 -708 -708 -699 -708 -708 -717 -708 -717 -708 -717 -717 -716 -708 -717 -708 -725 -717 -708 -717 -708 -708 -725 -734 -708 -725 -708 -717 -716 -699 -708 -708 -708 -708 -699 -699 -716 -708 -717 -699 -707 -734 -717 -716 -743 -716 -717 -716 -716 -725 -734 -725 -717 -734 -734 -725 -716 -717 -717 -717 -716 -734 -708 -708 -725 -717 -716 -725 -717 -725 -707 -716 -716 -725 -699 -725 -734 -734 -716 -725 -725 -734 -725 -716 -725 -734 -717 -734 -717 -725 -725 -725 -725 -734 -734 -725 -717 -716 -725 -717 -725 -717 -717 -734 -734 -717 -717 -734 -708 -734 -716 -725 -716 -725 -717 -734 -743 -743 -734 -734 -717 -708 -734 -752 -725 -752 -743 -734 -743 -734 -734 -734 -743 -725 -725 -717 -708 -716 -725 -725 -725 -725 -725 -717 -717 -734 -743 -734 -761 -752 -734 -752 -734 -752 -725 -743 -734 -743 -761 -734 -743 -743 -743 -752 -725 -752 -743 -717 -734 -743 -734 -752 -743 -734 -752 -752 -752 -761 -752 -761 -743 -761 -752 -743 -743 -752 -761 -752 -761 -752 -761 -752 -734 -770 -743 -761 -752 -761 -743 -761 -761 -743 -752 -752 -752 -743 -761 -752 -770 -752 -761 -743 -770 -770 -743 -752 -743 -752 -752 -761 -761 -770 -770 -761 -752 -752 -761 -752 -770 -752 -743 -761 -770 -770 -752 -752 -761 -752 -779 -770 -752 -752 -779 -743 -743 -761 -770 -779 -761 -761 -761 -743 -761 -752 -743 -761 -734 -761 -708 -734 -725 -725 -717 -725 -717 -725 -734 -734 -725 -717 -725 -699 -734 -716 -717 -725 -734 -725 -725 -717 -734 -708 -717 -725 -708 -725 -725 -708 -734 -725 -725 -716 -734 -734 -725 -743 -725 -734 -752 -725 -752 -717 -752 -752 -743 -734 -734 -743 -743 -743 -725 -725 -734 -734 -734 -716 -725 -734 -716 -725
-858 -850 -850 -850 -858 -841 -858 -850 -841 -850 -850 -841 -832 -850 -841 -841 -858 -850 -832 -841 -841 -841 -858 -841 -832 -858 -850 -850 -850 -832 -823 -832 -841 -823 -832 -841 -832 -850 -823 -823 -841 -832 -823 -823 -823 -841 -814 -823 -814 -806 -797 -806 -806 -814 -814 -805 -797 -814 -806 -788 -806 -797 -814 -806 -796 -796 -814 -805 -806 -797 -797 -797 -779 -788 -806 -788 -788 -806 -805 -797 -770 -779 -788 -788 -779 -788 -788 -770 -788 -770 -761 -779 -770 -761 -770 -761 -779 -788 -752 -770 -743 -752 -761 -761 -752 -752 -761 -761 -761 -770 -770 -761 -761 -752 -743 -761 -752 -770 -752 -743 -743 -734 -761 -752 -752 -761 -743 -725 -743 -743 -734 -725 -743 -752 -734 -743 -743 -752 -752 -734 -752 -725 -752 -734 -752 -734 -734 -743 -725 -717 -743 -716 -725 -734 -717 -725 -725 -734 -725 -725 -743 -725 -716 -716 -716 -690 -708 -708 -707 -725 -708 -708 -717 -690 -699 -690 -699 -699 -699 -681 -681 -717 -717 -717 -717 -690 -690 -708 -699 -725 -717 -699 -725 -708 -699 -717 -725 -717 -725 -725 -717 -708 -681 -708 -708 -699 -708 -708 -725 -708 -716 -708 -707 -725 -717 -708 -681 -690 -708 -708 -690 -699 -717 -708 -707 -717 -717 -717 -707 -717 -716 -708 -708 -717 -717 -734 -716 -717 -716 -717 -716 -717 -717 -725 -708 -717 -708 -717 -725 -717 -725 -734 -716 -716 -708 -725 -707 -717 -725 -708 -717 -708 -717 -717 -708 -717 -743 -734 -716 -716 -716 -734 -708 -717 -734 -725 -717 -699 -725 -743 -725 -717 -717 -734 -707 -725 -717 -725 -716 -717 -717 -725 -743 -734 -725 -725 -734 -725 -734 -734 -734 -761 -743 -743 -725 -743 -717 -734 -725 -734 -734 -752 -743 -743 -743 -743 -743 -725 -734 -743 -734 -716 -725 -734 -725 -743 -743 -734 -743 -743 -734 -752 -734 -725 -743 -743 -743 -752 -743 -752 -743 -752 -743 -752 -761 -743 -761 -734 -752 -743 -752 -734 -734 -725 -743 -743 -752 -752 -734 -761 -743 -752 -734 -752 -743 -734 -761 -752 -752 -761 -761 -770 -752 -743 -761 -734 -743 -761 -761 -743 -752 -752 -743 -734 -770 -752 -752 -752 -752 -743 -770 -743 -752 -770 -743 -716 -761 -752 -752 -752 -770 -761 -761 -770 -752 -761 -770 -770 -761 -761 -752 -752 -761 -734 -761 -752 -761 -761 -743 -761 -752 -761 -761 -770 -761 -770 -761 -761 -761 -770 -761 -770 -761 -761 -761 -752 -752 -743 -752 -752 -725 -734 -752 -743 -743 -725 -734 -725 -725 -717 -734 -725 -717 -717 -725 -717 -725 -743 -725 -725 -734 -725 -699 -725 -699 -707 -717 -717 -717 -716 -717 -717 -734 -717 -725 -734 -743 -725 -725 -743 -717 -717 -734 -752 -725 -725 -717 -743 -734 -743 -761 -725 -743 -743 -734 -734 -725 -761 -725 -725 -725 -717 -734 -734 -725 -708 -743 -725 -734 -734 -743 -761
-832 -850 -850 -841 -850 -858 -832 -841 -841 -850 -841 -850 -850 -841 -858 -850 -832 -832 -850 -841 -850 -832 -841 -832 -832 -850 -832 -841 -832 -841 -832 -832 -832 -850 -814 -823 -823 -832 -832 -823 -823 -832 -797 -814 -814 -814 -814 -814 -797 -806 -796 -823 -805 -814 -814 -797 -806 -796 -788 -806 -788 -788 -805 -797 -788 -788 -806 -814 -788 -788 -779 -806 -779 -805 -797 -779 -788 -788 -788 -779 -779 -770 -770 -787 -761 -770 -779 -779 -779 -761 -761 -770 -752 -752 -788 -779 -743 -761 -752 -752 -779 -770 -761 -734 -752 -761 -743 -761 -734 -752 -734 -752 -743 -752 -725 -717 -725 -752 -743 -752 -743 -752 -752 -752 -752 -734 -743 -752 -708 -734 -734 -752 -752 -761 -743 -752 -734 -725 -725 -734 -725 -743 -734 -734 -734 -725 -725 -725 -725 -743 -743 -717 -725 -717 -716 -716 -725 -716 -708 -717 -707 -708 -690 -708 -734 -690 -663 -681 -699 -690 -681 -708 -681 -717 -699 -708 -717 -699 -708 -725 -716 -716 -699 -725 -717 -708 -716 -717 -699 -717 -708 -725 -725 -708 -708 -707 -708 -716 -708 -717 -717 -690 -708 -708 -708 -699 -708 -708 -717 -717 -716 -708 -717 -699 -708 -716 -716 -725 -717 -717 -725 -725 -717 -734 -725 -717 -717 -708 -734 -717 -725 -734 -716 -708 -708 -708 -734 -716 -725 -717 -717 -708 -717 -708 -708 -717 -717 -717 -717 -717 -725 -725 -717 -734 -708 -717 -725 -725 -725 -734 -734 -743 -734 -708 -725 -725 -716 -734 -717 -717 -734 -725 -716 -725 -734 -734 -725 -725 -734 -734 -725 -725 -717 -725 -725 -717 -716 -725 -752 -734 -734 -717 -716 -743 -734 -725 -725 -734 -734 -743 -734 -734 -734 -725 -734 -734 -716 -717 -734 -734 -734 -734 -725 -734 -725 -734 -725 -734 -743 -734 -734 -743 -743 -734 -734 -752 -725 -725 -734 -743 -734 -761 -761 -734 -743 -734 -734 -743 -725 -743 -734 -743 -734 -734 -743 -734 -734 -761 -743 -752 -734 -743 -725 -743 -734 -752 -761 -761 -761 -761 -752 -752 -734 -752 -752 -752 -734 -743 -734 -743 -743 -752 -743 -761 -734 -761 -734 -725 -743 -761 -752 -743 -752 -761 -761 -770 -761 -734 -752 -752 -761 -761 -743 -761 -761 -761 -761 -752 -788 -761 -761 -770 -761 -761 -761 -761 -761 -761 -761 -770 -752 -761 -752 -752 -761 -761 -752 -779 -761 -752 -743 -752 -770 -752 -770 -761 -752 -761 -761 -761 -743 -734 -734 -734 -743 -725 -725 -734 -734 -734 -717 -725 -725 -743 -734 -725 -725 -734 -717 -717 -734 -717 -717 -734 -717 -716 -717 -716 -708 -717 -725 -734 -716 -725 -725 -725 -752 -708 -717 -725 -734 -743 -716 -752 -734 -743 -761 -743 -743 -725 -752 -725 -761 -725 -743 -743 -716 -734 -734 -717 -743 -725 -743 -725 -725 -725 -725 -716 -717 -734 -752 -752 -716 -752 -752 -752 -752 -770 -761 -788 -779 -770
-850 -841 -858 -832 -841 -850 -850 -850 -858 -850 -850 -841 -841 -832 -841 -823 -850 -850 -832 -814 -832 -841 -823 -832 -850 -841 -832 -832 -814 -832 -806 -814 -841 -823 -814 -823 -823 -832 -814 -814 -814 -806 -788 -805 -797 -797 -797 -797 -797 -806 -806 -805 -788 -797 -806 -806 -797 -796 -779 -788 -806 -797 -797 -788 -779 -806 -770 -779 -779 -779 -779 -779 -779 -761 -779 -770 -779 -779 -779 -770 -761 -779 -761 -761 -761 -770 -752 -752 -743 -734 -761 -752 -752 -752 -761 -761 -743 -761 -761 -752 -752 -779 -752 -770 -743 -761 -743 -761 -743 -761 -743 -743 -734 -743 -752 -743 -734 -770 -743 -743 -743 -734 -725 -734 -743 -743 -743 -716 -725 -734 -717 -734 -743 -752 -743 -734 -743 -725 -743 -752 -734 -734 -725 -734 -743 -725 -734 -717 -725 -708 -690 -708 -708 -717 -708 -708 -717 -708 -699 -699 -699 -681 -699 -708 -699 -708 -681 -708 -707 -699 -708 -699 -717 -708 -716 -725 -725 -717 -708 -708 -716 -725 -716 -716 -725 -708 -717 -708 -717 -717 -708 -690 -708 -681 -699 -725 -699 -716 -708 -708 -717 -708 -717 -708 -708 -690 -717 -708 -717 -708 -717 -707 -725 -743 -734 -734 -752 -725 -725 -734 -725 -725 -725 -725 -716 -717 -708 -717 -717 -708 -708 -717 -708 -708 -707 -725 -717 -725 -708 -716 -725 -717 -734 -725 -717 -725 -725 -717 -734 -717 -743 -717 -725 -725 -734 -717 -734 -717 -734 -717 -708 -716 -734 -725 -734 -734 -717 -725 -725 -725 -725 -717 -708 -725 -725 -743 -725 -734 -717 -743 -734 -734 -743 -734 -725 -743 -734 -717 -734 -734 -725 -725 -734 -734 -734 -734 -734 -725 -717 -743 -725 -734 -725 -743 -725 -717 -743 -717 -725 -743 -725 -743 -743 -743 -725 -752 -725 -761 -743 -734 -743 -752 -743 -752 -743 -761 -761 -734 -743 -743 -752 -734 -743 -743 -743 -734 -743 -725 -734 -761 -752 -734 -743 -734 -752 -743 -761 -743 -761 -734 -770 -752 -761 -752 -743 -743 -770 -743 -761 -743 -752 -752 -743 -734 -743 -743 -734 -743 -743 -761 -752 -725 -752 -761 -761 -743 -752 -743 -743 -770 -725 -752 -752 -761 -788 -761 -743 -761 -761 -752 -770 -752 -752 -752 -752 -761 -752 -761 -761 -761 -761 -770 -761 -761 -761 -761 -752 -743 -770 -770 -770 -752 -770 -752 -752 -752 -752 -761 -752 -770 -743 -743 -761 -752 -743 -743 -734 -734 -734 -725 -699 -734 -734 -734 -734 -743 -725 -734 -734 -734 -717 -717 -717 -717 -725 -725 -716 -716 -734 -717 -717 -725 -708 -725 -734 -716 -725 -699 -717 -725 -725 -725 -752 -717 -743 -743 -752 -752 -725 -761 -752 -743 -743 -761 -743 -752 -725 -743 -725 -734 -725 -743 -743 -725 -734 -725 -734 -734 -734 -734 -725 -743 -752 -743 -725 -761 -752 -752 -770 -761 -770 -752 -788 -779 -788 -788 -779 -797 -788 -788 -788 -797
-850 -832 -841 -832 -832 -823 -841 -832 -841 -823 -841 -841 -832 -841 -841 -841 -832 -823 -832 -832 -814 -814 -814 -814 -814 -832 -814 -814 -814 -832 -806 -806 -806 -814 -797 -805 -797 -796 -806 -797 -788 -806 -805 -779 -797 -805 -806 -805 -797 -770 -788 -797 -770 -770 -788 -779 -788 -770 -779 -779 -788 -779 -779 -779 -779 -770 -761 -779 -788 -779 -752 -770 -770 -770 -752 -770 -770 -752 -743 -770 -770 -761 -734 -761 -734 -761 -743 -761 -761 -761 -743 -743 -761 -743 -761 -734 -752 -752 -743 -743 -734 -743 -752 -743 -761 -752 -761 -743 -761 -743 -752 -725 -752 -743 -752 -761 -743 -725 -743 -734 -725 -743 -734 -725 -725 -734 -725 -725 -725 -734 -734 -708 -725 -725 -752 -734 -725 -717 -716 -725 -734 -717 -716 -708 -699 -716 -690 -699 -708 -690 -699 -699 -690 -708 -708 -708 -690 -699 -708 -708 -708 -708 -699 -699 -717 -707 -734 -717 -717 -708 -699 -708 -717 -699 -690 -708 -707 -717 -708 -699 -717 -708 -690 -725 -708 -717 -717 -699 -708 -708 -717 -708 -690 -708 -699 -708 -708 -699 -717 -708 -717 -716 -734 -717 -725 -734 -734 -707 -725 -716 -725 -707 -717 -725 -699 -725 -725 -725 -734 -717 -717 -743 -725 -699 -716 -725 -708 -725 -734 -708 -717 -716 -717 -716 -725 -725 -717 -725 -725 -725 -725 -708 -725 -717 -725 -699 -743 -734 -734 -725 -725 -725 -734 -717 -725 -717 -717 -725 -725 -717 -717 -716 -734 -716 -725 -717 -743 -725 -716 -725 -716 -717 -734 -734 -743 -725 -717 -725 -717 -725 -743 -743 -743 -743 -743 -734 -743 -734 -743 -734 -734 -716 -725 -717 -717 -734 -708 -725 -725 -752 -734 -734 -734 -725 -725 -734 -743 -743 -725 -752 -743 -725 -743 -725 -743 -734 -743 -743 -770 -734 -761 -743 -752 -761 -725 -743 -743 -743 -752 -725 -725 -734 -743 -743 -752 -734 -752 -743 -743 -743 -752 -761 -752 -743 -743 -761 -725 -752 -761 -752 -743 -743 -743 -743 -743 -761 -770 -734 -734 -779 -761 -743 -752 -734 -752 -725 -752 -761 -752 -752 -752 -770 -752 -752 -761 -752 -761 -752 -752 -770 -779 -761 -770 -770 -743 -743 -752 -752 -761 -770 -752 -779 -752 -761 -761 -743 -752 -761 -770 -761 -761 -761 -752 -761 -761 -752 -761 -761 -761 -743 -770 -761 -752 -743 -734 -761 -743 -734 -734 -743 -743 -743 -716 -716 -734 -734 -725 -725 -708 -708 -725 -743 -725 -725 -725 -717 -716 -717 -699 -725 -717 -717 -708 -717 -725 -708 -708 -717 -717 -717 -716 -725 -734 -734 -752 -725 -734 -743 -725 -743 -725 -743 -761 -743 -734 -743 -734 -734 -743 -743 -734 -734 -734 -743 -725 -717 -717 -734 -752 -734 -734 -717 -725 -734 -752 -725 -717 -734 -761 -725 -752 -770 -770 -752 -752 -770 -761 -805 -779 -779 -761 -787 -806 -788 -806 -806 -788 -814 -779 -797 -805 -814
-850 -841 -841 -850 -841 -850 -832 -832 -850 -841 -823 -850 -841 -832 -850 -814 -814 -832 -823 -832 -814 -806 -806 -806 -797 -805 -797 -797 -805 -797 -805 -797 -805 -797 -814 -797 -806 -805 -805 -814 -788 -797 -770 -805 -779 -770 -788 -788 -797 -761 -788 -779 -779 -805 -770 -779 -779 -779 -779 -761 -788 -761 -761 -752 -752 -761 -770 -761 -752 -770 -761 -743 -761 -770 -752 -770 -761 -752 -761 -761 -725 -779 -752 -734 -761 -734 -725 -752 -752 -752 -752 -743 -752 -761 -734 -743 -734 -761 -761 -770 -752 -743 -743 -761 -770 -734 -725 -752 -752 -743 -717 -743 -743 -752 -761 -725 -734 -734 -725 -734 -725 -743 -717 -734 -717 -708 -725 -734 -717 -716 -708 -734 -761 -717 -717 -725 -717 -716 -708 -708 -716 -690 -699 -681 -690 -699 -690 -716 -725 -681 -717 -708 -708 -717 -708 -725 -708 -716 -725 -708 -716 -717 -725 -708 -717 -717 -699 -707 -699 -699 -717 -717 -717 -699 -708 -717 -717 -716 -699 -708 -717 -725 -690 -716 -708 -716 -717 -725 -717 -717 -708 -690 -708 -716 -717 -725 -716 -734 -717 -717 -717 -725 -734 -725 -725 -725 -699 -717 -716 -716 -708 -717 -708 -725 -716 -708 -716 -708 -708 -699 -716 -717 -725 -708 -725 -725 -725 -717 -708 -725 -725 -717 -725 -725 -717 -717 -725 -743 -725 -716 -716 -716 -725 -716 -725 -708 -725 -717 -717 -734 -725 -725 -734 -725 -717 -725 -725 -734 -725 -725 -717 -734 -725 -743 -725 -716 -717 -725 -725 -752 -743 -725 -752 -725 -752 -752 -752 -734 -743 -725 -734 -725 -717 -734 -752 -717 -752 -734 -725 -717 -708 -717 -725 -725 -717 -743 -725 -734 -717 -743 -743 -743 -734 -743 -725 -752 -761 -743 -752 -761 -743 -743 -734 -752 -743 -752 -725 -743 -734 -743 -743 -752 -752 -734 -761 -761 -743 -743 -743 -752 -770 -752 -743 -743 -743 -743 -752 -743 -752 -743 -761 -743 -752 -743 -743 -770 -752 -743 -743 -752 -761 -752 -761 -743 -743 -761 -752 -752 -761 -743 -761 -743 -752 -752 -752 -752 -743 -743 -761 -752 -743 -743 -752 -770 -761 -743 -752 -761 -752 -752 -761 -761 -761 -779 -752 -779 -761 -752 -761 -752 -752 -761 -752 -761 -761 -761 -752 -743 -752 -779 -788 -761 -752 -761 -761 -752 -752 -761 -743 -734 -761 -734 -725 -717 -734 -734 -725 -725 -725 -752 -725 -708 -725 -725 -725 -717 -717 -717 -717 -717 -725 -716 -717 -725 -717 -725 -717 -716 -734 -717 -725 -734 -734 -734 -725 -734 -743 -743 -734 -725 -743 -752 -734 -734 -743 -761 -734 -743 -743 -743 -725 -725 -717 -734 -725 -725 -743 -743 -725 -743 -725 -725 -734 -725 -734 -752 -734 -761 -717 -734 -752 -752 -752 -761 -743 -761 -761 -761 -788 -761 -797 -797 -797 -788 -797 -797 -788 -797 -814 -823 -797 -797 -806 -805 -805 -805 -806 -806 -814 -806 -806 -797
-841 -841 -832 -850 -832 -832 -832 -832 -814 -823 -814 -814 -832 -797 -806 -805 -806 -797 -805 -806 -806 -788 -806 -806 -788 -797 -797 -779 -787 -797 -806 -788 -806 -788 -779 -779 -788 -779 -770 -806 -806 -796 -770 -788 -788 -797 -788 -779 -779 -779 -770 -779 -779 -779 -788 -761 -761 -770 -761 -770 -770 -770 -779 -761 -779 -752 -743 -761 -752 -770 -761 -761 -752 -743 -743 -752 -752 -761 -743 -752 -752 -761 -743 -734 -752 -725 -761 -734 -743 -761 -752 -743 -761 -734 -743 -743 -743 -743 -743 -734 -734 -743 -743 -743 -725 -743 -743 -743 -752 -734 -725 -725 -708 -743 -734 -743 -717 -717 -725 -725 -717 -734 -717 -725 -716 -717 -716 -716 -699 -707 -690 -699 -716 -716 -699 -699 -690 -717 -708 -690 -699 -708 -708 -708 -717 -725 -690 -708 -717 -708 -699 -716 -725 -725 -708 -699 -717 -717 -699 -708 -716 -716 -725 -734 -734 -717 -699 -725 -717 -708 -681 -699 -716 -699 -708 -708 -707 -717 -699 -690 -708 -699 -708 -717 -708 -717 -716 -725 -717 -717 -734 -725 -734 -734 -717 -717 -725 -725 -725 -725 -708 -708 -717 -708 -699 -708 -708 -717 -725 -717 -708 -708 -734 -725 -716 -725 -708 -725 -717 -725 -743 -725 -725 -717 -725 -734 -725 -717 -725 -716 -725 -717 -734 -717 -716 -725 -752 -734 -725 -717 -734 -725 -725 -725 -725 -716 -725 -725 -699 -717 -734 -717 -734 -717 -734 -717 -717 -725 -734 -725 -725 -734 -725 -743 -734 -734 -743 -734 -761 -734 -734 -725 -734 -725 -752 -725 -743 -725 -734 -743 -734 -734 -725 -752 -734 -725 -752 -734 -725 -725 -725 -734 -743 -743 -734 -734 -743 -743 -734 -734 -761 -743 -761 -743 -752 -743 -743 -725 -734 -734 -752 -752 -725 -761 -734 -743 -743 -743 -725 -743 -770 -743 -734 -752 -752 -752 -761 -752 -761 -743 -743 -752 -752 -761 -761 -761 -743 -752 -761 -761 -743 -761 -743 -743 -743 -752 -770 -734 -752 -752 -761 -743 -752 -752 -743 -743 -734 -761 -770 -752 -770 -761 -752 -770 -770 -761 -761 -743 -761 -761 -752 -761 -761 -779 -770 -752 -770 -743 -761 -761 -761 -761 -761 -770 -770 -752 -770 -752 -761 -770 -779 -752 -770 -779 -743 -761 -770 -761 -770 -752 -725 -743 -734 -734 -725 -734 -725 -734 -725 -734 -725 -734 -743 -752 -708 -734 -734 -725 -708 -743 -743 -717 -734 -708 -717 -717 -717 -725 -708 -725 -717 -734 -725 -708 -717 -725 -716 -734 -743 -725 -743 -734 -761 -734 -734 -743 -743 -761 -716 -761 -752 -752 -752 -725 -725 -743 -725 -743 -725 -734 -725 -716 -734 -725 -743 -734 -725 -725 -752 -725 -752 -752 -752 -743 -761 -761 -761 -788 -779 -761 -761 -770 -779 -779 -788 -788 -788 -797 -788 -805 -796 -779 -805 -797 -806 -806 -797 -788 -797 -797 -806 -805 -805 -788 -797 -788 -779 -814 -788 -797 -797 -788
-832 -832 -806 -806 -814 -814 -823 -814 -806 -814 -805 -797 -797 -797 -814 -805 -797 -797 -788 -814 -788 -797 -779 -779 -797 -779 -788 -797 -796 -779 -806 -779 -779 -770 -788 -797 -788 -788 -797 -770 -779 -752 -761 -788 -752 -770 -761 -770 -761 -761 -761 -770 -761 -761 -761 -761 -752 -752 -761 -761 -761 -752 -761 -761 -770 -752 -752 -761 -734 -743 -779 -752 -734 -752 -725 -743 -761 -743 -761 -743 -743 -761 -752 -743 -752 -761 -725 -743 -734 -752 -743 -734 -743 -725 -725 -725 -734 -725 -734 -752 -752 -734 -743 -743 -725 -734 -734 -725 -743 -734 -717 -717 -717 -725 -725 -716 -717 -734 -708 -699 -717 -708 -708 -717 -708 -690 -708 -699 -699 -690 -708 -708 -707 -716 -717 -699 -708 -699 -699 -708 -716 -717 -717 -716 -708 -725 -707 -708 -725 -708 -717 -699 -717 -708 -716 -708 -717 -717 -699 -717 -717 -717 -708 -690 -699 -690 -708 -717 -708 -708 -699 -708 -717 -725 -708 -725 -717 -725 -717 -717 -708 -717 -725 -725 -725 -708 -716 -725 -734 -708 -708 -707 -725 -725 -708 -717 -708 -708 -725 -716 -708 -708 -716 -708 -725 -699 -699 -717 -725 -717 -717 -708 -717 -717 -725 -717 -734 -734 -725 -725 -734 -725 -717 -725 -725 -734 -743 -717 -716 -708 -708 -734 -717 -734 -699 -716 -699 -725 -725 -707 -725 -734 -734 -717 -725 -734 -725 -725 -743 -734 -717 -734 -725 -734 -752 -743 -734 -752 -752 -743 -725 -734 -752 -725 -725 -725 -734 -725 -725 -717 -734 -725 -734 -716 -717 -734 -716 -734 -734 -725 -752 -743 -743 -725 -734 -734 -734 -743 -717 -743 -743 -752 -743 -752 -752 -743 -734 -725 -761 -725 -734 -743 -734 -743 -734 -743 -743 -734 -743 -752 -734 -752 -752 -734 -743 -743 -752 -752 -725 -734 -752 -743 -752 -761 -743 -743 -752 -752 -761 -752 -752 -752 -761 -743 -743 -743 -761 -770 -752 -761 -761 -752 -761 -761 -752 -761 -761 -743 -761 -752 -761 -743 -743 -752 -761 -761 -770 -761 -770 -770 -761 -743 -752 -752 -761 -770 -779 -761 -743 -770 -761 -770 -761 -761 -779 -761 -752 -761 -770 -761 -770 -752 -770 -761 -752 -761 -752 -761 -761 -761 -752 -743 -734 -743 -761 -725 -752 -734 -743 -743 -725 -725 -716 -725 -725 -734 -725 -717 -725 -725 -725 -708 -725 -725 -725 -717 -725 -708 -717 -717 -725 -725 -708 -725 -717 -725 -717 -734 -725 -743 -743 -734 -752 -761 -743 -752 -743 -734 -743 -752 -725 -752 -743 -734 -752 -734 -734 -725 -743 -743 -734 -734 -734 -725 -734 -725 -725 -725 -725 -734 -734 -716 -743 -752 -761 -761 -761 -752 -761 -779 -779 -770 -788 -770 -779 -788 -770 -779 -806 -797 -797 -797 -805 -806 -805 -797 -797 -823 -788 -806 -788 -806 -797 -797 -806 -806 -788 -788 -797 -806 -814 -788 -797 -805 -797 -779 -797 -788 -797 -814 -823 -806
-797 -797 -806 -805 -806 -797 -806 -797 -814 -788 -797 -797 -805 -797 -797 -770 -779 -779 -806 -788 -796 -806 -806 -788 -796 -770 -788 -770 -788 -779 -779 -779 -796 -778 -761 -779 -770 -779 -761 -779 -761 -779 -761 -752 -770 -761 -761 -761 -743 -761 -761 -743 -743 -752 -761 -752 -770 -752 -752 -761 -752 -743 -761 -752 -752 -734 -743 -752 -752 -761 -761 -743 -752 -743 -752 -734 -743 -734 -752 -752 -743 -761 -743 -743 -743 -752 -717 -752 -716 -734 -743 -725 -717 -734 -725 -717 -717 -725 -743 -734 -717 -743 -725 -725 -725 -708 -717 -717 -690 -717 -725 -716 -708 -708 -699 -690 -690 -699 -690 -699 -708 -699 -699 -690 -708 -717 -708 -708 -708 -708 -699 -699 -708 -725 -708 -708 -717 -717 -717 -699 -717 -708 -708 -708 -716 -708 -725 -708 -708 -725 -708 -725 -699 -699 -716 -708 -717 -698 -707 -708 -708 -699 -708 -716 -699 -717 -717 -708 -708 -725 -716 -717 -708 -716 -717 -752 -752 -725 -734 -708 -717 -725 -734 -717 -708 -725 -717 -708 -717 -717 -725 -717 -725 -708 -725 -708 -716 -716 -725 -699 -717 -708 -725 -717 -716 -717 -725 -717 -717 -725 -717 -716 -743 -743 -734 -725 -725 -725 -725 -725 -725 -725 -725 -725 -716 -734 -716 -725 -725 -717 -708 -725 -725 -707 -725 -743 -734 -725 -717 -734 -725 -734 -734 -725 -743 -734 -734 -734 -725 -725 -725 -708 -752 -734 -752 -717 -734 -752 -752 -725 -734 -734 -725 -725 -725 -725 -725 -716 -734 -716 -725 -708 -734 -743 -725 -752 -734 -743 -725 -752 -734 -761 -743 -725 -761 -752 -734 -717 -743 -725 -752 -725 -743 -743 -725 -734 -734 -734 -752 -734 -743 -743 -752 -752 -743 -752 -734 -743 -734 -752 -734 -743 -743 -743 -761 -752 -752 -743 -761 -743 -743 -752 -752 -770 -743 -752 -752 -734 -743 -743 -743 -761 -743 -761 -761 -752 -761 -752 -770 -761 -752 -743 -752 -752 -752 -743 -770 -743 -752 -752 -743 -752 -788 -761 -761 -761 -752 -770 -770 -752 -743 -743 -761 -761 -743 -770 -752 -752 -761 -752 -761 -770 -761 -779 -770 -761 -761 -770 -761 -770 -752 -761 -752 -734 -752 -770 -734 -734 -734 -734 -743 -717 -734 -734 -725 -717 -725 -708 -716 -734 -717 -743 -734 -717 -716 -716 -717 -725 -717 -717 -717 -725 -717 -734 -725 -725 -743 -734 -717 -752 -725 -725 -743 -734 -743 -717 -752 -752 -725 -743 -734 -752 -752 -743 -734 -761 -734 -734 -752 -743 -725 -725 -752 -725 -717 -717 -725 -725 -734 -734 -743 -725 -734 -725 -752 -752 -743 -761 -752 -752 -761 -770 -788 -752 -788 -770 -779 -779 -797 -797 -788 -797 -788 -797 -806 -788 -806 -805 -797 -805 -797 -788 -788 -788 -797 -797 -814 -797 -797 -806 -788 -797 -797 -797 -797 -797 -797 -797 -806 -805 -814 -806 -806 -823 -805 -806 -814 -806 -788 -814 -823 -814
-797 -797 -823 -797 -788 -805 -806 -805 -797 -788 -779 -779 -779 -797 -806 -797 -797 -806 -806 -806 -761 -788 -797 -779 -770 -788 -761 -770 -779 -761 -788 -761 -779 -770 -770 -761 -770 -752 -761 -752 -761 -743 -743 -761 -761 -752 -761 -761 -752 -761 -752 -734 -743 -752 -752 -752 -752 -752 -743 -761 -761 -752 -752 -761 -725 -734 -761 -734 -761 -743 -761 -743 -752 -761 -734 -752 -734 -752 -743 -734 -752 -752 -717 -734 -752 -743 -725 -725 -725 -761 -734 -743 -752 -734 -734 -717 -734 -717 -725 -717 -725 -699 -699 -708 -708 -699 -717 -717 -708 -708 -699 -708 -690 -716 -717 -699 -708 -708 -708 -717 -716 -716 -717 -699 -716 -699 -708 -717 -725 -734 -699 -717 -708 -717 -690 -708 -708 -708 -725 -717 -717 -717 -708 -708 -699 -699 -708 -717 -716 -699 -690 -690 -708 -708 -708 -708 -725 -708 -699 -716 -717 -708 -708 -734 -725 -717 -725 -708 -717 -734 -725 -717 -734 -708 -725 -725 -716 -734 -708 -725 -690 -716 -717 -708 -717 -717 -717 -708 -725 -734 -717 -717 -725 -708 -716 -717 -717 -725 -734 -725 -725 -734 -717 -725 -725 -725 -725 -716 -725 -734 -717 -743 -725 -734 -725 -743 -708 -717 -734 -716 -708 -716 -716 -716 -725 -743 -717 -717 -725 -725 -725 -734 -725 -725 -725 -716 -734 -725 -734 -725 -725 -743 -743 -734 -734 -743 -725 -734 -734 -725 -743 -725 -743 -743 -717 -734 -717 -743 -725 -734 -717 -743 -734 -725 -743 -734 -734 -734 -734 -708 -734 -743 -743 -752 -734 -743 -743 -752 -743 -752 -734 -725 -743 -770 -743 -743 -734 -734 -734 -743 -725 -734 -743 -743 -752 -752 -743 -743 -743 -734 -752 -743 -752 -761 -743 -743 -761 -725 -752 -752 -761 -752 -743 -743 -734 -752 -734 -761 -743 -752 -752 -743 -743 -752 -752 -752 -761 -770 -761 -752 -761 -770 -743 -752 -752 -761 -770 -761 -761 -761 -761 -779 -770 -743 -752 -770 -761 -752 -761 -770 -761 -761 -752 -752 -770 -770 -770 -770 -752 -743 -752 -761 -779 -761 -770 -770 -770 -761 -779 -770 -770 -761 -779 -770 -743 -743 -752 -743 -752 -734 -734 -761 -725 -734 -717 -725 -708 -725 -734 -725 -725 -708 -717 -717 -717 -743 -708 -725 -743 -716 -708 -725 -717 -717 -708 -708 -734 -725 -707 -734 -725 -717 -716 -725 -734 -734 -743 -717 -734 -752 -743 -743 -752 -734 -725 -752 -752 -734 -752 -734 -734 -717 -734 -725 -725 -717 -752 -725 -725 -752 -725 -725 -725 -743 -734 -743 -734 -743 -725 -761 -752 -761 -770 -770 -779 -788 -779 -779 -788 -788 -796 -806 -779 -806 -797 -797 -806 -814 -805 -797 -814 -797 -797 -788 -806 -797 -797 -797 -806 -788 -805 -797 -788 -797 -796 -788 -797 -806 -797 -797 -814 -823 -806 -806 -797 -806 -806 -797 -806 -814 -814 -814 -814 -797 -823 -823 -806 -806 -832 -823 -823 -841
-797 -797 -806 -806 -797 -806 -806 -797 -787 -779 -788 -788 -797 -797 -788 -779 -770 -770 -761 -761 -779 -761 -770 -779 -770 -788 -770 -761 -761 -770 -770 -761 -761 -788 -770 -752 -779 -752 -761 -752 -734 -752 -752 -770 -761 -752 -752 -743 -734 -752 -743 -734 -761 -770 -743 -743 -743 -752 -743 -752 -752 -743 -761 -725 -752 -725 -761 -743 -752 -743 -743 -734 -734 -734 -743 -734 -734 -743 -761 -734 -752 -734 -716 -734 -716 -725 -725 -761 -716 -716 -716 -717 -734 -734 -708 -708 -699 -708 -690 -708 -690 -699 -681 -699 -690 -707 -690 -707 -699 -708 -708 -708 -717 -708 -708 -717 -716 -708 -725 -716 -725 -717 -717 -734 -725 -708 -725 -708 -717 -708 -699 -716 -717 -708 -708 -717 -717 -725 -717 -725 -708 -725 -699 -708 -699 -708 -699 -708 -717 -708 -725 -725 -734 -707 -708 -717 -717 -717 -716 -725 -725 -717 -734 -725 -725 -734 -716 -734 -717 -717 -708 -717 -734 -717 -708 -725 -717 -699 -716 -717 -708 -699 -725 -734 -725 -717 -725 -717 -725 -734 -725 -716 -716 -734 -699 -725 -725 -725 -725 -734 -717 -725 -743 -743 -717 -717 -725 -716 -734 -708 -716 -743 -734 -716 -717 -743 -716 -725 -734 -743 -716 -716 -743 -743 -734 -725 -743 -734 -743 -743 -761 -725 -743 -725 -734 -761 -734 -743 -725 -734 -734 -734 -752 -752 -734 -743 -717 -725 -734 -734 -725 -725 -734 -743 -717 -734 -734 -734 -743 -725 -743 -743 -725 -734 -743 -734 -743 -761 -743 -734 -752 -734 -743 -752 -743 -752 -761 -743 -734 -717 -734 -734 -725 -752 -725 -743 -743 -743 -743 -752 -752 -761 -752 -770 -752 -752 -761 -752 -734 -752 -770 -752 -743 -752 -743 -752 -743 -752 -761 -743 -743 -752 -743 -752 -761 -752 -770 -761 -752 -752 -743 -779 -743 -761 -752 -770 -761 -752 -770 -743 -752 -752 -743 -734 -770 -761 -743 -752 -752 -761 -770 -770 -770 -752 -770 -761 -761 -752 -770 -770 -770 -752 -779 -761 -761 -743 -761 -761 -752 -752 -761 -752 -770 -761 -743 -743 -761 -734 -743 -752 -743 -725 -725 -725 -734 -725 -708 -698 -734 -743 -725 -734 -717 -725 -725 -716 -734 -725 -716 -725 -717 -725 -717 -716 -725 -725 -717 -734 -725 -708 -725 -725 -725 -734 -743 -734 -752 -734 -752 -743 -752 -743 -752 -725 -743 -752 -734 -743 -734 -743 -734 -725 -734 -725 -717 -716 -734 -725 -725 -734 -716 -725 -734 -725 -734 -725 -734 -743 -734 -770 -761 -761 -761 -752 -770 -770 -761 -770 -770 -779 -779 -779 -779 -770 -788 -806 -779 -814 -788 -796 -797 -806 -796 -797 -796 -805 -788 -788 -814 -806 -806 -814 -797 -797 -806 -797 -779 -806 -797 -796 -806 -814 -797 -806 -814 -797 -806 -805 -814 -805 -806 -797 -805 -814 -823 -823 -832 -823 -806 -823 -806 -814 -823 -832 -841 -823 -858 -823 -850 -858 -850 -850
-788 -797 -770 -761 -779 -770 -788 -770 -779 -761 -761 -779 -779 -779 -779 -779 -761 -770 -779 -761 -761 -770 -761 -770 -761 -761 -761 -761 -743 -779 -770 -770 -752 -752 -752 -752 -752 -752 -761 -761 -752 -761 -752 -761 -743 -743 -743 -761 -761 -752 -752 -752 -734 -752 -752 -752 -743 -734 -743 -743 -734 -743 -752 -752 -725 -743 -752 -734 -743 -734 -734 -725 -734 -725 -734 -734 -725 -708 -743 -725 -734 -725 -734 -725 -716 -699 -708 -708 -708 -708 -699 -681 -699 -690 -698 -717 -725 -690 -717 -708 -681 -690 -681 -717 -690 -707 -717 -708 -716 -708 -708 -717 -717 -725 -734 -717 -707 -717 -707 -708 -734 -717 -717 -734 -708 -734 -717 -717 -717 -717 -716 -716 -708 -708 -708 -717 -708 -708 -708 -708 -708 -725 -690 -717 -725 -717 -725 -708 -716 -725 -734 -725 -716 -725 -708 -717 -743 -717 -725 -725 -725 -717 -716 -717 -708 -708 -725 -717 -725 -716 -708 -717 -734 -717 -716 -717 -717 -725 -699 -717 -708 -725 -717 -725 -708 -725 -725 -725 -717 -717 -725 -725 -734 -734 -725 -717 -717 -717 -717 -725 -717 -725 -716 -725 -717 -708 -717 -717 -717 -716 -734 -716 -743 -716 -743 -725 -717 -717 -717 -716 -734 -717 -743 -743 -734 -734 -752 -743 -725 -734 -734 -743 -734 -734 -743 -734 -725 -725 -725 -725 -725 -734 -725 -734 -734 -725 -734 -717 -734 -716 -743 -734 -734 -734 -752 -743 -743 -734 -752 -743 -743 -743 -734 -743 -761 -743 -743 -734 -752 -752 -725 -752 -725 -752 -743 -743 -743 -761 -734 -752 -734 -743 -743 -743 -752 -752 -761 -743 -752 -770 -752 -752 -752 -743 -770 -770 -761 -752 -734 -752 -734 -761 -752 -752 -770 -752 -743 -752 -743 -734 -752 -743 -761 -743 -752 -761 -761 -743 -761 -770 -770 -761 -770 -770 -752 -752 -761 -761 -761 -770 -761 -761 -770 -761 -761 -788 -779 -761 -770 -743 -761 -761 -752 -770 -752 -761 -761 -770 -752 -770 -752 -761 -779 -779 -761 -752 -752 -752 -752 -752 -743 -717 -743 -734 -743 -743 -725 -716 -717 -716 -743 -725 -725 -708 -734 -743 -743 -717 -734 -708 -734 -717 -752 -734 -752 -716 -708 -716 -725 -699 -716 -734 -716 -725 -725 -717 -734 -725 -743 -716 -734 -752 -725 -761 -752 -725 -725 -734 -734 -743 -743 -734 -743 -734 -725 -734 -725 -725 -734 -734 -734 -734 -717 -725 -717 -716 -725 -734 -743 -743 -743 -743 -743 -770 -743 -752 -770 -770 -761 -770 -779 -779 -779 -770 -779 -797 -779 -797 -806 -788 -806 -797 -788 -797 -788 -797 -814 -814 -806 -806 -788 -806 -814 -832 -797 -797 -797 -814 -814 -779 -797 -806 -806 -806 -806 -796 -823 -806 -814 -814 -806 -805 -814 -814 -797 -806 -805 -841 -814 -814 -805 -814 -823 -850 -832 -823 -841 -832 -850 -858 -841 -850 -858 -858 -841 -867 -841 -858 -858 -867 -858 -867
-761 -770 -770 -752 -788 -779 -770 -779 -770 -770 -770 -770 -761 -770 -761 -761 -761 -761 -770 -752 -761 -770 -752 -752 -752 -752 -761 -752 -752 -761 -752 -752 -752 -770 -734 -761 -734 -770 -761 -752 -752 -717 -734 -761 -761 -752 -743 -725 -743 -743 -761 -752 -743 -734 -734 -743 -717 -725 -743 -743 -725 -725 -717 -717 -725 -743 -743 -743 -725 -725 -734 -717 -734 -725 -725 -708 -725 -716 -708 -717 -725 -717 -699 -708 -708 -707 -690 -690 -699 -699 -708 -699 -708 -690 -699 -708 -708 -708 -708 -699 -725 -717 -708 -743 -708 -708 -717 -716 -699 -717 -708 -708 -699 -725 -725 -717 -734 -717 -699 -725 -717 -717 -708 -690 -708 -690 -699 -717 -716 -716 -708 -699 -725 -690 -690 -698 -708 -725 -725 -717 -717 -707 -708 -716 -708 -725 -743 -752 -725 -717 -725 -725 -717 -717 -725 -708 -717 -716 -716 -717 -717 -734 -725 -716 -717 -708 -717 -717 -707 -717 -725 -717 -708 -725 -717 -725 -717 -734 -725 -743 -725 -708 -743 -734 -734 -725 -734 -717 -725 -743 -725 -734 -725 -725 -734 -717 -725 -717 -717 -734 -708 -725 -725 -725 -725 -725 -743 -725 -743 -734 -725 -734 -725 -752 -743 -734 -734 -743 -743 -725 -734 -743 -734 -743 -743 -743 -734 -734 -725 -743 -743 -743 -743 -752 -734 -743 -734 -725 -743 -734 -734 -752 -725 -725 -699 -743 -734 -752 -743 -734 -752 -734 -734 -734 -743 -743 -752 -752 -734 -743 -734 -743 -743 -761 -743 -752 -743 -752 -734 -743 -752 -743 -743 -734 -734 -761 -752 -761 -761 -725 -761 -752 -752 -752 -752 -761 -761 -743 -743 -734 -743 -761 -734 -761 -743 -734 -761 -761 -752 -770 -770 -734 -761 -752 -743 -761 -752 -743 -752 -770 -761 -752 -761 -752 -788 -752 -761 -752 -752 -761 -761 -752 -770 -761 -761 -761 -770 -770 -770 -761 -761 -752 -779 -761 -770 -761 -752 -779 -752 -770 -752 -752 -761 -743 -770 -788 -761 -752 -761 -752 -779 -761 -743 -734 -752 -734 -743 -752 -725 -725 -725 -725 -725 -725 -725 -725 -717 -734 -734 -734 -699 -717 -717 -708 -725 -734 -725 -725 -717 -717 -725 -716 -717 -725 -717 -725 -734 -743 -752 -717 -743 -725 -743 -752 -734 -743 -725 -734 -752 -734 -734 -743 -752 -761 -734 -743 -734 -725 -743 -734 -734 -725 -734 -717 -725 -717 -725 -725 -734 -734 -734 -743 -734 -752 -734 -761 -734 -752 -752 -761 -779 -779 -779 -770 -770 -779 -788 -797 -779 -806 -788 -806 -788 -797 -814 -797 -796 -805 -788 -796 -797 -806 -797 -788 -797 -779 -797 -805 -797 -805 -814 -805 -788 -797 -806 -797 -796 -796 -806 -797 -805 -806 -797 -814 -806 -814 -814 -806 -806 -814 -814 -806 -814 -823 -805 -823 -823 -832 -841 -832 -832 -841 -841 -850 -867 -841 -841 -841 -850 -858 -858 -841 -850 -867 -867 -867 -876 -894 -876 -858 -850 -867
-779 -761 -770 -752 -725 -761 -752 -752 -752 -761 -779 -761 -761 -779 -779 -761 -752 -752 -761 -770 -743 -743 -752 -743 -752 -752 -725 -734 -743 -761 -743 -752 -725 -743 -752 -752 -779 -734 -752 -752 -743 -752 -734 -734 -752 -743 -743 -734 -743 -761 -743 -725 -725 -717 -743 -743 -725 -743 -743 -752 -743 -725 -734 -725 -717 -725 -725 -725 -708 -717 -699 -708 -708 -716 -707 -716 -708 -690 -708 -708 -708 -717 -699 -690 -716 -690 -699 -690 -708 -717 -699 -707 -717 -734 -717 -725 -699 -752 -717 -716 -725 -699 -717 -699 -708 -717 -708 -717 -716 -725 -717 -690 -708 -708 -717 -725 -717 -699 -717 -708 -690 -708 -690 -717 -717 -708 -708 -725 -708 -716 -717 -717 -725 -716 -725 -725 -725 -725 -725 -708 -708 -743 -725 -734 -717 -743 -716 -717 -708 -717 -717 -716 -725 -717 -725 -717 -717 -717 -725 -708 -717 -716 -734 -734 -725 -725 -716 -725 -734 -725 -734 -734 -725 -717 -716 -734 -717 -716 -717 -734 -725 -717 -734 -734 -752 -725 -725 -725 -743 -725 -717 -734 -743 -717 -717 -717 -725 -725 -743 -743 -743 -725 -734 -716 -734 -717 -743 -734 -752 -725 -743 -725 -752 -743 -743 -734 -743 -734 -743 -734 -743 -725 -761 -743 -717 -725 -734 -734 -717 -725 -725 -743 -734 -743 -752 -752 -734 -743 -734 -752 -752 -725 -743 -743 -752 -743 -734 -761 -752 -743 -743 -743 -734 -752 -761 -734 -743 -752 -761 -743 -725 -734 -743 -734 -761 -743 -761 -743 -725 -743 -752 -752 -761 -761 -752 -761 -752 -770 -743 -734 -743 -752 -761 -761 -761 -743 -743 -761 -752 -752 -770 -761 -761 -743 -761 -752 -761 -743 -770 -752 -761 -743 -752 -752 -770 -743 -743 -752 -743 -770 -761 -761 -743 -752 -752 -761 -761 -770 -761 -761 -770 -761 -779 -752 -788 -770 -761 -770 -761 -770 -770 -761 -770 -770 -752 -752 -752 -752 -752 -788 -770 -743 -752 -770 -752 -717 -734 -752 -734 -708 -734 -734 -717 -743 -725 -725 -717 -725 -717 -717 -734 -725 -725 -725 -734 -717 -734 -716 -717 -716 -725 -734 -725 -717 -717 -725 -725 -725 -734 -716 -725 -752 -717 -743 -743 -743 -752 -752 -752 -752 -752 -761 -752 -752 -761 -743 -734 -752 -752 -743 -725 -717 -734 -734 -734 -734 -717 -734 -734 -725 -743 -725 -725 -734 -761 -743 -752 -752 -752 -770 -752 -761 -752 -770 -770 -770 -770 -779 -788 -788 -788 -797 -806 -806 -806 -797 -797 -796 -797 -788 -797 -797 -805 -797 -797 -788 -797 -814 -770 -806 -796 -797 -806 -806 -788 -806 -797 -797 -779 -796 -797 -814 -814 -823 -806 -797 -806 -832 -814 -806 -797 -814 -806 -832 -814 -832 -823 -841 -823 -823 -823 -832 -850 -850 -858 -841 -850 -850 -841 -850 -858 -858 -841 -867 -858 -867 -867 -850 -867 -850 -867 -867 -867 -876 -876 -885 -867 -867 -867 -876 -876 -885
-761 -752 -761 -752 -743 -770 -743 -770 -761 -761 -761 -761 -752 -752 -761 -752 -779 -752 -734 -743 -761 -761 -734 -761 -752 -734 -725 -752 -770 -752 -752 -725 -743 -743 -752 -717 -761 -716 -761 -725 -743 -734 -743 -734 -743 -743 -734 -743 -708 -725 -725 -734 -725 -743 -725 -734 -725 -717 -708 -708 -743 -734 -717 -725 -699 -717 -699 -690 -708 -699 -681 -708 -708 -690 -717 -698 -708 -699 -708 -708 -708 -717 -716 -707 -716 -699 -708 -717 -716 -708 -717 -717 -725 -708 -725 -690 -708 -717 -725 -699 -699 -707 -717 -708 -708 -699 -717 -708 -699 -717 -699 -699 -699 -717 -690 -699 -708 -717 -690 -717 -708 -725 -725 -707 -708 -717 -725 -725 -725 -717 -761 -717 -725 -734 -708 -716 -708 -734 -734 -725 -717 -717 -725 -717 -717 -699 -708 -717 -725 -708 -716 -734 -716 -725 -725 -716 -725 -708 -734 -716 -717 -725 -717 -717 -734 -734 -716 -725 -717 -734 -725 -725 -725 -725 -716 -717 -717 -716 -717 -725 -716 -725 -734 -708 -725 -725 -734 -752 -734 -708 -717 -717 -725 -743 -743 -734 -734 -725 -743 -734 -734 -734 -725 -725 -752 -734 -734 -752 -725 -743 -743 -725 -725 -734 -717 -743 -725 -734 -734 -734 -734 -734 -734 -734 -761 -734 -743 -734 -752 -734 -743 -734 -743 -734 -734 -752 -752 -734 -743 -743 -743 -734 -743 -752 -752 -743 -752 -752 -752 -743 -725 -743 -743 -752 -743 -743 -743 -734 -752 -743 -743 -743 -752 -770 -743 -743 -761 -752 -752 -734 -752 -743 -752 -770 -734 -743 -734 -752 -761 -761 -752 -770 -770 -743 -761 -761 -734 -752 -761 -734 -761 -761 -752 -779 -752 -761 -752 -770 -761 -770 -743 -770 -761 -752 -752 -761 -752 -752 -761 -779 -770 -743 -761 -761 -752 -770 -752 -743 -770 -761 -770 -761 -770 -761 -761 -779 -770 -752 -770 -761 -761 -761 -743 -770 -761 -743 -743 -734 -752 -743 -734 -734 -743 -725 -725 -717 -708 -734 -716 -725 -717 -734 -708 -717 -734 -725 -725 -717 -716 -725 -690 -717 -725 -725 -717 -716 -717 -708 -725 -725 -716 -725 -734 -734 -734 -725 -743 -716 -734 -734 -734 -743 -743 -734 -752 -752 -743 -734 -743 -752 -734 -743 -743 -707 -717 -743 -734 -734 -734 -725 -734 -734 -734 -743 -743 -734 -752 -752 -734 -752 -761 -752 -761 -788 -761 -788 -779 -788 -788 -788 -797 -788 -779 -788 -805 -788 -788 -805 -788 -788 -779 -806 -806 -797 -797 -805 -806 -806 -805 -814 -787 -779 -806 -797 -797 -797 -788 -788 -805 -805 -806 -806 -814 -806 -805 -797 -797 -806 -814 -806 -805 -823 -814 -814 -814 -806 -814 -806 -841 -850 -823 -850 -850 -850 -841 -850 -850 -841 -850 -858 -867 -850 -850 -858 -867 -867 -867 -850 -876 -867 -858 -885 -876 -850 -867 -867 -867 -867 -885 -894 -885 -876 -885 -876 -876 -894 -894 -894 -876 -885 -867 -885
-752 -779 -761 -770 -752 -752 -734 -761 -761 -743 -761 -752 -752 -752 -752 -743 -743 -725 -761 -743 -761 -761 -761 -761 -743 -725 -752 -752 -734 -752 -725 -752 -734 -743 -752 -725 -725 -725 -725 -725 -743 -752 -725 -734 -734 -725 -734 -708 -716 -734 -743 -725 -717 -725 -716 -716 -708 -708 -717 -717 -699 -717 -743 -717 -699 -681 -708 -716 -699 -699 -708 -690 -699 -708 -699 -717 -716 -707 -717 -717 -717 -708 -708 -725 -725 -717 -717 -717 -717 -716 -717 -717 -717 -716 -717 -707 -708 -707 -708 -707 -708 -708 -716 -708 -708 -690 -699 -716 -716 -717 -717 -717 -716 -725 -708 -717 -725 -725 -707 -717 -734 -717 -725 -725 -725 -743 -752 -734 -708 -699 -725 -716 -717 -725 -725 -717 -717 -734 -708 -707 -734 -734 -717 -717 -717 -725 -734 -725 -725 -743 -734 -716 -716 -734 -752 -725 -725 -708 -725 -717 -725 -717 -734 -725 -734 -725 -699 -717 -717 -716 -734 -725 -725 -743 -725 -717 -725 -725 -708 -743 -717 -717 -743 -752 -734 -725 -725 -725 -743 -734 -734 -743 -734 -725 -734 -743 -752 -752 -752 -743 -743 -752 -717 -716 -734 -734 -707 -734 -734 -734 -734 -752 -743 -743 -734 -734 -716 -752 -725 -725 -725 -743 -734 -734 -752 -761 -752 -743 -752 -752 -734 -734 -743 -752 -752 -734 -752 -734 -743 -734 -761 -743 -743 -725 -752 -743 -752 -761 -743 -752 -743 -752 -752 -743 -743 -761 -725 -734 -752 -752 -743 -761 -743 -752 -734 -743 -743 -743 -761 -734 -752 -743 -734 -761 -770 -743 -725 -761 -770 -770 -752 -761 -734 -743 -761 -761 -752 -770 -752 -770 -761 -761 -770 -752 -761 -761 -761 -761 -761 -761 -743 -770 -743 -734 -752 -770 -770 -761 -761 -752 -770 -761 -734 -779 -743 -788 -761 -761 -770 -779 -761 -752 -761 -770 -761 -743 -752 -770 -734 -743 -743 -734 -725 -725 -734 -725 -725 -717 -734 -717 -734 -725 -716 -734 -734 -725 -725 -734 -734 -734 -717 -717 -717 -725 -725 -708 -725 -699 -717 -743 -716 -717 -717 -734 -734 -717 -717 -725 -743 -725 -725 -752 -752 -752 -752 -752 -761 -761 -734 -743 -734 -752 -743 -717 -743 -734 -717 -716 -725 -743 -725 -752 -752 -725 -717 -725 -752 -734 -725 -743 -743 -752 -752 -779 -752 -779 -761 -779 -779 -779 -788 -770 -770 -779 -806 -779 -797 -805 -806 -805 -797 -788 -806 -806 -797 -779 -770 -797 -788 -788 -806 -779 -797 -806 -806 -806 -806 -806 -805 -796 -805 -797 -823 -805 -806 -814 -806 -823 -814 -797 -806 -823 -797 -823 -806 -788 -814 -832 -841 -814 -832 -841 -832 -832 -841 -850 -823 -850 -850 -850 -850 -858 -850 -850 -867 -858 -858 -858 -867 -858 -867 -867 -858 -867 -885 -885 -885 -885 -876 -903 -876 -894 -885 -894 -894 -876 -876 -903 -867 -885 -885 -885 -894 -876 -894 -876 -867 -876 -876 -894 -876 -894
-761 -770 -743 -752 -770 -752 -752 -752 -761 -752 -752 -725 -752 -752 -734 -761 -734 -761 -752 -743 -761 -725 -761 -752 -743 -743 -734 -734 -734 -725 -743 -734 -752 -725 -734 -725 -717 -734 -734 -725 -716 -743 -734 -734 -725 -725 -725 -716 -708 -725 -708 -699 -690 -699 -699 -708 -708 -690 -699 -708 -699 -708 -690 -699 -699 -708 -708 -699 -725 -717 -681 -717 -708 -725 -734 -734 -717 -725 -717 -716 -708 -716 -717 -716 -717 -725 -699 -717 -699 -734 -717 -716 -717 -708 -708 -717 -699 -708 -708 -699 -690 -734 -708 -734 -717 -717 -725 -725 -725 -708 -717 -717 -707 -717 -725 -725 -717 -717 -725 -734 -717 -717 -734 -717 -734 -716 -725 -717 -708 -734 -717 -716 -717 -699 -708 -708 -707 -743 -717 -725 -734 -717 -725 -717 -734 -725 -734 -717 -717 -725 -725 -716 -734 -734 -734 -725 -725 -734 -717 -734 -725 -725 -734 -708 -717 -716 -725 -717 -734 -734 -717 -725 -734 -734 -734 -717 -725 -734 -743 -743 -734 -734 -725 -743 -734 -734 -734 -743 -734 -734 -734 -734 -752 -734 -743 -743 -752 -734 -725 -734 -717 -725 -717 -725 -734 -734 -734 -725 -734 -725 -743 -725 -734 -761 -752 -761 -734 -752 -734 -734 -752 -743 -743 -734 -752 -752 -752 -743 -734 -734 -752 -725 -725 -734 -752 -743 -743 -761 -743 -734 -761 -752 -734 -734 -761 -743 -734 -752 -752 -743 -743 -752 -743 -752 -752 -770 -752 -743 -761 -743 -743 -752 -734 -743 -743 -752 -734 -743 -734 -752 -752 -743 -743 -761 -761 -752 -752 -761 -770 -779 -761 -770 -752 -761 -761 -788 -752 -761 -752 -752 -761 -761 -752 -770 -761 -752 -761 -752 -761 -752 -743 -761 -752 -779 -761 -779 -761 -761 -788 -761 -752 -761 -779 -752 -770 -752 -734 -761 -752 -743 -752 -743 -752 -734 -752 -734 -752 -717 -743 -717 -734 -725 -734 -734 -734 -725 -717 -717 -725 -734 -716 -725 -717 -725 -725 -717 -725 -708 -725 -717 -725 -725 -725 -734 -725 -734 -717 -725 -734 -725 -752 -734 -752 -743 -743 -752 -734 -734 -743 -743 -752 -743 -734 -743 -725 -734 -734 -743 -725 -734 -743 -725 -725 -725 -734 -725 -725 -725 -734 -725 -734 -743 -725 -761 -752 -761 -770 -761 -779 -779 -779 -788 -770 -770 -788 -797 -797 -797 -806 -806 -797 -814 -814 -805 -797 -814 -806 -797 -797 -797 -805 -806 -788 -797 -797 -796 -814 -814 -806 -806 -797 -779 -797 -797 -806 -797 -779 -806 -806 -823 -796 -823 -806 -797 -814 -823 -805 -823 -823 -823 -832 -814 -805 -832 -832 -823 -832 -823 -832 -823 -841 -850 -850 -850 -858 -850 -858 -867 -867 -858 -858 -858 -858 -858 -850 -885 -876 -885 -894 -885 -885 -876 -867 -858 -876 -885 -876 -885 -885 -894 -903 -894 -894 -903 -885 -894 -894 -885 -876 -903 -885 -885 -885 -885 -894 -894 -876 -894 -867 -903 -885 -885
-761 -761 -734 -743 -752 -743 -752 -761 -743 -743 -761 -752 -761 -752 -752 -743 -743 -743 -734 -743 -761 -743 -743 -743 -725 -725 -725 -725 -725 -725 -725 -725 -752 -743 -725 -734 -734 -699 -716 -725 -690 -708 -708 -717 -708 -699 -708 -707 -699 -699 -699 -690 -690 -708 -699 -716 -707 -725 -725 -708 -708 -708 -717 -717 -717 -708 -716 -725 -699 -717 -725 -717 -725 -708 -716 -725 -690 -725 -717 -717 -708 -708 -708 -708 -725 -716 -698 -690 -708 -717 -708 -717 -708 -717 -717 -725 -699 -708 -725 -725 -725 -717 -717 -717 -734 -725 -725 -716 -725 -725 -734 -725 -717 -725 -734 -725 -734 -717 -717 -725 -725 -725 -725 -717 -717 -716 -716 -708 -725 -716 -716 -725 -725 -717 -734 -752 -725 -708 -734 -734 -725 -717 -734 -743 -725 -725 -717 -734 -734 -699 -717 -734 -734 -717 -734 -717 -734 -717 -725 -743 -717 -725 -743 -716 -725 -725 -734 -734 -734 -743 -743 -734 -743 -752 -725 -743 -734 -743 -743 -752 -752 -725 -743 -743 -752 -734 -734 -734 -734 -725 -734 -725 -743 -725 -725 -743 -734 -743 -725 -717 -734 -725 -743 -743 -734 -761 -725 -743 -743 -734 -752 -761 -752 -752 -761 -752 -734 -725 -743 -734 -752 -761 -743 -743 -752 -752 -734 -734 -743 -734 -743 -752 -761 -752 -752 -752 -743 -761 -761 -752 -761 -743 -770 -761 -761 -752 -752 -743 -770 -761 -734 -761 -752 -761 -752 -752 -752 -761 -761 -761 -752 -752 -725 -752 -752 -752 -761 -770 -761 -761 -761 -752 -761 -752 -761 -761 -752 -752 -761 -770 -752 -761 -779 -761 -752 -770 -779 -761 -761 -761 -734 -770 -779 -770 -779 -752 -752 -779 -770 -770 -770 -770 -770 -770 -761 -761 -761 -761 -761 -752 -770 -770 -761 -743 -761 -734 -734 -743 -743 -734 -725 -734 -725 -743 -734 -725 -734 -725 -725 -734 -717 -725 -743 -725 -708 -725 -725 -725 -734 -717 -725 -743 -725 -734 -717 -725 -743 -725 -725 -743 -734 -743 -734 -752 -734 -761 -752 -752 -743 -743 -761 -743 -752 -725 -734 -734 -743 -761 -743 -734 -725 -734 -725 -725 -734 -734 -743 -743 -734 -734 -725 -743 -734 -743 -752 -743 -761 -761 -770 -752 -779 -752 -779 -788 -779 -797 -788 -779 -805 -788 -788 -805 -797 -814 -797 -805 -797 -797 -797 -797 -797 -806 -796 -788 -806 -806 -806 -814 -806 -797 -805 -814 -805 -797 -797 -806 -797 -814 -814 -806 -814 -814 -805 -806 -814 -797 -805 -797 -814 -823 -823 -823 -832 -823 -832 -823 -850 -823 -832 -841 -832 -850 -858 -841 -850 -858 -850 -858 -858 -858 -858 -858 -850 -850 -867 -885 -858 -876 -885 -867 -867 -885 -885 -867 -867 -894 -876 -885 -885 -903 -894 -894 -885 -885 -876 -885 -894 -876 -885 -894 -885 -885 -876 -885 -876 -885 -876 -876 -894 -885 -876 -894 -885 -885 -894 -912 -885 -885 -894 -894 -885 -894
-734 -752 -734 -752 -743 -725 -725 -743 -734 -734 -734 -734 -734 -734 -743 -725 -752 -717 -725 -717 -725 -725 -725 -725 -725 -743 -734 -725 -725 -717 -725 -717 -708 -725 -716 -699 -698 -699 -708 -681 -708 -708 -717 -699 -708 -708 -708 -717 -708 -690 -708 -725 -717 -725 -717 -717 -717 -725 -725 -699 -699 -717 -708 -716 -717 -725 -699 -725 -708 -717 -699 -717 -708 -716 -699 -716 -717 -716 -717 -734 -699 -708 -707 -717 -690 -717 -725 -708 -725 -717 -734 -717 -725 -725 -725 -699 -725 -725 -716 -717 -708 -734 -734 -717 -699 -708 -734 -725 -717 -734 -708 -716 -717 -717 -717 -717 -725 -717 -717 -708 -708 -734 -734 -716 -734 -708 -717 -734 -725 -734 -725 -717 -716 -716 -743 -734 -725 -725 -725 -743 -717 -717 -725 -717 -725 -725 -725 -716 -725 -734 -725 -734 -725 -717 -725 -734 -717 -734 -743 -725 -734 -734 -734 -734 -725 -743 -743 -743 -743 -725 -743 -743 -717 -725 -725 -752 -743 -734 -734 -743 -734 -734 -717 -734 -725 -725 -708 -734 -734 -734 -761 -734 -752 -734 -743 -717 -743 -752 -743 -752 -743 -734 -725 -761 -752 -752 -734 -743 -752 -770 -716 -743 -761 -734 -743 -725 -708 -752 -752 -734 -752 -761 -761 -743 -743 -734 -743 -734 -734 -752 -734 -761 -752 -770 -761 -761 -761 -752 -752 -752 -743 -734 -770 -761 -770 -734 -743 -752 -770 -752 -761 -752 -743 -770 -752 -743 -770 -770 -761 -761 -752 -743 -761 -770 -770 -761 -761 -761 -770 -752 -752 -761 -770 -761 -761 -761 -770 -752 -743 -761 -788 -770 -779 -761 -752 -752 -761 -752 -761 -761 -743 -752 -761 -770 -761 -761 -752 -761 -743 -752 -752 -743 -752 -752 -743 -752 -743 -734 -725 -717 -734 -743 -716 -717 -725 -716 -717 -716 -725 -717 -725 -725 -725 -717 -708 -708 -717 -743 -725 -725 -725 -725 -716 -725 -725 -717 -717 -717 -725 -725 -725 -734 -725 -734 -743 -743 -743 -743 -761 -725 -743 -752 -734 -761 -752 -743 -743 -752 -734 -743 -743 -734 -734 -725 -708 -743 -725 -725 -743 -725 -725 -743 -734 -743 -743 -743 -752 -752 -761 -761 -761 -770 -770 -770 -770 -788 -779 -797 -779 -797 -770 -823 -806 -806 -806 -797 -806 -806 -797 -797 -814 -814 -796 -796 -805 -797 -788 -797 -814 -788 -806 -797 -797 -805 -788 -797 -806 -806 -806 -797 -797 -805 -823 -797 -823 -797 -814 -823 -814 -797 -814 -797 -814 -806 -806 -832 -832 -823 -814 -841 -832 -841 -841 -850 -867 -858 -841 -867 -867 -850 -850 -858 -850 -850 -850 -858 -867 -867 -858 -867 -850 -894 -867 -858 -885 -876 -876 -858 -894 -885 -876 -885 -894 -876 -885 -885 -894 -876 -885 -885 -894 -876 -894 -876 -876 -885 -885 -885 -894 -867 -858 -876 -867 -912 -876 -894 -903 -876 -894 -867 -885 -903 -894 -867 -903 -894 -885 -885 -885 -885 -867 -894
-743 -752 -761 -734 -743 -717 -734 -761 -761 -734 -743 -752 -708 -734 -734 -716 -725 -734 -743 -716 -734 -690 -725 -725 -725 -708 -708 -690 -690 -699 -699 -717 -708 -681 -716 -717 -716 -717 -708 -725 -708 -717 -708 -716 -725 -717 -743 -725 -725 -725 -717 -725 -708 -725 -716 -717 -725 -717 -717 -708 -717 -716 -725 -699 -717 -717 -717 -716 -708 -690 -699 -708 -699 -698 -716 -708 -690 -716 -725 -708 -708 -717 -716 -708 -717 -725 -725 -716 -707 -734 -734 -725 -717 -734 -717 -717 -725 -725 -708 -708 -717 -708 -725 -734 -708 -725 -734 -725 -717 -708 -708 -725 -716 -716 -708 -717 -717 -717 -717 -725 -725 -716 -717 -743 -734 -734 -743 -734 -725 -734 -725 -725 -725 -717 -725 -716 -743 -716 -708 -743 -699 -725 -707 -734 -734 -725 -743 -717 -734 -725 -725 -725 -725 -725 -725 -743 -725 -725 -743 -725 -734 -743 -734 -752 -752 -743 -752 -743 -734 -743 -743 -743 -708 -752 -734 -725 -717 -725 -752 -725 -734 -725 -743 -752 -743 -734 -734 -752 -725 -752 -734 -734 -743 -752 -752 -752 -752 -743 -743 -761 -734 -752 -734 -734 -752 -743 -752 -743 -725 -752 -752 -752 -761 -761 -752 -743 -752 -752 -743 -743 -743 -743 -752 -761 -761 -761 -752 -770 -752 -752 -761 -743 -761 -770 -752 -752 -761 -779 -752 -761 -752 -743 -743 -734 -752 -743 -761 -752 -770 -743 -752 -761 -761 -770 -770 -761 -761 -761 -752 -761 -770 -752 -779 -761 -761 -761 -770 -761 -752 -761 -752 -752 -761 -761 -779 -761 -770 -770 -761 -770 -752 -743 -770 -761 -752 -761 -752 -761 -761 -761 -752 -761 -761 -743 -752 -752 -743 -734 -752 -752 -725 -752 -734 -743 -743 -734 -734 -717 -725 -725 -734 -725 -716 -717 -734 -725 -734 -734 -717 -717 -708 -717 -725 -725 -717 -717 -716 -717 -734 -725 -725 -708 -734 -743 -725 -734 -734 -743 -752 -752 -743 -743 -761 -734 -752 -743 -752 -743 -752 -752 -734 -743 -743 -725 -708 -752 -752 -734 -734 -734 -725 -708 -734 -734 -734 -717 -734 -752 -761 -761 -761 -761 -779 -752 -761 -779 -788 -779 -797 -788 -788 -797 -788 -797 -814 -797 -814 -797 -806 -814 -814 -806 -806 -797 -779 -814 -797 -805 -788 -797 -788 -823 -797 -797 -788 -805 -814 -805 -797 -806 -806 -788 -814 -823 -806 -823 -806 -806 -814 -814 -806 -814 -814 -823 -814 -814 -797 -814 -806 -823 -814 -832 -841 -858 -841 -832 -850 -867 -850 -850 -841 -832 -850 -876 -858 -867 -867 -894 -885 -867 -858 -885 -850 -858 -876 -894 -885 -867 -876 -885 -867 -867 -876 -867 -876 -876 -885 -912 -903 -876 -885 -894 -894 -885 -885 -894 -885 -894 -885 -885 -876 -903 -885 -894 -894 -885 -903 -894 -867 -894 -885 -894 -894 -894 -903 -903 -885 -885 -876 -885 -885 -912 -894 -894 -885 -876 -876 -885 -903 -876 -894 -885
-770 -734 -743 -725 -734 -743 -734 -734 -734 -716 -717 -725 -717 -717 -734 -716 -716 -690 -708 -708 -699 -708 -708 -699 -699 -699 -690 -690 -708 -708 -725 -708 -734 -708 -716 -699 -716 -690 -716 -725 -717 -717 -707 -708 -717 -708 -734 -708 -734 -725 -717 -716 -708 -717 -707 -725 -734 -708 -707 -708 -725 -725 -690 -717 -717 -707 -716 -717 -725 -717 -708 -717 -708 -717 -725 -717 -716 -717 -725 -708 -734 -717 -717 -743 -699 -717 -717 -734 -734 -725 -725 -725 -717 -725 -725 -708 -734 -699 -716 -725 -717 -717 -717 -708 -725 -717 -725 -725 -725 -725 -716 -717 -707 -734 -734 -717 -717 -725 -725 -717 -716 -725 -717 -734 -725 -717 -725 -743 -752 -725 -743 -717 -734 -708 -734 -734 -717 -743 -734 -717 -725 -725 -725 -734 -734 -725 -734 -725 -725 -725 -725 -743 -743 -734 -734 -725 -734 -743 -761 -734 -717 -725 -717 -725 -752 -743 -734 -725 -743 -725 -725 -734 -743 -743 -734 -734 -734 -743 -725 -743 -761 -743 -752 -743 -734 -743 -743 -752 -761 -743 -734 -761 -752 -743 -752 -743 -734 -761 -761 -743 -743 -752 -752 -752 -734 -761 -761 -752 -734 -761 -752 -734 -743 -743 -734 -761 -743 -752 -734 -743 -752 -761 -752 -752 -761 -752 -761 -779 -734 -752 -761 -761 -752 -761 -770 -752 -752 -743 -752 -761 -752 -770 -761 -761 -761 -761 -761 -743 -761 -743 -743 -761 -770 -761 -770 -770 -752 -761 -770 -770 -752 -743 -761 -752 -743 -752 -752 -761 -761 -761 -770 -743 -761 -770 -770 -770 -761 -761 -761 -761 -770 -752 -779 -761 -752 -752 -752 -761 -770 -743 -725 -734 -734 -734 -734 -725 -734 -734 -717 -743 -725 -717 -717 -725 -717 -717 -725 -717 -725 -725 -716 -708 -708 -717 -708 -708 -734 -725 -716 -725 -725 -717 -708 -734 -734 -743 -734 -752 -752 -725 -743 -752 -752 -752 -752 -743 -743 -752 -743 -761 -743 -734 -752 -725 -734 -725 -725 -734 -734 -725 -725 -716 -717 -725 -734 -743 -725 -752 -743 -743 -734 -761 -779 -770 -761 -770 -778 -788 -761 -779 -805 -797 -779 -770 -806 -814 -814 -788 -796 -805 -814 -797 -823 -797 -814 -814 -805 -823 -823 -797 -788 -796 -814 -797 -806 -805 -806 -814 -806 -805 -823 -814 -814 -806 -796 -805 -806 -805 -806 -814 -814 -814 -814 -814 -814 -814 -814 -814 -814 -823 -841 -814 -850 -841 -814 -823 -832 -858 -858 -858 -841 -841 -841 -867 -858 -858 -858 -858 -858 -850 -867 -885 -876 -876 -876 -850 -885 -885 -867 -876 -885 -876 -867 -876 -885 -876 -885 -894 -903 -894 -894 -894 -903 -885 -885 -885 -876 -885 -903 -876 -912 -903 -894 -885 -876 -885 -885 -885 -903 -885 -885 -876 -894 -885 -894 -894 -885 -876 -867 -885 -876 -885 -903 -903 -894 -885 -867 -885 -885 -885 -903 -894 -912 -894 -912 -885 -894 -894 -903 -903 -903 -885
-725 -734 -725 -708 -725 -716 -708 -717 -681 -708 -708 -699 -716 -699 -699 -699 -708 -708 -690 -699 -690 -716 -708 -708 -717 -708 -717 -717 -717 -690 -717 -708 -699 -725 -717 -717 -708 -734 -734 -708 -690 -725 -708 -716 -734 -708 -717 -717 -725 -708 -717 -725 -717 -734 -708 -708 -690 -708 -699 -707 -708 -708 -716 -716 -725 -708 -725 -708 -716 -707 -707 -734 -708 -717 -725 -717 -717 -734 -743 -734 -717 -725 -734 -717 -725 -725 -717 -725 -708 -725 -717 -734 -717 -725 -725 -717 -699 -725 -725 -716 -717 -734 -725 -734 -725 -734 -708 -752 -734 -743 -707 -734 -743 -716 -734 -717 -717 -717 -734 -743 -717 -734 -717 -725 -725 -725 -717 -725 -743 -725 -725 -725 -743 -725 -734 -752 -725 -725 -743 -743 -743 -743 -734 -734 -734 -743 -734 -752 -752 -734 -734 -752 -734 -743 -752 -734 -743 -725 -752 -743 -725 -734 -725 -734 -725 -734 -743 -725 -725 -743 -752 -743 -734 -743 -734 -743 -761 -761 -725 -752 -752 -761 -743 -761 -752 -743 -743 -734 -725 -752 -743 -734 -734 -752 -743 -752 -752 -752 -743 -761 -761 -752 -743 -761 -770 -752 -752 -743 -743 -752 -752 -752 -752 -761 -752 -770 -752 -752 -761 -752 -752 -770 -761 -752 -770 -752 -761 -770 -761 -752 -761 -761 -743 -761 -761 -761 -752 -761 -761 -770 -752 -761 -761 -752 -761 -770 -788 -770 -779 -761 -761 -761 -761 -761 -770 -752 -761 -761 -761 -770 -752 -752 -761 -752 -761 -770 -770 -761 -761 -779 -779 -779 -770 -761 -770 -761 -770 -770 -743 -752 -752 -752 -752 -734 -734 -725 -734 -734 -734 -725 -717 -734 -734 -734 -708 -743 -716 -734 -717 -734 -725 -725 -743 -717 -725 -734 -708 -734 -725 -717 -725 -725 -734 -734 -734 -734 -734 -734 -734 -734 -743 -752 -743 -743 -743 -761 -743 -743 -752 -743 -779 -743 -743 -743 -761 -752 -734 -734 -734 -743 -725 -743 -734 -725 -734 -725 -752 -752 -743 -743 -752 -752 -752 -752 -752 -770 -761 -761 -770 -770 -779 -779 -761 -806 -788 -797 -788 -788 -797 -779 -805 -814 -797 -823 -797 -814 -796 -797 -814 -806 -797 -806 -797 -788 -797 -797 -797 -796 -806 -779 -797 -814 -806 -797 -806 -806 -823 -814 -814 -823 -814 -814 -823 -823 -814 -814 -823 -832 -823 -832 -823 -806 -832 -841 -832 -841 -850 -832 -850 -850 -858 -832 -850 -858 -850 -858 -850 -850 -858 -858 -867 -858 -867 -876 -858 -867 -858 -876 -894 -867 -867 -876 -894 -876 -903 -885 -867 -894 -885 -885 -885 -885 -885 -885 -885 -894 -894 -903 -894 -894 -894 -885 -876 -894 -885 -885 -885 -894 -885 -894 -903 -885 -903 -894 -894 -885 -894 -903 -894 -903 -894 -885 -894 -903 -885 -885 -894 -903 -894 -894 -903 -912 -894 -885 -885 -885 -876 -885 -894 -894 -903 -885 -885 -903 -903 -912 -912 -903 -903 -894 -912 -903
-699 -717 -708 -690 -707 -690 -708 -707 -699 -716 -699 -690 -699 -699 -708 -699 -717 -717 -717 -699 -717 -716 -725 -734 -717 -725 -725 -717 -699 -717 -699 -716 -725 -708 -752 -717 -708 -725 -725 -699 -716 -708 -717 -707 -725 -725 -708 -717 -717 -717 -725 -699 -716 -708 -716 -716 -725 -708 -708 -725 -717 -717 -743 -734 -708 -725 -725 -725 -725 -743 -725 -707 -717 -716 -725 -725 -716 -717 -725 -717 -699 -725 -708 -708 -725 -708 -716 -717 -708 -725 -725 -717 -725 -725 -725 -725 -725 -716 -734 -734 -717 -743 -743 -717 -734 -734 -734 -734 -725 -725 -725 -717 -717 -725 -725 -725 -743 -716 -699 -743 -734 -734 -743 -725 -725 -743 -734 -734 -734 -752 -725 -743 -743 -743 -717 -725 -743 -734 -743 -752 -743 -752 -743 -734 -725 -752 -734 -734 -743 -734 -725 -734 -725 -743 -725 -752 -734 -725 -752 -734 -734 -734 -743 -734 -716 -743 -734 -752 -752 -752 -761 -734 -743 -761 -734 -743 -770 -761 -734 -734 -743 -752 -734 -743 -725 -743 -752 -743 -752 -752 -743 -743 -752 -752 -743 -734 -752 -770 -752 -752 -734 -761 -752 -752 -752 -752 -743 -725 -743 -743 -752 -770 -743 -752 -743 -761 -752 -743 -761 -752 -743 -761 -779 -752 -761 -752 -770 -743 -752 -770 -743 -770 -752 -743 -779 -752 -752 -761 -770 -761 -761 -770 -761 -761 -743 -779 -761 -770 -779 -761 -752 -752 -770 -761 -770 -761 -752 -770 -770 -770 -761 -761 -779 -752 -761 -752 -761 -770 -779 -752 -770 -743 -752 -743 -743 -734 -734 -725 -717 -725 -725 -717 -734 -734 -725 -725 -725 -725 -725 -725 -734 -725 -734 -725 -717 -743 -725 -716 -708 -717 -717 -725 -734 -725 -725 -725 -734 -734 -725 -717 -734 -725 -734 -743 -752 -761 -743 -734 -752 -752 -752 -743 -743 -761 -734 -717 -725 -725 -734 -725 -734 -752 -725 -725 -725 -725 -725 -743 -734 -752 -752 -734 -752 -761 -752 -734 -770 -761 -761 -779 -761 -770 -770 -770 -788 -797 -788 -779 -770 -797 -788 -805 -788 -797 -779 -797 -814 -806 -788 -797 -797 -814 -797 -805 -806 -797 -814 -806 -806 -788 -797 -806 -814 -796 -797 -797 -806 -797 -814 -806 -788 -806 -806 -806 -805 -823 -814 -814 -806 -805 -806 -823 -823 -814 -814 -832 -841 -832 -823 -832 -841 -841 -858 -832 -850 -858 -841 -850 -850 -850 -858 -850 -858 -858 -867 -858 -858 -876 -858 -876 -876 -876 -867 -885 -894 -876 -885 -894 -903 -885 -885 -876 -894 -885 -876 -894 -885 -876 -885 -894 -885 -894 -885 -894 -876 -894 -867 -867 -885 -885 -885 -894 -867 -894 -894 -894 -867 -885 -903 -885 -894 -894 -894 -876 -903 -858 -894 -885 -885 -894 -894 -885 -885 -894 -885 -885 -894 -885 -885 -885 -876 -885 -894 -912 -894 -894 -885 -894 -885 -894 -903 -894 -912 -894 -903 -894 -885 -885 -885 -903 -894 -903
-707 -690 -699 -699 -699 -672 -707 -708 -708 -717 -717 -717 -717 -717 -717 -734 -716 -708 -708 -716 -717 -743 -716 -717 -717 -716 -716 -708 -699 -717 -699 -717 -708 -717 -725 -708 -707 -690 -717 -716 -708 -708 -725 -708 -707 -708 -725 -725 -708 -717 -717 -734 -725 -717 -734 -725 -725 -725 -725 -725 -717 -725 -734 -717 -734 -725 -734 -725 -717 -725 -716 -717 -725 -725 -717 -699 -725 -717 -734 -734 -725 -734 -725 -743 -717 -734 -725 -725 -734 -734 -725 -734 -725 -734 -725 -734 -708 -716 -743 -725 -743 -716 -716 -734 -725 -717 -717 -725 -725 -725 -725 -734 -734 -717 -725 -734 -716 -725 -725 -725 -716 -725 -725 -743 -743 -752 -743 -752 -743 -761 -734 -743 -717 -761 -734 -734 -734 -725 -743 -752 -743 -734 -743 -743 -734 -734 -734 -734 -734 -734 -725 -743 -725 -725 -743 -734 -752 -734 -743 -752 -734 -743 -734 -770 -743 -743 -752 -752 -725 -734 -743 -743 -752 -752 -743 -743 -734 -743 -752 -743 -725 -725 -752 -743 -761 -734 -752 -743 -761 -734 -752 -761 -761 -743 -752 -761 -734 -752 -770 -761 -761 -743 -761 -752 -752 -761 -770 -743 -752 -761 -752 -752 -761 -761 -752 -761 -770 -761 -770 -734 -761 -761 -752 -752 -770 -770 -770 -752 -752 -752 -761 -770 -770 -770 -770 -761 -779 -761 -761 -743 -752 -761 -770 -770 -770 -770 -761 -761 -779 -761 -761 -752 -761 -770 -770 -761 -743 -752 -770 -770 -752 -752 -770 -761 -752 -743 -743 -743 -743 -734 -708 -734 -717 -743 -734 -725 -716 -743 -734 -717 -725 -716 -725 -734 -717 -717 -725 -734 -725 -725 -717 -725 -725 -716 -743 -725 -734 -725 -734 -743 -725 -717 -734 -734 -743 -752 -725 -734 -743 -743 -743 -734 -752 -734 -734 -752 -743 -752 -734 -743 -725 -725 -725 -752 -717 -734 -743 -725 -734 -725 -725 -761 -743 -743 -752 -752 -752 -761 -743 -770 -761 -761 -770 -761 -770 -779 -797 -779 -788 -779 -805 -805 -797 -788 -806 -806 -805 -814 -797 -805 -806 -796 -814 -814 -797 -814 -806 -788 -779 -805 -797 -788 -814 -797 -806 -806 -797 -806 -806 -814 -788 -806 -841 -806 -806 -797 -823 -805 -814 -823 -832 -814 -814 -814 -841 -832 -814 -823 -832 -823 -832 -850 -850 -841 -841 -841 -858 -850 -850 -858 -867 -850 -876 -841 -858 -867 -867 -858 -867 -858 -876 -885 -876 -858 -867 -867 -876 -894 -867 -885 -885 -850 -885 -876 -894 -903 -894 -894 -903 -885 -876 -885 -885 -894 -894 -903 -876 -894 -885 -867 -894 -894 -894 -903 -876 -885 -903 -894 -894 -894 -885 -894 -894 -885 -894 -903 -894 -885 -903 -894 -876 -894 -885 -894 -903 -903 -903 -885 -867 -903 -885 -885 -876 -885 -885 -894 -903 -885 -894 -876 -894 -921 -894 -894 -885 -903 -894 -894 -912 -894 -903 -894 -885 -894 -903 -894 -912 -894 -894 -903 -903 -912
-717 -708 -717 -717 -725 -717 -725 -717 -717 -717 -708 -717 -717 -708 -725 -699 -717 -708 -725 -717 -708 -708 -716 -717 -717 -716 -716 -708 -708 -708 -699 -725 -708 -690 -708 -708 -699 -708 -708 -716 -708 -717 -725 -725 -734 -717 -734 -725 -725 -717 -717 -708 -725 -716 -734 -725 -725 -725 -734 -717 -716 -717 -717 -717 -725 -725 -707 -717 -716 -725 -717 -717 -734 -725 -725 -717 -717 -725 -725 -725 -725 -734 -734 -725 -743 -734 -734 -725 -708 -725 -743 -708 -743 -734 -734 -734 -734 -716 -725 -717 -743 -743 -734 -717 -725 -725 -725 -734 -752 -734 -743 -717 -743 -725 -717 -743 -734 -725 -752 -743 -725 -743 -743 -743 -752 -761 -725 -725 -743 -734 -743 -734 -743 -717 -743 -734 -725 -734 -725 -734 -734 -716 -734 -743 -743 -743 -743 -734 -743 -752 -734 -743 -761 -752 -770 -752 -752 -761 -725 -743 -752 -752 -743 -725 -752 -743 -725 -752 -734 -752 -752 -743 -752 -734 -752 -743 -743 -743 -743 -752 -761 -761 -752 -743 -734 -752 -743 -752 -761 -761 -752 -752 -761 -734 -734 -743 -752 -743 -761 -770 -743 -743 -761 -752 -761 -743 -752 -761 -761 -752 -752 -761 -761 -761 -770 -761 -761 -761 -752 -734 -752 -761 -770 -770 -752 -761 -752 -761 -761 -761 -779 -761 -779 -761 -752 -761 -761 -752 -770 -761 -761 -752 -761 -743 -752 -752 -770 -770 -779 -752 -761 -761 -770 -770 -743 -734 -743 -743 -743 -725 -734 -734 -725 -734 -734 -734 -716 -734 -734 -717 -717 -725 -716 -717 -725 -725 -734 -717 -717 -725 -725 -699 -716 -743 -725 -734 -743 -725 -708 -725 -743 -734 -725 -743 -743 -743 -725 -761 -743 -761 -743 -752 -743 -743 -725 -734 -743 -752 -734 -752 -743 -752 -743 -734 -734 -734 -734 -743 -725 -752 -734 -743 -752 -743 -743 -743 -743 -752 -752 -761 -752 -761 -788 -761 -779 -797 -770 -779 -806 -761 -797 -788 -797 -814 -788 -805 -788 -806 -797 -814 -805 -788 -814 -806 -797 -814 -797 -805 -788 -797 -806 -806 -797 -823 -788 -797 -806 -814 -797 -806 -806 -806 -797 -779 -796 -806 -823 -797 -805 -797 -814 -823 -814 -823 -814 -823 -814 -806 -814 -832 -832 -823 -832 -832 -823 -850 -850 -841 -841 -850 -850 -850 -858 -867 -858 -867 -858 -867 -867 -867 -858 -894 -867 -885 -858 -876 -876 -876 -885 -885 -885 -876 -885 -894 -867 -876 -876 -894 -885 -894 -885 -876 -867 -885 -885 -885 -903 -885 -876 -876 -885 -903 -885 -894 -885 -876 -894 -885 -885 -885 -876 -885 -885 -876 -903 -894 -885 -876 -903 -894 -903 -894 -885 -885 -894 -894 -894 -903 -894 -903 -894 -885 -894 -876 -903 -903 -885 -903 -876 -876 -903 -903 -894 -894 -912 -894 -894 -885 -903 -867 -903 -894 -903 -894 -894 -903 -903 -903 -894 -912 -894 -894 -903 -903 -912 -894 -912 -912 -885 -903 -894 -921
-716 -734 -725 -708 -725 -708 -708 -708 -716 -717 -725 -716 -717 -734 -725 -716 -717 -717 -725 -707 -708 -725 -717 -708 -717 -716 -699 -725 -708 -734 -716 -708 -717 -716 -717 -716 -725 -734 -734 -725 -716 -725 -725 -725 -734 -708 -725 -725 -734 -717 -717 -716 -699 -725 -734 -717 -734 -734 -725 -717 -717 -708 -717 -717 -717 -717 -717 -707 -717 -725 -725 -752 -725 -725 -717 -752 -734 -734 -717 -734 -725 -725 -734 -743 -734 -734 -725 -734 -717 -725 -752 -734 -734 -734 -717 -725 -743 -734 -716 -743 -725 -734 -725 -734 -734 -734 -734 -752 -743 -752 -743 -743 -752 -743 -725 -734 -725 -743 -752 -743 -734 -743 -743 -734 -734 -725 -743 -743 -725 -743 -743 -743 -752 -752 -743 -752 -734 -743 -734 -752 -725 -734 -743 -743 -752 -717 -752 -743 -734 -752 -752 -743 -761 -761 -734 -743 -761 -743 -734 -752 -752 -725 -761 -761 -761 -743 -743 -752 -752 -752 -761 -752 -734 -752 -743 -743 -743 -743 -752 -752 -734 -752 -761 -743 -761 -770 -752 -743 -770 -752 -761 -743 -752 -734 -761 -770 -743 -743 -761 -770 -752 -779 -752 -761 -761 -761 -779 -761 -761 -752 -752 -770 -761 -752 -770 -752 -770 -752 -770 -761 -770 -770 -752 -761 -752 -761 -743 -770 -770 -761 -752 -752 -770 -761 -743 -770 -788 -770 -761 -752 -770 -761 -770 -752 -761 -743 -752 -734 -752 -761 -734 -734 -725 -752 -743 -725 -725 -734 -725 -743 -743 -717 -725 -752 -734 -725 -734 -725 -716 -725 -734 -734 -717 -708 -752 -734 -725 -725 -725 -725 -734 -734 -734 -734 -725 -725 -734 -752 -725 -725 -761 -734 -761 -752 -743 -752 -752 -725 -752 -743 -734 -734 -725 -716 -743 -743 -743 -734 -761 -734 -743 -743 -743 -717 -734 -734 -725 -725 -761 -743 -770 -743 -752 -752 -770 -788 -770 -788 -779 -788 -788 -761 -797 -797 -788 -797 -806 -788 -814 -797 -814 -806 -788 -797 -788 -779 -805 -806 -805 -806 -805 -806 -806 -805 -806 -814 -797 -797 -797 -788 -797 -805 -805 -788 -814 -797 -814 -814 -805 -814 -788 -814 -814 -814 -805 -814 -806 -814 -841 -832 -841 -841 -841 -823 -832 -850 -850 -858 -841 -858 -867 -850 -858 -850 -867 -850 -850 -850 -867 -867 -858 -858 -850 -867 -867 -858 -867 -876 -894 -876 -876 -894 -885 -885 -876 -894 -894 -894 -903 -876 -867 -894 -894 -903 -894 -894 -894 -885 -885 -885 -885 -894 -858 -850 -903 -867 -894 -894 -876 -894 -876 -876 -894 -885 -885 -876 -903 -894 -894 -894 -894 -894 -894 -903 -885 -894 -885 -885 -885 -894 -903 -894 -885 -903 -903 -894 -894 -885 -894 -885 -894 -885 -894 -885 -885 -903 -894 -912 -903 -894 -894 -903 -912 -894 -894 -903 -894 -885 -903 -903 -894 -903 -894 -903 -885 -912 -903 -921 -894 -894 -894 -885 -903 -894 -894 -894 -912 -912 -894 -912 -894 -912
-725 -717 -707 -717 -725 -717 -708 -707 -699 -690 -725 -717 -707 -707 -708 -708 -717 -717 -708 -717 -708 -725 -717 -708 -725 -708 -716 -717 -743 -716 -743 -734 -734 -717 -725 -717 -717 -725 -716 -743 -734 -725 -725 -725 -734 -707 -708 -734 -734 -725 -725 -725 -734 -717 -725 -725 -717 -725 -725 -734 -725 -734 -717 -734 -725 -725 -725 -725 -743 -725 -734 -743 -734 -717 -734 -717 -725 -717 -725 -708 -716 -725 -725 -734 -725 -717 -734 -717 -734 -725 -734 -725 -725 -734 -734 -734 -734 -725 -734 -743 -752 -734 -734 -734 -743 -743 -734 -734 -743 -743 -725 -761 -734 -752 -725 -725 -734 -734 -734 -734 -734 -716 -734 -752 -743 -716 -752 -761 -752 -743 -752 -752 -743 -743 -761 -752 -743 -734 -743 -725 -752 -734 -752 -761 -752 -743 -743 -734 -734 -734 -743 -734 -734 -743 -761 -734 -734 -743 -734 -743 -752 -752 -743 -752 -761 -743 -734 -743 -779 -752 -770 -761 -761 -752 -743 -761 -734 -743 -743 -752 -752 -752 -743 -752 -743 -752 -761 -743 -761 -752 -752 -770 -761 -761 -761 -770 -761 -752 -734 -752 -743 -779 -770 -743 -761 -761 -761 -779 -761 -770 -752 -761 -761 -752 -761 -761 -770 -761 -761 -761 -752 -761 -788 -770 -761 -770 -770 -770 -779 -761 -761 -779 -761 -761 -761 -761 -761 -770 -743 -734 -734 -752 -743 -752 -743 -708 -734 -734 -725 -743 -734 -734 -725 -725 -717 -743 -725 -716 -725 -725 -717 -717 -717 -734 -725 -734 -725 -717 -725 -743 -716 -725 -717 -717 -743 -717 -725 -743 -725 -725 -734 -743 -761 -743 -761 -734 -752 -734 -752 -761 -734 -734 -752 -752 -734 -761 -743 -734 -752 -708 -717 -725 -708 -717 -725 -734 -734 -734 -725 -752 -752 -725 -761 -752 -761 -770 -761 -761 -770 -779 -770 -761 -779 -779 -797 -788 -806 -805 -788 -797 -797 -805 -805 -788 -805 -805 -797 -788 -797 -814 -806 -797 -805 -806 -806 -814 -806 -797 -806 -797 -779 -806 -797 -806 -806 -806 -805 -806 -814 -814 -797 -814 -814 -797 -797 -823 -823 -797 -806 -814 -814 -814 -814 -806 -805 -832 -850 -832 -832 -850 -841 -832 -850 -867 -858 -858 -858 -850 -850 -858 -867 -858 -867 -867 -867 -885 -858 -894 -867 -885 -885 -867 -876 -894 -885 -885 -894 -894 -894 -885 -885 -894 -885 -876 -903 -885 -903 -903 -876 -894 -876 -894 -894 -903 -894 -894 -894 -876 -894 -885 -876 -885 -894 -894 -894 -894 -885 -867 -876 -894 -894 -894 -885 -894 -885 -894 -876 -885 -885 -912 -912 -903 -885 -885 -903 -894 -885 -894 -903 -885 -903 -894 -885 -894 -912 -894 -894 -894 -903 -894 -903 -912 -903 -894 -903 -885 -885 -894 -894 -921 -903 -885 -885 -912 -894 -903 -894 -903 -912 -894 -894 -912 -912 -885 -903 -894 -903 -903 -894 -903 -894 -894 -929 -903 -912 -885 -885 -885 -903 -912 -885 -912
-725 -708 -708 -699 -717 -699 -708 -717 -708 -708 -717 -690 -699 -717 -716 -708 -725 -725 -725 -717 -717 -725 -717 -725 -708 -717 -725 -725 -734 -743 -734 -717 -725 -743 -725 -708 -708 -708 -725 -717 -717 -725 -725 -725 -708 -708 -699 -716 -725 -716 -743 -734 -725 -717 -725 -717 -716 -734 -743 -752 -717 -743 -743 -743 -716 -717 -743 -725 -743 -725 -752 -725 -725 -734 -725 -725 -725 -717 -725 -708 -734 -725 -734 -708 -761 -734 -725 -717 -725 -725 -725 -725 -743 -752 -734 -743 -734 -743 -743 -734 -734 -734 -734 -725 -743 -725 -752 -708 -725 -752 -743 -752 -734 -734 -734 -725 -725 -725 -743 -734 -743 -752 -743 -752 -752 -743 -752 -734 -752 -743 -752 -743 -752 -752 -743 -752 -752 -743 -761 -752 -734 -743 -752 -743 -734 -752 -752 -752 -752 -743 -752 -761 -743 -734 -734 -743 -761 -761 -752 -743 -752 -743 -752 -770 -743 -770 -770 -725 -761 -752 -752 -752 -743 -752 -752 -761 -752 -761 -761 -770 -752 -761 -761 -752 -725 -761 -761 -752 -770 -734 -779 -770 -770 -761 -770 -752 -770 -770 -770 -770 -779 -770 -761 -761 -770 -761 -761 -770 -761 -752 -761 -770 -770 -761 -770 -770 -761 -761 -752 -779 -770 -743 -761 -752 -770 -761 -770 -761 -761 -743 -761 -725 -752 -752 -725 -743 -725 -743 -743 -734 -734 -734 -725 -716 -717 -734 -743 -725 -717 -743 -734 -725 -725 -717 -708 -717 -725 -716 -734 -725 -734 -725 -734 -743 -734 -743 -725 -734 -734 -752 -743 -752 -743 -752 -734 -725 -752 -761 -761 -743 -734 -743 -734 -743 -734 -743 -725 -734 -725 -743 -725 -725 -717 -734 -743 -743 -708 -717 -734 -743 -725 -761 -743 -761 -743 -752 -770 -743 -761 -761 -761 -779 -779 -788 -779 -788 -761 -788 -788 -797 -788 -797 -806 -806 -806 -797 -806 -796 -797 -797 -797 -806 -823 -814 -805 -779 -814 -806 -788 -806 -805 -797 -805 -823 -814 -805 -806 -805 -797 -814 -814 -797 -797 -806 -805 -814 -797 -841 -814 -823 -805 -806 -832 -823 -823 -823 -832 -841 -823 -850 -850 -850 -867 -867 -876 -858 -876 -858 -867 -850 -858 -858 -867 -867 -876 -858 -858 -867 -885 -858 -885 -885 -885 -876 -885 -894 -876 -885 -876 -894 -876 -903 -894 -894 -885 -894 -894 -885 -876 -894 -876 -885 -885 -876 -885 -894 -885 -903 -894 -885 -876 -876 -885 -885 -885 -903 -903 -885 -894 -894 -903 -885 -876 -876 -885 -885 -894 -876 -876 -885 -885 -894 -894 -903 -885 -885 -903 -894 -894 -903 -885 -894 -894 -903 -894 -894 -894 -903 -876 -894 -885 -912 -903 -894 -894 -885 -903 -903 -894 -921 -885 -912 -921 -894 -903 -885 -912 -903 -894 -894 -894 -912 -912 -903 -903 -903 -903 -894 -921 -894 -912 -921 -912 -894 -912 -903 -894 -912 -894 -912 -894 -921 -903 -903 -894 -903 -912 -903 -894 -903 -912 -894
-725 -708 -699 -708 -699 -717 -734 -717 -708 -716 -725 -725 -725 -752 -725 -717 -717 -752 -734 -725 -734 -725 -708 -734 -717 -725 -717 -717 -717 -717 -716 -716 -717 -717 -717 -734 -717 -707 -725 -725 -717 -725 -734 -734 -725 -717 -725 -716 -725 -717 -725 -725 -725 -734 -716 -725 -725 -725 -725 -743 -725 -725 -743 -708 -725 -734 -725 -716 -734 -734 -717 -716 -717 -717 -752 -734 -734 -725 -734 -734 -734 -743 -734 -743 -725 -743 -725 -743 -761 -734 -734 -761 -743 -752 -743 -734 -743 -752 -734 -761 -725 -752 -725 -725 -761 -752 -734 -743 -743 -734 -734 -743 -725 -743 -734 -743 -743 -743 -761 -743 -752 -743 -743 -752 -752 -743 -752 -752 -752 -734 -752 -752 -734 -752 -743 -734 -761 -761 -734 -734 -734 -752 -743 -743 -761 -752 -752 -743 -734 -752 -743 -761 -761 -752 -752 -752 -743 -743 -752 -752 -734 -752 -761 -770 -752 -752 -761 -752 -770 -770 -752 -752 -761 -770 -752 -770 -761 -761 -734 -752 -743 -770 -752 -752 -761 -761 -752 -770 -761 -743 -770 -743 -743 -761 -770 -761 -761 -761 -761 -779 -743 -761 -743 -752 -761 -761 -761 -770 -761 -779 -761 -770 -752 -779 -770 -761 -752 -761 -761 -752 -752 -743 -770 -734 -743 -743 -734 -734 -725 -752 -725 -734 -743 -743 -725 -725 -734 -725 -734 -743 -734 -725 -734 -717 -717 -725 -716 -743 -725 -725 -725 -717 -725 -725 -752 -717 -717 -734 -734 -734 -725 -734 -743 -743 -752 -725 -734 -743 -761 -725 -743 -717 -743 -743 -743 -725 -743 -743 -734 -761 -725 -725 -752 -725 -725 -743 -743 -752 -725 -734 -725 -752 -761 -725 -743 -761 -752 -725 -761 -779 -788 -770 -770 -770 -779 -779 -779 -788 -788 -806 -788 -788 -814 -788 -797 -805 -806 -788 -797 -814 -806 -823 -814 -805 -797 -797 -797 -797 -797 -805 -797 -779 -797 -806 -832 -806 -797 -806 -788 -797 -832 -814 -814 -806 -814 -814 -832 -806 -823 -814 -814 -814 -814 -814 -823 -814 -823 -832 -832 -850 -832 -841 -841 -841 -850 -850 -850 -850 -850 -867 -858 -858 -858 -858 -858 -876 -858 -876 -876 -867 -876 -858 -876 -867 -885 -903 -885 -885 -885 -867 -894 -894 -903 -885 -894 -876 -876 -876 -903 -894 -876 -885 -885 -894 -876 -876 -885 -894 -885 -894 -885 -876 -894 -894 -894 -894 -894 -885 -885 -894 -894 -903 -894 -876 -903 -867 -858 -894 -912 -885 -894 -894 -903 -894 -912 -894 -867 -894 -876 -894 -903 -885 -885 -885 -894 -912 -894 -894 -903 -894 -903 -903 -903 -903 -894 -912 -894 -912 -921 -894 -903 -903 -903 -903 -894 -912 -921 -894 -903 -903 -903 -912 -894 -903 -894 -912 -912 -912 -894 -912 -903 -912 -912 -912 -912 -921 -903 -912 -894 -894 -912 -912 -894 -921 -903 -911 -903 -903 -894 -912 -903 -921 -903 -912 -903 -912 -921 -921 -903 -912 -903 -885
-717 -717 -734 -717 -734 -734 -734 -725 -716 -725 -734 -734 -734 -725 -725 -734 -725 -717 -734 -716 -725 -725 -725 -725 -708 -717 -725 -717 -716 -734 -699 -717 -717 -734 -717 -725 -717 -734 -717 -743 -717 -725 -717 -743 -734 -725 -725 -734 -734 -734 -743 -725 -717 -717 -743 -717 -734 -725 -717 -725 -717 -717 -716 -734 -725 -717 -717 -725 -725 -717 -725 -734 -743 -734 -752 -734 -725 -743 -734 -716 -734 -752 -725 -743 -725 -752 -743 -734 -752 -752 -761 -734 -725 -734 -761 -725 -743 -743 -734 -725 -734 -734 -734 -752 -743 -725 -752 -752 -761 -743 -743 -752 -734 -752 -752 -743 -725 -761 -734 -761 -752 -752 -743 -743 -752 -725 -734 -761 -752 -752 -743 -752 -734 -743 -743 -725 -743 -743 -761 -761 -743 -761 -743 -761 -761 -743 -752 -761 -752 -752 -752 -743 -761 -752 -752 -743 -761 -761 -752 -752 -752 -752 -752 -752 -734 -752 -761 -761 -743 -761 -743 -743 -761 -752 -761 -788 -770 -770 -752 -752 -761 -752 -752 -752 -761 -743 -761 -761 -770 -770 -770 -761 -761 -752 -752 -752 -752 -779 -752 -761 -761 -788 -770 -770 -770 -770 -770 -770 -761 -761 -761 -770 -770 -752 -752 -752 -761 -734 -734 -725 -752 -725 -725 -752 -725 -734 -734 -743 -725 -734 -725 -717 -717 -725 -725 -708 -725 -734 -725 -717 -717 -717 -734 -717 -699 -717 -725 -734 -725 -725 -734 -725 -734 -734 -752 -743 -716 -743 -743 -734 -761 -743 -734 -752 -761 -752 -743 -743 -752 -752 -734 -734 -734 -725 -717 -743 -725 -725 -734 -734 -734 -734 -743 -734 -725 -761 -761 -752 -761 -770 -752 -770 -770 -761 -770 -779 -788 -788 -788 -788 -770 -797 -797 -788 -806 -806 -806 -797 -806 -788 -823 -814 -779 -814 -788 -814 -806 -797 -797 -806 -797 -814 -797 -806 -788 -823 -805 -814 -797 -788 -797 -814 -797 -806 -806 -806 -823 -823 -814 -805 -823 -814 -806 -814 -823 -814 -832 -814 -841 -832 -850 -832 -832 -841 -850 -850 -850 -841 -850 -850 -850 -841 -850 -850 -867 -876 -850 -858 -876 -858 -867 -867 -867 -876 -876 -885 -885 -885 -885 -885 -867 -885 -885 -876 -876 -903 -876 -894 -894 -894 -885 -894 -894 -876 -894 -885 -876 -885 -894 -903 -894 -885 -903 -867 -876 -885 -876 -894 -894 -885 -867 -903 -885 -885 -876 -903 -876 -903 -894 -894 -885 -876 -894 -903 -894 -894 -903 -876 -885 -885 -912 -885 -885 -903 -885 -894 -885 -894 -876 -894 -885 -921 -894 -912 -885 -903 -894 -903 -903 -921 -885 -903 -921 -894 -903 -894 -912 -921 -912 -894 -894 -921 -894 -903 -930 -903 -903 -912 -912 -903 -903 -885 -903 -903 -894 -903 -894 -894 -894 -912 -903 -894 -903 -912 -885 -912 -894 -903 -912 -912 -921 -921 -903 -903 -921 -912 -912 -912 -912 -912 -912 -921 -894 -894 -912 -903 -903 -903 -903 -894 -921 -921
-734 -717 -734 -716 -734 -725 -725 -725 -717 -716 -716 -717 -708 -708 -707 -725 -717 -716 -734 -734 -717 -717 -708 -699 -717 -725 -725 -725 -717 -725 -717 -734 -734 -752 -717 -734 -725 -743 -725 -734 -725 -725 -717 -725 -734 -734 -725 -734 -725 -734 -699 -734 -734 -734 -734 -734 -734 -717 -734 -743 -734 -725 -734 -725 -734 -725 -743 -725 -717 -734 -743 -752 -743 -743 -743 -752 -743 -743 -743 -725 -734 -743 -743 -734 -734 -743 -734 -734 -743 -743 -725 -716 -725 -734 -743 -752 -734 -743 -752 -743 -743 -734 -743 -743 -743 -761 -734 -734 -743 -734 -717 -743 -779 -743 -725 -752 -752 -752 -752 -761 -761 -725 -743 -743 -752 -743 -743 -752 -752 -743 -761 -761 -743 -752 -743 -743 -752 -743 -761 -752 -752 -752 -752 -761 -770 -752 -761 -770 -752 -743 -752 -761 -752 -752 -743 -761 -761 -752 -761 -761 -752 -761 -770 -752 -770 -743 -770 -761 -770 -761 -743 -761 -752 -752 -779 -779 -752 -761 -761 -752 -761 -779 -770 -752 -761 -770 -752 -761 -788 -752 -770 -761 -770 -743 -752 -770 -752 -761 -779 -761 -761 -761 -779 -743 -752 -743 -761 -770 -725 -725 -734 -743 -734 -743 -725 -734 -725 -725 -743 -743 -725 -725 -734 -725 -734 -708 -725 -725 -725 -725 -725 -725 -734 -734 -717 -734 -725 -717 -743 -708 -743 -725 -708 -752 -761 -743 -752 -725 -725 -734 -734 -734 -743 -761 -770 -743 -743 -752 -725 -743 -743 -743 -743 -734 -761 -725 -734 -743 -734 -734 -725 -734 -734 -717 -725 -743 -734 -752 -761 -752 -752 -734 -770 -770 -797 -788 -752 -779 -779 -788 -788 -814 -779 -806 -788 -797 -788 -814 -805 -797 -814 -788 -806 -797 -788 -797 -814 -788 -823 -805 -806 -797 -806 -806 -788 -806 -796 -806 -814 -814 -796 -806 -797 -797 -806 -823 -797 -797 -806 -814 -805 -823 -814 -832 -832 -805 -814 -823 -823 -832 -832 -823 -823 -841 -841 -850 -841 -832 -841 -850 -841 -858 -850 -832 -858 -867 -858 -867 -867 -858 -858 -876 -885 -876 -876 -867 -885 -867 -885 -876 -894 -894 -885 -885 -876 -894 -885 -876 -885 -894 -885 -894 -894 -885 -876 -885 -894 -903 -876 -885 -894 -894 -876 -894 -876 -885 -885 -867 -912 -903 -885 -885 -885 -894 -894 -894 -894 -894 -894 -894 -912 -894 -876 -885 -894 -894 -894 -903 -903 -894 -903 -885 -903 -894 -912 -876 -885 -876 -885 -885 -894 -903 -903 -921 -876 -903 -894 -894 -894 -894 -903 -894 -894 -885 -876 -894 -903 -912 -903 -939 -885 -903 -894 -894 -912 -903 -894 -903 -903 -885 -912 -903 -894 -912 -903 -903 -903 -921 -921 -903 -894 -903 -894 -912 -894 -912 -894 -912 -921 -903 -903 -903 -921 -921 -921 -894 -903 -903 -921 -921 -894 -921 -903 -921 -894 -894 -903 -894 -930 -912 -921 -921 -903 -912 -903 -903 -912 -921 -894 -921 -903 -912
-725 -708 -725 -708 -725 -717 -725 -716 -734 -717 -717 -717 -734 -734 -717 -725 -725 -716 -734 -708 -725 -734 -717 -716 -734 -734 -708 -717 -725 -725 -734 -734 -716 -725 -734 -734 -717 -734 -725 -725 -725 -725 -734 -725 -725 -716 -716 -734 -725 -734 -734 -725 -752 -734 -725 -717 -725 -743 -761 -734 -743 -752 -717 -734 -752 -743 -761 -743 -743 -743 -743 -734 -743 -743 -725 -725 -725 -743 -752 -743 -743 -725 -734 -743 -734 -743 -743 -734 -734 -717 -725 -743 -752 -752 -752 -743 -743 -770 -743 -734 -743 -734 -743 -743 -743 -752 -743 -725 -734 -725 -734 -752 -743 -752 -752 -743 -743 -743 -743 -752 -752 -743 -743 -752 -761 -752 -734 -752 -761 -752 -752 -761 -761 -761 -761 -752 -752 -761 -743 -761 -770 -734 -743 -743 -761 -770 -770 -770 -752 -725 -752 -743 -761 -752 -761 -743 -752 -770 -743 -761 -752 -752 -761 -761 -770 -761 -752 -752 -743 -752 -797 -788 -761 -779 -761 -761 -779 -770 -770 -761 -761 -761 -770 -761 -770 -770 -752 -761 -752 -761 -788 -770 -770 -761 -770 -770 -761 -752 -752 -752 -734 -734 -743 -734 -734 -752 -725 -734 -717 -717 -725 -725 -725 -717 -725 -743 -734 -743 -743 -734 -743 -725 -743 -708 -734 -725 -717 -717 -734 -734 -752 -725 -734 -716 -743 -725 -734 -743 -743 -734 -734 -734 -725 -761 -761 -752 -752 -743 -734 -752 -734 -734 -734 -734 -734 -752 -734 -743 -725 -734 -725 -734 -725 -725 -734 -743 -752 -752 -725 -752 -734 -752 -752 -752 -752 -770 -770 -761 -761 -770 -788 -770 -797 -779 -797 -779 -788 -788 -814 -806 -796 -806 -806 -788 -806 -797 -805 -806 -797 -814 -806 -823 -823 -788 -806 -797 -832 -814 -797 -788 -806 -788 -797 -805 -805 -806 -806 -814 -823 -814 -814 -832 -823 -814 -806 -805 -823 -806 -832 -814 -832 -832 -832 -832 -832 -850 -832 -841 -832 -850 -841 -841 -841 -850 -858 -850 -876 -850 -841 -867 -867 -876 -867 -858 -858 -876 -858 -850 -867 -876 -858 -876 -867 -894 -876 -885 -876 -885 -867 -858 -876 -894 -903 -894 -894 -885 -885 -885 -885 -876 -903 -850 -885 -894 -903 -876 -885 -885 -894 -876 -894 -903 -885 -885 -894 -894 -885 -903 -885 -885 -885 -894 -894 -885 -912 -894 -894 -885 -867 -885 -894 -894 -894 -912 -894 -885 -894 -894 -903 -894 -912 -903 -894 -912 -894 -894 -894 -903 -894 -903 -903 -894 -894 -894 -903 -885 -894 -903 -894 -921 -894 -903 -912 -903 -903 -894 -894 -930 -930 -894 -894 -903 -903 -894 -921 -912 -903 -903 -921 -894 -921 -903 -912 -912 -912 -903 -894 -894 -894 -894 -885 -912 -903 -894 -894 -903 -912 -903 -894 -912 -912 -894 -912 -903 -930 -903 -894 -912 -939 -903 -912 -903 -921 -912 -903 -912 -903 -930 -903 -912 -930 -921 -894 -912 -930 -912 -920 -912 -912 -921 -921 -903
-717 -725 -717 -717 -734 -725 -717 -717 -725 -725 -725 -690 -734 -725 -725 -725 -734 -734 -725 -725 -743 -725 -734 -743 -734 -743 -734 -717 -716 -717 -725 -725 -717 -725 -717 -717 -734 -717 -752 -725 -725 -725 -734 -743 -716 -734 -725 -734 -734 -752 -743 -725 -734 -743 -743 -734 -761 -734 -743 -761 -743 -743 -743 -752 -752 -734 -734 -743 -725 -752 -725 -716 -725 -725 -734 -734 -716 -734 -725 -734 -752 -752 -752 -743 -717 -743 -725 -743 -761 -761 -743 -743 -725 -743 -752 -734 -734 -725 -734 -752 -734 -743 -752 -743 -761 -752 -743 -743 -743 -761 -743 -761 -761 -761 -743 -770 -752 -761 -761 -770 -761 -734 -743 -761 -761 -743 -761 -752 -761 -752 -761 -752 -761 -761 -743 -734 -752 -743 -743 -752 -752 -779 -770 -752 -761 -761 -761 -752 -752 -779 -779 -761 -761 -770 -761 -761 -761 -770 -761 -761 -770 -752 -770 -770 -752 -752 -770 -770 -734 -779 -770 -761 -761 -761 -770 -770 -779 -770 -761 -770 -761 -779 -770 -761 -788 -761 -752 -761 -761 -743 -743 -743 -752 -725 -734 -743 -734 -743 -716 -725 -717 -725 -752 -734 -717 -734 -725 -717 -734 -716 -725 -743 -725 -725 -716 -734 -725 -717 -725 -716 -717 -743 -708 -725 -725 -734 -725 -734 -734 -734 -725 -743 -743 -743 -752 -734 -743 -743 -743 -734 -752 -734 -743 -752 -725 -743 -743 -717 -725 -752 -725 -725 -734 -743 -717 -734 -725 -734 -743 -734 -716 -734 -770 -761 -752 -752 -752 -761 -770 -788 -788 -779 -797 -770 -797 -787 -788 -788 -797 -806 -797 -806 -797 -797 -806 -788 -797 -787 -788 -788 -797 -797 -814 -788 -806 -806 -797 -779 -779 -797 -797 -805 -805 -814 -797 -823 -797 -814 -806 -797 -806 -806 -814 -806 -806 -806 -814 -814 -823 -814 -814 -823 -841 -832 -814 -805 -850 -823 -850 -850 -832 -841 -850 -841 -850 -858 -850 -850 -850 -858 -876 -867 -858 -867 -867 -858 -867 -867 -894 -876 -876 -885 -858 -867 -858 -876 -885 -876 -894 -894 -885 -885 -885 -876 -876 -858 -876 -885 -867 -876 -876 -876 -903 -894 -894 -876 -894 -894 -903 -876 -885 -885 -894 -894 -885 -894 -894 -894 -894 -894 -894 -903 -885 -876 -885 -894 -885 -894 -885 -903 -885 -894 -876 -894 -876 -894 -894 -903 -894 -894 -894 -894 -894 -885 -894 -894 -894 -903 -912 -894 -903 -903 -894 -894 -903 -885 -903 -912 -903 -903 -894 -903 -903 -912 -921 -921 -894 -921 -921 -903 -903 -903 -885 -903 -912 -885 -921 -912 -912 -903 -912 -894 -903 -885 -903 -921 -903 -894 -903 -903 -894 -894 -885 -912 -912 -903 -912 -930 -894 -912 -894 -903 -903 -903 -930 -903 -894 -894 -894 -912 -912 -912 -912 -921 -903 -903 -912 -903 -921 -930 -921 -912 -903 -921 -921 -894 -894 -912 -903 -903 -894 -903 -903 -912 -921 -894 -903 -903 -903 -894 -903 -921
-708 -734 -717 -717 -717 -725 -734 -717 -725 -725 -725 -717 -725 -743 -717 -725 -734 -725 -717 -734 -717 -743 -725 -752 -717 -725 -725 -743 -717 -734 -725 -725 -734 -734 -717 -734 -752 -752 -725 -734 -743 -734 -734 -725 -734 -734 -743 -725 -752 -734 -743 -734 -734 -734 -752 -734 -743 -743 -734 -725 -725 -717 -725 -734 -743 -725 -734 -752 -725 -734 -725 -743 -734 -743 -734 -743 -761 -752 -725 -752 -761 -743 -770 -761 -734 -752 -734 -752 -752 -752 -752 -743 -743 -752 -743 -734 -770 -752 -725 -743 -743 -761 -761 -725 -752 -743 -752 -761 -743 -743 -752 -761 -761 -761 -743 -743 -752 -779 -761 -743 -761 -770 -752 -761 -761 -743 -761 -752 -743 -752 -734 -743 -752 -743 -752 -761 -761 -761 -761 -770 -752 -761 -770 -761 -761 -761 -770 -770 -770 -761 -770 -761 -752 -770 -761 -770 -761 -770 -779 -761 -770 -752 -761 -779 -761 -761 -770 -761 -770 -752 -770 -761 -761 -761 -761 -761 -761 -770 -761 -752 -761 -761 -761 -770 -734 -752 -734 -752 -725 -725 -743 -734 -734 -743 -734 -725 -717 -734 -734 -734 -734 -725 -725 -725 -734 -734 -725 -725 -734 -725 -734 -734 -716 -743 -725 -743 -734 -734 -717 -725 -734 -734 -752 -734 -743 -734 -752 -752 -752 -725 -743 -752 -761 -752 -752 -743 -761 -734 -734 -734 -734 -752 -734 -725 -734 -734 -734 -734 -752 -734 -743 -743 -752 -734 -734 -761 -743 -761 -770 -770 -770 -752 -779 -770 -770 -788 -806 -788 -788 -806 -797 -814 -806 -797 -796 -832 -806 -805 -797 -797 -806 -814 -805 -797 -797 -788 -806 -797 -806 -797 -797 -806 -805 -823 -797 -805 -796 -805 -797 -797 -806 -806 -805 -814 -814 -806 -806 -814 -823 -814 -823 -814 -832 -806 -832 -814 -805 -841 -841 -850 -850 -841 -858 -832 -867 -850 -841 -850 -850 -867 -876 -850 -850 -876 -867 -885 -858 -867 -885 -876 -858 -885 -867 -867 -876 -876 -885 -894 -885 -876 -885 -885 -894 -885 -885 -885 -903 -894 -894 -885 -903 -885 -894 -885 -894 -885 -903 -885 -885 -885 -894 -894 -876 -894 -885 -894 -876 -885 -894 -885 -903 -894 -894 -885 -885 -885 -894 -885 -894 -867 -885 -894 -876 -885 -885 -885 -885 -894 -903 -894 -876 -876 -894 -885 -885 -885 -903 -903 -903 -912 -894 -903 -903 -894 -894 -894 -885 -885 -912 -894 -912 -912 -903 -912 -894 -903 -894 -903 -894 -921 -885 -894 -894 -903 -921 -912 -894 -894 -912 -912 -912 -912 -912 -921 -912 -903 -894 -903 -894 -876 -894 -894 -912 -903 -912 -903 -894 -912 -894 -894 -921 -912 -912 -921 -921 -921 -894 -903 -885 -912 -912 -912 -903 -903 -903 -903 -894 -903 -903 -903 -903 -921 -929 -930 -894 -921 -930 -903 -921 -903 -912 -911 -885 -921 -894 -903 -894 -894 -912 -894 -894 -912 -912 -929 -894 -921 -894 -912 -930 -912 -912 -903
-717 -716 -734 -725 -734 -716 -716 -725 -734 -725 -717 -734 -725 -734 -725 -734 -717 -734 -716 -743 -725 -725 -752 -699 -717 -716 -734 -734 -752 -743 -743 -752 -743 -734 -734 -734 -725 -734 -734 -734 -743 -725 -761 -743 -734 -752 -743 -734 -752 -725 -725 -734 -725 -734 -725 -717 -734 -743 -743 -734 -743 -734 -752 -734 -734 -743 -743 -743 -725 -716 -761 -734 -752 -752 -734 -743 -743 -761 -743 -743 -752 -725 -743 -743 -725 -743 -743 -743 -752 -725 -752 -752 -743 -761 -761 -734 -761 -743 -734 -752 -761 -752 -752 -752 -752 -761 -770 -752 -761 -770 -770 -752 -752 -761 -752 -761 -725 -743 -752 -743 -752 -752 -743 -752 -743 -752 -743 -770 -752 -752 -761 -761 -761 -761 -761 -770 -770 -770 -752 -770 -761 -761 -761 -761 -788 -752 -779 -788 -761 -779 -761 -761 -761 -761 -761 -761 -752 -770 -770 -761 -752 -752 -743 -797 -761 -761 -761 -752 -761 -761 -761 -761 -761 -761 -752 -743 -743 -743 -761 -752 -752 -734 -743 -725 -725 -734 -725 -734 -717 -717 -725 -725 -725 -717 -725 -734 -725 -725 -725 -734 -725 -708 -743 -725 -717 -725 -725 -725 -716 -725 -734 -743 -743 -752 -743 -717 -761 -725 -734 -717 -770 -743 -743 -734 -752 -752 -743 -734 -752 -734 -743 -725 -725 -743 -725 -752 -734 -717 -725 -734 -725 -717 -743 -716 -717 -734 -725 -761 -761 -770 -761 -761 -779 -761 -770 -770 -770 -797 -788 -805 -788 -788 -788 -797 -796 -797 -788 -796 -797 -814 -788 -823 -788 -806 -814 -806 -806 -814 -779 -805 -805 -806 -797 -814 -814 -788 -797 -797 -806 -814 -797 -797 -806 -814 -797 -832 -832 -823 -806 -806 -823 -832 -806 -823 -814 -814 -806 -823 -841 -832 -823 -850 -850 -841 -850 -850 -841 -850 -850 -850 -867 -858 -858 -876 -850 -858 -867 -858 -876 -858 -867 -858 -876 -867 -885 -885 -885 -876 -876 -876 -867 -885 -894 -876 -903 -894 -876 -876 -876 -903 -885 -885 -894 -876 -903 -876 -903 -885 -885 -876 -876 -885 -894 -885 -894 -876 -903 -867 -867 -885 -894 -885 -885 -867 -885 -894 -885 -894 -885 -885 -885 -894 -903 -885 -903 -885 -885 -876 -894 -894 -885 -894 -885 -867 -894 -885 -912 -912 -894 -894 -903 -894 -894 -903 -912 -894 -894 -921 -912 -903 -885 -903 -903 -903 -894 -885 -903 -885 -894 -894 -894 -894 -903 -903 -903 -912 -894 -903 -912 -903 -894 -894 -903 -894 -903 -903 -912 -903 -912 -903 -903 -894 -894 -921 -903 -903 -912 -903 -912 -903 -912 -894 -912 -894 -903 -921 -903 -903 -903 -903 -894 -912 -894 -903 -921 -885 -903 -912 -921 -912 -903 -912 -903 -921 -930 -921 -921 -921 -912 -930 -894 -903 -894 -921 -903 -912 -912 -921 -903 -885 -894 -912 -894 -903 -903 -903 -894 -912 -903 -903 -903 -885 -903 -929 -930 -912 -930 -903 -921 -930 -930 -921
-734 -725 -716 -725 -725 -734 -743 -725 -725 -716 -725 -725 -707 -717 -725 -725 -717 -734 -725 -734 -734 -725 -743 -725 -734 -725 -708 -734 -734 -734 -743 -725 -734 -734 -734 -725 -734 -725 -725 -725 -734 -734 -752 -734 -734 -734 -770 -725 -743 -752 -743 -717 -743 -743 -743 -743 -725 -734 -725 -734 -743 -734 -717 -743 -734 -752 -743 -761 -743 -743 -752 -770 -752 -734 -734 -752 -752 -761 -743 -761 -752 -734 -752 -725 -761 -743 -752 -743 -752 -743 -752 -761 -752 -743 -752 -752 -725 -761 -761 -770 -752 -752 -761 -743 -770 -743 -752 -752 -761 -743 -770 -734 -752 -752 -752 -761 -761 -770 -752 -761 -752 -752 -770 -752 -761 -770 -761 -770 -770 -761 -770 -761 -761 -761 -761 -761 -761 -770 -761 -770 -770 -779 -779 -779 -761 -761 -761 -770 -770 -761 -761 -779 -743 -770 -770 -770 -761 -752 -761 -761 -752 -779 -761 -752 -752 -743 -752 -743 -743 -734 -752 -725 -734 -734 -734 -725 -743 -734 -725 -734 -725 -734 -716 -708 -734 -743 -725 -743 -717 -725 -717 -717 -725 -725 -717 -717 -716 -725 -743 -717 -717 -734 -725 -725 -743 -725 -752 -752 -752 -725 -734 -752 -752 -743 -752 -752 -734 -761 -717 -725 -734 -743 -743 -743 -734 -734 -725 -725 -734 -743 -716 -743 -725 -725 -734 -734 -725 -743 -761 -770 -743 -743 -752 -752 -761 -752 -779 -761 -788 -779 -779 -806 -779 -797 -797 -797 -806 -796 -806 -797 -806 -806 -797 -814 -788 -814 -788 -788 -788 -806 -806 -806 -797 -797 -796 -806 -797 -814 -814 -788 -797 -806 -814 -805 -805 -814 -814 -814 -814 -805 -805 -805 -805 -814 -814 -841 -823 -814 -814 -823 -832 -823 -841 -832 -841 -841 -850 -858 -841 -832 -850 -858 -858 -841 -867 -858 -867 -867 -867 -858 -858 -885 -867 -885 -867 -858 -894 -894 -876 -894 -876 -885 -876 -903 -885 -858 -894 -885 -894 -894 -885 -876 -885 -894 -894 -903 -867 -885 -894 -885 -876 -885 -876 -885 -894 -885 -885 -885 -894 -903 -894 -885 -894 -903 -885 -894 -894 -894 -894 -903 -885 -885 -894 -903 -903 -894 -894 -885 -894 -894 -894 -903 -894 -894 -885 -894 -894 -894 -885 -894 -912 -894 -903 -912 -885 -885 -903 -894 -921 -903 -894 -903 -903 -912 -903 -912 -921 -894 -912 -894 -894 -912 -912 -903 -912 -894 -903 -903 -894 -912 -903 -912 -912 -903 -903 -912 -912 -921 -894 -885 -903 -903 -903 -921 -894 -921 -903 -903 -894 -912 -912 -912 -921 -921 -921 -903 -921 -894 -903 -912 -912 -912 -903 -912 -912 -903 -930 -903 -903 -903 -912 -921 -894 -903 -921 -921 -921 -921 -921 -921 -912 -912 -894 -912 -894 -903 -920 -912 -894 -894 -921 -894 -894 -894 -912 -903 -903 -921 -903 -921 -912 -921 -903 -930 -921 -903 -930 -930 -921 -921 -903 -930 -903 -894 -921 -903 -903 -930 -903 -921 -930 -912
-725 -725 -716 -734 -707 -734 -725 -717 -725 -743 -717 -716 -725 -734 -725 -734 -734 -734 -734 -752 -725 -743 -725 -752 -734 -761 -717 -743 -743 -734 -734 -734 -725 -725 -725 -734 -734 -725 -725 -734 -734 -717 -743 -734 -734 -717 -743 -752 -725 -752 -743 -761 -743 -734 -743 -743 -761 -743 -734 -752 -743 -752 -743 -743 -752 -743 -734 -734 -761 -752 -734 -734 -734 -752 -752 -752 -743 -761 -761 -761 -752 -743 -743 -743 -752 -734 -743 -752 -761 -752 -761 -761 -761 -743 -743 -752 -761 -752 -761 -752 -752 -770 -743 -725 -743 -752 -752 -734 -752 -761 -752 -761 -770 -752 -752 -761 -761 -770 -752 -770 -770 -761 -761 -761 -761 -761 -761 -770 -752 -761 -770 -752 -770 -761 -770 -752 -761 -752 -752 -761 -761 -761 -752 -752 -779 -770 -779 -787 -761 -770 -761 -761 -779 -761 -761 -734 -752 -752 -752 -734 -743 -734 -734 -734 -734 -743 -725 -743 -725 -725 -734 -725 -734 -734 -743 -717 -743 -725 -725 -734 -716 -725 -734 -716 -725 -717 -725 -725 -708 -734 -725 -743 -725 -708 -725 -725 -734 -752 -725 -743 -725 -734 -743 -743 -734 -761 -752 -743 -761 -752 -734 -725 -725 -734 -717 -761 -761 -743 -743 -743 -743 -734 -717 -717 -734 -725 -734 -743 -717 -752 -752 -743 -734 -761 -761 -752 -761 -788 -779 -788 -788 -788 -779 -797 -797 -806 -770 -805 -797 -797 -814 -806 -806 -805 -805 -806 -805 -787 -788 -797 -814 -814 -806 -797 -806 -779 -832 -814 -806 -806 -814 -796 -806 -806 -806 -806 -814 -806 -797 -797 -806 -806 -814 -797 -823 -805 -814 -806 -806 -823 -841 -823 -814 -814 -832 -850 -832 -841 -850 -841 -841 -841 -841 -858 -850 -850 -876 -850 -858 -867 -876 -850 -867 -876 -858 -858 -876 -885 -858 -867 -876 -876 -876 -885 -885 -885 -885 -876 -885 -858 -885 -894 -876 -885 -876 -894 -903 -903 -894 -876 -885 -894 -894 -885 -885 -885 -885 -894 -885 -894 -858 -894 -912 -903 -867 -885 -885 -885 -885 -894 -885 -912 -894 -903 -894 -876 -894 -885 -894 -885 -885 -885 -885 -885 -894 -903 -903 -867 -903 -876 -885 -876 -894 -903 -885 -903 -912 -876 -894 -894 -894 -903 -921 -903 -903 -885 -921 -903 -921 -912 -903 -903 -912 -894 -885 -912 -894 -903 -903 -903 -912 -912 -912 -912 -894 -903 -903 -903 -912 -903 -894 -903 -912 -876 -903 -885 -903 -903 -894 -921 -894 -912 -912 -921 -912 -912 -903 -894 -903 -903 -912 -903 -903 -903 -903 -885 -912 -894 -903 -903 -903 -894 -912 -912 -894 -903 -903 -912 -894 -930 -912 -912 -921 -903 -912 -903 -912 -903 -912 -903 -930 -885 -912 -912 -894 -903 -903 -903 -912 -912 -912 -903 -912 -921 -912 -921 -912 -921 -921 -912 -930 -903 -912 -921 -930 -920 -912 -912 -912 -903 -912 -912 -903 -930 -912 -894 -921 -930 -903 -912 -921 -894
-734 -725 -708 -716 -725 -725 -743 -734 -725 -708 -761 -734 -725 -752 -734 -734 -743 -743 -761 -743 -734 -752 -734 -734 -743 -734 -743 -743 -752 -743 -716 -734 -734 -743 -761 -734 -734 -743 -743 -743 -734 -743 -752 -752 -743 -761 -734 -752 -734 -752 -725 -743 -743 -725 -743 -743 -752 -743 -743 -752 -725 -734 -725 -761 -743 -752 -743 -761 -752 -743 -761 -743 -734 -761 -725 -743 -734 -752 -752 -752 -752 -770 -770 -770 -761 -761 -752 -761 -752 -770 -734 -743 -761 -752 -752 -743 -752 -743 -761 -761 -752 -752 -752 -743 -761 -761 -752 -761 -752 -752 -743 -752 -752 -770 -761 -761 -770 -752 -779 -761 -770 -761 -770 -752 -788 -761 -752 -761 -761 -761 -770 -770 -752 -770 -761 -761 -770 -770 -752 -761 -770 -752 -770 -761 -779 -761 -761 -752 -752 -752 -761 -752 -752 -743 -734 -725 -725 -743 -734 -725 -743 -708 -725 -734 -743 -734 -725 -734 -734 -752 -717 -717 -743 -725 -743 -725 -708 -734 -717 -734 -734 -725 -725 -717 -717 -752 -743 -752 -717 -725 -743 -717 -743 -752 -743 -752 -734 -734 -761 -743 -752 -725 -752 -752 -761 -734 -716 -743 -734 -725 -734 -725 -734 -734 -734 -725 -743 -725 -743 -734 -743 -734 -752 -752 -752 -752 -761 -770 -761 -779 -761 -779 -779 -788 -779 -788 -779 -797 -797 -797 -814 -806 -797 -805 -779 -814 -806 -814 -814 -806 -805 -797 -814 -797 -797 -805 -805 -814 -796 -806 -797 -806 -805 -805 -788 -797 -805 -788 -814 -823 -806 -814 -806 -823 -823 -832 -814 -823 -814 -823 -832 -841 -814 -823 -814 -814 -823 -823 -841 -841 -841 -832 -850 -841 -841 -858 -850 -867 -867 -876 -858 -867 -876 -858 -858 -850 -858 -885 -858 -876 -894 -876 -876 -876 -885 -885 -885 -885 -876 -876 -876 -903 -885 -885 -885 -894 -867 -894 -885 -894 -894 -903 -903 -885 -885 -885 -894 -894 -894 -894 -885 -903 -903 -894 -894 -885 -885 -876 -876 -885 -876 -876 -876 -885 -876 -885 -894 -885 -876 -912 -912 -903 -894 -885 -894 -894 -876 -894 -912 -876 -894 -894 -894 -885 -885 -903 -912 -894 -885 -894 -921 -876 -903 -894 -903 -894 -903 -903 -885 -903 -912 -903 -894 -930 -930 -903 -885 -912 -903 -912 -921 -912 -912 -921 -903 -903 -894 -903 -912 -894 -903 -903 -903 -894 -912 -903 -894 -929 -894 -903 -903 -903 -894 -867 -894 -903 -894 -894 -903 -894 -894 -903 -894 -912 -921 -921 -894 -894 -885 -894 -894 -921 -921 -894 -921 -903 -903 -921 -912 -885 -903 -903 -921 -903 -903 -921 -930 -903 -912 -921 -894 -903 -903 -912 -894 -894 -912 -903 -912 -885 -903 -912 -903 -912 -903 -894 -921 -903 -921 -912 -912 -903 -903 -903 -921 -930 -912 -894 -939 -912 -903 -930 -930 -912 -903 -930 -921 -912 -903 -921 -903 -903 -921 -903 -903 -930 -912 -930 -912 -912 -921 -903
-734 -752 -743 -734 -752 -752 -752 -743 -743 -752 -752 -725 -752 -743 -734 -761 -752 -743 -734 -743 -734 -752 -743 -743 -734 -725 -717 -725 -708 -734 -734 -734 -752 -761 -725 -752 -734 -743 -779 -743 -734 -761 -752 -734 -752 -761 -761 -743 -743 -743 -743 -752 -734 -734 -743 -761 -743 -761 -743 -734 -734 -743 -752 -761 -752 -743 -725 -743 -761 -761 -761 -761 -752 -743 -743 -761 -761 -761 -743 -761 -761 -761 -761 -770 -752 -743 -752 -752 -770 -761 -761 -761 -743 -761 -734 -752 -770 -752 -752 -752 -770 -761 -779 -752 -770 -761 -752 -743 -761 -752 -752 -761 -770 -743 -770 -752 -752 -761 -752 -752 -761 -761 -761 -761 -752 -770 -761 -788 -752 -770 -779 -761 -761 -761 -770 -761 -743 -761 -761 -761 -761 -761 -761 -761 -743 -734 -725 -716 -734 -717 -725 -725 -734 -716 -717 -725 -734 -734 -734 -734 -734 -708 -734 -743 -725 -716 -717 -725 -725 -717 -734 -725 -734 -717 -717 -717 -725 -717 -734 -716 -716 -717 -725 -752 -734 -743 -743 -743 -734 -752 -725 -752 -770 -752 -752 -734 -725 -734 -743 -752 -734 -752 -725 -734 -725 -734 -743 -752 -743 -734 -717 -761 -761 -743 -761 -761 -761 -752 -761 -761 -770 -779 -761 -788 -779 -761 -788 -797 -805 -806 -788 -797 -788 -788 -806 -788 -788 -805 -805 -797 -797 -797 -797 -797 -779 -814 -806 -797 -806 -806 -805 -806 -823 -806 -788 -797 -805 -814 -797 -806 -814 -797 -797 -806 -806 -814 -805 -832 -814 -797 -814 -832 -841 -823 -814 -832 -806 -841 -841 -806 -850 -850 -850 -841 -850 -850 -858 -850 -850 -858 -858 -850 -850 -876 -867 -867 -850 -876 -867 -867 -876 -858 -867 -885 -885 -876 -876 -885 -894 -903 -867 -867 -885 -885 -894 -876 -885 -876 -894 -885 -885 -894 -885 -876 -903 -885 -885 -903 -885 -885 -867 -867 -885 -894 -903 -894 -885 -885 -885 -903 -903 -867 -921 -894 -885 -894 -894 -894 -885 -912 -894 -903 -903 -903 -885 -894 -903 -876 -903 -894 -912 -903 -903 -885 -867 -894 -894 -903 -894 -903 -885 -894 -885 -894 -903 -903 -894 -894 -885 -885 -894 -894 -894 -921 -903 -920 -903 -903 -903 -903 -903 -912 -894 -903 -903 -912 -903 -921 -912 -894 -912 -912 -903 -912 -903 -903 -903 -894 -894 -894 -903 -894 -903 -894 -885 -894 -885 -903 -903 -912 -903 -912 -912 -903 -876 -903 -894 -912 -894 -921 -894 -930 -894 -921 -894 -903 -903 -921 -903 -903 -912 -903 -903 -903 -912 -912 -903 -912 -921 -903 -894 -903 -903 -903 -903 -921 -912 -894 -912 -912 -912 -921 -903 -894 -894 -921 -930 -894 -912 -903 -903 -921 -912 -912 -921 -921 -921 -903 -929 -912 -912 -921 -921 -903 -912 -930 -912 -921 -912 -912 -903 -930 -894 -903 -912 -903 -921 -912 -938 -903 -903 -903 -930 -921 -912 -912 -930 -912 -939 -939 -930 -930
-717 -752 -734 -734 -752 -725 -734 -734 -725 -734 -734 -725 -734 -725 -716 -717 -734 -752 -743 -743 -734 -752 -725 -743 -743 -734 -734 -752 -725 -743 -743 -752 -743 -734 -761 -743 -725 -743 -752 -752 -743 -743 -743 -734 -734 -761 -734 -752 -734 -743 -734 -743 -761 -770 -752 -761 -752 -743 -743 -761 -761 -752 -752 -770 -779 -761 -752 -743 -752 -761 -752 -770 -761 -752 -743 -770 -752 -752 -770 -761 -743 -743 -761 -761 -743 -761 -734 -752 -752 -743 -770 -752 -752 -788 -752 -752 -752 -761 -770 -761 -770 -761 -752 -761 -770 -761 -770 -770 -770 -761 -770 -761 -770 -743 -761 -779 -761 -770 -761 -752 -779 -770 -770 -752 -770 -770 -761 -752 -752 -743 -752 -752 -743 -761 -761 -743 -743 -752 -734 -725 -725 -761 -734 -717 -743 -725 -752 -725 -734 -717 -725 -725 -725 -717 -725 -725 -716 -717 -725 -725 -734 -734 -716 -717 -725 -734 -708 -734 -743 -743 -734 -743 -734 -743 -734 -743 -743 -761 -734 -743 -734 -743 -752 -743 -761 -725 -743 -752 -734 -734 -752 -734 -734 -734 -725 -734 -725 -717 -734 -734 -734 -734 -761 -725 -743 -743 -761 -743 -743 -761 -752 -770 -761 -788 -779 -779 -770 -770 -806 -779 -788 -788 -806 -797 -788 -797 -806 -806 -788 -806 -806 -796 -779 -814 -806 -788 -814 -797 -797 -823 -814 -788 -806 -814 -788 -806 -814 -806 -806 -806 -806 -814 -806 -806 -806 -814 -806 -814 -806 -805 -806 -806 -806 -823 -823 -832 -806 -814 -806 -832 -832 -823 -850 -841 -850 -850 -841 -832 -850 -841 -858 -867 -867 -858 -867 -850 -876 -876 -858 -867 -867 -876 -858 -858 -876 -885 -885 -876 -876 -885 -885 -885 -894 -876 -876 -894 -876 -885 -885 -876 -867 -894 -885 -885 -885 -912 -876 -894 -885 -885 -894 -894 -876 -894 -894 -885 -903 -885 -876 -885 -885 -885 -876 -876 -885 -885 -912 -885 -894 -885 -894 -894 -885 -903 -894 -903 -885 -894 -912 -876 -885 -876 -885 -885 -876 -885 -885 -903 -894 -894 -885 -903 -903 -885 -894 -894 -903 -894 -903 -894 -894 -894 -894 -885 -912 -912 -894 -912 -912 -912 -885 -903 -903 -930 -921 -903 -921 -903 -903 -894 -903 -903 -921 -894 -894 -912 -912 -921 -912 -894 -903 -894 -894 -885 -903 -903 -903 -894 -894 -921 -903 -903 -894 -903 -903 -921 -912 -903 -894 -903 -921 -912 -921 -921 -921 -894 -903 -912 -921 -903 -912 -894 -903 -903 -903 -903 -894 -921 -930 -903 -912 -894 -903 -903 -903 -912 -912 -903 -894 -903 -903 -894 -912 -912 -903 -894 -921 -912 -921 -894 -894 -912 -912 -939 -903 -903 -912 -912 -894 -930 -921 -921 -930 -921 -912 -930 -921 -930 -921 -921 -903 -903 -921 -903 -912 -912 -921 -912 -912 -921 -930 -921 -912 -903 -921 -912 -930 -912 -930 -929 -921 -912 -921 -912 -912 -930 -912 -903 -930 -939 -930 -912
-716 -725 -734 -743 -734 -725 -725 -725 -734 -734 -734 -734 -734 -743 -752 -725 -734 -743 -734 -743 -761 -761 -743 -761 -743 -752 -752 -717 -743 -761 -734 -743 -752 -743 -743 -743 -743 -761 -717 -743 -734 -743 -743 -761 -743 -752 -743 -761 -734 -734 -761 -761 -761 -752 -761 -734 -761 -752 -743 -770 -752 -743 -752 -743 -752 -761 -752 -752 -752 -761 -752 -752 -752 -752 -725 -761 -752 -761 -752 -752 -743 -761 -743 -752 -752 -743 -779 -752 -752 -752 -761 -770 -743 -743 -779 -752 -752 -752 -752 -770 -752 -752 -752 -761 -770 -779 -770 -752 -770 -779 -761 -770 -743 -770 -761 -761 -761 -761 -761 -761 -761 -752 -761 -761 -770 -761 -752 -725 -743 -734 -752 -725 -743 -725 -725 -734 -725 -734 -734 -717 -734 -725 -743 -725 -708 -717 -725 -716 -717 -725 -734 -717 -716 -725 -725 -725 -725 -725 -743 -734 -725 -725 -725 -743 -734 -734 -734 -761 -725 -743 -743 -743 -743 -752 -761 -743 -734 -761 -752 -752 -734 -743 -743 -734 -734 -716 -734 -743 -734 -752 -734 -708 -725 -734 -743 -734 -734 -743 -743 -752 -761 -743 -761 -770 -761 -788 -770 -770 -797 -779 -788 -779 -797 -806 -805 -805 -806 -788 -814 -806 -796 -806 -788 -796 -797 -797 -797 -797 -788 -814 -788 -805 -797 -797 -806 -806 -797 -814 -806 -814 -814 -814 -814 -806 -805 -797 -797 -806 -797 -805 -797 -814 -814 -806 -823 -823 -841 -823 -823 -832 -841 -823 -841 -832 -832 -850 -841 -841 -841 -850 -850 -858 -841 -850 -858 -850 -876 -858 -885 -885 -858 -876 -867 -876 -876 -876 -876 -876 -876 -876 -867 -885 -894 -885 -876 -903 -894 -876 -885 -876 -894 -894 -885 -876 -876 -885 -885 -894 -885 -885 -894 -894 -885 -894 -876 -885 -894 -885 -885 -885 -894 -903 -885 -885 -894 -894 -894 -903 -894 -876 -876 -885 -894 -885 -885 -876 -885 -894 -903 -894 -876 -903 -903 -912 -903 -885 -903 -885 -894 -876 -894 -885 -894 -903 -903 -903 -894 -885 -885 -921 -903 -894 -894 -903 -903 -903 -903 -903 -903 -903 -921 -894 -903 -903 -912 -903 -894 -930 -912 -912 -930 -903 -903 -921 -903 -912 -912 -921 -912 -921 -894 -912 -912 -912 -894 -894 -903 -894 -903 -894 -903 -903 -894 -903 -894 -912 -894 -912 -912 -912 -894 -903 -903 -912 -903 -921 -903 -912 -885 -903 -903 -894 -912 -903 -921 -912 -930 -930 -912 -912 -903 -903 -912 -894 -930 -903 -912 -903 -903 -912 -894 -903 -929 -912 -903 -903 -903 -903 -930 -903 -894 -912 -912 -912 -903 -921 -921 -921 -912 -912 -930 -930 -903 -921 -912 -921 -912 -903 -929 -912 -921 -912 -911 -894 -885 -930 -903 -903 -903 -912 -921 -930 -903 -903 -921 -921 -921 -930 -912 -921 -930 -903 -921 -912 -912 -921 -912 -930 -921 -930 -912 -930 -912 -903 -894 -921 -921 -912 -912 -921 -912 -903
-734 -717 -734 -734 -725 -716 -734 -717 -752 -734 -734 -743 -725 -761 -734 -743 -743 -743 -752 -752 -734 -743 -734 -734 -752 -752 -752 -752 -743 -752 -752 -752 -725 -752 -743 -743 -752 -743 -779 -743 -752 -752 -743 -743 -734 -734 -752 -752 -743 -725 -752 -752 -761 -752 -770 -761 -743 -761 -770 -770 -761 -743 -752 -761 -761 -743 -743 -752 -761 -752 -734 -761 -770 -752 -752 -761 -770 -752 -770 -761 -770 -761 -770 -743 -743 -752 -770 -770 -761 -734 -770 -770 -770 -752 -752 -761 -761 -779 -752 -770 -761 -761 -770 -761 -761 -752 -761 -779 -752 -770 -770 -761 -761 -761 -761 -770 -761 -752 -743 -734 -734 -743 -734 -725 -734 -725 -734 -725 -717 -725 -725 -734 -717 -743 -734 -734 -725 -716 -725 -734 -725 -717 -734 -734 -717 -717 -725 -734 -725 -734 -743 -717 -717 -717 -716 -725 -734 -752 -743 -752 -761 -743 -734 -743 -734 -743 -761 -761 -743 -743 -770 -752 -743 -734 -734 -734 -734 -752 -717 -717 -734 -725 -752 -743 -725 -752 -734 -761 -752 -734 -743 -761 -752 -761 -761 -770 -779 -770 -770 -770 -797 -797 -779 -797 -797 -797 -779 -806 -797 -806 -806 -814 -797 -805 -797 -806 -788 -806 -797 -779 -788 -806 -814 -814 -806 -788 -806 -797 -797 -814 -797 -797 -806 -806 -805 -806 -814 -796 -806 -814 -814 -814 -823 -806 -806 -806 -806 -814 -823 -814 -814 -832 -850 -832 -858 -850 -850 -841 -850 -850 -850 -858 -876 -850 -850 -850 -841 -850 -841 -876 -876 -876 -876 -867 -885 -858 -858 -858 -876 -876 -894 -876 -876 -885 -876 -894 -885 -885 -894 -885 -867 -876 -885 -903 -876 -903 -903 -876 -876 -876 -903 -876 -876 -903 -885 -894 -894 -894 -885 -885 -894 -903 -885 -867 -903 -876 -876 -894 -894 -894 -903 -885 -894 -894 -867 -876 -885 -903 -894 -885 -894 -894 -885 -903 -903 -894 -903 -885 -921 -894 -894 -894 -903 -903 -894 -912 -894 -894 -894 -903 -876 -903 -894 -894 -912 -894 -894 -885 -912 -903 -912 -921 -921 -885 -912 -894 -903 -903 -885 -903 -894 -921 -894 -894 -894 -903 -894 -912 -912 -912 -903 -929 -912 -920 -903 -903 -894 -903 -894 -903 -885 -885 -903 -921 -912 -912 -912 -912 -903 -912 -903 -903 -912 -894 -903 -903 -903 -894 -921 -921 -921 -912 -894 -921 -912 -885 -903 -894 -921 -912 -930 -921 -903 -903 -903 -903 -903 -903 -912 -921 -912 -903 -912 -912 -894 -894 -894 -894 -921 -912 -912 -921 -885 -912 -921 -912 -930 -921 -912 -903 -903 -894 -912 -921 -930 -903 -903 -930 -930 -912 -921 -912 -930 -912 -912 -903 -930 -903 -921 -939 -894 -930 -930 -921 -921 -912 -930 -920 -938 -921 -912 -912 -930 -912 -929 -921 -930 -930 -921 -912 -912 -930 -903 -930 -930 -921 -912 -930 -920 -912 -921 -912 -930 -929 -930 -912 -921 -930 -921 -921 -912 -921
-743 -734 -734 -761 -734 -734 -752 -743 -752 -761 -734 -752 -752 -761 -743 -734 -743 -761 -734 -725 -725 -734 -752 -770 -734 -743 -743 -743 -743 -743 -743 -743 -761 -725 -734 -743 -734 -743 -725 -734 -761 -752 -761 -743 -761 -752 -770 -761 -752 -752 -743 -770 -743 -770 -734 -743 -752 -752 -743 -770 -770 -761 -752 -752 -761 -761 -770 -743 -752 -752 -734 -752 -752 -770 -761 -779 -770 -761 -743 -734 -761 -770 -761 -770 -770 -779 -761 -752 -770 -770 -779 -761 -761 -761 -761 -779 -761 -761 -770 -770 -761 -761 -761 -752 -752 -761 -761 -761 -752 -743 -752 -770 -743 -743 -734 -743 -717 -725 -734 -734 -734 -725 -743 -743 -734 -725 -734 -725 -734 -725 -734 -725 -725 -708 -717 -708 -734 -752 -725 -708 -734 -717 -725 -717 -725 -743 -725 -725 -717 -725 -734 -734 -752 -743 -761 -725 -752 -743 -743 -743 -734 -770 -761 -743 -752 -743 -725 -725 -717 -743 -734 -752 -734 -734 -725 -725 -743 -752 -734 -752 -743 -752 -761 -743 -752 -761 -779 -770 -779 -770 -770 -779 -770 -779 -779 -779 -788 -797 -797 -814 -806 -806 -797 -814 -788 -814 -797 -806 -797 -788 -788 -805 -797 -814 -805 -797 -806 -806 -797 -797 -805 -797 -806 -814 -779 -788 -787 -814 -814 -814 -814 -806 -850 -797 -832 -814 -814 -797 -814 -814 -814 -823 -806 -823 -832 -823 -832 -850 -841 -841 -841 -841 -858 -841 -850 -850 -867 -858 -858 -858 -858 -858 -867 -867 -876 -894 -850 -867 -867 -885 -876 -876 -876 -885 -885 -867 -876 -876 -903 -885 -894 -876 -894 -858 -876 -894 -903 -894 -885 -867 -894 -894 -885 -885 -885 -894 -894 -903 -903 -894 -894 -867 -885 -876 -867 -885 -885 -894 -912 -894 -894 -894 -894 -876 -894 -894 -894 -876 -885 -885 -894 -876 -903 -885 -912 -894 -903 -885 -903 -894 -894 -903 -903 -894 -894 -894 -930 -903 -903 -912 -894 -912 -894 -885 -903 -912 -903 -903 -903 -885 -885 -903 -903 -903 -912 -903 -921 -912 -912 -912 -903 -894 -894 -903 -894 -903 -921 -912 -912 -903 -903 -903 -894 -894 -894 -903 -894 -894 -903 -894 -885 -912 -912 -903 -921 -903 -912 -921 -912 -912 -912 -921 -903 -885 -912 -903 -903 -912 -903 -903 -903 -903 -894 -912 -903 -903 -930 -912 -921 -903 -921 -921 -894 -912 -912 -885 -912 -903 -903 -912 -903 -903 -894 -903 -903 -903 -903 -894 -912 -903 -894 -921 -921 -894 -912 -903 -903 -920 -912 -903 -921 -912 -921 -912 -921 -921 -912 -903 -921 -903 -903 -930 -912 -930 -912 -921 -921 -885 -903 -903 -912 -894 -912 -921 -921 -921 -912 -938 -930 -921 -903 -911 -921 -939 -903 -930 -921 -921 -921 -930 -912 -930 -930 -930 -912 -921 -930 -912 -912 -938 -894 -921 -912 -930 -930 -921 -921 -930 -912 -947 -921 -921 -903 -921 -930 -920 -894 -912 -930 -921 -938 -930
-743 -743 -743 -761 -752 -743 -752 -770 -734 -761 -743 -752 -743 -743 -743 -743 -761 -717 -743 -752 -743 -725 -752 -734 -743 -752 -761 -743 -752 -761 -761 -752 -734 -743 -752 -743 -761 -752 -761 -743 -743 -770 -752 -761 -743 -761 -761 -770 -761 -761 -761 -752 -761 -752 -761 -761 -752 -743 -743 -752 -761 -761 -761 -779 -761 -752 -761 -761 -761 -761 -779 -761 -770 -752 -779 -779 -752 -770 -770 -770 -743 -761 -761 -752 -770 -770 -770 -752 -761 -761 -761 -761 -761 -770 -779 -743 -752 -761 -752 -761 -761 -752 -743 -752 -752 -752 -734 -734 -743 -725 -725 -743 -725 -743 -734 -734 -707 -752 -734 -716 -734 -717 -725 -725 -725 -717 -708 -725 -717 -734 -717 -707 -734 -725 -708 -725 -725 -734 -717 -725 -725 -752 -743 -743 -734 -743 -743 -734 -734 -752 -770 -752 -752 -734 -743 -761 -734 -734 -734 -743 -717 -725 -743 -734 -717 -717 -725 -734 -752 -752 -752 -752 -743 -761 -770 -752 -743 -725 -770 -770 -779 -770 -788 -761 -779 -806 -806 -788 -797 -779 -797 -806 -806 -806 -788 -806 -806 -814 -805 -806 -823 -805 -805 -806 -788 -797 -797 -797 -797 -806 -806 -806 -806 -814 -797 -788 -806 -806 -806 -806 -806 -823 -823 -814 -806 -806 -823 -823 -788 -806 -806 -814 -814 -814 -832 -832 -832 -850 -841 -841 -858 -850 -832 -858 -858 -850 -850 -867 -841 -858 -858 -858 -858 -850 -858 -867 -867 -876 -850 -885 -867 -858 -885 -876 -867 -876 -894 -894 -894 -885 -885 -885 -903 -894 -894 -894 -894 -876 -885 -885 -903 -894 -894 -885 -867 -894 -876 -885 -894 -867 -903 -876 -885 -885 -876 -858 -885 -894 -876 -867 -894 -885 -894 -894 -885 -894 -894 -894 -894 -885 -894 -885 -885 -894 -903 -876 -876 -876 -894 -876 -876 -885 -903 -894 -894 -885 -885 -894 -894 -885 -912 -903 -885 -903 -894 -903 -894 -912 -903 -903 -876 -903 -894 -903 -903 -885 -894 -912 -894 -903 -903 -894 -894 -894 -912 -894 -885 -894 -903 -903 -903 -921 -912 -894 -912 -903 -921 -894 -903 -903 -885 -885 -885 -920 -894 -903 -894 -903 -903 -920 -912 -903 -903 -930 -912 -921 -912 -903 -912 -912 -903 -912 -912 -911 -912 -921 -912 -912 -903 -894 -912 -903 -894 -912 -903 -921 -921 -912 -903 -894 -903 -921 -903 -894 -903 -930 -894 -921 -903 -912 -894 -912 -912 -885 -912 -894 -903 -894 -885 -912 -921 -930 -930 -894 -903 -921 -912 -921 -921 -929 -912 -912 -921 -930 -894 -912 -912 -921 -921 -921 -930 -912 -921 -921 -903 -912 -912 -921 -930 -912 -921 -930 -912 -921 -921 -921 -921 -903 -921 -912 -930 -912 -921 -939 -930 -938 -938 -903 -939 -930 -921 -939 -912 -894 -912 -912 -939 -930 -921 -921 -912 -939 -930 -912 -930 -947 -912 -921 -921 -912 -930 -921 -938 -939 -921 -930 -903 -929 -939 -939 -921 -930
-752 -743 -734 -734 -743 -752 -725 -743 -743 -734 -752 -734 -779 -743 -752 -761 -761 -743 -752 -743 -752 -752 -752 -752 -761 -752 -779 -761 -752 -752 -752 -752 -752 -752 -752 -725 -761 -761 -761 -752 -734 -761 -743 -770 -770 -752 -734 -761 -761 -761 -761 -752 -770 -761 -761 -779 -752 -779 -761 -770 -770 -752 -779 -752 -743 -752 -743 -752 -752 -752 -752 -752 -761 -761 -761 -770 -752 -752 -752 -770 -761 -770 -779 -770 -761 -752 -779 -761 -770 -761 -734 -734 -752 -752 -752 -752 -734 -743 -734 -734 -734 -743 -734 -725 -725 -725 -743 -725 -734 -734 -725 -725 -743 -717 -716 -717 -734 -725 -734 -725 -725 -725 -725 -743 -734 -717 -725 -717 -707 -743 -734 -734 -743 -716 -761 -734 -752 -743 -734 -761 -734 -752 -743 -725 -752 -743 -734 -752 -743 -743 -743 -743 -734 -734 -725 -743 -743 -743 -725 -734 -734 -725 -725 -734 -743 -743 -752 -734 -770 -761 -770 -761 -779 -779 -788 -779 -779 -779 -797 -805 -797 -779 -806 -797 -788 -797 -823 -814 -797 -806 -805 -797 -797 -788 -806 -797 -797 -805 -814 -806 -806 -797 -797 -797 -806 -806 -797 -806 -806 -806 -823 -806 -806 -805 -814 -797 -814 -814 -814 -788 -806 -814 -814 -805 -823 -814 -814 -832 -832 -841 -841 -850 -841 -850 -850 -850 -850 -850 -858 -850 -850 -858 -867 -858 -858 -858 -876 -858 -885 -885 -858 -867 -885 -858 -876 -885 -894 -894 -876 -885 -885 -876 -894 -876 -885 -885 -885 -903 -894 -885 -894 -876 -867 -912 -885 -894 -903 -903 -894 -885 -894 -867 -885 -894 -885 -894 -894 -894 -903 -867 -894 -885 -885 -876 -885 -894 -885 -903 -894 -903 -903 -885 -876 -894 -894 -912 -894 -903 -894 -885 -894 -903 -885 -894 -894 -912 -903 -885 -894 -903 -921 -903 -903 -885 -894 -912 -903 -921 -894 -912 -885 -885 -894 -894 -912 -912 -921 -912 -930 -912 -894 -903 -921 -912 -885 -912 -903 -903 -894 -921 -894 -903 -894 -894 -903 -912 -903 -912 -885 -912 -894 -885 -903 -885 -903 -894 -912 -921 -903 -903 -912 -903 -912 -921 -903 -930 -903 -921 -894 -921 -912 -903 -912 -903 -894 -903 -903 -894 -894 -921 -921 -921 -921 -921 -930 -921 -930 -912 -930 -921 -912 -903 -912 -903 -903 -903 -912 -912 -912 -912 -894 -903 -903 -894 -921 -912 -912 -903 -921 -903 -903 -894 -921 -903 -921 -912 -921 -930 -912 -921 -912 -903 -894 -912 -903 -921 -912 -903 -930 -912 -903 -912 -912 -912 -903 -885 -921 -912 -894 -930 -921 -921 -912 -912 -903 -921 -912 -921 -921 -921 -930 -930 -921 -930 -921 -921 -921 -912 -930 -938 -930 -930 -930 -921 -903 -921 -903 -903 -912 -903 -903 -903 -921 -930 -921 -939 -921 -912 -921 -939 -903 -912 -921 -929 -912 -930 -939 -930 -939 -921 -921 -921 -938 -939 -938 -930 -930 -921 -921 -903 -912 -930
-743 -743 -743 -743 -725 -743 -743 -752 -752 -734 -734 -761 -734 -761 -752 -752 -743 -761 -770 -752 -743 -752 -752 -770 -734 -743 -761 -761 -743 -752 -761 -743 -752 -743 -752 -761 -770 -752 -761 -752 -770 -761 -770 -761 -761 -761 -761 -761 -752 -779 -779 -752 -761 -770 -761 -761 -761 -761 -761 -770 -779 -770 -752 -761 -761 -761 -761 -770 -770 -779 -761 -761 -761 -779 -770 -770 -770 -770 -788 -752 -770 -761 -761 -761 -761 -752 -725 -743 -743 -743 -743 -717 -743 -743 -734 -734 -725 -734 -725 -717 -743 -743 -717 -717 -716 -734 -717 -725 -717 -717 -725 -717 -708 -716 -708 -725 -717 -734 -734 -708 -734 -734 -734 -743 -734 -734 -752 -743 -752 -734 -734 -743 -743 -743 -761 -752 -743 -734 -725 -743 -734 -725 -734 -725 -752 -752 -743 -734 -734 -734 -743 -743 -743 -743 -734 -752 -743 -761 -752 -761 -734 -770 -770 -761 -770 -770 -779 -770 -797 -788 -788 -788 -779 -797 -797 -805 -814 -797 -797 -814 -797 -805 -797 -788 -797 -788 -797 -814 -806 -797 -814 -814 -806 -797 -788 -814 -797 -805 -797 -797 -823 -814 -797 -814 -814 -797 -797 -797 -806 -823 -814 -797 -823 -814 -823 -814 -814 -823 -850 -823 -832 -850 -832 -850 -832 -832 -841 -841 -832 -858 -850 -823 -850 -858 -876 -867 -867 -858 -876 -858 -858 -894 -876 -867 -885 -867 -867 -867 -867 -885 -876 -876 -885 -894 -876 -885 -876 -876 -894 -885 -876 -867 -894 -885 -876 -876 -876 -894 -894 -876 -903 -903 -894 -876 -885 -894 -885 -894 -894 -885 -885 -894 -885 -885 -903 -876 -894 -885 -876 -894 -885 -894 -885 -885 -885 -885 -876 -885 -885 -894 -885 -876 -867 -885 -903 -903 -903 -903 -912 -885 -921 -894 -894 -885 -894 -912 -894 -894 -903 -903 -903 -912 -903 -894 -939 -903 -894 -903 -894 -912 -912 -912 -903 -903 -894 -894 -903 -912 -885 -903 -930 -912 -903 -894 -912 -894 -903 -912 -903 -930 -903 -903 -894 -903 -894 -894 -903 -903 -903 -903 -885 -894 -894 -912 -912 -930 -894 -912 -903 -921 -894 -903 -903 -912 -894 -921 -903 -903 -921 -885 -903 -912 -903 -921 -912 -885 -921 -912 -903 -903 -912 -912 -903 -912 -903 -894 -903 -885 -903 -921 -894 -903 -912 -894 -921 -912 -912 -912 -903 -912 -921 -930 -921 -912 -912 -903 -921 -912 -921 -921 -921 -930 -921 -912 -921 -903 -921 -912 -921 -912 -921 -921 -912 -912 -912 -921 -903 -912 -912 -912 -903 -912 -930 -930 -930 -930 -921 -921 -938 -912 -903 -930 -912 -938 -912 -921 -939 -939 -930 -930 -921 -912 -939 -921 -929 -930 -912 -912 -912 -912 -921 -929 -912 -912 -930 -912 -929 -930 -921 -921 -930 -912 -912 -939 -921 -912 -930 -930 -930 -930 -912 -939 -930 -947 -921 -930 -921 -930 -912 -930 -921 -921 -930 -939 -930 -939 -912 -930 -930 -921 -930 -930
-743 -734 -743 -743 -761 -743 -752 -752 -761 -743 -761 -743 -743 -752 -752 -761 -752 -743 -770 -743 -761 -761 -761 -761 -752 -761 -770 -779 -770 -752 -761 -752 -761 -761 -761 -761 -761 -770 -752 -761 -770 -752 -761 -788 -752 -761 -779 -770 -761 -752 -752 -770 -761 -761 -779 -761 -752 -761 -752 -761 -752 -770 -761 -761 -770 -770 -779 -770 -761 -779 -779 -779 -752 -761 -761 -743 -752 -761 -761 -752 -743 -734 -752 -743 -734 -725 -725 -717 -734 -708 -734 -743 -716 -708 -734 -734 -725 -725 -717 -725 -725 -725 -725 -717 -725 -734 -717 -725 -725 -725 -725 -743 -725 -717 -743 -743 -743 -716 -725 -743 -725 -743 -734 -725 -743 -743 -752 -761 -743 -743 -761 -743 -734 -725 -734 -743 -743 -752 -734 -734 -725 -725 -725 -743 -734 -743 -743 -734 -761 -761 -770 -761 -761 -770 -761 -770 -770 -770 -770 -770 -797 -788 -796 -779 -806 -797 -805 -806 -787 -788 -797 -823 -806 -806 -797 -806 -806 -823 -814 -814 -806 -814 -814 -806 -797 -806 -814 -788 -805 -806 -806 -797 -806 -805 -797 -797 -797 -814 -823 -814 -823 -832 -832 -806 -814 -832 -814 -814 -814 -823 -806 -823 -832 -841 -841 -850 -832 -841 -841 -832 -850 -850 -850 -841 -858 -850 -876 -867 -850 -876 -867 -885 -867 -858 -885 -885 -876 -885 -894 -885 -885 -885 -894 -885 -885 -867 -894 -885 -903 -894 -885 -876 -894 -894 -885 -885 -885 -885 -894 -867 -876 -885 -885 -885 -894 -894 -876 -894 -885 -894 -885 -885 -885 -894 -894 -894 -894 -885 -912 -894 -894 -885 -912 -885 -885 -885 -894 -885 -876 -894 -876 -876 -876 -885 -876 -885 -912 -885 -894 -885 -903 -894 -894 -876 -885 -894 -894 -912 -894 -903 -894 -894 -921 -903 -894 -894 -885 -903 -894 -912 -894 -903 -912 -921 -912 -912 -921 -921 -903 -903 -912 -912 -894 -921 -894 -912 -885 -903 -894 -921 -903 -903 -894 -894 -903 -885 -885 -912 -894 -885 -894 -885 -912 -894 -921 -912 -894 -912 -903 -912 -903 -894 -903 -912 -903 -894 -903 -885 -912 -903 -912 -903 -903 -894 -921 -903 -930 -912 -894 -903 -903 -912 -912 -912 -903 -912 -894 -921 -903 -921 -903 -894 -903 -885 -903 -894 -903 -912 -894 -894 -903 -921 -903 -912 -912 -903 -903 -921 -894 -921 -921 -921 -930 -921 -921 -921 -930 -930 -921 -921 -921 -912 -912 -894 -912 -903 -903 -921 -912 -912 -912 -894 -930 -912 -921 -930 -930 -921 -930 -921 -930 -912 -930 -912 -912 -921 -929 -912 -930 -921 -921 -921 -930 -912 -921 -938 -930 -939 -930 -930 -911 -912 -903 -903 -912 -903 -930 -921 -903 -921 -921 -921 -903 -921 -938 -930 -930 -921 -930 -912 -939 -939 -938 -939 -939 -930 -929 -921 -921 -930 -921 -921 -921 -921 -921 -930 -921 -929 -903 -921 -921 -921 -930 -912 -912 -912 -930 -930 -930 -930 -930 -912
-761 -743 -734 -752 -752 -761 -752 -761 -770 -752 -743 -779 -743 -752 -743 -761 -734 -743 -752 -761 -743 -752 -761 -734 -752 -734 -743 -752 -761 -761 -761 -770 -752 -779 -761 -752 -761 -770 -779 -761 -761 -752 -761 -761 -761 -761 -779 -752 -761 -761 -743 -761 -752 -752 -770 -761 -779 -761 -770 -752 -743 -761 -770 -761 -752 -761 -770 -770 -752 -743 -752 -734 -734 -734 -734 -743 -725 -743 -725 -717 -734 -717 -734 -716 -743 -725 -716 -717 -734 -734 -708 -743 -725 -725 -734 -717 -725 -716 -734 -725 -725 -734 -717 -725 -725 -743 -743 -734 -734 -734 -761 -743 -743 -743 -743 -725 -725 -761 -743 -734 -752 -770 -725 -743 -743 -761 -743 -752 -752 -725 -734 -725 -725 -734 -734 -734 -752 -734 -743 -743 -752 -752 -752 -743 -770 -761 -770 -778 -761 -779 -779 -797 -779 -796 -797 -770 -797 -797 -814 -788 -797 -797 -823 -806 -806 -797 -770 -806 -788 -805 -797 -788 -797 -797 -805 -806 -797 -805 -797 -814 -806 -788 -788 -806 -814 -805 -805 -806 -814 -823 -806 -806 -823 -806 -805 -805 -823 -806 -823 -823 -823 -814 -805 -823 -850 -850 -823 -850 -841 -832 -841 -850 -850 -841 -850 -858 -867 -850 -858 -876 -867 -858 -858 -876 -876 -858 -867 -876 -858 -876 -885 -885 -894 -876 -885 -876 -885 -894 -885 -885 -903 -894 -894 -894 -885 -876 -885 -894 -894 -867 -894 -894 -894 -876 -885 -885 -894 -912 -894 -876 -894 -903 -867 -885 -894 -885 -903 -885 -894 -876 -876 -903 -885 -903 -894 -894 -903 -885 -903 -894 -885 -894 -885 -903 -894 -894 -858 -876 -867 -867 -903 -903 -903 -894 -912 -894 -903 -885 -885 -894 -903 -912 -903 -912 -894 -903 -894 -894 -894 -912 -903 -903 -912 -894 -894 -903 -903 -903 -903 -903 -903 -912 -885 -903 -903 -912 -912 -903 -894 -894 -903 -912 -894 -903 -930 -903 -894 -912 -903 -912 -885 -903 -903 -921 -903 -921 -921 -903 -921 -930 -894 -894 -921 -903 -903 -885 -912 -903 -894 -912 -894 -903 -885 -903 -894 -912 -903 -912 -903 -930 -894 -921 -930 -912 -921 -912 -912 -930 -921 -903 -903 -903 -921 -903 -903 -912 -903 -912 -903 -894 -903 -912 -912 -903 -912 -921 -903 -921 -903 -921 -903 -912 -912 -894 -903 -921 -894 -921 -912 -921 -912 -921 -930 -912 -912 -921 -912 -912 -921 -894 -938 -912 -903 -930 -912 -903 -920 -903 -912 -912 -921 -930 -938 -930 -912 -930 -921 -930 -939 -930 -912 -921 -930 -930 -921 -921 -921 -921 -921 -921 -939 -930 -930 -930 -930 -920 -903 -921 -903 -912 -921 -930 -921 -929 -903 -930 -912 -930 -939 -938 -930 -912 -930 -930 -939 -912 -920 -921 -930 -929 -912 -939 -921 -930 -947 -921 -912 -921 -894 -921 -938 -930 -903 -939 -912 -912 -921 -921 -921 -930 -930 -930 -930 -939 -921 -912 -939 -930 -930 -921 -903 -939
-752 -761 -752 -761 -743 -752 -743 -761 -743 -761 -743 -761 -743 -743 -752 -752 -761 -752 -761 -734 -770 -743 -752 -752 -761 -761 -761 -761 -752 -761 -761 -761 -761 -752 -743 -752 -752 -761 -761 -752 -761 -761 -752 -779 -743 -770 -752 -761 -761 -761 -770 -752 -779 -761 -761 -770 -761 -770 -752 -761 -743 -743 -734 -734 -734 -725 -734 -743 -725 -725 -725 -752 -725 -725 -725 -725 -743 -725 -734 -734 -725 -725 -716 -734 -725 -743 -717 -717 -717 -717 -717 -716 -717 -717 -725 -725 -725 -734 -734 -716 -734 -734 -734 -752 -752 -761 -761 -734 -725 -725 -743 -743 -743 -717 -725 -743 -734 -743 -734 -725 -743 -734 -725 -725 -708 -717 -725 -743 -734 -725 -752 -752 -752 -743 -770 -752 -761 -770 -788 -761 -761 -761 -779 -770 -788 -796 -788 -779 -788 -779 -779 -797 -806 -806 -788 -814 -805 -797 -805 -797 -806 -797 -797 -814 -814 -797 -806 -806 -806 -814 -814 -814 -814 -814 -806 -796 -814 -814 -806 -806 -797 -806 -796 -806 -797 -832 -823 -823 -814 -841 -823 -814 -832 -832 -832 -832 -841 -832 -832 -841 -823 -841 -841 -850 -832 -850 -841 -850 -850 -885 -858 -850 -858 -867 -876 -876 -858 -885 -867 -876 -867 -885 -867 -885 -885 -903 -876 -876 -885 -876 -867 -867 -894 -885 -876 -894 -894 -867 -885 -885 -903 -903 -885 -876 -894 -885 -885 -894 -903 -894 -876 -867 -885 -894 -876 -885 -885 -894 -885 -912 -894 -903 -885 -885 -894 -894 -885 -885 -894 -867 -885 -903 -903 -912 -894 -894 -894 -894 -894 -885 -894 -912 -894 -894 -903 -876 -912 -912 -894 -894 -894 -894 -912 -894 -903 -894 -903 -894 -894 -912 -885 -894 -894 -912 -903 -903 -894 -912 -921 -903 -885 -894 -903 -903 -894 -894 -903 -894 -894 -921 -912 -903 -894 -921 -903 -903 -930 -903 -912 -903 -894 -894 -903 -912 -894 -903 -894 -903 -903 -894 -894 -903 -912 -912 -912 -894 -921 -921 -912 -903 -903 -921 -903 -912 -903 -903 -903 -921 -894 -903 -903 -903 -921 -894 -921 -921 -930 -912 -912 -903 -921 -903 -912 -903 -903 -885 -894 -894 -903 -912 -912 -921 -903 -885 -921 -930 -930 -921 -903 -903 -903 -930 -894 -903 -921 -921 -912 -921 -921 -921 -903 -921 -912 -921 -903 -912 -912 -912 -903 -912 -903 -912 -903 -930 -912 -921 -921 -912 -912 -903 -912 -921 -921 -921 -921 -921 -912 -930 -930 -930 -930 -912 -930 -912 -921 -930 -930 -938 -921 -921 -939 -930 -921 -921 -903 -930 -912 -921 -912 -930 -921 -921 -921 -912 -930 -921 -921 -939 -930 -930 -930 -921 -930 -930 -930 -939 -939 -920 -930 -930 -903 -930 -930 -921 -939 -930 -921 -930 -921 -930 -921 -930 -930 -912 -930 -912 -930 -921 -903 -930 -921 -921 -903 -939 -939 -929 -930 -939 -938 -930 -930 -930 -921 -930 -912 -930 -903 -921 -930 -921 -921 -930
-752 -743 -752 -743 -761 -761 -734 -752 -770 -761 -761 -770 -752 -761 -770 -770 -752 -779 -770 -761 -779 -788 -761 -770 -761 -779 -770 -770 -761 -761 -761 -761 -752 -779 -779 -752 -761 -761 -788 -761 -743 -770 -779 -770 -761 -761 -770 -752 -770 -761 -752 -752 -752 -752 -761 -752 -734 -743 -734 -717 -734 -734 -725 -734 -725 -717 -734 -734 -734 -716 -734 -752 -717 -734 -725 -717 -734 -725 -725 -716 -725 -717 -725 -743 -725 -717 -717 -734 -734 -717 -734 -743 -725 -752 -734 -725 -725 -743 -761 -743 -761 -743 -761 -734 -725 -734 -734 -734 -743 -725 -734 -743 -752 -725 -717 -725 -734 -725 -743 -734 -734 -725 -743 -734 -743 -752 -779 -770 -761 -770 -770 -761 -788 -761 -779 -788 -779 -770 -779 -797 -806 -814 -797 -788 -788 -797 -788 -806 -797 -788 -806 -806 -788 -797 -797 -797 -787 -796 -797 -823 -797 -788 -797 -797 -806 -806 -814 -806 -797 -806 -814 -806 -814 -806 -806 -823 -814 -806 -823 -805 -814 -806 -823 -823 -832 -832 -832 -841 -832 -841 -832 -850 -841 -841 -850 -850 -867 -858 -850 -850 -850 -850 -858 -867 -832 -850 -876 -885 -867 -885 -894 -876 -894 -867 -876 -858 -885 -867 -894 -885 -894 -876 -885 -885 -885 -867 -894 -894 -894 -885 -867 -894 -885 -876 -894 -876 -894 -885 -885 -894 -894 -912 -885 -885 -894 -885 -894 -894 -885 -876 -894 -885 -894 -885 -885 -894 -912 -885 -912 -894 -894 -885 -894 -894 -885 -876 -894 -885 -903 -885 -894 -885 -903 -894 -903 -903 -903 -903 -903 -912 -894 -894 -894 -885 -894 -903 -885 -894 -921 -894 -885 -894 -912 -894 -894 -930 -894 -912 -903 -885 -912 -894 -894 -912 -894 -903 -894 -912 -903 -921 -912 -912 -894 -894 -894 -894 -903 -903 -894 -903 -894 -885 -876 -903 -903 -894 -894 -894 -894 -903 -903 -912 -903 -912 -903 -912 -903 -903 -894 -894 -921 -921 -903 -921 -894 -903 -912 -921 -912 -894 -921 -903 -930 -903 -903 -894 -921 -903 -912 -921 -912 -885 -921 -894 -903 -894 -894 -894 -921 -903 -912 -894 -930 -921 -921 -903 -920 -912 -912 -912 -930 -921 -903 -912 -921 -921 -921 -912 -903 -930 -929 -912 -911 -921 -939 -930 -938 -903 -921 -930 -921 -894 -921 -903 -921 -912 -921 -930 -903 -930 -912 -921 -903 -912 -939 -921 -921 -921 -894 -930 -912 -930 -921 -930 -920 -921 -921 -921 -939 -912 -938 -912 -921 -912 -921 -912 -912 -912 -912 -930 -912 -921 -912 -921 -921 -921 -930 -921 -930 -903 -930 -939 -956 -912 -921 -921 -939 -930 -930 -930 -921 -938 -921 -939 -930 -930 -930 -930 -930 -921 -921 -912 -903 -930 -912 -903 -912 -912 -912 -921 -930 -921 -912 -903 -930 -939 -947 -947 -939 -939 -938 -912 -921 -921 -921 -921 -921 -939 -947 -912 -921 -903 -930 -921 -930 -885 -921 -912 -939 -912 -912 -921
-761 -770 -752 -752 -770 -761 -752 -761 -743 -743 -743 -752 -761 -761 -779 -752 -752 -761 -761 -761 -752 -761 -770 -752 -752 -770 -770 -770 -779 -761 -770 -770 -752 -761 -779 -761 -770 -778 -761 -770 -761 -770 -752 -752 -761 -743 -725 -761 -743 -743 -743 -734 -743 -717 -734 -734 -734 -725 -725 -734 -708 -716 -725 -734 -725 -725 -725 -708 -752 -734 -707 -734 -725 -734 -717 -716 -708 -761 -734 -725 -725 -725 -725 -743 -734 -761 -752 -752 -761 -743 -752 -761 -761 -752 -761 -743 -743 -734 -761 -743 -743 -725 -725 -743 -734 -725 -725 -725 -734 -743 -717 -725 -717 -743 -761 -743 -725 -743 -752 -761 -752 -761 -752 -761 -788 -770 -779 -770 -788 -779 -797 -797 -797 -797 -797 -788 -797 -806 -797 -806 -797 -806 -788 -806 -806 -797 -797 -797 -788 -797 -788 -797 -805 -823 -814 -814 -788 -805 -806 -788 -806 -841 -788 -814 -814 -806 -797 -832 -806 -823 -806 -814 -814 -823 -814 -823 -814 -806 -814 -823 -823 -850 -832 -858 -850 -858 -841 -850 -832 -850 -858 -867 -858 -867 -867 -858 -867 -841 -867 -876 -858 -876 -858 -867 -885 -885 -885 -885 -885 -885 -885 -885 -894 -894 -894 -903 -894 -894 -894 -885 -885 -894 -894 -894 -894 -885 -885 -894 -885 -885 -876 -894 -885 -867 -885 -885 -885 -885 -885 -903 -885 -885 -885 -867 -894 -876 -903 -894 -894 -885 -903 -894 -903 -894 -912 -894 -885 -876 -894 -885 -876 -885 -894 -894 -885 -885 -885 -894 -912 -894 -894 -894 -894 -903 -921 -912 -894 -894 -894 -912 -912 -921 -903 -894 -894 -894 -894 -912 -921 -912 -912 -912 -912 -921 -912 -912 -921 -921 -912 -894 -894 -903 -912 -903 -912 -903 -921 -921 -885 -903 -885 -903 -885 -912 -894 -903 -876 -903 -912 -876 -921 -921 -903 -903 -912 -921 -912 -894 -894 -894 -885 -912 -912 -912 -912 -921 -921 -903 -903 -912 -912 -903 -930 -912 -903 -921 -912 -929 -894 -912 -912 -912 -903 -912 -903 -894 -894 -894 -903 -894 -894 -912 -912 -894 -894 -921 -903 -912 -930 -921 -894 -921 -920 -930 -930 -912 -947 -903 -921 -921 -903 -921 -930 -930 -912 -912 -912 -921 -930 -939 -930 -921 -930 -930 -912 -921 -921 -912 -894 -912 -930 -939 -921 -930 -921 -912 -921 -921 -921 -930 -939 -939 -921 -930 -912 -929 -938 -903 -921 -912 -921 -921 -921 -929 -912 -921 -921 -921 -903 -930 -930 -921 -912 -903 -930 -921 -921 -930 -930 -912 -921 -930 -930 -912 -956 -929 -930 -939 -930 -930 -938 -912 -939 -930 -912 -921 -930 -930 -930 -912 -929 -929 -930 -930 -939 -921 -921 -912 -912 -912 -921 -921 -921 -930 -939 -938 -929 -921 -930 -921 -930 -921 -938 -930 -921 -921 -938 -930 -930 -939 -921 -921 -930 -938 -912 -921 -921 -921 -903 -921 -921 -912 -912 -921 -921 -912 -903 -921 -929 -930 -930 -921
-761 -752 -770 -752 -761 -779 -761 -752 -770 -752 -752 -770 -779 -770 -752 -770 -770 -743 -770 -752 -761 -770 -770 -743 -779 -770 -761 -761 -761 -761 -734 -770 -770 -770 -743 -743 -761 -734 -743 -743 -752 -734 -734 -725 -752 -743 -734 -708 -734 -734 -717 -725 -734 -743 -725 -725 -716 -725 -717 -743 -725 -725 -725 -708 -717 -734 -717 -708 -725 -725 -725 -725 -725 -734 -734 -725 -717 -725 -761 -725 -770 -752 -743 -743 -752 -752 -734 -752 -752 -734 -734 -725 -725 -752 -752 -725 -743 -717 -743 -743 -725 -743 -752 -734 -743 -734 -743 -761 -752 -761 -752 -761 -752 -779 -770 -797 -779 -761 -779 -788 -779 -797 -788 -797 -797 -779 -797 -806 -788 -788 -806 -797 -806 -796 -814 -797 -814 -823 -805 -797 -814 -797 -814 -805 -788 -797 -806 -806 -796 -788 -806 -814 -797 -797 -823 -806 -805 -806 -806 -806 -797 -814 -805 -823 -841 -814 -832 -814 -814 -841 -841 -832 -841 -823 -841 -841 -841 -858 -841 -850 -858 -867 -876 -850 -850 -850 -858 -858 -867 -876 -858 -867 -858 -858 -876 -867 -867 -885 -885 -894 -876 -885 -894 -885 -876 -858 -903 -867 -894 -894 -876 -903 -894 -885 -894 -903 -894 -876 -885 -894 -885 -894 -885 -858 -894 -876 -885 -885 -876 -867 -894 -903 -876 -885 -894 -876 -894 -876 -876 -885 -912 -867 -894 -894 -894 -885 -903 -885 -894 -885 -867 -876 -876 -903 -894 -894 -876 -894 -885 -894 -894 -903 -894 -885 -885 -894 -876 -894 -894 -903 -894 -894 -903 -885 -894 -903 -912 -912 -903 -903 -894 -885 -894 -876 -921 -921 -912 -903 -903 -903 -903 -903 -912 -885 -921 -903 -903 -903 -894 -903 -894 -894 -912 -903 -903 -894 -912 -903 -894 -912 -903 -903 -894 -903 -921 -912 -894 -912 -921 -903 -903 -894 -903 -903 -894 -921 -912 -903 -894 -903 -912 -903 -921 -912 -912 -912 -912 -912 -912 -912 -912 -930 -912 -912 -903 -903 -912 -903 -921 -903 -894 -894 -894 -912 -903 -894 -903 -921 -912 -930 -903 -921 -912 -930 -903 -912 -903 -930 -912 -912 -912 -912 -930 -912 -912 -912 -903 -912 -930 -912 -921 -912 -921 -894 -921 -912 -921 -921 -912 -921 -921 -903 -921 -930 -930 -921 -903 -912 -921 -912 -912 -930 -921 -921 -938 -930 -921 -921 -912 -947 -921 -930 -921 -930 -912 -930 -921 -930 -921 -921 -903 -903 -930 -921 -921 -921 -921 -930 -921 -921 -921 -930 -912 -921 -921 -921 -921 -930 -938 -921 -938 -930 -939 -921 -947 -939 -939 -921 -921 -930 -903 -929 -929 -930 -912 -930 -930 -938 -921 -912 -912 -921 -921 -921 -921 -930 -921 -912 -938 -930 -939 -921 -921 -921 -921 -930 -938 -947 -930 -930 -912 -921 -912 -930 -921 -912 -921 -930 -912 -921 -912 -930 -921 -903 -912 -912 -912 -921 -921 -912 -903 -921 -921 -947 -921 -912 -903 -912 -921 -912 -921 -903
-779 -752 -752 -761 -761 -752 -743 -770 -761 -752 -770 -770 -761 -752 -788 -770 -752 -761 -752 -761 -761 -761 -752 -761 -743 -761 -770 -761 -752 -743 -717 -734 -743 -743 -717 -717 -725 -734 -734 -725 -717 -734 -725 -734 -725 -725 -725 -725 -708 -708 -734 -734 -708 -708 -717 -717 -734 -716 -725 -716 -734 -725 -734 -752 -725 -725 -717 -717 -743 -734 -752 -725 -752 -734 -743 -752 -770 -734 -743 -770 -752 -752 -743 -743 -743 -734 -734 -725 -734 -761 -752 -743 -734 -725 -725 -734 -743 -734 -752 -734 -717 -743 -752 -761 -752 -752 -761 -779 -779 -788 -761 -770 -779 -770 -788 -805 -788 -806 -806 -788 -788 -814 -797 -788 -806 -806 -806 -814 -797 -787 -779 -796 -797 -788 -796 -779 -814 -796 -806 -797 -805 -805 -806 -806 -814 -797 -814 -806 -805 -806 -806 -823 -823 -814 -806 -814 -806 -814 -814 -823 -814 -823 -823 -832 -832 -832 -841 -832 -850 -832 -850 -858 -841 -858 -867 -858 -867 -850 -858 -885 -858 -858 -858 -858 -858 -867 -867 -867 -876 -858 -876 -876 -885 -885 -885 -885 -885 -894 -894 -876 -894 -858 -894 -903 -894 -894 -867 -876 -894 -894 -876 -885 -885 -876 -885 -867 -894 -903 -867 -885 -894 -894 -894 -885 -885 -903 -885 -876 -876 -903 -867 -885 -885 -894 -885 -885 -885 -903 -876 -876 -894 -885 -894 -894 -894 -894 -903 -903 -894 -885 -912 -921 -903 -894 -885 -894 -903 -894 -903 -894 -912 -903 -903 -885 -885 -903 -894 -912 -903 -903 -903 -903 -903 -903 -912 -894 -921 -903 -912 -921 -894 -894 -894 -885 -903 -912 -912 -903 -894 -894 -903 -894 -912 -912 -930 -903 -912 -903 -894 -903 -903 -885 -894 -894 -894 -921 -903 -903 -903 -912 -921 -921 -903 -903 -912 -894 -894 -894 -894 -894 -912 -903 -912 -912 -921 -912 -912 -912 -930 -930 -921 -894 -912 -894 -903 -921 -894 -885 -912 -903 -894 -903 -885 -894 -894 -903 -903 -894 -912 -903 -894 -903 -903 -903 -912 -894 -903 -903 -921 -903 -903 -921 -921 -912 -930 -903 -921 -903 -912 -903 -894 -912 -903 -920 -930 -912 -921 -894 -930 -921 -903 -912 -912 -921 -912 -930 -903 -930 -921 -912 -921 -921 -912 -939 -921 -930 -939 -930 -912 -929 -903 -930 -921 -921 -930 -920 -939 -894 -912 -903 -930 -912 -921 -912 -903 -921 -912 -912 -912 -921 -930 -930 -912 -903 -921 -894 -920 -921 -921 -939 -912 -947 -930 -903 -939 -939 -921 -930 -912 -939 -930 -930 -929 -930 -912 -921 -921 -912 -939 -912 -930 -930 -921 -912 -921 -921 -930 -930 -939 -930 -912 -920 -930 -930 -921 -930 -939 -930 -921 -939 -930 -921 -930 -912 -921 -903 -912 -930 -930 -912 -930 -939 -939 -921 -929 -912 -930 -921 -912 -912 -921 -921 -912 -921 -912 -930 -885 -912 -903 -930 -903 -930 -921 -930 -921 -930 -947 -947 -939 -939 -947 -939
-761 -761 -761 -761 -770 -770 -779 -761 -770 -761 -761 -788 -761 -770 -752 -761 -770 -752 -761 -743 -752 -734 -752 -734 -743 -743 -716 -734 -725 -734 -734 -717 -725 -716 -717 -734 -734 -717 -725 -725 -717 -716 -717 -716 -734 -734 -717 -725 -708 -725 -734 -734 -717 -725 -725 -708 -725 -743 -734 -734 -725 -752 -761 -734 -716 -734 -761 -743 -752 -752 -752 -743 -734 -734 -743 -743 -725 -725 -734 -743 -717 -734 -734 -734 -734 -734 -725 -743 -725 -734 -717 -761 -734 -743 -752 -761 -752 -770 -779 -770 -752 -797 -788 -797 -796 -779 -770 -797 -788 -806 -814 -797 -788 -814 -823 -805 -796 -788 -788 -805 -779 -797 -797 -806 -797 -814 -788 -779 -788 -797 -788 -788 -805 -823 -797 -806 -814 -796 -805 -814 -806 -814 -814 -797 -823 -823 -805 -814 -797 -823 -832 -823 -806 -814 -832 -841 -850 -841 -832 -850 -841 -841 -850 -850 -858 -858 -850 -850 -841 -850 -858 -858 -867 -858 -858 -867 -876 -885 -894 -876 -867 -876 -867 -885 -867 -876 -885 -858 -867 -885 -876 -903 -903 -903 -903 -885 -876 -885 -885 -894 -867 -885 -885 -894 -903 -876 -885 -876 -885 -876 -885 -903 -876 -894 -885 -912 -876 -885 -885 -894 -885 -885 -903 -885 -894 -894 -894 -894 -903 -894 -885 -858 -894 -876 -894 -894 -894 -885 -885 -894 -903 -894 -885 -903 -903 -903 -912 -894 -894 -894 -885 -885 -885 -903 -903 -894 -903 -903 -912 -894 -912 -894 -885 -894 -903 -903 -903 -912 -894 -894 -930 -912 -894 -903 -903 -903 -894 -912 -894 -894 -912 -894 -894 -903 -921 -894 -903 -885 -894 -894 -912 -885 -912 -903 -903 -894 -894 -903 -903 -912 -903 -903 -903 -912 -885 -894 -912 -894 -894 -903 -903 -894 -921 -903 -894 -921 -912 -912 -921 -912 -912 -921 -903 -921 -921 -912 -912 -903 -912 -903 -912 -912 -894 -894 -912 -903 -903 -894 -903 -894 -903 -903 -903 -903 -903 -912 -939 -903 -903 -903 -930 -930 -894 -903 -912 -930 -921 -921 -894 -921 -912 -921 -912 -921 -921 -903 -903 -929 -894 -894 -921 -894 -894 -930 -921 -921 -921 -921 -911 -921 -921 -930 -912 -912 -947 -903 -930 -930 -921 -921 -903 -921 -930 -921 -930 -930 -921 -921 -939 -947 -939 -894 -912 -921 -912 -929 -929 -921 -912 -921 -921 -903 -938 -894 -930 -921 -921 -921 -921 -930 -903 -912 -921 -921 -929 -938 -930 -921 -921 -939 -921 -939 -930 -912 -930 -930 -912 -921 -921 -912 -912 -938 -921 -921 -921 -912 -912 -921 -938 -921 -912 -930 -938 -939 -929 -930 -938 -939 -930 -930 -894 -912 -911 -930 -930 -930 -912 -921 -912 -939 -903 -921 -912 -921 -912 -903 -930 -921 -921 -921 -930 -930 -912 -930 -903 -921 -930 -921 -921 -912 -930 -903 -903 -921 -921 -912 -920 -921 -938 -939 -938 -947 -956 -956 -947 -956 -965 -956 -956 -956 -965 -974
-752 -761 -770 -761 -770 -779 -770 -761 -761 -761 -743 -752 -743 -725 -743 -752 -725 -734 -743 -725 -725 -717 -734 -734 -734 -725 -725 -734 -734 -725 -734 -717 -725 -707 -725 -717 -725 -717 -734 -725 -717 -725 -717 -717 -725 -708 -716 -734 -734 -743 -734 -743 -734 -725 -725 -743 -752 -743 -761 -752 -743 -734 -761 -752 -761 -743 -743 -743 -752 -717 -717 -743 -734 -734 -743 -734 -734 -725 -734 -743 -734 -743 -743 -734 -734 -743 -752 -788 -761 -779 -779 -752 -761 -770 -788 -779 -770 -788 -805 -797 -797 -814 -805 -788 -805 -823 -805 -797 -806 -797 -797 -797 -806 -805 -797 -797 -814 -788 -797 -806 -814 -806 -797 -814 -814 -814 -814 -814 -797 -788 -814 -823 -806 -805 -805 -814 -806 -797 -814 -797 -841 -814 -823 -823 -823 -832 -832 -832 -841 -850 -832 -841 -850 -841 -850 -850 -858 -850 -858 -850 -867 -850 -858 -858 -885 -858 -894 -867 -867 -876 -876 -876 -885 -876 -876 -894 -867 -876 -885 -885 -903 -903 -876 -885 -876 -876 -894 -894 -885 -876 -894 -876 -885 -885 -894 -894 -894 -885 -876 -876 -885 -894 -894 -903 -894 -894 -903 -894 -894 -894 -876 -885 -885 -894 -876 -912 -903 -885 -876 -885 -894 -876 -885 -903 -894 -894 -885 -876 -885 -876 -876 -894 -885 -921 -912 -885 -876 -894 -894 -885 -912 -894 -912 -885 -903 -885 -894 -894 -894 -894 -903 -894 -894 -903 -894 -903 -912 -894 -894 -921 -903 -912 -903 -903 -912 -903 -912 -894 -912 -912 -903 -912 -912 -894 -894 -912 -912 -894 -903 -894 -894 -894 -903 -903 -912 -894 -894 -894 -894 -894 -894 -894 -912 -903 -903 -903 -912 -903 -894 -894 -903 -894 -876 -894 -912 -885 -903 -930 -912 -912 -912 -903 -912 -903 -930 -903 -912 -903 -903 -903 -921 -912 -903 -903 -912 -912 -903 -894 -894 -903 -894 -894 -894 -903 -903 -894 -921 -921 -912 -929 -912 -930 -921 -912 -930 -903 -903 -903 -920 -938 -930 -912 -894 -912 -912 -921 -912 -912 -921 -903 -912 -912 -930 -912 -920 -930 -921 -920 -912 -912 -903 -921 -921 -930 -912 -930 -921 -930 -921 -921 -921 -903 -930 -930 -903 -929 -921 -930 -921 -921 -939 -921 -930 -912 -912 -939 -903 -894 -930 -921 -921 -912 -947 -912 -921 -930 -930 -939 -903 -912 -912 -912 -939 -921 -939 -930 -930 -921 -921 -939 -930 -930 -929 -912 -930 -912 -930 -921 -921 -929 -939 -921 -903 -930 -921 -921 -939 -930 -930 -921 -912 -939 -921 -912 -930 -920 -912 -921 -947 -921 -930 -921 -930 -921 -921 -939 -939 -930 -930 -939 -921 -903 -930 -930 -930 -912 -912 -912 -939 -921 -912 -912 -894 -921 -912 -921 -912 -912 -921 -912 -921 -921 -921 -939 -930 -912 -939 -939 -939 -930 -939 -939 -939 -947 -956 -947 -956 -965 -956 -965 -974 -965 -974 -965 -939 -974 -947 -974 -965 -974 -956 -947
-761 -770 -761 -761 -734 -752 -717 -743 -743 -743 -734 -717 -725 -752 -725 -725 -716 -734 -716 -734 -734 -725 -717 -725 -717 -734 -734 -717 -717 -717 -717 -716 -725 -725 -725 -716 -708 -725 -734 -725 -752 -725 -743 -734 -752 -734 -743 -743 -725 -743 -752 -752 -743 -752 -743 -734 -734 -743 -725 -717 -734 -734 -725 -717 -725 -708 -725 -743 -752 -743 -734 -743 -734 -761 -761 -752 -743 -761 -752 -779 -770 -779 -788 -761 -779 -779 -770 -788 -788 -814 -788 -770 -797 -788 -796 -806 -806 -806 -805 -805 -797 -796 -814 -797 -788 -806 -806 -797 -797 -806 -806 -788 -797 -779 -805 -806 -805 -797 -796 -805 -805 -806 -806 -788 -805 -806 -788 -814 -814 -806 -823 -806 -823 -806 -832 -806 -823 -832 -823 -823 -832 -832 -841 -841 -841 -850 -858 -850 -850 -841 -850 -858 -876 -858 -858 -858 -858 -867 -876 -885 -867 -876 -850 -876 -894 -876 -885 -867 -885 -867 -903 -894 -885 -894 -885 -876 -885 -885 -867 -867 -885 -885 -885 -867 -867 -876 -894 -876 -894 -894 -912 -903 -903 -885 -885 -885 -894 -876 -885 -894 -894 -903 -894 -885 -894 -885 -894 -894 -867 -894 -894 -894 -894 -894 -885 -894 -885 -885 -894 -894 -876 -894 -894 -894 -894 -903 -903 -876 -894 -885 -885 -894 -903 -903 -894 -867 -903 -894 -894 -894 -903 -912 -894 -921 -912 -903 -894 -885 -903 -912 -894 -912 -912 -903 -903 -903 -894 -921 -903 -894 -921 -912 -903 -912 -894 -912 -912 -912 -903 -912 -903 -912 -894 -903 -903 -894 -894 -903 -921 -912 -903 -903 -903 -930 -921 -912 -912 -921 -912 -921 -903 -903 -912 -912 -912 -903 -903 -903 -894 -930 -894 -930 -903 -912 -903 -894 -894 -912 -912 -921 -903 -921 -903 -903 -903 -921 -885 -903 -894 -903 -903 -894 -894 -894 -894 -903 -930 -894 -912 -921 -912 -921 -894 -894 -903 -903 -929 -912 -903 -921 -894 -921 -912 -912 -912 -894 -912 -921 -930 -921 -921 -903 -921 -912 -921 -894 -903 -903 -912 -929 -912 -894 -912 -903 -930 -939 -903 -921 -912 -930 -921 -921 -930 -921 -921 -920 -921 -912 -912 -903 -930 -939 -921 -930 -903 -903 -921 -912 -912 -921 -921 -930 -912 -894 -930 -921 -921 -912 -912 -921 -939 -912 -930 -921 -921 -921 -921 -930 -939 -912 -930 -930 -930 -912 -921 -930 -930 -930 -939 -930 -921 -921 -894 -939 -921 -930 -930 -947 -921 -912 -939 -903 -921 -921 -921 -930 -912 -930 -921 -921 -903 -930 -930 -930 -912 -894 -939 -921 -930 -921 -930 -930 -921 -947 -930 -930 -921 -929 -938 -930 -929 -894 -912 -921 -912 -930 -903 -912 -903 -903 -921 -929 -912 -930 -921 -921 -912 -903 -912 -930 -930 -939 -947 -938 -947 -938 -956 -939 -947 -947 -974 -947 -974 -983 -947 -947 -974 -947 -956 -965 -956 -965 -956 -965 -956 -965 -965 -956 -974 -965 -965 -956
-725 -761 -734 -734 -725 -752 -734 -734 -725 -743 -734 -725 -725 -717 -734 -734 -725 -725 -743 -716 -734 -734 -708 -717 -708 -717 -717 -725 -743 -717 -743 -752 -717 -734 -752 -752 -743 -734 -734 -734 -743 -761 -743 -752 -725 -752 -743 -743 -725 -752 -734 -743 -716 -725 -725 -743 -752 -734 -752 -734 -725 -725 -752 -734 -743 -743 -743 -752 -761 -743 -761 -752 -770 -770 -779 -779 -797 -797 -770 -788 -788 -797 -797 -797 -797 -788 -797 -779 -814 -814 -797 -788 -805 -806 -797 -806 -797 -806 -806 -814 -796 -806 -797 -797 -797 -787 -796 -805 -806 -806 -797 -805 -806 -806 -806 -806 -814 -806 -797 -797 -797 -823 -823 -806 -806 -814 -823 -814 -823 -832 -832 -823 -832 -850 -841 -850 -841 -841 -850 -858 -850 -867 -858 -850 -858 -867 -858 -867 -858 -850 -876 -850 -876 -876 -850 -876 -867 -867 -876 -867 -885 -894 -885 -894 -885 -885 -876 -885 -876 -885 -876 -894 -903 -885 -885 -885 -867 -885 -858 -867 -876 -903 -894 -876 -894 -885 -885 -894 -894 -885 -885 -894 -903 -903 -885 -885 -894 -894 -894 -894 -894 -885 -903 -894 -912 -903 -912 -894 -876 -885 -894 -894 -903 -894 -885 -885 -885 -894 -894 -894 -885 -903 -903 -903 -894 -903 -876 -885 -885 -894 -885 -903 -921 -912 -912 -903 -894 -903 -903 -912 -894 -912 -903 -894 -921 -912 -903 -903 -903 -894 -921 -903 -912 -912 -912 -894 -885 -885 -903 -885 -894 -894 -912 -894 -912 -894 -885 -894 -903 -903 -912 -894 -903 -929 -894 -894 -903 -903 -894 -903 -912 -903 -903 -921 -921 -903 -921 -912 -903 -903 -912 -903 -912 -912 -921 -903 -912 -912 -903 -912 -912 -921 -912 -921 -903 -894 -912 -912 -921 -912 -903 -912 -894 -912 -903 -885 -912 -885 -921 -903 -912 -885 -930 -930 -894 -930 -930 -912 -929 -921 -921 -903 -921 -912 -912 -912 -921 -921 -939 -903 -912 -912 -930 -903 -921 -912 -912 -903 -903 -894 -921 -894 -912 -912 -894 -912 -921 -921 -894 -929 -930 -903 -921 -930 -912 -921 -921 -939 -912 -912 -921 -930 -903 -929 -921 -930 -921 -903 -921 -930 -912 -921 -921 -939 -930 -921 -921 -921 -921 -903 -903 -947 -939 -921 -930 -921 -930 -938 -929 -930 -912 -930 -938 -930 -930 -938 -939 -912 -939 -912 -930 -921 -912 -939 -929 -921 -912 -921 -903 -930 -912 -930 -930 -921 -939 -939 -930 -938 -930 -912 -921 -894 -912 -921 -912 -903 -920 -921 -921 -930 -930 -939 -939 -921 -921 -938 -930 -912 -921 -921 -921 -921 -921 -921 -921 -912 -930 -930 -921 -930 -921 -930 -903 -903 -930 -921 -930 -912 -930 -903 -903 -930 -930 -939 -939 -939 -947 -930 -947 -956 -965 -956 -956 -956 -956 -974 -956 -965 -965 -974 -947 -974 -938 -965 -965 -965 -974 -947 -947 -974 -965 -983 -974 -965 -965 -991 -965 -956 -974 -974 -956 -974
-734 -717 -734 -734 -734 -717 -717 -725 -734 -734 -734 -725 -716 -725 -725 -725 -734 -707 -716 -725 -725 -743 -734 -725 -717 -717 -734 -743 -734 -734 -725 -743 -743 -725 -752 -752 -743 -743 -761 -752 -752 -761 -743 -743 -734 -743 -734 -734 -752 -725 -708 -725 -761 -734 -743 -717 -752 -734 -752 -752 -752 -761 -770 -761 -752 -761 -770 -779 -788 -770 -779 -805 -806 -788 -797 -796 -797 -814 -797 -797 -797 -805 -814 -797 -814 -788 -797 -797 -806 -797 -806 -806 -797 -806 -788 -805 -797 -797 -814 -806 -805 -814 -805 -806 -806 -797 -805 -814 -805 -814 -814 -806 -823 -797 -814 -823 -832 -832 -832 -814 -823 -832 -814 -841 -850 -850 -823 -841 -832 -841 -841 -858 -850 -850 -850 -850 -841 -876 -841 -876 -867 -858 -867 -867 -876 -858 -876 -894 -885 -876 -876 -867 -885 -885 -885 -885 -876 -885 -894 -894 -903 -885 -894 -903 -894 -885 -885 -876 -894 -894 -885 -894 -894 -885 -885 -894 -876 -894 -894 -885 -876 -903 -885 -885 -903 -858 -894 -894 -903 -903 -885 -903 -912 -885 -876 -903 -894 -903 -894 -885 -885 -903 -885 -894 -894 -903 -885 -885 -894 -885 -894 -885 -903 -894 -894 -903 -894 -903 -903 -894 -894 -903 -903 -894 -903 -921 -903 -885 -894 -912 -894 -912 -903 -903 -903 -912 -894 -912 -894 -912 -894 -903 -903 -894 -912 -903 -912 -894 -912 -894 -921 -912 -894 -903 -903 -894 -894 -894 -912 -894 -903 -894 -912 -903 -912 -894 -912 -912 -912 -912 -912 -912 -894 -903 -894 -903 -894 -912 -921 -894 -885 -912 -930 -912 -912 -903 -912 -912 -903 -921 -903 -912 -912 -912 -903 -903 -921 -930 -912 -912 -894 -894 -912 -894 -912 -894 -894 -903 -903 -912 -912 -903 -903 -903 -912 -912 -921 -912 -921 -903 -921 -912 -921 -921 -921 -921 -930 -912 -921 -930 -912 -921 -894 -921 -912 -930 -903 -921 -894 -930 -921 -912 -912 -912 -903 -921 -921 -903 -929 -930 -921 -912 -912 -921 -939 -930 -930 -912 -921 -921 -930 -921 -921 -929 -921 -939 -921 -921 -921 -930 -921 -921 -921 -921 -894 -930 -912 -903 -930 -912 -921 -903 -921 -912 -921 -912 -921 -939 -929 -912 -930 -930 -930 -930 -930 -912 -921 -912 -921 -939 -939 -930 -930 -930 -930 -921 -912 -912 -912 -921 -921 -930 -930 -921 -921 -921 -939 -939 -921 -921 -939 -921 -947 -920 -939 -939 -947 -930 -939 -930 -921 -921 -912 -939 -930 -921 -921 -912 -921 -921 -930 -930 -921 -939 -921 -912 -912 -921 -903 -912 -939 -903 -903 -930 -921 -939 -921 -903 -912 -921 -912 -921 -894 -930 -939 -930 -930 -956 -947 -956 -947 -947 -956 -956 -956 -965 -965 -956 -956 -947 -965 -965 -956 -947 -947 -956 -965 -956 -930 -965 -965 -956 -956 -974 -956 -983 -983 -965 -983 -965 -974 -956 -965 -956 -965 -956 -965 -938 -965 -956 -956 -974
-725 -716 -717 -725 -725 -717 -708 -717 -734 -717 -708 -725 -743 -743 -717 -734 -708 -734 -725 -734 -752 -725 -752 -752 -743 -743 -761 -743 -743 -743 -752 -752 -761 -734 -734 -752 -725 -725 -725 -734 -734 -725 -717 -725 -743 -734 -734 -725 -743 -734 -752 -743 -752 -743 -743 -761 -770 -752 -779 -779 -761 -788 -779 -797 -797 -788 -770 -779 -797 -788 -806 -806 -806 -814 -797 -797 -806 -806 -806 -788 -805 -788 -806 -806 -797 -814 -823 -806 -797 -806 -806 -806 -814 -788 -806 -797 -814 -814 -805 -814 -814 -814 -814 -806 -805 -797 -823 -797 -814 -814 -814 -814 -823 -823 -832 -841 -832 -841 -850 -850 -850 -850 -832 -850 -858 -876 -858 -832 -858 -858 -858 -876 -858 -867 -867 -867 -867 -867 -885 -876 -876 -876 -876 -876 -894 -876 -885 -885 -885 -894 -876 -876 -885 -885 -885 -894 -894 -867 -885 -894 -903 -885 -894 -885 -885 -885 -876 -903 -876 -876 -885 -885 -903 -903 -885 -894 -894 -894 -903 -894 -921 -885 -894 -885 -894 -894 -885 -903 -885 -894 -903 -885 -894 -885 -894 -894 -894 -894 -903 -885 -894 -894 -903 -894 -885 -885 -894 -894 -912 -903 -894 -894 -894 -894 -894 -921 -921 -903 -885 -894 -903 -903 -903 -894 -894 -903 -894 -903 -894 -912 -912 -885 -885 -912 -921 -921 -903 -894 -921 -894 -894 -903 -903 -903 -894 -912 -903 -894 -903 -885 -894 -894 -903 -903 -894 -912 -912 -912 -903 -894 -903 -903 -921 -921 -912 -903 -903 -912 -912 -903 -885 -903 -894 -903 -912 -921 -921 -894 -921 -921 -921 -930 -903 -921 -921 -921 -903 -912 -912 -894 -903 -912 -912 -903 -903 -903 -903 -912 -894 -894 -930 -903 -894 -921 -894 -912 -930 -921 -930 -921 -921 -903 -921 -903 -921 -921 -930 -912 -903 -929 -903 -912 -939 -921 -912 -921 -903 -912 -921 -921 -921 -921 -912 -939 -912 -921 -912 -930 -921 -921 -912 -920 -929 -930 -930 -912 -912 -938 -912 -903 -912 -921 -903 -921 -930 -903 -921 -920 -921 -930 -903 -903 -912 -903 -912 -930 -921 -939 -912 -921 -903 -894 -894 -929 -912 -939 -912 -921 -939 -929 -930 -912 -930 -930 -912 -947 -930 -921 -929 -930 -930 -912 -921 -921 -912 -939 -912 -912 -939 -930 -920 -921 -921 -921 -939 -912 -930 -921 -947 -930 -903 -921 -921 -921 -921 -912 -929 -903 -921 -912 -912 -912 -939 -912 -930 -956 -921 -921 -930 -912 -912 -912 -921 -912 -921 -921 -903 -930 -921 -930 -921 -921 -921 -921 -921 -930 -912 -912 -920 -930 -930 -921 -921 -912 -947 -930 -930 -939 -930 -947 -956 -956 -956 -938 -965 -947 -974 -974 -956 -956 -956 -947 -947 -947 -965 -939 -956 -956 -965 -974 -947 -983 -965 -965 -965 -965 -965 -974 -974 -956 -974 -974 -965 -956 -965 -965 -965 -965 -974 -965 -965 -983 -965 -956 -956 -939 -965 -947 -956 -947 -939 -947
-734 -725 -717 -725 -725 -734 -752 -725 -743 -743 -725 -725 -743 -725 -725 -734 -752 -752 -752 -725 -743 -752 -752 -734 -725 -761 -734 -734 -734 -734 -725 -725 -725 -725 -734 -734 -761 -743 -716 -752 -743 -752 -743 -761 -743 -761 -770 -761 -752 -779 -788 -779 -770 -788 -797 -805 -806 -779 -806 -805 -805 -797 -797 -797 -788 -788 -806 -806 -814 -805 -797 -796 -814 -806 -797 -814 -806 -797 -797 -779 -788 -805 -806 -806 -805 -779 -788 -806 -806 -797 -805 -797 -823 -814 -814 -832 -806 -823 -814 -797 -814 -823 -814 -832 -814 -841 -841 -823 -823 -841 -832 -823 -850 -858 -858 -867 -858 -858 -841 -850 -858 -867 -867 -876 -850 -858 -858 -876 -876 -876 -885 -885 -885 -885 -876 -885 -876 -867 -885 -885 -885 -903 -885 -876 -885 -885 -894 -885 -903 -885 -885 -894 -894 -885 -894 -894 -867 -885 -903 -876 -894 -885 -903 -885 -894 -876 -903 -894 -885 -912 -867 -894 -894 -894 -894 -894 -903 -876 -885 -885 -894 -876 -885 -894 -894 -894 -903 -894 -894 -867 -894 -894 -894 -885 -876 -894 -912 -903 -921 -894 -885 -894 -894 -894 -894 -894 -903 -894 -885 -894 -894 -885 -912 -912 -921 -912 -894 -903 -912 -903 -903 -885 -885 -903 -912 -912 -903 -912 -912 -921 -903 -912 -930 -912 -912 -912 -903 -903 -894 -903 -894 -912 -894 -903 -903 -903 -894 -894 -912 -903 -903 -921 -903 -912 -903 -912 -903 -912 -894 -912 -903 -912 -912 -894 -894 -912 -903 -912 -912 -921 -912 -921 -894 -894 -903 -903 -894 -930 -921 -903 -903 -903 -912 -903 -903 -912 -912 -903 -903 -903 -903 -903 -903 -912 -921 -903 -930 -912 -912 -903 -903 -912 -930 -921 -903 -921 -938 -921 -921 -903 -930 -921 -912 -912 -930 -912 -921 -921 -903 -930 -912 -912 -912 -903 -912 -921 -912 -912 -921 -939 -939 -921 -921 -939 -938 -921 -921 -912 -938 -930 -921 -930 -938 -921 -921 -930 -921 -938 -912 -921 -903 -912 -921 -921 -912 -930 -921 -912 -921 -939 -921 -903 -930 -903 -929 -930 -903 -921 -930 -912 -930 -921 -947 -930 -939 -930 -929 -921 -947 -903 -939 -921 -921 -930 -939 -921 -921 -921 -921 -930 -912 -921 -939 -930 -912 -930 -912 -938 -930 -947 -939 -921 -938 -930 -930 -930 -929 -939 -947 -939 -939 -930 -921 -921 -921 -921 -930 -929 -947 -921 -912 -894 -912 -921 -921 -903 -921 -903 -921 -929 -921 -930 -912 -947 -921 -939 -921 -912 -921 -912 -921 -921 -921 -912 -921 -930 -921 -921 -938 -939 -921 -939 -956 -947 -939 -956 -965 -956 -956 -947 -947 -965 -947 -947 -974 -974 -965 -956 -956 -956 -965 -947 -956 -956 -983 -956 -965 -983 -983 -956 -965 -974 -965 -956 -974 -965 -956 -983 -965 -965 -965 -965 -956 -965 -974 -939 -947 -965 -947 -974 -947 -947 -938 -939 -921 -947 -947 -965 -956 -921 -956 -947
-752 -725 -725 -717 -761 -725 -725 -752 -752 -752 -734 -761 -752 -752 -752 -743 -743 -725 -734 -752 -752 -717 -743 -743 -734 -743 -743 -743 -734 -734 -743 -743 -725 -752 -734 -743 -779 -770 -770 -752 -761 -770 -770 -761 -788 -787 -797 -797 -797 -788 -788 -805 -805 -779 -797 -805 -788 -814 -814 -805 -797 -797 -806 -806 -814 -806 -805 -806 -788 -796 -814 -814 -806 -797 -797 -797 -814 -806 -823 -814 -805 -797 -796 -814 -814 -814 -806 -823 -806 -814 -832 -823 -814 -806 -797 -850 -814 -814 -832 -814 -832 -832 -823 -841 -850 -858 -832 -841 -867 -850 -841 -867 -867 -867 -850 -867 -876 -858 -876 -894 -867 -885 -885 -876 -876 -876 -894 -885 -876 -894 -894 -885 -894 -876 -876 -894 -894 -885 -894 -885 -885 -885 -903 -867 -903 -876 -876 -885 -876 -876 -903 -894 -885 -903 -876 -894 -885 -885 -894 -894 -903 -885 -903 -885 -885 -885 -876 -894 -894 -876 -885 -912 -885 -894 -876 -885 -894 -894 -885 -885 -894 -876 -903 -894 -876 -894 -912 -894 -912 -885 -903 -903 -894 -894 -903 -903 -903 -903 -903 -912 -885 -903 -912 -912 -894 -930 -894 -921 -912 -894 -903 -912 -912 -912 -894 -903 -903 -903 -912 -912 -912 -912 -921 -885 -912 -903 -903 -912 -903 -894 -912 -894 -912 -894 -894 -894 -876 -903 -903 -912 -903 -912 -912 -903 -903 -921 -903 -930 -921 -912 -903 -921 -894 -903 -903 -921 -921 -903 -921 -930 -903 -903 -930 -912 -912 -930 -929 -912 -912 -894 -930 -903 -912 -894 -903 -894 -894 -903 -912 -912 -912 -894 -903 -876 -912 -912 -912 -912 -894 -912 -903 -903 -903 -930 -894 -921 -921 -912 -921 -930 -930 -912 -903 -903 -912 -921 -903 -903 -921 -903 -912 -903 -930 -912 -912 -939 -921 -939 -912 -912 -912 -912 -912 -930 -930 -903 -921 -903 -938 -921 -930 -930 -921 -921 -921 -930 -921 -930 -930 -938 -930 -921 -930 -903 -912 -921 -912 -921 -921 -929 -930 -930 -921 -930 -930 -930 -921 -912 -903 -930 -912 -939 -930 -903 -903 -938 -930 -930 -938 -921 -939 -947 -930 -930 -921 -930 -921 -921 -930 -912 -939 -921 -938 -912 -930 -921 -921 -930 -930 -921 -930 -921 -930 -930 -921 -930 -912 -921 -921 -921 -939 -930 -920 -912 -947 -920 -938 -921 -939 -939 -912 -930 -930 -921 -921 -930 -921 -921 -930 -939 -912 -939 -920 -903 -930 -930 -921 -921 -930 -939 -912 -921 -921 -903 -912 -921 -930 -930 -930 -939 -939 -938 -930 -939 -947 -939 -965 -947 -965 -939 -956 -956 -974 -965 -956 -965 -947 -974 -965 -974 -956 -947 -965 -947 -965 -965 -956 -965 -983 -974 -965 -956 -983 -965 -956 -965 -947 -965 -947 -965 -947 -947 -965 -956 -956 -965 -974 -947 -947 -956 -939 -939 -956 -947 -930 -956 -938 -938 -956 -921 -947 -930 -947 -947 -930 -947 -930 -930 -938 -947 -929 -947
-752 -761 -743 -743 -743 -743 -734 -743 -725 -725 -743 -734 -734 -743 -725 -752 -734 -717 -699 -743 -708 -743 -734 -734 -752 -752 -743 -761 -752 -743 -752 -761 -761 -788 -752 -770 -779 -770 -788 -788 -806 -770 -770 -806 -779 -797 -796 -814 -788 -805 -788 -806 -805 -797 -806 -797 -806 -797 -805 -805 -806 -797 -797 -806 -806 -788 -797 -806 -805 -806 -806 -797 -806 -814 -788 -806 -814 -814 -814 -814 -814 -806 -806 -814 -832 -814 -832 -814 -832 -823 -841 -832 -858 -832 -850 -850 -841 -850 -841 -841 -850 -858 -867 -876 -841 -867 -885 -850 -867 -858 -867 -858 -858 -867 -858 -876 -867 -894 -876 -858 -867 -867 -894 -894 -885 -876 -867 -876 -894 -876 -885 -885 -876 -894 -876 -876 -894 -894 -885 -867 -894 -912 -885 -885 -894 -912 -885 -894 -894 -885 -885 -903 -894 -894 -876 -885 -885 -894 -876 -885 -876 -885 -894 -885 -894 -894 -894 -903 -885 -930 -885 -903 -894 -894 -894 -912 -885 -903 -894 -894 -912 -894 -903 -894 -885 -894 -903 -921 -903 -894 -903 -921 -912 -885 -894 -885 -903 -912 -903 -903 -903 -912 -912 -921 -912 -921 -903 -921 -912 -921 -903 -930 -921 -894 -921 -903 -903 -894 -912 -903 -903 -903 -912 -894 -894 -903 -903 -903 -903 -912 -903 -912 -894 -903 -894 -930 -894 -894 -912 -903 -903 -912 -912 -903 -876 -894 -894 -912 -912 -912 -903 -903 -903 -903 -921 -903 -894 -921 -912 -920 -930 -930 -894 -920 -903 -903 -903 -894 -903 -903 -903 -912 -876 -912 -912 -912 -903 -894 -903 -903 -912 -912 -930 -930 -903 -903 -921 -930 -921 -921 -921 -903 -921 -921 -912 -903 -912 -921 -903 -912 -903 -921 -912 -912 -903 -912 -903 -921 -921 -894 -903 -903 -921 -921 -912 -903 -921 -929 -939 -930 -921 -921 -912 -930 -929 -939 -912 -929 -930 -921 -912 -903 -921 -903 -912 -921 -930 -947 -912 -921 -921 -921 -921 -903 -903 -929 -930 -939 -938 -903 -921 -921 -939 -929 -930 -921 -912 -930 -921 -939 -921 -921 -921 -921 -930 -939 -930 -930 -921 -938 -921 -921 -921 -929 -921 -929 -930 -938 -921 -903 -930 -921 -921 -939 -921 -938 -939 -939 -921 -939 -912 -912 -921 -921 -930 -938 -930 -939 -939 -920 -921 -912 -921 -921 -930 -912 -903 -939 -930 -930 -939 -930 -921 -894 -921 -921 -921 -912 -912 -912 -912 -903 -903 -912 -921 -930 -921 -921 -939 -912 -930 -921 -938 -956 -939 -938 -930 -939 -947 -965 -956 -965 -956 -974 -956 -974 -956 -939 -947 -947 -947 -965 -939 -956 -965 -947 -956 -956 -974 -983 -947 -956 -983 -965 -956 -956 -965 -974 -974 -965 -947 -956 -947 -983 -965 -956 -965 -965 -956 -938 -956 -974 -939 -947 -939 -938 -947 -930 -965 -930 -947 -939 -939 -956 -947 -939 -947 -947 -930 -930 -930 -938 -947 -947 -947 -939 -938 -938 -947 -939 -930 -930
-743 -734 -734 -752 -708 -743 -734 -725 -725 -743 -734 -734 -725 -725 -725 -752 -734 -752 -743 -734 -752 -752 -779 -761 -770 -779 -761 -779 -779 -770 -788 -797 -805 -788 -787 -788 -788 -797 -805 -806 -797 -797 -797 -788 -796 -806 -814 -806 -814 -806 -805 -797 -806 -796 -814 -814 -806 -805 -788 -797 -788 -806 -788 -814 -814 -806 -814 -806 -814 -823 -805 -814 -841 -823 -806 -814 -814 -814 -814 -823 -850 -841 -832 -832 -832 -841 -823 -832 -841 -850 -841 -867 -858 -850 -841 -850 -858 -876 -876 -867 -858 -867 -867 -876 -867 -867 -876 -876 -885 -885 -894 -885 -894 -858 -876 -903 -894 -894 -876 -894 -885 -894 -894 -885 -876 -885 -876 -876 -885 -894 -894 -885 -903 -912 -876 -885 -885 -894 -885 -885 -885 -885 -876 -867 -885 -894 -867 -894 -894 -885 -903 -885 -894 -876 -885 -894 -867 -885 -885 -903 -885 -903 -894 -894 -903 -894 -903 -885 -903 -903 -903 -903 -912 -894 -903 -885 -894 -885 -894 -912 -894 -894 -885 -930 -912 -921 -903 -894 -894 -894 -912 -903 -894 -912 -903 -903 -894 -894 -894 -912 -903 -912 -921 -903 -894 -903 -903 -912 -903 -903 -894 -894 -912 -903 -903 -894 -894 -903 -885 -903 -903 -912 -921 -903 -912 -921 -903 -903 -894 -885 -894 -885 -903 -903 -903 -903 -903 -903 -912 -912 -903 -903 -903 -903 -921 -912 -912 -903 -929 -912 -912 -912 -894 -903 -921 -903 -894 -912 -912 -894 -921 -912 -903 -894 -903 -921 -894 -903 -894 -921 -894 -912 -903 -912 -912 -912 -912 -912 -921 -903 -930 -903 -930 -912 -930 -903 -930 -912 -921 -912 -921 -921 -903 -903 -903 -921 -912 -921 -921 -930 -921 -912 -930 -912 -921 -921 -921 -930 -930 -921 -912 -930 -912 -930 -912 -912 -930 -939 -912 -930 -903 -930 -894 -930 -912 -921 -912 -921 -903 -921 -921 -921 -930 -921 -921 -903 -921 -921 -921 -894 -912 -930 -921 -903 -930 -921 -930 -929 -939 -930 -921 -921 -921 -929 -930 -939 -930 -921 -921 -930 -938 -921 -929 -912 -929 -912 -921 -912 -912 -930 -930 -939 -930 -930 -921 -930 -930 -939 -903 -912 -912 -921 -921 -921 -921 -939 -903 -921 -929 -921 -947 -912 -930 -939 -939 -921 -939 -938 -921 -930 -921 -912 -921 -903 -921 -912 -921 -903 -912 -921 -930 -921 -921 -921 -894 -939 -912 -912 -930 -930 -930 -939 -912 -939 -930 -947 -930 -921 -938 -956 -956 -965 -938 -965 -947 -974 -956 -965 -947 -965 -947 -965 -974 -956 -956 -956 -974 -983 -965 -947 -956 -947 -965 -974 -965 -965 -974 -983 -965 -956 -947 -965 -965 -956 -956 -956 -965 -947 -983 -974 -956 -939 -939 -956 -947 -956 -956 -947 -947 -930 -921 -930 -939 -956 -947 -947 -930 -939 -947 -947 -938 -947 -939 -939 -939 -938 -947 -947 -947 -930 -930 -930 -947 -930 -930 -921 -912 -930 -921 -912 -921 -903
-734 -717 -725 -725 -734 -708 -743 -752 -743 -761 -743 -752 -761 -770 -761 -779 -761 -761 -770 -779 -797 -788 -779 -761 -806 -779 -770 -788 -796 -797 -788 -806 -788 -805 -806 -806 -806 -788 -788 -806 -797 -796 -788 -797 -806 -814 -814 -797 -806 -788 -805 -823 -814 -805 -806 -797 -806 -797 -788 -797 -806 -814 -823 -805 -806 -823 -814 -814 -832 -823 -814 -814 -823 -814 -858 -832 -850 -841 -841 -841 -841 -858 -858 -850 -858 -858 -850 -867 -858 -850 -850 -876 -876 -867 -885 -858 -885 -876 -876 -876 -885 -885 -894 -876 -876 -894 -894 -885 -876 -885 -885 -876 -894 -894 -894 -903 -885 -876 -885 -894 -885 -885 -894 -894 -876 -885 -885 -894 -885 -876 -876 -885 -867 -876 -885 -894 -894 -894 -894 -876 -894 -876 -903 -894 -894 -885 -903 -876 -885 -894 -894 -894 -903 -885 -885 -894 -885 -894 -894 -885 -876 -885 -912 -894 -876 -903 -885 -903 -894 -894 -912 -903 -885 -885 -876 -885 -894 -894 -894 -885 -903 -912 -912 -903 -921 -885 -903 -894 -903 -903 -903 -894 -903 -912 -921 -894 -912 -903 -903 -894 -912 -903 -903 -921 -903 -885 -903 -885 -912 -921 -894 -912 -867 -903 -894 -894 -894 -903 -903 -912 -921 -894 -912 -921 -912 -894 -912 -912 -903 -894 -903 -921 -912 -903 -903 -939 -903 -903 -930 -921 -921 -930 -903 -912 -894 -921 -903 -912 -921 -912 -912 -912 -903 -912 -903 -912 -903 -894 -903 -912 -903 -912 -894 -894 -912 -929 -903 -921 -912 -912 -912 -903 -921 -903 -912 -921 -912 -921 -921 -930 -903 -930 -894 -903 -912 -921 -894 -912 -903 -921 -903 -912 -912 -921 -939 -912 -929 -912 -921 -930 -921 -921 -930 -903 -921 -921 -912 -903 -912 -930 -921 -930 -930 -930 -930 -930 -930 -930 -930 -921 -930 -929 -921 -912 -921 -930 -929 -939 -930 -903 -912 -912 -912 -930 -929 -912 -921 -930 -930 -920 -921 -921 -930 -930 -912 -930 -930 -930 -930 -921 -939 -929 -930 -930 -921 -912 -930 -930 -912 -930 -912 -930 -938 -930 -921 -939 -939 -939 -921 -920 -930 -930 -930 -939 -938 -921 -930 -930 -921 -939 -930 -903 -921 -903 -903 -912 -930 -938 -921 -921 -939 -929 -930 -921 -921 -921 -912 -912 -921 -930 -921 -947 -903 -921 -921 -912 -903 -939 -939 -912 -912 -921 -921 -939 -921 -930 -939 -938 -947 -930 -938 -947 -956 -939 -974 -956 -956 -974 -947 -956 -947 -947 -965 -956 -956 -965 -965 -947 -974 -956 -956 -956 -974 -956 -974 -974 -974 -983 -974 -983 -974 -965 -965 -974 -956 -983 -956 -956 -974 -974 -956 -956 -956 -965 -956 -956 -947 -947 -956 -947 -956 -939 -939 -947 -938 -965 -947 -903 -947 -939 -939 -939 -947 -930 -939 -947 -956 -921 -921 -947 -965 -947 -938 -921 -930 -921 -921 -939 -903 -912 -930 -912 -930 -930 -903 -947 -912 -912 -921 -930 -912 -903
-743 -743 -734 -752 -761 -752 -770 -770 -779 -761 -752 -779 -779 -788 -788 -761 -770 -805 -797 -806 -797 -805 -806 -806 -805 -788 -806 -806 -806 -806 -806 -797 -806 -806 -797 -788 -797 -805 -806 -797 -806 -797 -797 -814 -814 -797 -797 -823 -805 -806 -797 -823 -814 -814 -823 -823 -806 -806 -823 -814 -806 -814 -823 -841 -832 -814 -841 -850 -841 -832 -823 -850 -867 -876 -858 -841 -867 -850 -841 -858 -850 -858 -867 -867 -858 -858 -867 -867 -876 -867 -903 -867 -876 -894 -885 -885 -885 -885 -876 -894 -885 -876 -867 -885 -885 -894 -894 -894 -876 -876 -894 -894 -894 -885 -885 -885 -885 -876 -885 -885 -894 -894 -876 -885 -894 -885 -876 -894 -867 -876 -894 -867 -894 -885 -894 -903 -885 -894 -885 -876 -894 -903 -912 -894 -894 -885 -885 -885 -894 -903 -903 -876 -894 -894 -903 -876 -912 -894 -921 -885 -912 -894 -885 -894 -903 -930 -894 -885 -903 -903 -912 -903 -894 -921 -894 -903 -912 -894 -903 -921 -903 -894 -921 -885 -894 -894 -903 -894 -903 -903 -921 -903 -903 -903 -903 -894 -876 -876 -894 -894 -885 -894 -903 -894 -894 -903 -903 -921 -894 -912 -903 -921 -921 -921 -894 -903 -921 -903 -894 -930 -894 -903 -903 -920 -903 -912 -912 -903 -912 -903 -921 -921 -912 -912 -929 -912 -912 -912 -912 -903 -921 -921 -903 -894 -894 -903 -903 -903 -894 -894 -903 -912 -903 -921 -894 -912 -912 -912 -930 -912 -894 -921 -912 -930 -912 -903 -903 -912 -903 -912 -903 -903 -921 -921 -912 -894 -921 -903 -912 -903 -912 -903 -930 -903 -912 -912 -894 -912 -921 -912 -930 -921 -912 -912 -930 -939 -939 -903 -912 -930 -903 -912 -939 -930 -930 -939 -912 -921 -921 -912 -921 -921 -912 -930 -912 -903 -912 -912 -930 -921 -930 -921 -912 -921 -912 -921 -929 -912 -921 -921 -921 -930 -930 -921 -938 -921 -939 -921 -930 -930 -930 -939 -930 -912 -929 -930 -921 -939 -939 -930 -912 -903 -921 -930 -912 -912 -939 -930 -921 -921 -930 -921 -921 -930 -930 -930 -939 -921 -939 -903 -921 -930 -930 -938 -930 -947 -930 -921 -930 -921 -912 -912 -930 -930 -921 -912 -912 -921 -912 -929 -921 -921 -930 -921 -939 -912 -903 -903 -929 -912 -930 -938 -921 -912 -930 -912 -938 -930 -939 -947 -939 -947 -956 -956 -947 -965 -956 -956 -965 -974 -983 -974 -956 -947 -947 -947 -956 -947 -965 -974 -974 -983 -956 -965 -974 -974 -974 -947 -974 -965 -947 -983 -974 -965 -947 -974 -965 -965 -956 -974 -947 -965 -965 -965 -965 -965 -974 -947 -974 -947 -965 -938 -939 -947 -939 -947 -947 -938 -965 -947 -947 -939 -938 -939 -939 -956 -947 -938 -939 -956 -947 -939 -956 -938 -939 -930 -912 -912 -930 -912 -921 -921 -930 -903 -912 -921 -912 -912 -912 -912 -930 -903 -912 -912 -903 -912 -912 -912 -894 -912 -921 -912
-761 -779 -779 -788 -788 -797 -788 -788 -806 -797 -797 -797 -805 -797 -806 -797 -805 -806 -806 -770 -797 -797 -814 -797 -814 -814 -788 -797 -805 -797 -806 -806 -806 -806 -806 -788 -788 -806 -797 -814 -797 -806 -823 -814 -823 -814 -823 -805 -814 -814 -823 -806 -832 -797 -832 -814 -832 -841 -832 -841 -841 -850 -850 -832 -832 -832 -850 -858 -850 -858 -858 -867 -850 -850 -894 -885 -867 -867 -876 -885 -876 -867 -876 -867 -858 -867 -885 -858 -885 -885 -876 -894 -867 -903 -876 -894 -894 -885 -903 -894 -885 -876 -867 -876 -885 -876 -867 -867 -885 -894 -894 -876 -876 -876 -912 -876 -894 -903 -876 -885 -867 -885 -876 -885 -876 -867 -894 -894 -876 -876 -885 -894 -894 -876 -894 -894 -894 -894 -894 -885 -885 -921 -894 -894 -912 -885 -894 -894 -903 -903 -894 -921 -894 -903 -885 -894 -903 -885 -894 -903 -912 -903 -894 -903 -903 -903 -903 -903 -894 -903 -921 -903 -894 -903 -903 -912 -903 -894 -903 -903 -894 -894 -903 -912 -912 -912 -903 -894 -894 -894 -885 -903 -903 -903 -885 -903 -894 -903 -903 -903 -912 -921 -921 -894 -930 -912 -912 -930 -903 -903 -894 -912 -894 -894 -903 -912 -903 -912 -894 -912 -894 -903 -912 -894 -912 -912 -921 -912 -930 -921 -912 -903 -894 -903 -903 -912 -903 -912 -903 -885 -912 -912 -903 -903 -912 -903 -912 -894 -912 -903 -912 -903 -894 -912 -912 -903 -912 -921 -903 -921 -921 -912 -912 -912 -903 -912 -903 -912 -903 -921 -903 -903 -903 -903 -912 -894 -903 -921 -903 -930 -921 -912 -930 -903 -903 -921 -921 -930 -921 -921 -921 -930 -939 -921 -903 -930 -939 -912 -912 -930 -930 -903 -903 -921 -912 -912 -930 -921 -921 -903 -912 -930 -930 -912 -921 -930 -921 -912 -912 -938 -947 -930 -921 -912 -930 -930 -921 -921 -921 -921 -930 -939 -921 -912 -921 -939 -939 -912 -921 -939 -921 -921 -939 -921 -930 -920 -930 -921 -930 -939 -930 -921 -930 -939 -921 -921 -921 -929 -912 -930 -939 -912 -930 -930 -930 -921 -921 -921 -921 -930 -930 -912 -903 -912 -921 -903 -930 -921 -939 -903 -912 -903 -929 -921 -894 -939 -912 -903 -912 -912 -912 -930 -912 -921 -894 -903 -912 -912 -921 -938 -930 -938 -947 -938 -947 -956 -947 -947 -956 -965 -965 -947 -956 -956 -947 -965 -974 -939 -947 -947 -956 -939 -956 -956 -965 -956 -974 -974 -974 -983 -974 -956 -991 -956 -965 -965 -974 -956 -956 -974 -965 -965 -974 -956 -938 -947 -965 -947 -956 -938 -930 -938 -956 -956 -938 -956 -939 -947 -938 -956 -930 -929 -947 -947 -947 -939 -930 -939 -939 -939 -930 -947 -938 -939 -939 -930 -921 -939 -939 -947 -921 -930 -921 -912 -930 -912 -939 -930 -947 -912 -921 -921 -903 -903 -885 -903 -894 -921 -912 -921 -930 -921 -903 -903 -912 -930 -912 -939 -912 -912 -903 -912
-796 -788 -806 -797 -814 -797 -788 -788 -814 -788 -806 -788 -806 -805 -814 -805 -788 -797 -797 -796 -806 -814 -805 -806 -788 -806 -805 -797 -788 -806 -797 -797 -796 -806 -814 -806 -814 -823 -806 -806 -806 -814 -832 -814 -814 -806 -805 -832 -832 -841 -841 -823 -841 -832 -823 -841 -841 -867 -850 -867 -867 -850 -850 -858 -858 -858 -850 -867 -858 -858 -867 -867 -876 -876 -858 -867 -876 -876 -876 -876 -885 -885 -894 -903 -885 -894 -885 -885 -867 -885 -894 -885 -876 -885 -876 -885 -876 -867 -885 -876 -894 -903 -894 -885 -867 -894 -903 -894 -903 -903 -894 -903 -885 -894 -894 -885 -885 -876 -885 -876 -903 -894 -876 -894 -894 -894 -894 -894 -894 -876 -885 -885 -894 -894 -894 -894 -894 -894 -876 -894 -912 -885 -885 -903 -903 -894 -894 -885 -903 -930 -912 -894 -903 -894 -885 -903 -903 -894 -921 -903 -912 -912 -894 -885 -885 -921 -912 -912 -894 -912 -912 -912 -912 -903 -903 -894 -894 -912 -912 -894 -903 -894 -903 -903 -921 -921 -912 -903 -894 -903 -903 -903 -921 -912 -912 -894 -894 -903 -903 -912 -921 -903 -894 -939 -894 -921 -921 -894 -912 -894 -912 -921 -921 -885 -903 -912 -912 -912 -903 -903 -894 -921 -894 -912 -903 -921 -903 -894 -894 -894 -894 -903 -912 -903 -903 -912 -921 -903 -912 -912 -903 -930 -912 -903 -903 -930 -921 -939 -903 -903 -920 -920 -930 -921 -921 -921 -912 -912 -921 -903 -894 -903 -903 -903 -921 -903 -930 -903 -903 -921 -930 -912 -912 -894 -921 -912 -912 -912 -921 -930 -903 -939 -912 -912 -912 -921 -921 -912 -921 -921 -912 -921 -930 -930 -921 -885 -930 -956 -912 -921 -929 -912 -930 -939 -903 -921 -930 -939 -912 -912 -921 -912 -912 -903 -930 -921 -921 -912 -930 -930 -921 -921 -921 -921 -921 -939 -939 -930 -912 -912 -921 -921 -930 -912 -921 -894 -939 -939 -921 -912 -921 -921 -912 -930 -939 -930 -912 -921 -912 -939 -930 -938 -930 -930 -930 -939 -921 -921 -921 -929 -930 -912 -921 -912 -930 -930 -912 -912 -921 -912 -912 -912 -903 -912 -921 -903 -921 -903 -929 -921 -912 -903 -930 -921 -912 -912 -894 -930 -930 -903 -903 -930 -939 -947 -930 -938 -939 -947 -974 -956 -965 -956 -965 -965 -947 -974 -965 -965 -939 -956 -965 -965 -956 -947 -965 -965 -965 -965 -974 -965 -947 -974 -965 -956 -974 -956 -947 -974 -947 -939 -956 -956 -965 -965 -974 -965 -956 -956 -956 -956 -956 -947 -965 -974 -938 -939 -947 -939 -930 -947 -947 -939 -930 -939 -947 -930 -930 -947 -947 -930 -939 -938 -939 -947 -939 -912 -939 -938 -930 -930 -930 -956 -921 -903 -921 -921 -921 -912 -903 -930 -903 -912 -894 -903 -903 -912 -930 -912 -903 -921 -912 -912 -930 -930 -921 -930 -912 -921 -903 -930 -912 -912 -912 -903 -894 -903 -894 -903 -894 -894 -876 -885
-814 -788 -788 -788 -814 -797 -805 -797 -805 -814 -806 -797 -797 -806 -805 -797 -823 -814 -823 -806 -797 -806 -814 -805 -806 -805 -797 -806 -814 -797 -806 -806 -806 -814 -823 -814 -823 -814 -823 -832 -823 -814 -850 -858 -832 -850 -841 -850 -850 -850 -858 -867 -850 -850 -858 -841 -858 -858 -876 -850 -876 -850 -885 -876 -867 -858 -885 -885 -876 -894 -885 -885 -885 -903 -885 -867 -894 -894 -903 -885 -876 -867 -885 -903 -894 -885 -876 -912 -885 -894 -894 -885 -894 -876 -876 -903 -894 -876 -894 -894 -885 -885 -894 -885 -867 -885 -876 -885 -885 -885 -894 -894 -903 -894 -885 -867 -885 -903 -894 -903 -885 -903 -894 -885 -894 -885 -894 -885 -903 -903 -885 -912 -912 -894 -894 -894 -912 -912 -894 -912 -894 -894 -903 -876 -894 -894 -894 -903 -912 -903 -903 -885 -912 -894 -903 -894 -894 -920 -894 -894 -912 -903 -894 -903 -912 -894 -894 -912 -903 -921 -894 -894 -912 -903 -903 -903 -885 -885 -903 -903 -921 -894 -921 -911 -912 -903 -921 -894 -912 -903 -903 -903 -894 -912 -903 -894 -903 -903 -903 -885 -921 -920 -912 -912 -912 -921 -912 -894 -903 -903 -903 -912 -912 -912 -912 -912 -912 -894 -921 -921 -885 -921 -912 -903 -903 -921 -921 -903 -912 -912 -903 -912 -894 -921 -912 -903 -921 -921 -912 -903 -930 -894 -912 -912 -912 -912 -903 -921 -894 -930 -903 -903 -912 -912 -912 -903 -903 -921 -903 -921 -912 -921 -894 -903 -903 -921 -921 -903 -921 -921 -912 -921 -921 -930 -903 -920 -912 -938 -921 -921 -912 -930 -912 -894 -912 -921 -912 -921 -912 -921 -903 -912 -939 -939 -921 -912 -903 -903 -921 -930 -912 -930 -921 -912 -903 -921 -938 -930 -939 -930 -930 -930 -921 -903 -930 -930 -930 -947 -930 -930 -921 -921 -921 -930 -930 -930 -939 -912 -930 -930 -921 -939 -921 -903 -912 -912 -912 -912 -938 -912 -939 -939 -930 -912 -920 -921 -930 -930 -939 -921 -938 -930 -921 -930 -930 -939 -903 -912 -930 -921 -912 -938 -912 -930 -912 -939 -912 -930 -921 -930 -921 -921 -921 -921 -921 -921 -938 -912 -921 -912 -921 -939 -939 -930 -921 -939 -930 -930 -938 -947 -956 -956 -956 -965 -947 -965 -947 -956 -983 -974 -938 -965 -947 -956 -956 -956 -956 -965 -974 -956 -956 -974 -974 -991 -974 -965 -965 -956 -1000 -965 -956 -965 -956 -956 -983 -965 -956 -965 -974 -947 -947 -947 -956 -965 -947 -956 -939 -939 -939 -939 -938 -930 -947 -921 -930 -930 -939 -921 -930 -939 -947 -930 -947 -947 -938 -938 -921 -930 -947 -938 -921 -956 -930 -930 -930 -938 -912 -921 -921 -912 -921 -894 -912 -921 -894 -885 -894 -921 -930 -921 -885 -912 -921 -894 -921 -930 -885 -912 -921 -921 -903 -912 -912 -903 -930 -921 -903 -921 -903 -912 -894 -867 -885 -885 -903 -876 -894 -885 -858 -867 -867 -867
-797 -806 -806 -797 -806 -806 -805 -806 -806 -797 -806 -806 -805 -814 -814 -823 -814 -806 -806 -814 -806 -814 -806 -823 -814 -823 -814 -806 -823 -814 -832 -823 -823 -850 -832 -823 -823 -841 -858 -850 -850 -850 -850 -867 -841 -850 -841 -858 -867 -876 -858 -876 -876 -876 -867 -867 -858 -867 -876 -876 -876 -867 -894 -885 -894 -885 -903 -876 -885 -894 -885 -876 -867 -867 -903 -885 -885 -894 -885 -885 -903 -885 -894 -894 -894 -876 -885 -885 -876 -921 -876 -885 -885 -876 -903 -894 -876 -894 -885 -876 -885 -885 -867 -885 -912 -903 -903 -885 -885 -894 -903 -885 -876 -894 -885 -885 -885 -921 -894 -912 -885 -903 -894 -903 -903 -894 -885 -921 -912 -912 -894 -894 -903 -903 -903 -885 -894 -903 -930 -903 -903 -885 -894 -894 -894 -921 -903 -903 -912 -903 -894 -894 -894 -903 -903 -912 -912 -921 -912 -903 -894 -921 -894 -885 -903 -912 -903 -894 -894 -921 -894 -903 -912 -903 -912 -921 -912 -929 -921 -894 -912 -903 -921 -903 -912 -912 -903 -894 -894 -894 -894 -912 -912 -894 -921 -912 -903 -912 -903 -921 -912 -921 -885 -921 -903 -894 -921 -903 -885 -912 -894 -894 -894 -894 -921 -903 -894 -903 -912 -903 -894 -912 -921 -912 -930 -912 -912 -912 -903 -903 -921 -903 -903 -903 -921 -903 -930 -903 -930 -921 -912 -921 -912 -930 -912 -921 -912 -903 -930 -912 -921 -903 -912 -921 -912 -912 -921 -903 -921 -921 -920 -939 -921 -939 -930 -930 -920 -921 -912 -921 -903 -921 -912 -903 -912 -912 -930 -912 -912 -894 -912 -903 -947 -912 -921 -912 -912 -912 -912 -921 -930 -921 -903 -921 -903 -912 -920 -912 -912 -921 -921 -930 -938 -912 -921 -947 -912 -939 -912 -938 -929 -930 -930 -921 -921 -912 -930 -930 -921 -939 -939 -930 -939 -930 -930 -921 -921 -921 -912 -930 -921 -921 -921 -930 -930 -930 -939 -930 -921 -912 -921 -912 -903 -930 -903 -912 -921 -947 -921 -921 -930 -912 -921 -912 -912 -894 -921 -921 -903 -930 -903 -912 -921 -912 -903 -912 -921 -921 -912 -930 -921 -930 -920 -930 -930 -939 -947 -939 -929 -947 -974 -947 -947 -965 -956 -956 -956 -965 -938 -947 -965 -965 -956 -983 -956 -939 -939 -974 -965 -965 -974 -956 -974 -983 -956 -974 -965 -965 -956 -956 -974 -965 -956 -956 -974 -983 -974 -947 -956 -956 -956 -947 -956 -947 -947 -938 -956 -947 -947 -947 -947 -947 -939 -939 -939 -930 -947 -947 -947 -939 -939 -930 -939 -947 -938 -947 -939 -947 -939 -938 -938 -930 -930 -929 -903 -903 -930 -938 -912 -947 -921 -921 -921 -912 -921 -921 -921 -903 -912 -921 -903 -894 -921 -930 -912 -921 -903 -912 -912 -930 -930 -921 -903 -903 -921 -912 -903 -912 -903 -894 -894 -903 -894 -885 -894 -894 -876 -885 -885 -885 -858 -876 -867 -858 -876 -850 -858 -858 -858 -832 -850 -850
-806 -797 -797 -806 -814 -779 -788 -814 -805 -823 -805 -814 -814 -806 -806 -805 -814 -805 -823 -814 -832 -806 -814 -832 -841 -841 -841 -832 -858 -850 -832 -858 -832 -858 -850 -841 -850 -867 -876 -850 -858 -858 -858 -858 -876 -858 -867 -876 -867 -867 -867 -867 -885 -876 -903 -885 -894 -894 -885 -894 -885 -885 -885 -885 -867 -885 -885 -885 -894 -894 -885 -912 -876 -876 -867 -876 -876 -885 -885 -876 -876 -858 -894 -885 -876 -894 -894 -885 -885 -876 -894 -876 -885 -876 -894 -885 -885 -894 -885 -876 -876 -858 -876 -885 -894 -885 -876 -894 -894 -876 -885 -885 -885 -885 -903 -894 -894 -894 -894 -903 -912 -903 -885 -876 -885 -894 -912 -912 -885 -894 -894 -894 -903 -912 -903 -921 -921 -903 -903 -894 -921 -903 -903 -912 -912 -903 -912 -903 -912 -885 -894 -894 -921 -903 -894 -912 -903 -885 -912 -894 -885 -903 -885 -903 -885 -912 -921 -921 -903 -921 -903 -912 -903 -921 -894 -930 -903 -912 -903 -903 -894 -912 -903 -903 -912 -894 -903 -894 -894 -921 -903 -903 -921 -894 -903 -903 -930 -912 -912 -903 -894 -903 -894 -903 -921 -912 -912 -912 -894 -903 -903 -903 -903 -912 -903 -921 -930 -894 -921 -921 -921 -921 -912 -912 -903 -921 -912 -921 -921 -894 -912 -912 -921 -912 -903 -921 -921 -921 -894 -894 -921 -939 -903 -930 -912 -912 -921 -912 -930 -921 -912 -912 -921 -930 -912 -930 -912 -921 -903 -912 -939 -947 -912 -903 -929 -912 -921 -903 -903 -930 -921 -921 -930 -921 -921 -912 -903 -903 -912 -921 -912 -903 -903 -912 -912 -921 -930 -938 -930 -921 -903 -921 -939 -921 -921 -938 -921 -939 -930 -921 -939 -921 -930 -939 -930 -930 -921 -912 -930 -894 -939 -930 -903 -921 -912 -921 -921 -929 -938 -930 -921 -930 -912 -921 -930 -921 -912 -930 -921 -912 -938 -938 -930 -912 -921 -930 -921 -921 -930 -912 -930 -921 -921 -930 -921 -921 -912 -921 -939 -921 -903 -930 -921 -903 -894 -912 -912 -912 -903 -894 -912 -921 -894 -912 -930 -938 -930 -930 -930 -939 -938 -939 -947 -965 -956 -947 -965 -956 -947 -956 -947 -956 -956 -965 -947 -956 -983 -956 -947 -974 -974 -974 -947 -956 -965 -965 -965 -965 -974 -974 -974 -974 -983 -974 -956 -974 -956 -983 -974 -947 -947 -947 -965 -956 -965 -947 -947 -947 -947 -930 -947 -947 -956 -965 -921 -930 -939 -929 -938 -947 -947 -938 -939 -929 -939 -938 -930 -947 -947 -930 -939 -929 -930 -939 -921 -921 -930 -939 -921 -921 -921 -930 -921 -912 -930 -930 -921 -912 -903 -903 -930 -903 -921 -912 -903 -912 -912 -921 -921 -912 -912 -921 -912 -912 -921 -921 -903 -912 -921 -885 -939 -903 -894 -885 -894 -894 -894 -894 -876 -894 -885 -867 -876 -858 -867 -858 -867 -858 -867 -841 -841 -832 -858 -858 -832 -850 -850 -841 -850 -850 -850 -841
-796 -797 -814 -814 -823 -805 -806 -797 -805 -814 -832 -823 -832 -841 -806 -841 -841 -823 -832 -850 -841 -841 -832 -850 -858 -841 -850 -841 -858 -876 -858 -858 -850 -867 -867 -876 -876 -876 -876 -885 -876 -885 -876 -867 -867 -876 -894 -876 -876 -885 -894 -876 -876 -876 -885 -894 -867 -876 -894 -894 -894 -876 -876 -894 -885 -885 -867 -894 -885 -894 -885 -903 -894 -885 -894 -867 -876 -885 -894 -894 -894 -894 -894 -894 -885 -867 -885 -894 -894 -885 -903 -876 -894 -867 -876 -885 -894 -912 -921 -894 -885 -885 -885 -894 -912 -885 -894 -885 -885 -894 -876 -894 -903 -903 -912 -912 -894 -903 -894 -903 -885 -894 -885 -912 -912 -912 -894 -921 -929 -894 -894 -903 -903 -912 -894 -921 -903 -903 -912 -912 -912 -912 -903 -912 -912 -912 -903 -912 -912 -885 -885 -885 -885 -894 -885 -912 -912 -903 -894 -894 -921 -903 -903 -903 -903 -894 -894 -885 -903 -894 -912 -912 -912 -921 -912 -912 -894 -894 -903 -912 -912 -921 -903 -930 -903 -930 -912 -894 -912 -930 -912 -912 -912 -903 -912 -885 -894 -894 -903 -912 -903 -903 -912 -903 -894 -912 -912 -912 -921 -903 -921 -921 -912 -921 -912 -930 -938 -930 -921 -930 -912 -903 -912 -921 -930 -894 -921 -912 -903 -921 -912 -930 -921 -894 -912 -912 -912 -903 -930 -903 -921 -930 -930 -903 -930 -930 -912 -921 -930 -921 -921 -921 -921 -939 -912 -930 -929 -921 -921 -921 -903 -894 -930 -930 -912 -921 -912 -912 -912 -939 -921 -921 -930 -912 -921 -912 -930 -912 -930 -921 -912 -912 -912 -920 -903 -930 -921 -921 -930 -947 -930 -921 -912 -930 -930 -930 -921 -921 -912 -938 -921 -921 -930 -920 -921 -921 -921 -930 -920 -912 -930 -939 -930 -921 -939 -921 -912 -930 -921 -921 -920 -938 -912 -930 -930 -912 -921 -939 -930 -903 -912 -921 -930 -921 -930 -912 -921 -930 -930 -921 -921 -912 -921 -903 -921 -903 -921 -912 -921 -903 -921 -912 -903 -903 -903 -903 -939 -930 -947 -939 -947 -938 -930 -947 -956 -956 -965 -974 -956 -947 -956 -956 -974 -974 -956 -965 -974 -956 -947 -956 -965 -965 -956 -956 -947 -956 -947 -956 -956 -983 -956 -965 -965 -956 -974 -965 -965 -974 -965 -974 -956 -947 -947 -974 -947 -947 -956 -947 -938 -947 -947 -939 -939 -939 -947 -930 -965 -939 -947 -947 -956 -939 -956 -947 -947 -938 -947 -930 -939 -947 -947 -956 -938 -938 -930 -947 -930 -930 -947 -930 -930 -930 -912 -930 -921 -912 -930 -903 -903 -921 -921 -912 -894 -903 -903 -894 -921 -894 -912 -912 -912 -912 -921 -921 -912 -921 -894 -912 -903 -912 -921 -921 -912 -903 -912 -885 -894 -912 -894 -894 -876 -885 -885 -867 -876 -867 -885 -867 -867 -858 -858 -850 -832 -867 -841 -841 -823 -823 -823 -850 -841 -850 -858 -867 -858 -841 -841 -858 -832 -841 -850 -850
-806 -814 -806 -823 -832 -806 -832 -841 -850 -841 -841 -850 -823 -841 -841 -850 -850 -841 -850 -850 -850 -867 -858 -850 -867 -867 -858 -858 -876 -867 -876 -867 -876 -867 -876 -876 -885 -894 -885 -885 -885 -885 -885 -894 -867 -876 -894 -885 -885 -894 -876 -894 -885 -885 -876 -885 -885 -885 -894 -876 -876 -876 -885 -894 -885 -894 -885 -885 -894 -885 -876 -894 -885 -894 -894 -885 -885 -894 -903 -903 -894 -885 -876 -876 -885 -894 -903 -894 -894 -894 -894 -876 -894 -894 -885 -894 -903 -903 -903 -903 -894 -885 -885 -903 -912 -903 -912 -885 -912 -903 -894 -903 -912 -894 -903 -903 -894 -921 -903 -885 -912 -912 -885 -903 -903 -921 -921 -921 -912 -921 -921 -903 -903 -894 -921 -894 -894 -894 -885 -912 -903 -894 -894 -921 -903 -903 -912 -894 -894 -894 -894 -903 -921 -912 -894 -912 -903 -912 -912 -903 -903 -911 -903 -894 -921 -903 -921 -903 -894 -903 -930 -912 -903 -903 -894 -912 -903 -912 -912 -903 -903 -903 -930 -912 -903 -912 -894 -912 -912 -894 -894 -885 -903 -894 -903 -912 -921 -912 -921 -929 -912 -921 -912 -903 -912 -912 -930 -912 -930 -930 -912 -903 -903 -903 -894 -921 -912 -903 -903 -912 -930 -921 -912 -912 -912 -930 -894 -903 -903 -930 -903 -930 -912 -912 -921 -912 -930 -912 -912 -921 -921 -912 -921 -921 -930 -903 -930 -903 -912 -930 -930 -903 -921 -930 -894 -921 -947 -921 -929 -938 -903 -930 -912 -921 -921 -939 -921 -921 -921 -912 -921 -921 -921 -930 -921 -921 -921 -929 -930 -939 -930 -921 -939 -947 -930 -921 -921 -903 -912 -921 -921 -921 -921 -921 -903 -894 -921 -939 -930 -903 -930 -921 -930 -921 -930 -930 -921 -912 -930 -921 -921 -912 -912 -930 -921 -938 -930 -938 -939 -921 -912 -912 -930 -930 -930 -921 -921 -912 -912 -912 -921 -903 -912 -930 -930 -930 -938 -930 -912 -912 -912 -921 -930 -903 -930 -903 -894 -921 -939 -939 -921 -921 -939 -930 -947 -956 -947 -947 -947 -956 -956 -947 -965 -947 -974 -956 -965 -956 -947 -956 -974 -947 -956 -965 -956 -983 -974 -983 -974 -965 -983 -965 -956 -983 -974 -965 -974 -965 -956 -965 -965 -965 -965 -947 -938 -965 -939 -938 -930 -965 -956 -947 -939 -956 -939 -947 -939 -938 -939 -947 -930 -930 -930 -938 -947 -956 -939 -938 -939 -947 -939 -939 -930 -930 -939 -912 -930 -930 -939 -929 -921 -939 -921 -894 -930 -912 -921 -903 -939 -930 -921 -894 -912 -894 -921 -921 -903 -912 -903 -903 -903 -912 -930 -921 -921 -912 -930 -921 -911 -912 -912 -894 -912 -912 -912 -894 -894 -894 -885 -885 -885 -894 -876 -867 -876 -867 -894 -858 -876 -858 -876 -850 -850 -858 -841 -850 -850 -832 -858 -841 -832 -867 -841 -850 -858 -858 -858 -850 -841 -841 -841 -850 -832 -858 -858 -850 -832 -841 -841 -841 -841 -850
-841 -841 -850 -850 -841 -858 -850 -850 -858 -858 -850 -841 -850 -858 -850 -850 -876 -858 -876 -867 -867 -858 -858 -867 -894 -867 -894 -876 -876 -885 -894 -885 -885 -885 -885 -858 -885 -894 -894 -885 -885 -894 -894 -876 -885 -903 -885 -876 -885 -876 -903 -867 -894 -894 -885 -894 -894 -903 -894 -894 -894 -885 -876 -876 -894 -876 -894 -876 -885 -903 -885 -867 -885 -885 -885 -876 -894 -894 -885 -885 -903 -894 -894 -903 -894 -894 -903 -885 -894 -885 -894 -894 -894 -885 -885 -894 -912 -912 -894 -912 -903 -903 -894 -903 -885 -903 -894 -894 -903 -921 -903 -921 -894 -894 -912 -894 -903 -903 -921 -903 -912 -894 -912 -894 -912 -912 -894 -903 -885 -912 -894 -903 -894 -885 -894 -894 -912 -903 -894 -912 -903 -903 -894 -921 -894 -894 -903 -912 -903 -903 -903 -894 -885 -912 -894 -894 -912 -921 -903 -903 -903 -912 -894 -903 -912 -921 -912 -894 -903 -894 -903 -912 -912 -903 -894 -885 -903 -912 -894 -912 -921 -921 -903 -912 -894 -903 -903 -903 -903 -912 -903 -921 -903 -894 -903 -921 -930 -903 -921 -903 -921 -903 -903 -912 -903 -912 -912 -903 -903 -921 -921 -903 -894 -921 -921 -894 -912 -903 -921 -930 -903 -903 -921 -912 -921 -930 -939 -930 -912 -921 -921 -930 -921 -939 -930 -930 -921 -921 -939 -921 -912 -912 -930 -903 -912 -930 -921 -912 -921 -921 -921 -903 -930 -903 -939 -912 -921 -921 -921 -912 -930 -930 -947 -929 -921 -921 -930 -930 -921 -939 -938 -921 -921 -938 -921 -938 -921 -921 -921 -912 -929 -930 -930 -912 -930 -920 -921 -921 -930 -921 -903 -912 -921 -938 -912 -929 -930 -912 -930 -930 -947 -929 -921 -929 -930 -912 -921 -921 -947 -912 -921 -939 -921 -921 -930 -903 -921 -921 -903 -930 -938 -912 -912 -930 -912 -921 -912 -912 -930 -912 -903 -912 -912 -912 -921 -912 -903 -912 -912 -947 -930 -929 -939 -938 -947 -956 -947 -930 -938 -956 -956 -956 -947 -965 -965 -974 -965 -947 -956 -947 -947 -956 -983 -965 -947 -938 -947 -956 -965 -974 -983 -956 -965 -991 -983 -983 -965 -956 -956 -983 -965 -965 -956 -965 -947 -974 -965 -965 -956 -956 -965 -947 -939 -947 -965 -956 -921 -947 -956 -956 -938 -947 -956 -938 -947 -930 -939 -939 -939 -930 -947 -930 -939 -947 -947 -939 -921 -912 -938 -930 -930 -912 -938 -929 -912 -921 -921 -912 -921 -921 -903 -894 -894 -903 -912 -930 -921 -930 -912 -912 -912 -912 -921 -912 -912 -903 -912 -921 -903 -903 -912 -930 -903 -903 -912 -903 -894 -885 -894 -894 -885 -885 -867 -885 -867 -885 -885 -867 -876 -858 -876 -850 -858 -841 -858 -850 -850 -850 -858 -858 -841 -832 -876 -823 -850 -850 -841 -850 -858 -832 -850 -850 -858 -858 -867 -858 -841 -841 -841 -850 -850 -841 -841 -850 -832 -832 -832 -841 -823 -832 -841 -832
-858 -850 -841 -850 -850 -850 -876 -858 -850 -858 -858 -867 -858 -850 -858 -867 -876 -858 -885 -867 -894 -885 -885 -903 -885 -885 -876 -867 -876 -894 -876 -876 -885 -885 -903 -876 -876 -894 -885 -894 -894 -876 -867 -885 -867 -885 -894 -894 -885 -858 -885 -876 -894 -876 -894 -885 -894 -894 -876 -894 -885 -894 -876 -894 -903 -894 -894 -885 -903 -885 -876 -903 -894 -885 -894 -903 -885 -885 -903 -894 -894 -903 -903 -903 -912 -885 -894 -894 -903 -894 -885 -885 -894 -894 -885 -912 -903 -903 -894 -903 -894 -912 -903 -894 -894 -894 -885 -903 -894 -912 -912 -903 -903 -912 -894 -903 -903 -921 -894 -894 -885 -903 -903 -885 -894 -903 -894 -912 -903 -894 -894 -912 -894 -903 -903 -903 -903 -921 -912 -903 -912 -903 -903 -912 -894 -912 -903 -912 -920 -885 -903 -894 -903 -912 -912 -912 -912 -903 -912 -903 -912 -912 -921 -903 -903 -912 -885 -894 -894 -903 -912 -894 -903 -912 -894 -894 -903 -894 -894 -885 -903 -903 -903 -894 -894 -903 -894 -921 -912 -912 -912 -903 -921 -921 -930 -912 -912 -921 -912 -903 -912 -894 -921 -903 -912 -903 -894 -894 -903 -903 -903 -894 -921 -921 -912 -921 -912 -921 -939 -912 -903 -939 -921 -921 -921 -921 -921 -921 -930 -939 -930 -930 -921 -930 -912 -930 -912 -912 -921 -939 -921 -903 -930 -912 -894 -912 -903 -921 -912 -921 -921 -930 -930 -912 -921 -921 -921 -939 -938 -938 -930 -938 -903 -921 -912 -938 -947 -938 -920 -921 -930 -921 -912 -930 -921 -921 -939 -930 -912 -921 -894 -921 -912 -930 -921 -920 -929 -930 -930 -930 -930 -930 -921 -921 -947 -939 -939 -930 -939 -930 -921 -921 -930 -921 -939 -930 -921 -921 -912 -930 -939 -930 -912 -894 -921 -912 -903 -930 -921 -921 -921 -921 -930 -930 -921 -921 -930 -921 -912 -912 -903 -912 -930 -947 -930 -956 -939 -939 -930 -921 -947 -956 -947 -939 -974 -956 -947 -956 -965 -956 -956 -939 -965 -965 -956 -965 -956 -956 -974 -956 -983 -974 -947 -965 -965 -974 -965 -956 -974 -956 -956 -965 -974 -965 -965 -947 -965 -947 -956 -965 -947 -947 -947 -930 -938 -947 -947 -947 -930 -939 -939 -939 -930 -921 -956 -929 -939 -938 -939 -947 -930 -930 -930 -939 -930 -938 -921 -938 -938 -921 -938 -921 -930 -930 -939 -921 -921 -938 -903 -921 -921 -921 -912 -903 -921 -912 -912 -903 -912 -930 -930 -921 -930 -903 -912 -912 -912 -894 -912 -921 -930 -921 -894 -903 -921 -912 -912 -921 -903 -912 -885 -894 -885 -876 -885 -894 -867 -876 -885 -867 -876 -876 -858 -858 -858 -841 -858 -850 -850 -841 -858 -850 -850 -850 -841 -858 -841 -841 -841 -841 -850 -850 -850 -858 -832 -832 -850 -841 -823 -858 -841 -832 -832 -850 -841 -841 -832 -832 -850 -841 -850 -832 -841 -832 -841 -814 -806 -823 -841 -832 -814 -832
-850 -858 -876 -876 -867 -858 -867 -858 -858 -876 -894 -894 -876 -858 -858 -885 -885 -894 -885 -894 -894 -867 -903 -858 -885 -885 -903 -894 -885 -894 -894 -876 -876 -903 -885 -885 -885 -894 -903 -876 -894 -885 -894 -885 -885 -894 -867 -903 -885 -885 -867 -885 -876 -894 -876 -885 -903 -885 -876 -885 -903 -894 -894 -903 -903 -894 -885 -894 -903 -894 -894 -876 -894 -867 -894 -912 -894 -894 -894 -894 -894 -903 -885 -894 -912 -903 -894 -903 -885 -894 -894 -894 -894 -894 -894 -903 -921 -912 -894 -912 -903 -912 -903 -903 -894 -921 -912 -903 -921 -885 -903 -894 -903 -903 -894 -894 -894 -903 -894 -894 -885 -894 -894 -903 -885 -903 -912 -894 -912 -894 -912 -903 -894 -903 -912 -894 -912 -903 -903 -903 -885 -903 -903 -903 -903 -885 -903 -912 -903 -894 -903 -921 -912 -921 -912 -894 -912 -903 -912 -912 -894 -903 -903 -912 -894 -921 -894 -903 -894 -903 -921 -921 -912 -894 -921 -903 -930 -912 -912 -930 -930 -939 -939 -912 -939 -921 -912 -921 -894 -894 -912 -930 -921 -921 -921 -912 -912 -903 -903 -912 -903 -903 -903 -921 -912 -903 -921 -912 -903 -912 -912 -903 -921 -921 -912 -921 -912 -912 -930 -921 -912 -921 -938 -939 -930 -912 -921 -930 -921 -930 -921 -921 -921 -912 -921 -912 -921 -903 -921 -912 -921 -903 -921 -930 -921 -894 -912 -921 -930 -930 -930 -939 -921 -911 -930 -921 -939 -939 -938 -912 -921 -912 -930 -930 -930 -930 -903 -921 -930 -930 -912 -930 -921 -921 -912 -894 -947 -912 -912 -938 -930 -939 -938 -921 -903 -930 -912 -938 -930 -921 -929 -921 -930 -920 -912 -930 -930 -921 -939 -903 -939 -921 -939 -912 -921 -921 -912 -921 -894 -939 -912 -894 -921 -921 -939 -930 -939 -921 -921 -912 -921 -921 -939 -921 -921 -939 -921 -947 -947 -956 -930 -947 -956 -965 -974 -956 -974 -965 -947 -965 -965 -965 -947 -956 -947 -956 -939 -947 -974 -956 -965 -965 -974 -965 -956 -965 -947 -956 -974 -965 -965 -947 -956 -974 -956 -965 -974 -956 -956 -947 -947 -956 -956 -956 -947 -965 -956 -947 -938 -939 -956 -938 -930 -947 -939 -930 -939 -939 -921 -947 -930 -930 -956 -939 -921 -939 -947 -930 -929 -930 -939 -938 -930 -921 -912 -938 -939 -947 -903 -947 -921 -903 -912 -903 -903 -903 -894 -903 -930 -912 -903 -912 -903 -930 -912 -903 -894 -921 -930 -903 -921 -903 -930 -912 -903 -921 -894 -903 -885 -912 -885 -885 -885 -903 -876 -885 -894 -885 -876 -894 -858 -867 -850 -885 -858 -867 -867 -850 -850 -841 -841 -850 -858 -850 -850 -841 -841 -858 -858 -850 -850 -858 -858 -841 -832 -841 -841 -850 -850 -850 -850 -850 -850 -841 -850 -841 -850 -814 -832 -832 -850 -841 -841 -823 -823 -823 -814 -823 -832 -823 -832 -814 -823 -814 -823 -823 -814 -823 -814 -823 -806 -806
-876 -885 -885 -876 -867 -876 -885 -876 -885 -885 -876 -885 -876 -876 -894 -885 -876 -894 -885 -876 -894 -885 -867 -894 -876 -885 -867 -885 -894 -894 -894 -894 -903 -885 -894 -876 -876 -885 -885 -885 -894 -903 -894 -894 -876 -858 -894 -885 -894 -876 -885 -876 -876 -885 -885 -894 -894 -885 -885 -876 -894 -885 -885 -876 -894 -885 -885 -885 -903 -894 -903 -894 -894 -903 -894 -912 -912 -903 -894 -912 -894 -894 -903 -894 -885 -894 -912 -885 -894 -894 -903 -894 -911 -903 -912 -885 -912 -894 -894 -894 -894 -912 -903 -885 -921 -894 -921 -912 -885 -903 -894 -885 -903 -885 -894 -894 -903 -894 -903 -903 -903 -912 -903 -894 -894 -903 -903 -912 -894 -912 -912 -912 -912 -894 -912 -894 -903 -921 -885 -903 -903 -921 -930 -894 -894 -912 -903 -912 -903 -894 -903 -894 -903 -903 -903 -912 -903 -894 -903 -903 -894 -894 -903 -912 -903 -921 -894 -894 -912 -921 -903 -903 -903 -921 -903 -921 -921 -930 -903 -921 -921 -912 -894 -921 -903 -912 -894 -903 -921 -912 -921 -894 -912 -921 -894 -912 -930 -939 -930 -903 -921 -912 -903 -921 -903 -930 -930 -912 -930 -912 -903 -930 -930 -921 -912 -930 -930 -938 -912 -903 -930 -912 -930 -921 -912 -921 -912 -930 -903 -930 -903 -921 -912 -921 -921 -921 -938 -921 -912 -903 -930 -921 -903 -912 -921 -921 -939 -903 -930 -930 -939 -938 -912 -921 -903 -939 -912 -921 -894 -930 -930 -903 -938 -912 -921 -921 -929 -939 -921 -912 -903 -921 -903 -921 -930 -930 -930 -930 -947 -930 -939 -912 -921 -912 -912 -912 -912 -921 -947 -930 -921 -921 -921 -921 -930 -930 -912 -912 -921 -912 -903 -912 -930 -903 -911 -912 -912 -930 -912 -912 -894 -921 -921 -938 -903 -930 -903 -912 -930 -930 -947 -947 -930 -965 -947 -956 -965 -974 -956 -965 -947 -956 -939 -930 -965 -947 -956 -956 -939 -947 -965 -956 -965 -956 -965 -956 -965 -956 -974 -965 -947 -956 -965 -983 -956 -965 -947 -965 -974 -947 -947 -965 -939 -956 -956 -947 -974 -947 -965 -947 -939 -956 -947 -938 -939 -939 -939 -947 -947 -939 -939 -947 -938 -947 -939 -921 -930 -947 -939 -947 -930 -947 -939 -956 -947 -921 -947 -930 -930 -921 -930 -912 -930 -912 -921 -912 -912 -921 -921 -912 -912 -921 -921 -894 -903 -903 -894 -903 -903 -912 -920 -939 -912 -912 -939 -921 -921 -903 -921 -903 -912 -894 -894 -894 -885 -885 -894 -903 -876 -876 -876 -867 -876 -867 -876 -867 -858 -885 -867 -867 -841 -858 -841 -823 -841 -858 -841 -823 -841 -858 -850 -850 -850 -850 -850 -841 -841 -850 -850 -858 -841 -858 -841 -841 -841 -841 -850 -823 -832 -850 -841 -832 -823 -832 -841 -841 -814 -832 -832 -850 -823 -841 -823 -832 -823 -823 -814 -823 -814 -806 -805 -814 -823 -832 -806 -806 -823 -797 -797 -797 -814 -806
-876 -867 -876 -858 -885 -885 -885 -894 -867 -885 -850 -903 -867 -885 -894 -885 -885 -885 -885 -885 -885 -894 -876 -885 -867 -903 -867 -894 -885 -912 -894 -876 -885 -894 -894 -876 -894 -894 -894 -894 -885 -867 -885 -885 -894 -885 -885 -894 -885 -876 -876 -876 -885 -885 -903 -894 -903 -894 -885 -903 -894 -903 -921 -903 -903 -894 -885 -903 -903 -894 -912 -894 -903 -894 -885 -903 -885 -912 -894 -894 -903 -894 -885 -903 -894 -921 -903 -912 -903 -903 -920 -894 -894 -912 -894 -894 -912 -903 -903 -894 -876 -885 -912 -894 -894 -894 -885 -903 -894 -894 -903 -903 -912 -894 -912 -903 -921 -894 -903 -894 -903 -903 -903 -912 -894 -912 -894 -903 -903 -921 -912 -912 -912 -921 -921 -912 -912 -921 -894 -912 -921 -930 -903 -894 -903 -894 -885 -885 -903 -885 -894 -921 -894 -912 -930 -894 -912 -912 -921 -903 -903 -894 -912 -894 -912 -921 -921 -912 -912 -921 -930 -912 -921 -912 -912 -894 -921 -912 -912 -903 -921 -894 -894 -903 -930 -903 -903 -903 -921 -912 -912 -921 -912 -903 -912 -912 -912 -921 -903 -903 -912 -912 -939 -912 -912 -921 -912 -930 -947 -930 -930 -903 -903 -912 -938 -921 -912 -912 -921 -912 -912 -912 -894 -921 -921 -930 -912 -921 -930 -912 -921 -930 -921 -930 -930 -930 -938 -939 -930 -930 -921 -921 -921 -921 -930 -921 -929 -912 -921 -939 -938 -930 -939 -921 -939 -930 -930 -912 -903 -930 -921 -930 -930 -929 -921 -912 -939 -921 -930 -930 -930 -930 -929 -912 -903 -930 -912 -930 -930 -939 -921 -930 -930 -930 -930 -939 -921 -912 -912 -903 -912 -930 -903 -912 -912 -912 -912 -930 -903 -912 -921 -930 -903 -921 -912 -930 -921 -912 -930 -939 -938 -938 -921 -939 -939 -947 -947 -939 -956 -965 -974 -947 -947 -965 -947 -938 -956 -939 -947 -947 -956 -965 -956 -965 -965 -983 -956 -965 -974 -965 -983 -939 -965 -983 -974 -974 -965 -956 -965 -965 -947 -956 -947 -947 -939 -974 -956 -965 -947 -947 -956 -938 -965 -939 -930 -939 -947 -947 -947 -938 -947 -939 -930 -947 -939 -939 -939 -939 -939 -938 -947 -947 -929 -939 -939 -930 -947 -930 -930 -938 -930 -912 -912 -939 -921 -921 -921 -921 -912 -903 -912 -903 -930 -903 -903 -930 -912 -912 -903 -912 -912 -894 -912 -912 -894 -930 -921 -912 -921 -912 -903 -903 -903 -894 -894 -885 -894 -885 -894 -894 -885 -867 -867 -885 -867 -867 -867 -867 -850 -850 -867 -841 -858 -841 -850 -841 -850 -823 -841 -841 -832 -832 -841 -858 -850 -850 -841 -832 -850 -850 -832 -841 -850 -850 -832 -850 -832 -841 -841 -850 -850 -841 -841 -841 -850 -858 -850 -841 -850 -823 -841 -832 -832 -823 -832 -841 -823 -814 -814 -814 -823 -814 -806 -806 -806 -797 -814 -788 -806 -814 -814 -814 -797 -788 -806 -797 -797 -814 -788 -806 -797 -788
-885 -885 -912 -894 -885 -858 -876 -903 -885 -885 -903 -885 -894 -858 -894 -894 -876 -885 -894 -894 -894 -894 -894 -876 -894 -894 -903 -885 -876 -885 -894 -885 -885 -885 -894 -885 -885 -885 -894 -903 -885 -894 -867 -885 -885 -894 -885 -885 -885 -894 -894 -894 -885 -885 -885 -885 -903 -885 -903 -885 -894 -876 -885 -912 -894 -894 -903 -903 -894 -903 -903 -903 -903 -885 -903 -885 -885 -921 -903 -894 -921 -903 -903 -903 -894 -912 -885 -894 -921 -912 -912 -894 -912 -912 -903 -912 -894 -894 -903 -903 -912 -921 -894 -921 -921 -912 -903 -894 -894 -912 -903 -912 -903 -920 -903 -912 -912 -894 -912 -894 -912 -894 -912 -912 -867 -912 -921 -912 -903 -921 -894 -912 -912 -903 -903 -912 -894 -903 -894 -894 -903 -903 -912 -921 -903 -894 -903 -912 -894 -894 -885 -921 -903 -912 -921 -912 -921 -921 -930 -912 -912 -938 -912 -921 -921 -912 -912 -921 -912 -912 -894 -903 -903 -912 -894 -912 -903 -903 -903 -912 -903 -929 -903 -912 -912 -921 -912 -930 -903 -903 -921 -903 -903 -921 -912 -903 -939 -930 -921 -930 -921 -930 -912 -912 -912 -894 -894 -929 -921 -903 -903 -921 -929 -894 -903 -921 -921 -912 -894 -930 -921 -930 -939 -912 -921 -930 -930 -938 -912 -921 -938 -938 -912 -939 -921 -930 -930 -939 -930 -921 -930 -921 -921 -930 -921 -912 -921 -921 -921 -912 -947 -930 -921 -921 -929 -938 -921 -939 -912 -921 -921 -921 -930 -921 -938 -921 -930 -912 -921 -930 -921 -939 -912 -921 -930 -912 -930 -930 -921 -921 -921 -921 -912 -921 -912 -912 -912 -930 -903 -921 -921 -912 -903 -912 -939 -912 -939 -921 -903 -894 -939 -921 -930 -920 -939 -939 -965 -974 -956 -956 -947 -939 -965 -947 -947 -939 -974 -938 -965 -947 -974 -956 -956 -974 -939 -956 -974 -965 -974 -956 -965 -965 -974 -947 -965 -965 -983 -947 -947 -965 -965 -956 -939 -965 -947 -956 -956 -956 -939 -947 -965 -939 -965 -939 -947 -939 -947 -938 -930 -956 -938 -947 -939 -939 -938 -939 -947 -939 -930 -939 -938 -930 -939 -939 -939 -930 -939 -930 -939 -939 -939 -921 -930 -903 -921 -929 -912 -921 -912 -903 -894 -912 -894 -921 -912 -903 -903 -894 -912 -912 -894 -921 -903 -903 -930 -912 -921 -921 -912 -921 -903 -912 -885 -921 -912 -912 -903 -894 -894 -894 -885 -885 -885 -876 -876 -876 -867 -850 -858 -850 -858 -858 -850 -858 -858 -850 -850 -823 -850 -823 -858 -850 -841 -841 -850 -841 -850 -841 -850 -858 -832 -841 -841 -841 -858 -850 -858 -841 -841 -841 -850 -841 -841 -832 -841 -823 -841 -841 -814 -850 -814 -823 -823 -823 -832 -823 -850 -823 -832 -832 -823 -806 -814 -823 -814 -806 -823 -797 -806 -806 -814 -806 -788 -797 -805 -806 -797 -806 -770 -788 -814 -779 -814 -806 -788 -797 -788 -797 -788 -788 -797 -797
-894 -876 -894 -894 -876 -894 -876 -894 -894 -894 -885 -894 -876 -885 -894 -885 -894 -885 -876 -867 -894 -885 -876 -885 -894 -894 -903 -894 -885 -894 -894 -894 -903 -894 -894 -912 -894 -912 -894 -903 -885 -894 -858 -903 -894 -894 -894 -894 -894 -894 -903 -885 -903 -885 -912 -912 -894 -894 -903 -912 -903 -894 -903 -903 -912 -903 -921 -930 -912 -894 -894 -912 -903 -912 -921 -912 -903 -912 -912 -894 -894 -903 -894 -903 -903 -894 -903 -894 -885 -912 -894 -903 -903 -903 -903 -894 -912 -903 -903 -912 -903 -912 -903 -921 -921 -921 -903 -912 -894 -912 -903 -903 -912 -912 -921 -912 -912 -894 -903 -912 -921 -894 -930 -894 -912 -912 -903 -912 -930 -894 -903 -885 -912 -885 -894 -894 -903 -912 -903 -930 -921 -912 -903 -912 -903 -921 -903 -921 -903 -930 -903 -903 -903 -921 -930 -921 -912 -903 -912 -912 -921 -930 -912 -912 -903 -894 -921 -903 -912 -894 -903 -921 -921 -912 -903 -921 -903 -921 -921 -930 -903 -929 -912 -921 -930 -912 -921 -921 -930 -921 -912 -930 -939 -921 -930 -930 -921 -921 -903 -912 -930 -894 -894 -921 -930 -912 -912 -903 -930 -912 -920 -912 -912 -930 -903 -912 -912 -939 -930 -921 -930 -930 -930 -912 -921 -930 -939 -921 -930 -930 -939 -921 -903 -921 -911 -930 -912 -921 -939 -903 -921 -903 -930 -912 -939 -938 -921 -921 -921 -929 -921 -939 -947 -912 -912 -921 -930 -921 -921 -930 -921 -912 -939 -939 -930 -912 -912 -939 -930 -930 -912 -921 -912 -930 -921 -912 -921 -921 -912 -921 -930 -930 -921 -921 -921 -921 -921 -912 -921 -921 -938 -921 -947 -921 -947 -947 -938 -947 -947 -947 -965 -974 -929 -956 -947 -956 -947 -956 -956 -965 -974 -947 -956 -947 -947 -974 -965 -956 -974 -965 -974 -956 -965 -965 -974 -974 -974 -965 -965 -939 -947 -974 -947 -956 -965 -956 -974 -974 -956 -939 -956 -965 -947 -947 -939 -965 -939 -947 -930 -930 -939 -947 -930 -947 -938 -938 -938 -947 -930 -939 -921 -956 -947 -947 -947 -947 -947 -947 -930 -930 -921 -939 -930 -947 -912 -921 -903 -930 -903 -921 -921 -912 -930 -912 -921 -912 -903 -903 -930 -921 -921 -912 -921 -921 -912 -921 -921 -921 -921 -930 -903 -903 -894 -912 -912 -912 -894 -912 -912 -894 -894 -876 -894 -903 -885 -876 -867 -876 -858 -876 -867 -867 -850 -867 -858 -850 -850 -850 -841 -858 -850 -858 -841 -832 -850 -841 -832 -858 -832 -841 -841 -850 -841 -850 -841 -841 -841 -850 -850 -841 -850 -850 -832 -832 -841 -832 -850 -841 -841 -814 -814 -841 -823 -850 -832 -832 -841 -823 -814 -823 -814 -832 -823 -797 -814 -814 -805 -814 -806 -806 -806 -806 -805 -806 -823 -806 -806 -805 -806 -806 -797 -797 -797 -788 -806 -806 -788 -797 -779 -797 -796 -779 -805 -788 -770 -779 -770 -788 -797 -788 -779 -788
-885 -876 -885 -867 -885 -894 -903 -885 -876 -885 -876 -867 -876 -903 -885 -867 -876 -885 -885 -903 -885 -894 -876 -894 -885 -885 -876 -885 -903 -894 -894 -912 -894 -894 -894 -894 -885 -894 -903 -903 -903 -885 -876 -894 -885 -894 -894 -921 -903 -903 -894 -912 -903 -885 -894 -885 -921 -903 -894 -894 -903 -885 -876 -885 -894 -903 -903 -894 -912 -912 -912 -912 -885 -903 -894 -894 -885 -876 -894 -912 -894 -903 -894 -921 -912 -894 -903 -912 -885 -894 -894 -903 -894 -921 -903 -894 -903 -894 -921 -903 -903 -894 -903 -885 -930 -894 -903 -903 -903 -912 -912 -912 -921 -912 -903 -912 -921 -912 -921 -903 -903 -894 -894 -903 -921 -903 -921 -903 -921 -903 -903 -903 -894 -903 -894 -912 -930 -903 -912 -903 -921 -912 -912 -903 -903 -921 -912 -903 -920 -921 -903 -903 -912 -903 -912 -912 -912 -912 -912 -921 -903 -903 -912 -912 -921 -903 -903 -930 -912 -912 -912 -912 -930 -921 -903 -912 -912 -921 -921 -921 -930 -912 -930 -912 -921 -912 -903 -912 -912 -930 -912 -930 -903 -921 -912 -903 -930 -903 -903 -912 -912 -912 -930 -921 -920 -930 -921 -930 -912 -939 -921 -939 -912 -912 -938 -930 -921 -912 -930 -921 -912 -921 -912 -903 -912 -930 -912 -912 -930 -939 -930 -912 -912 -912 -912 -921 -921 -903 -903 -921 -930 -921 -912 -939 -921 -903 -938 -930 -947 -912 -939 -921 -912 -921 -930 -930 -903 -921 -930 -921 -912 -921 -912 -903 -921 -912 -930 -903 -912 -912 -921 -903 -912 -921 -912 -912 -921 -912 -930 -894 -930 -894 -921 -912 -930 -930 -929 -921 -930 -939 -947 -939 -956 -965 -956 -956 -947 -956 -947 -938 -956 -947 -956 -947 -956 -947 -965 -974 -965 -947 -965 -956 -965 -974 -974 -965 -956 -974 -974 -983 -974 -956 -974 -947 -956 -956 -956 -947 -947 -947 -956 -947 -947 -947 -939 -938 -947 -956 -947 -947 -965 -939 -956 -939 -956 -939 -947 -947 -939 -938 -947 -938 -921 -939 -930 -938 -930 -939 -938 -939 -930 -929 -939 -938 -921 -939 -912 -921 -920 -912 -921 -903 -912 -930 -921 -894 -894 -929 -903 -903 -903 -903 -903 -912 -921 -921 -939 -930 -903 -921 -912 -939 -912 -903 -903 -921 -921 -912 -912 -912 -894 -920 -894 -894 -903 -876 -867 -876 -876 -867 -867 -876 -867 -867 -850 -841 -850 -858 -850 -850 -841 -850 -850 -858 -832 -858 -832 -858 -850 -832 -841 -850 -850 -850 -841 -850 -850 -850 -858 -850 -832 -841 -858 -841 -832 -850 -850 -814 -841 -832 -823 -841 -841 -832 -841 -841 -850 -850 -832 -832 -823 -814 -823 -841 -823 -797 -832 -823 -823 -823 -806 -796 -806 -814 -814 -788 -806 -797 -797 -797 -770 -779 -797 -779 -797 -806 -806 -797 -806 -797 -779 -806 -805 -770 -788 -797 -788 -814 -770 -788 -761 -779 -770 -788 -761 -770 -779 -797 -770 -761 -770 -770
-867 -903 -885 -894 -876 -912 -885 -885 -876 -867 -885 -903 -894 -876 -903 -894 -912 -876 -894 -894 -903 -885 -894 -912 -894 -867 -903 -894 -894 -894 -894 -903 -894 -894 -876 -903 -912 -885 -894 -894 -894 -894 -903 -903 -903 -903 -894 -912 -894 -894 -885 -912 -903 -903 -903 -894 -876 -894 -903 -903 -894 -921 -912 -894 -894 -903 -894 -885 -894 -903 -903 -912 -903 -903 -894 -894 -885 -903 -903 -912 -894 -903 -903 -894 -894 -903 -903 -903 -903 -903 -903 -903 -903 -894 -912 -929 -921 -912 -894 -912 -912 -921 -921 -903 -903 -912 -903 -912 -921 -912 -885 -903 -894 -930 -903 -894 -921 -903 -903 -894 -903 -885 -903 -903 -912 -930 -903 -921 -921 -921 -912 -921 -930 -930 -903 -930 -912 -912 -912 -912 -912 -903 -903 -921 -921 -903 -885 -912 -912 -912 -903 -921 -894 -912 -903 -912 -912 -912 -912 -912 -912 -939 -921 -930 -921 -903 -930 -894 -912 -921 -930 -903 -929 -921 -903 -903 -939 -929 -894 -930 -921 -903 -912 -912 -930 -930 -885 -921 -921 -912 -929 -921 -921 -912 -903 -912 -921 -921 -903 -912 -903 -939 -921 -930 -939 -938 -929 -921 -939 -921 -921 -939 -930 -912 -921 -921 -921 -912 -929 -938 -930 -921 -921 -930 -921 -930 -921 -956 -921 -921 -921 -903 -930 -930 -930 -930 -939 -912 -921 -930 -912 -930 -930 -930 -921 -903 -921 -939 -912 -930 -921 -930 -930 -930 -912 -903 -921 -921 -912 -903 -894 -921 -930 -912 -912 -894 -903 -921 -930 -921 -921 -921 -921 -912 -921 -930 -930 -939 -956 -939 -947 -947 -983 -956 -974 -965 -947 -974 -956 -956 -956 -974 -974 -965 -947 -947 -939 -947 -956 -974 -974 -956 -956 -965 -947 -939 -947 -974 -956 -965 -974 -974 -947 -974 -974 -965 -974 -974 -983 -965 -965 -939 -930 -965 -947 -947 -947 -947 -956 -939 -947 -947 -947 -947 -947 -930 -939 -939 -938 -939 -939 -939 -938 -939 -947 -938 -947 -938 -939 -939 -947 -939 -947 -930 -930 -947 -930 -930 -930 -912 -921 -912 -921 -921 -912 -894 -903 -903 -903 -912 -930 -921 -912 -912 -912 -894 -921 -912 -921 -921 -912 -921 -930 -912 -920 -903 -903 -912 -885 -903 -930 -894 -885 -903 -894 -885 -885 -876 -894 -867 -885 -867 -867 -867 -867 -858 -858 -858 -858 -858 -858 -850 -850 -841 -832 -823 -850 -850 -832 -850 -832 -841 -850 -850 -850 -841 -841 -841 -841 -841 -841 -841 -841 -832 -850 -832 -832 -832 -832 -832 -841 -832 -841 -823 -814 -832 -823 -823 -814 -841 -823 -841 -823 -806 -805 -832 -823 -823 -814 -814 -797 -814 -814 -797 -797 -814 -797 -806 -814 -806 -806 -797 -797 -797 -788 -797 -805 -805 -797 -797 -788 -796 -770 -788 -788 -797 -761 -779 -788 -779 -788 -770 -788 -779 -779 -761 -770 -770 -770 -770 -779 -770 -779 -743 -770 -770 -752 -752 -761 -761 -779 -752
-876 -867 -894 -894 -876 -903 -894 -885 -885 -894 -885 -867 -885 -885 -885 -903 -885 -858 -885 -885 -894 -894 -894 -876 -894 -903 -876 -912 -903 -894 -903 -912 -903 -903 -894 -894 -903 -912 -903 -894 -894 -903 -894 -903 -885 -903 -912 -912 -912 -894 -894 -903 -903 -885 -930 -903 -885 -912 -885 -912 -894 -912 -912 -894 -903 -894 -921 -912 -930 -903 -912 -912 -894 -912 -903 -921 -894 -921 -903 -894 -894 -921 -903 -894 -921 -912 -903 -912 -921 -903 -912 -912 -912 -912 -912 -921 -903 -912 -912 -912 -930 -903 -912 -912 -912 -894 -903 -912 -912 -894 -912 -894 -894 -903 -894 -903 -921 -894 -903 -930 -921 -903 -912 -903 -912 -912 -912 -921 -930 -912 -921 -912 -912 -921 -912 -921 -903 -912 -947 -903 -912 -912 -903 -930 -903 -903 -912 -912 -903 -903 -903 -912 -921 -930 -912 -912 -912 -921 -921 -921 -930 -930 -912 -921 -921 -938 -938 -939 -903 -903 -921 -912 -929 -938 -912 -930 -912 -912 -921 -930 -912 -912 -912 -939 -912 -912 -921 -903 -912 -921 -912 -930 -921 -930 -930 -930 -938 -912 -921 -921 -930 -921 -921 -921 -921 -921 -921 -930 -930 -921 -921 -939 -930 -921 -921 -921 -912 -921 -921 -930 -930 -921 -921 -930 -921 -930 -930 -920 -921 -921 -930 -921 -930 -939 -930 -939 -921 -921 -921 -903 -939 -930 -930 -930 -921 -921 -947 -912 -912 -912 -912 -930 -921 -930 -903 -921 -930 -921 -930 -903 -903 -912 -921 -903 -912 -921 -903 -939 -930 -930 -947 -947 -956 -939 -947 -947 -938 -947 -956 -956 -956 -947 -939 -947 -965 -956 -956 -956 -947 -956 -965 -965 -956 -974 -947 -947 -974 -956 -974 -974 -974 -965 -965 -974 -974 -974 -939 -983 -956 -974 -956 -947 -947 -938 -965 -965 -956 -956 -956 -939 -947 -939 -947 -965 -939 -947 -956 -947 -939 -939 -947 -947 -947 -939 -930 -938 -947 -947 -947 -930 -930 -929 -956 -938 -930 -912 -930 -930 -930 -938 -920 -921 -912 -921 -903 -921 -903 -903 -930 -921 -921 -903 -903 -903 -912 -912 -903 -912 -894 -921 -921 -939 -921 -939 -912 -912 -903 -903 -921 -921 -921 -903 -894 -894 -894 -885 -903 -885 -894 -885 -876 -867 -894 -858 -885 -858 -858 -841 -858 -867 -858 -841 -841 -832 -850 -841 -832 -850 -858 -850 -832 -850 -841 -832 -841 -850 -858 -841 -850 -850 -858 -850 -850 -823 -832 -832 -850 -841 -841 -832 -841 -832 -841 -841 -841 -850 -850 -858 -814 -823 -823 -823 -823 -823 -814 -823 -823 -814 -823 -806 -823 -832 -814 -806 -814 -806 -805 -814 -797 -797 -805 -788 -806 -806 -797 -814 -788 -788 -806 -797 -788 -806 -797 -779 -805 -770 -779 -788 -788 -806 -806 -788 -788 -770 -770 -779 -779 -770 -779 -779 -770 -761 -788 -770 -788 -761 -779 -761 -770 -770 -761 -752 -770 -761 -761 -770 -761 -770 -752 -761 -761 -752
-903 -894 -885 -894 -903 -885 -903 -894 -885 -885 -894 -903 -903 -894 -876 -903 -903 -903 -912 -912 -894 -894 -912 -894 -894 -894 -894 -903 -903 -903 -903 -903 -885 -903 -903 -894 -894 -903 -903 -921 -903 -903 -903 -894 -912 -912 -885 -894 -894 -894 -894 -885 -894 -903 -876 -885 -894 -894 -903 -912 -903 -903 -903 -903 -921 -912 -912 -903 -894 -894 -912 -903 -903 -894 -903 -903 -876 -903 -903 -885 -921 -885 -938 -894 -894 -921 -921 -903 -903 -921 -903 -903 -894 -894 -903 -903 -921 -894 -894 -894 -903 -903 -894 -903 -903 -903 -894 -894 -930 -921 -912 -903 -894 -903 -912 -894 -912 -912 -912 -903 -903 -930 -912 -921 -912 -894 -894 -912 -903 -912 -921 -912 -930 -903 -912 -912 -921 -912 -912 -903 -921 -912 -912 -903 -921 -921 -939 -921 -939 -930 -912 -912 -921 -903 -921 -930 -930 -912 -894 -903 -894 -921 -930 -912 -912 -921 -921 -903 -903 -930 -894 -929 -912 -912 -921 -929 -903 -921 -912 -921 -921 -903 -894 -921 -930 -930 -939 -921 -912 -921 -929 -912 -930 -947 -912 -912 -921 -921 -930 -912 -930 -903 -894 -930 -939 -912 -921 -921 -912 -912 -921 -921 -921 -921 -921 -930 -938 -921 -930 -930 -921 -921 -921 -938 -912 -930 -930 -903 -930 -921 -903 -921 -912 -929 -930 -912 -912 -912 -903 -930 -929 -903 -930 -903 -912 -912 -903 -912 -930 -930 -921 -921 -912 -912 -921 -921 -912 -912 -912 -930 -939 -921 -939 -939 -939 -938 -956 -947 -947 -947 -965 -956 -965 -938 -956 -956 -956 -939 -956 -939 -939 -956 -965 -956 -956 -956 -947 -965 -947 -965 -974 -965 -956 -974 -956 -965 -956 -965 -956 -947 -947 -956 -956 -956 -947 -956 -939 -956 -947 -956 -938 -939 -947 -947 -939 -939 -929 -939 -947 -939 -930 -947 -938 -930 -939 -947 -947 -947 -939 -947 -947 -938 -939 -921 -947 -921 -939 -939 -920 -929 -912 -939 -921 -930 -921 -929 -930 -912 -903 -921 -894 -921 -912 -894 -921 -912 -912 -894 -930 -903 -930 -921 -912 -903 -903 -912 -921 -921 -912 -903 -921 -921 -921 -921 -912 -894 -903 -894 -894 -885 -885 -903 -867 -894 -867 -867 -885 -867 -867 -867 -867 -858 -850 -867 -832 -858 -832 -823 -841 -841 -858 -841 -850 -858 -832 -841 -841 -841 -841 -841 -841 -858 -823 -850 -841 -841 -841 -858 -832 -841 -850 -823 -841 -841 -850 -850 -850 -850 -832 -823 -850 -841 -814 -823 -850 -823 -823 -823 -823 -814 -814 -823 -814 -814 -788 -797 -814 -814 -806 -814 -797 -797 -805 -814 -806 -797 -788 -797 -788 -797 -797 -814 -797 -788 -805 -779 -797 -787 -806 -779 -788 -797 -779 -779 -788 -797 -788 -770 -788 -778 -770 -761 -770 -761 -752 -770 -770 -779 -752 -761 -770 -743 -752 -761 -761 -761 -770 -761 -761 -743 -770 -752 -734 -761 -779 -761 -770 -752 -743 -761 -761 -743
-876 -885 -885 -894 -885 -885 -894 -894 -894 -903 -894 -885 -894 -894 -903 -903 -912 -903 -876 -894 -903 -894 -894 -903 -885 -894 -894 -903 -903 -912 -903 -894 -894 -903 -903 -894 -894 -894 -921 -894 -885 -903 -894 -885 -885 -903 -885 -894 -903 -903 -894 -894 -903 -894 -912 -930 -903 -894 -894 -903 -903 -912 -894 -894 -903 -912 -903 -903 -903 -912 -912 -903 -903 -912 -903 -903 -894 -903 -912 -894 -920 -912 -912 -894 -903 -903 -903 -903 -894 -885 -903 -894 -894 -903 -912 -921 -903 -894 -912 -912 -903 -894 -912 -912 -921 -903 -903 -903 -912 -921 -912 -921 -912 -903 -921 -921 -903 -894 -912 -912 -903 -903 -903 -912 -894 -903 -921 -930 -929 -903 -912 -912 -921 -912 -912 -921 -903 -929 -903 -929 -912 -921 -930 -930 -930 -921 -912 -903 -903 -921 -939 -912 -930 -921 -930 -921 -912 -930 -912 -912 -903 -903 -911 -912 -921 -912 -921 -930 -921 -903 -912 -912 -921 -921 -921 -938 -929 -912 -947 -930 -947 -921 -939 -929 -929 -939 -912 -921 -912 -912 -930 -930 -921 -903 -921 -939 -930 -912 -903 -903 -929 -921 -903 -903 -903 -921 -930 -939 -912 -921 -912 -939 -930 -912 -921 -939 -938 -921 -929 -930 -921 -920 -911 -903 -921 -921 -929 -930 -912 -912 -930 -912 -912 -930 -912 -912 -921 -912 -903 -921 -921 -912 -921 -930 -930 -903 -912 -903 -921 -921 -903 -930 -921 -921 -930 -947 -939 -938 -947 -939 -947 -939 -965 -991 -947 -965 -965 -939 -939 -956 -938 -956 -956 -974 -939 -965 -965 -947 -956 -956 -983 -974 -939 -965 -974 -983 -965 -983 -965 -974 -974 -956 -965 -965 -939 -965 -965 -956 -956 -947 -921 -939 -956 -939 -939 -939 -929 -947 -956 -938 -939 -939 -921 -947 -930 -939 -947 -929 -939 -947 -938 -930 -930 -938 -947 -965 -938 -930 -929 -947 -947 -939 -903 -921 -921 -930 -921 -930 -912 -912 -912 -929 -912 -903 -903 -921 -894 -894 -903 -894 -903 -903 -921 -903 -903 -894 -912 -912 -912 -912 -939 -903 -912 -885 -903 -894 -903 -912 -903 -894 -894 -876 -894 -894 -876 -858 -876 -867 -867 -876 -850 -867 -832 -850 -858 -850 -858 -841 -841 -841 -841 -858 -850 -850 -841 -841 -832 -823 -841 -850 -832 -850 -841 -850 -841 -841 -850 -832 -841 -832 -814 -832 -850 -841 -832 -823 -823 -850 -841 -841 -814 -850 -823 -814 -832 -832 -841 -841 -823 -823 -814 -814 -823 -805 -797 -814 -814 -823 -823 -814 -823 -797 -806 -806 -805 -805 -806 -806 -779 -814 -806 -788 -797 -788 -788 -779 -797 -797 -797 -788 -788 -788 -788 -779 -797 -788 -779 -779 -779 -788 -779 -770 -770 -770 -788 -779 -761 -761 -770 -770 -761 -761 -779 -761 -743 -761 -761 -761 -761 -743 -743 -761 -752 -761 -743 -752 -761 -752 -752 -761 -761 -752 -752 -752 -761 -734 -734 -752 -734 -752 -743 -743
-894 -903 -894 -894 -885 -894 -912 -903 -903 -894 -903 -912 -912 -903 -885 -894 -903 -903 -903 -894 -912 -894 -903 -885 -885 -903 -894 -912 -903 -912 -903 -894 -921 -885 -894 -894 -894 -921 -885 -894 -894 -903 -885 -894 -912 -903 -894 -903 -894 -921 -894 -903 -912 -903 -921 -894 -894 -894 -894 -876 -894 -912 -885 -903 -930 -903 -921 -912 -921 -903 -912 -894 -921 -894 -921 -903 -903 -912 -912 -903 -903 -903 -894 -894 -912 -885 -912 -903 -912 -912 -912 -903 -912 -903 -912 -912 -912 -903 -903 -903 -903 -939 -912 -903 -903 -903 -885 -912 -912 -903 -894 -912 -903 -903 -912 -903 -912 -903 -912 -903 -903 -903 -921 -921 -921 -894 -912 -921 -903 -903 -912 -921 -921 -921 -912 -912 -921 -912 -912 -912 -930 -921 -921 -939 -939 -921 -921 -912 -903 -903 -921 -930 -921 -903 -894 -903 -912 -912 -921 -921 -903 -912 -921 -921 -912 -929 -939 -938 -939 -912 -939 -921 -912 -947 -930 -930 -930 -930 -921 -930 -930 -921 -921 -921 -921 -894 -912 -921 -903 -930 -921 -930 -903 -912 -921 -921 -939 -930 -939 -930 -921 -930 -921 -912 -921 -929 -912 -921 -912 -929 -930 -903 -930 -930 -930 -939 -921 -921 -903 -930 -912 -912 -939 -921 -921 -903 -921 -921 -921 -920 -912 -912 -912 -894 -903 -930 -912 -903 -912 -921 -921 -930 -929 -921 -930 -938 -939 -947 -956 -965 -965 -939 -947 -956 -965 -965 -956 -965 -974 -956 -956 -965 -965 -956 -956 -939 -956 -956 -965 -956 -965 -983 -965 -983 -974 -956 -947 -965 -965 -965 -974 -965 -965 -947 -956 -956 -939 -956 -956 -947 -956 -947 -956 -947 -947 -947 -956 -947 -965 -956 -939 -947 -939 -938 -929 -939 -921 -938 -929 -939 -947 -930 -930 -930 -939 -930 -930 -921 -939 -921 -939 -939 -930 -912 -912 -921 -921 -903 -921 -912 -921 -912 -921 -903 -903 -903 -912 -930 -921 -912 -921 -912 -921 -921 -894 -912 -921 -921 -930 -912 -930 -903 -929 -903 -903 -912 -903 -912 -894 -894 -903 -885 -885 -876 -885 -885 -876 -885 -858 -867 -850 -858 -850 -867 -850 -850 -867 -850 -858 -841 -850 -858 -832 -832 -832 -841 -858 -850 -841 -858 -850 -850 -850 -858 -832 -858 -841 -850 -858 -832 -832 -832 -814 -850 -823 -832 -841 -850 -841 -841 -832 -832 -832 -814 -841 -832 -841 -832 -832 -841 -841 -806 -806 -832 -806 -814 -841 -814 -814 -797 -806 -806 -823 -806 -797 -806 -797 -788 -797 -797 -788 -797 -779 -796 -797 -805 -788 -797 -806 -779 -779 -797 -770 -797 -788 -797 -797 -788 -788 -797 -779 -761 -788 -779 -779 -770 -779 -770 -761 -761 -779 -761 -770 -761 -770 -752 -743 -752 -752 -761 -752 -761 -761 -752 -752 -761 -761 -734 -734 -761 -743 -743 -761 -761 -752 -761 -743 -761 -743 -752 -761 -725 -743 -752 -725 -743 -752 -743 -743 -734 -761 -743
-903 -903 -894 -912 -903 -903 -894 -894 -894 -903 -912 -912 -885 -912 -903 -894 -894 -903 -921 -903 -894 -894 -903 -876 -912 -894 -894 -894 -903 -876 -885 -894 -894 -912 -903 -894 -903 -903 -894 -894 -903 -912 -921 -912 -903 -885 -912 -885 -903 -903 -903 -903 -903 -894 -903 -912 -903 -894 -903 -903 -912 -921 -903 -912 -912 -912 -912 -930 -903 -894 -894 -903 -903 -912 -894 -912 -903 -903 -885 -912 -903 -903 -921 -903 -894 -894 -912 -903 -912 -921 -912 -912 -930 -903 -921 -903 -912 -939 -912 -921 -894 -930 -921 -894 -894 -930 -903 -912 -903 -894 -894 -912 -903 -903 -903 -894 -903 -912 -930 -912 -921 -912 -903 -930 -939 -921 -921 -921 -912 -921 -921 -903 -929 -921 -912 -912 -903 -938 -939 -921 -912 -921 -921 -903 -912 -930 -939 -921 -903 -894 -903 -921 -930 -912 -930 -912 -930 -921 -912 -930 -912 -912 -930 -947 -938 -939 -921 -921 -912 -912 -938 -894 -929 -939 -930 -929 -921 -912 -921 -939 -903 -921 -921 -930 -930 -930 -912 -921 -912 -912 -921 -939 -912 -930 -930 -930 -930 -939 -921 -930 -921 -939 -912 -930 -912 -912 -921 -921 -903 -921 -921 -912 -930 -921 -912 -912 -912 -903 -912 -912 -912 -903 -912 -903 -912 -930 -921 -894 -912 -894 -921 -912 -930 -930 -930 -921 -921 -912 -939 -921 -938 -956 -939 -947 -965 -947 -938 -965 -956 -965 -947 -947 -947 -938 -956 -939 -956 -965 -965 -965 -956 -965 -991 -965 -947 -956 -983 -983 -956 -956 -983 -956 -974 -956 -938 -956 -965 -974 -956 -965 -947 -965 -939 -965 -956 -939 -947 -965 -930 -947 -938 -956 -938 -947 -956 -939 -930 -947 -956 -939 -939 -956 -939 -921 -912 -947 -921 -939 -930 -939 -947 -912 -930 -930 -921 -930 -921 -930 -921 -939 -894 -930 -912 -912 -930 -912 -903 -903 -912 -930 -912 -912 -929 -921 -903 -903 -921 -903 -921 -921 -921 -921 -930 -912 -903 -912 -894 -894 -903 -903 -912 -903 -885 -885 -894 -885 -876 -894 -867 -867 -876 -858 -867 -858 -867 -858 -858 -841 -850 -858 -858 -841 -841 -841 -841 -841 -841 -832 -858 -850 -841 -832 -858 -867 -850 -841 -832 -850 -841 -841 -841 -841 -841 -841 -850 -858 -841 -859 -832 -841 -832 -823 -858 -832 -832 -823 -832 -841 -858 -823 -814 -823 -823 -814 -823 -832 -814 -823 -814 -814 -823 -797 -806 -805 -797 -797 -779 -805 -806 -805 -797 -797 -797 -788 -788 -797 -779 -797 -788 -779 -806 -787 -797 -797 -770 -788 -797 -770 -806 -797 -779 -788 -770 -779 -770 -770 -770 -770 -752 -743 -770 -761 -761 -770 -761 -770 -770 -752 -770 -770 -770 -761 -752 -761 -752 -779 -752 -752 -761 -752 -752 -752 -761 -761 -752 -761 -779 -761 -761 -743 -743 -770 -743 -752 -743 -743 -743 -743 -734 -725 -734 -752 -743 -734 -734 -725 -743 -734 -743 -725 -725 -734
-903 -912 -885 -894 -903 -885 -903 -903 -894 -921 -903 -894 -885 -894 -930 -894 -903 -903 -912 -894 -885 -894 -894 -885 -894 -894 -885 -885 -912 -903 -885 -903 -885 -894 -903 -921 -912 -912 -903 -912 -894 -894 -903 -903 -903 -912 -894 -903 -903 -903 -903 -930 -921 -921 -912 -894 -894 -912 -894 -894 -885 -903 -903 -894 -912 -894 -894 -921 -903 -903 -894 -894 -894 -912 -903 -903 -894 -921 -903 -894 -912 -903 -903 -921 -930 -903 -903 -912 -912 -903 -903 -930 -903 -912 -903 -903 -912 -903 -903 -903 -903 -912 -912 -929 -894 -903 -912 -912 -912 -903 -903 -903 -930 -912 -939 -921 -912 -903 -894 -930 -903 -921 -930 -912 -903 -912 -903 -930 -912 -912 -930 -912 -885 -912 -912 -912 -903 -912 -930 -894 -921 -894 -930 -903 -921 -939 -903 -921 -921 -921 -912 -903 -938 -921 -939 -930 -930 -939 -912 -921 -930 -921 -939 -921 -912 -921 -930 -921 -939 -912 -921 -912 -912 -921 -894 -921 -903 -912 -903 -930 -930 -930 -912 -921 -939 -912 -920 -939 -912 -921 -939 -912 -903 -903 -912 -930 -939 -930 -921 -921 -912 -930 -930 -930 -921 -921 -894 -930 -921 -912 -930 -930 -903 -894 -894 -903 -921 -912 -921 -939 -894 -912 -921 -930 -939 -912 -921 -930 -921 -920 -939 -939 -938 -938 -947 -947 -956 -956 -974 -947 -947 -974 -956 -974 -956 -947 -947 -947 -947 -939 -956 -956 -974 -965 -956 -947 -965 -965 -965 -974 -956 -956 -974 -974 -947 -965 -965 -965 -965 -965 -956 -939 -956 -947 -956 -965 -956 -956 -947 -938 -938 -956 -938 -956 -947 -947 -947 -947 -930 -947 -939 -947 -912 -939 -939 -939 -939 -930 -939 -938 -930 -947 -947 -939 -930 -930 -939 -912 -938 -939 -921 -903 -903 -912 -903 -903 -912 -912 -921 -921 -912 -921 -894 -903 -921 -912 -921 -894 -885 -894 -921 -894 -912 -894 -921 -903 -912 -903 -912 -921 -912 -894 -894 -903 -885 -894 -885 -894 -876 -876 -858 -876 -867 -850 -850 -858 -867 -850 -858 -850 -841 -832 -850 -832 -850 -841 -850 -850 -841 -841 -832 -841 -841 -850 -850 -850 -867 -832 -841 -850 -850 -858 -841 -858 -841 -841 -832 -823 -823 -823 -858 -823 -814 -850 -832 -823 -806 -850 -841 -832 -823 -823 -814 -814 -823 -832 -841 -814 -832 -823 -814 -814 -796 -814 -797 -806 -788 -779 -797 -797 -797 -806 -806 -797 -806 -797 -814 -797 -797 -805 -797 -770 -779 -788 -806 -779 -796 -797 -788 -806 -788 -797 -779 -788 -770 -779 -761 -770 -770 -788 -761 -761 -761 -761 -761 -761 -752 -761 -743 -770 -770 -752 -761 -752 -752 -761 -734 -761 -770 -770 -752 -761 -761 -761 -752 -752 -761 -752 -770 -761 -743 -752 -743 -743 -761 -752 -761 -734 -743 -734 -734 -752 -752 -752 -752 -752 -752 -734 -752 -761 -734 -734 -717 -743 -743 -734 -734 -725 -743 -734 -717 -752
-921 -912 -894 -903 -921 -894 -894 -894 -903 -885 -894 -894 -903 -894 -912 -912 -921 -894 -894 -912 -903 -903 -903 -894 -912 -921 -903 -894 -894 -885 -912 -894 -894 -903 -903 -903 -894 -894 -912 -912 -912 -912 -921 -912 -930 -930 -930 -903 -912 -903 -894 -903 -894 -912 -921 -894 -885 -885 -894 -903 -894 -894 -903 -885 -903 -903 -921 -903 -894 -930 -903 -903 -921 -912 -921 -912 -903 -912 -912 -912 -939 -921 -912 -903 -912 -894 -894 -912 -903 -912 -912 -894 -912 -912 -912 -912 -912 -894 -921 -911 -912 -903 -921 -912 -921 -912 -912 -903 -921 -921 -921 -921 -930 -921 -930 -912 -921 -930 -947 -912 -921 -903 -894 -912 -912 -930 -921 -930 -912 -921 -912 -912 -921 -903 -912 -903 -930 -912 -912 -930 -912 -912 -921 -921 -921 -921 -939 -921 -921 -939 -912 -930 -921 -930 -939 -921 -912 -921 -921 -921 -930 -947 -912 -912 -930 -903 -930 -930 -903 -921 -903 -921 -921 -930 -930 -903 -903 -921 -912 -912 -921 -930 -921 -921 -912 -921 -930 -903 -921 -903 -921 -912 -930 -912 -903 -921 -921 -894 -921 -912 -903 -930 -903 -912 -912 -930 -921 -894 -921 -930 -921 -921 -930 -921 -903 -903 -921 -921 -912 -939 -947 -921 -939 -956 -930 -939 -947 -930 -947 -956 -956 -938 -939 -939 -947 -947 -939 -965 -956 -947 -939 -938 -965 -956 -956 -965 -974 -956 -947 -983 -983 -930 -983 -965 -965 -974 -983 -956 -965 -956 -956 -956 -947 -983 -956 -956 -956 -956 -956 -956 -939 -939 -947 -939 -947 -938 -921 -930 -930 -939 -956 -939 -930 -930 -921 -938 -956 -929 -939 -947 -947 -947 -938 -929 -921 -912 -930 -921 -947 -947 -939 -921 -921 -912 -921 -921 -930 -912 -894 -930 -903 -912 -894 -885 -912 -903 -903 -912 -912 -903 -921 -921 -912 -903 -903 -912 -930 -903 -912 -921 -912 -903 -903 -912 -894 -885 -894 -903 -894 -876 -876 -876 -876 -867 -867 -867 -858 -867 -867 -858 -850 -858 -850 -858 -850 -832 -850 -832 -832 -850 -841 -823 -850 -850 -841 -858 -841 -850 -841 -867 -841 -858 -841 -841 -850 -850 -823 -841 -841 -832 -841 -841 -841 -841 -832 -823 -823 -823 -832 -841 -814 -841 -832 -823 -814 -841 -823 -832 -814 -823 -806 -806 -832 -805 -814 -806 -797 -797 -814 -806 -788 -796 -806 -797 -788 -788 -788 -796 -797 -797 -797 -779 -797 -797 -779 -761 -788 -788 -797 -797 -779 -779 -779 -779 -788 -779 -770 -761 -779 -752 -770 -770 -770 -761 -752 -779 -779 -761 -761 -770 -770 -752 -761 -761 -761 -761 -770 -752 -761 -770 -743 -743 -743 -752 -743 -761 -779 -770 -761 -752 -734 -752 -752 -743 -752 -752 -761 -743 -752 -752 -752 -734 -725 -752 -743 -752 -734 -743 -725 -743 -734 -734 -725 -734 -752 -752 -717 -734 -734 -734 -717 -743 -734 -734 -725 -716 -717 -725 -725 -734 -717 -717
-885 -894 -903 -885 -903 -885 -894 -903 -894 -903 -894 -912 -894 -903 -894 -912 -912 -912 -903 -903 -894 -921 -903 -885 -912 -903 -903 -903 -894 -894 -894 -903 -903 -921 -903 -903 -912 -903 -912 -921 -903 -912 -894 -912 -894 -903 -903 -903 -912 -903 -894 -912 -912 -912 -912 -894 -903 -894 -894 -885 -921 -912 -921 -912 -912 -903 -912 -894 -930 -912 -921 -912 -903 -912 -903 -903 -903 -903 -894 -903 -903 -894 -921 -894 -903 -894 -912 -930 -903 -912 -903 -930 -911 -921 -903 -920 -903 -939 -912 -894 -930 -921 -912 -912 -921 -912 -921 -921 -930 -912 -921 -921 -912 -939 -921 -903 -912 -912 -921 -912 -894 -903 -912 -912 -912 -921 -903 -921 -912 -903 -930 -912 -921 -912 -921 -903 -921 -921 -912 -939 -921 -930 -930 -938 -930 -921 -930 -912 -912 -921 -930 -930 -921 -921 -930 -929 -921 -903 -912 -912 -930 -921 -912 -930 -938 -921 -939 -912 -912 -930 -921 -921 -939 -921 -912 -930 -921 -930 -921 -921 -930 -921 -921 -921 -912 -921 -903 -912 -939 -903 -921 -921 -912 -921 -903 -912 -912 -912 -921 -930 -921 -912 -903 -912 -912 -912 -912 -921 -912 -912 -930 -912 -912 -939 -956 -956 -956 -956 -947 -956 -965 -956 -965 -956 -956 -965 -974 -965 -947 -965 -956 -956 -947 -965 -965 -956 -965 -965 -956 -956 -956 -956 -965 -965 -965 -965 -974 -965 -956 -956 -983 -947 -974 -974 -956 -956 -956 -947 -947 -947 -956 -956 -947 -965 -947 -947 -939 -939 -947 -938 -939 -930 -947 -938 -921 -947 -929 -947 -947 -930 -947 -939 -956 -947 -947 -947 -938 -939 -930 -938 -921 -903 -938 -921 -947 -921 -930 -903 -903 -912 -912 -921 -903 -885 -903 -912 -939 -894 -894 -903 -894 -912 -912 -912 -912 -921 -912 -921 -921 -912 -912 -930 -912 -903 -894 -903 -894 -885 -894 -885 -867 -903 -876 -885 -867 -867 -885 -867 -867 -850 -867 -858 -850 -841 -850 -841 -832 -850 -841 -841 -858 -841 -850 -850 -850 -832 -858 -850 -841 -858 -858 -850 -832 -841 -850 -850 -850 -832 -832 -850 -823 -832 -832 -823 -850 -841 -850 -832 -823 -841 -841 -832 -814 -814 -823 -823 -823 -823 -823 -806 -805 -823 -805 -823 -806 -823 -797 -797 -806 -806 -797 -788 -788 -814 -797 -788 -788 -779 -787 -779 -797 -788 -788 -779 -770 -779 -770 -796 -770 -797 -770 -779 -779 -779 -761 -779 -788 -779 -779 -770 -779 -770 -770 -761 -779 -770 -770 -761 -761 -770 -761 -761 -770 -752 -761 -761 -752 -761 -761 -743 -752 -752 -761 -752 -761 -770 -761 -743 -752 -761 -743 -734 -743 -743 -752 -752 -743 -752 -752 -752 -734 -734 -734 -743 -734 -761 -752 -734 -761 -734 -752 -752 -743 -725 -752 -752 -743 -716 -752 -743 -734 -734 -734 -716 -743 -734 -717 -725 -725 -734 -743 -734 -725 -725 -725 -708 -716 -717 -699 -699 -690 -717
-894 -894 -894 -912 -912 -894 -903 -894 -894 -903 -903 -903 -894 -921 -912 -912 -885 -894 -912 -903 -903 -921 -912 -921 -894 -903 -912 -903 -921 -903 -903 -912 -894 -912 -912 -912 -894 -903 -921 -894 -894 -894 -894 -894 -894 -894 -903 -885 -903 -903 -903 -894 -903 -921 -921 -894 -921 -903 -912 -912 -903 -921 -921 -921 -930 -903 -903 -903 -903 -894 -903 -921 -921 -903 -921 -903 -912 -903 -912 -912 -912 -930 -903 -912 -921 -903 -912 -912 -921 -930 -930 -921 -903 -921 -921 -912 -912 -903 -921 -912 -921 -921 -921 -921 -912 -912 -912 -903 -894 -921 -912 -930 -921 -912 -903 -921 -912 -903 -921 -912 -930 -912 -903 -929 -930 -939 -912 -930 -930 -921 -930 -921 -921 -912 -930 -930 -912 -930 -930 -930 -921 -939 -912 -921 -921 -912 -912 -921 -930 -894 -903 -921 -930 -921 -921 -947 -929 -912 -921 -903 -930 -921 -912 -921 -921 -912 -912 -930 -939 -938 -912 -930 -921 -921 -930 -912 -930 -912 -930 -903 -921 -930 -912 -930 -912 -903 -894 -912 -912 -903 -903 -912 -912 -921 -903 -930 -921 -921 -912 -921 -930 -939 -912 -939 -921 -921 -930 -947 -947 -956 -947 -939 -956 -974 -974 -956 -947 -939 -956 -947 -965 -956 -947 -956 -939 -974 -956 -965 -938 -947 -965 -947 -974 -974 -956 -974 -965 -983 -965 -974 -974 -965 -956 -956 -956 -965 -965 -956 -956 -956 -947 -947 -956 -930 -965 -947 -930 -947 -939 -939 -939 -947 -939 -939 -939 -947 -947 -930 -938 -939 -939 -930 -947 -930 -939 -939 -930 -939 -939 -947 -929 -930 -921 -921 -903 -921 -930 -912 -903 -903 -912 -912 -912 -921 -894 -921 -912 -912 -903 -903 -903 -894 -894 -903 -912 -903 -912 -903 -903 -921 -903 -912 -912 -903 -894 -903 -885 -894 -903 -885 -876 -903 -894 -885 -894 -885 -867 -885 -858 -850 -876 -876 -841 -858 -858 -850 -841 -867 -841 -841 -832 -841 -841 -832 -858 -841 -832 -858 -841 -841 -841 -841 -832 -841 -841 -850 -841 -841 -841 -841 -832 -850 -832 -832 -841 -823 -832 -832 -850 -841 -814 -832 -850 -832 -841 -806 -832 -832 -832 -806 -823 -806 -814 -823 -806 -805 -806 -797 -805 -814 -806 -806 -779 -796 -788 -797 -788 -797 -814 -797 -805 -788 -788 -806 -788 -788 -770 -788 -770 -788 -770 -796 -788 -779 -788 -788 -788 -779 -770 -770 -779 -788 -788 -770 -770 -752 -770 -770 -770 -779 -752 -752 -770 -770 -743 -752 -761 -752 -761 -743 -752 -743 -743 -761 -752 -752 -761 -743 -752 -752 -752 -761 -725 -752 -761 -743 -743 -761 -752 -743 -743 -743 -743 -743 -752 -752 -743 -734 -734 -743 -717 -743 -743 -743 -734 -725 -725 -725 -725 -743 -734 -717 -725 -725 -743 -725 -708 -717 -734 -743 -734 -734 -725 -708 -716 -716 -734 -717 -725 -717 -725 -699 -716 -708 -717 -707 -699 -699 -690 -690 -690 -708
-903 -894 -903 -903 -903 -894 -903 -894 -921 -885 -912 -894 -894 -903 -885 -885 -912 -885 -903 -912 -903 -903 -903 -903 -912 -903 -912 -903 -894 -921 -894 -912 -912 -903 -903 -912 -903 -894 -912 -912 -912 -903 -894 -894 -912 -894 -912 -903 -903 -903 -912 -903 -912 -921 -903 -921 -894 -921 -921 -921 -911 -903 -894 -921 -903 -912 -903 -912 -903 -903 -894 -903 -903 -903 -903 -912 -912 -912 -912 -912 -912 -921 -912 -920 -903 -903 -912 -912 -903 -921 -903 -894 -912 -903 -921 -930 -903 -912 -921 -921 -912 -912 -912 -903 -921 -912 -894 -930 -903 -930 -920 -930 -921 -921 -903 -921 -930 -939 -930 -921 -930 -903 -921 -912 -921 -921 -930 -921 -930 -921 -921 -912 -921 -921 -921 -930 -930 -939 -939 -929 -912 -921 -903 -921 -930 -930 -921 -930 -912 -912 -921 -930 -903 -921 -912 -930 -930 -921 -930 -912 -921 -930 -921 -939 -912 -921 -921 -930 -912 -930 -903 -921 -930 -903 -912 -912 -912 -912 -903 -912 -912 -912 -912 -894 -912 -921 -903 -929 -912 -930 -938 -903 -894 -912 -921 -912 -930 -929 -947 -947 -921 -947 -947 -965 -939 -956 -956 -947 -938 -947 -956 -956 -947 -965 -965 -956 -947 -947 -965 -956 -974 -974 -974 -965 -947 -974 -974 -956 -956 -983 -956 -974 -965 -965 -965 -974 -965 -956 -974 -947 -974 -965 -965 -947 -947 -956 -947 -939 -930 -947 -956 -947 -947 -947 -947 -921 -939 -921 -947 -930 -939 -930 -939 -930 -939 -939 -939 -938 -930 -929 -939 -939 -921 -930 -921 -912 -912 -912 -921 -921 -894 -930 -894 -894 -921 -885 -921 -894 -903 -912 -921 -903 -903 -903 -912 -912 -921 -903 -921 -912 -912 -930 -921 -894 -903 -894 -903 -885 -903 -903 -894 -885 -885 -876 -876 -894 -876 -903 -858 -876 -867 -858 -850 -841 -850 -858 -867 -850 -841 -858 -841 -841 -850 -858 -841 -832 -841 -850 -832 -850 -850 -841 -850 -858 -832 -841 -850 -841 -841 -841 -832 -841 -823 -841 -850 -850 -850 -841 -823 -841 -841 -832 -832 -823 -832 -832 -823 -841 -814 -814 -841 -805 -805 -832 -814 -797 -806 -814 -806 -806 -832 -814 -805 -805 -806 -814 -797 -797 -806 -796 -806 -814 -796 -788 -779 -806 -797 -797 -787 -779 -779 -761 -779 -788 -788 -779 -788 -797 -779 -779 -788 -779 -779 -761 -788 -770 -761 -752 -779 -761 -788 -752 -761 -743 -761 -770 -752 -770 -770 -743 -752 -761 -761 -743 -752 -761 -752 -743 -734 -743 -752 -761 -761 -761 -743 -734 -761 -770 -752 -752 -743 -734 -743 -761 -752 -770 -770 -743 -743 -734 -752 -734 -734 -734 -743 -743 -734 -734 -752 -752 -734 -725 -716 -734 -725 -707 -725 -734 -725 -717 -743 -725 -743 -725 -734 -725 -717 -717 -708 -734 -699 -716 -690 -708 -708 -707 -725 -708 -699 -699 -708 -708 -699 -690 -699 -707 -708 -725 -708 -708 -708 -699
-894 -903 -903 -885 -894 -903 -894 -903 -921 -894 -921 -903 -903 -903 -894 -894 -912 -912 -912 -903 -894 -894 -912 -894 -894 -894 -912 -912 -885 -903 -894 -894 -921 -912 -903 -921 -912 -903 -912 -930 -894 -903 -903 -921 -912 -903 -921 -894 -930 -912 -912 -903 -921 -903 -912 -894 -912 -894 -921 -894 -903 -894 -921 -912 -903 -903 -921 -912 -912 -921 -903 -939 -921 -930 -912 -894 -903 -921 -921 -930 -921 -903 -921 -903 -930 -921 -921 -921 -921 -912 -912 -921 -912 -912 -903 -903 -912 -921 -912 -921 -903 -912 -921 -930 -903 -921 -921 -921 -930 -903 -912 -912 -912 -921 -930 -930 -903 -939 -929 -921 -921 -921 -921 -921 -912 -930 -921 -894 -912 -921 -912 -921 -912 -921 -912 -921 -921 -921 -912 -903 -921 -929 -930 -921 -912 -930 -930 -912 -903 -921 -921 -939 -921 -921 -921 -894 -912 -912 -885 -912 -930 -912 -921 -921 -912 -912 -921 -930 -912 -930 -921 -912 -903 -921 -903 -921 -921 -912 -894 -903 -894 -912 -939 -903 -903 -921 -930 -912 -929 -930 -947 -947 -947 -939 -939 -947 -938 -947 -956 -956 -947 -965 -947 -974 -947 -965 -965 -956 -965 -956 -956 -965 -956 -965 -974 -956 -965 -974 -956 -974 -974 -965 -965 -947 -939 -956 -974 -956 -939 -974 -965 -965 -947 -947 -947 -956 -947 -947 -965 -947 -939 -930 -956 -939 -930 -930 -947 -938 -929 -912 -930 -930 -939 -938 -947 -939 -947 -930 -947 -938 -947 -921 -939 -912 -930 -929 -921 -903 -939 -921 -921 -939 -939 -921 -921 -912 -921 -894 -894 -930 -903 -921 -912 -903 -912 -903 -903 -894 -939 -921 -912 -921 -921 -912 -885 -921 -894 -930 -921 -885 -903 -894 -867 -903 -903 -894 -876 -885 -867 -867 -894 -858 -867 -858 -850 -858 -876 -858 -850 -841 -850 -850 -867 -841 -841 -841 -850 -841 -858 -850 -867 -832 -832 -867 -850 -841 -832 -858 -850 -858 -841 -841 -841 -832 -841 -832 -832 -841 -823 -850 -832 -850 -823 -850 -814 -814 -832 -832 -823 -814 -823 -814 -823 -814 -806 -823 -832 -805 -797 -814 -814 -805 -797 -797 -797 -806 -788 -805 -814 -788 -806 -779 -797 -797 -779 -806 -806 -788 -779 -788 -788 -770 -797 -779 -797 -797 -778 -797 -779 -788 -797 -788 -770 -779 -770 -788 -770 -761 -761 -761 -761 -770 -752 -761 -770 -770 -752 -752 -770 -743 -752 -761 -752 -770 -752 -743 -743 -752 -761 -752 -761 -770 -752 -752 -752 -761 -725 -752 -752 -743 -752 -725 -734 -743 -734 -752 -752 -743 -734 -743 -725 -734 -752 -734 -752 -743 -743 -734 -734 -734 -725 -734 -717 -725 -734 -743 -725 -734 -734 -734 -734 -717 -725 -734 -743 -734 -725 -725 -708 -717 -725 -708 -699 -699 -690 -699 -690 -681 -708 -708 -699 -708 -707 -708 -681 -699 -699 -699 -699 -699 -690 -717 -708 -716 -699 -708 -717 -699 -725 -717 -699 -690
-903 -903 -921 -921 -921 -903 -912 -912 -894 -903 -912 -894 -912 -903 -885 -894 -903 -894 -911 -912 -885 -885 -894 -903 -912 -894 -894 -894 -894 -894 -894 -894 -912 -921 -921 -912 -912 -921 -912 -903 -921 -912 -903 -921 -912 -912 -912 -912 -912 -903 -912 -912 -921 -912 -912 -894 -903 -929 -921 -912 -912 -912 -912 -921 -912 -885 -894 -894 -921 -921 -912 -903 -912 -921 -912 -903 -921 -921 -894 -903 -903 -912 -920 -912 -930 -903 -921 -912 -930 -903 -930 -939 -921 -921 -930 -912 -903 -903 -921 -921 -912 -903 -939 -912 -921 -921 -921 -930 -912 -912 -939 -921 -912 -930 -921 -930 -939 -903 -912 -921 -921 -930 -912 -921 -903 -894 -938 -921 -930 -903 -921 -938 -921 -939 -938 -912 -930 -930 -939 -912 -930 -930 -921 -921 -930 -921 -912 -930 -921 -912 -912 -912 -930 -921 -912 -903 -921 -930 -912 -912 -921 -912 -912 -921 -912 -921 -912 -903 -912 -912 -912 -912 -903 -903 -930 -930 -903 -912 -912 -921 -939 -921 -956 -938 -947 -947 -947 -938 -947 -974 -939 -947 -965 -947 -965 -956 -965 -956 -947 -947 -947 -947 -965 -965 -956 -974 -965 -965 -965 -974 -965 -947 -983 -956 -956 -956 -965 -965 -965 -947 -947 -974 -956 -956 -939 -956 -956 -947 -938 -939 -956 -947 -930 -947 -939 -939 -939 -930 -939 -939 -939 -930 -929 -939 -939 -965 -930 -930 -921 -939 -939 -947 -938 -930 -930 -903 -921 -921 -912 -939 -939 -938 -903 -921 -912 -921 -903 -921 -930 -903 -903 -903 -894 -912 -903 -921 -903 -894 -912 -912 -912 -912 -921 -921 -912 -921 -912 -912 -912 -912 -894 -894 -921 -921 -894 -903 -903 -885 -876 -885 -894 -876 -885 -867 -850 -858 -850 -867 -858 -858 -850 -850 -841 -832 -832 -832 -832 -850 -841 -823 -832 -832 -841 -850 -841 -858 -832 -858 -850 -832 -850 -850 -841 -841 -850 -841 -850 -823 -832 -814 -841 -832 -841 -832 -823 -832 -832 -832 -832 -832 -832 -832 -832 -814 -823 -823 -805 -806 -805 -805 -814 -805 -814 -814 -797 -797 -806 -814 -805 -814 -797 -806 -805 -788 -806 -788 -797 -779 -787 -788 -788 -806 -788 -796 -788 -788 -788 -779 -770 -779 -770 -788 -788 -797 -779 -779 -761 -761 -779 -761 -770 -761 -761 -779 -761 -761 -770 -743 -770 -752 -779 -761 -770 -770 -752 -761 -752 -752 -752 -761 -752 -752 -743 -743 -752 -752 -743 -743 -743 -752 -752 -752 -752 -734 -752 -734 -752 -743 -743 -743 -734 -725 -752 -743 -743 -734 -725 -734 -716 -743 -743 -752 -725 -734 -725 -743 -717 -734 -725 -743 -725 -725 -725 -725 -743 -725 -707 -716 -743 -717 -725 -716 -708 -716 -708 -717 -708 -717 -690 -708 -690 -708 -672 -699 -699 -690 -690 -690 -708 -690 -708 -708 -699 -708 -725 -708 -708 -716 -725 -725 -708 -708 -717 -708 -717 -699 -708 -699 -708 -717 -716 -699
-921 -894 -894 -894 -903 -894 -912 -903 -894 -894 -894 -903 -921 -912 -894 -903 -921 -921 -912 -912 -903 -912 -912 -921 -903 -921 -912 -912 -930 -921 -912 -912 -903 -921 -912 -921 -938 -912 -920 -912 -912 -930 -894 -903 -903 -903 -894 -921 -903 -903 -903 -921 -921 -903 -930 -930 -921 -929 -912 -921 -912 -921 -930 -912 -930 -912 -930 -921 -930 -947 -939 -921 -912 -930 -894 -939 -903 -912 -930 -930 -921 -903 -903 -912 -903 -903 -921 -921 -921 -930 -921 -930 -921 -930 -930 -921 -921 -920 -938 -939 -930 -938 -903 -903 -929 -912 -930 -912 -921 -921 -930 -921 -912 -939 -903 -903 -930 -912 -903 -921 -930 -911 -921 -930 -921 -912 -930 -912 -912 -921 -920 -912 -912 -930 -930 -930 -903 -939 -912 -930 -912 -903 -930 -930 -903 -903 -912 -912 -903 -921 -903 -903 -903 -912 -921 -911 -894 -912 -921 -912 -912 -903 -921 -921 -930 -912 -930 -912 -912 -912 -921 -930 -930 -939 -939 -921 -939 -939 -956 -939 -947 -947 -947 -947 -939 -947 -965 -956 -939 -956 -965 -965 -947 -956 -974 -956 -965 -974 -974 -947 -965 -965 -956 -939 -965 -965 -965 -956 -965 -947 -974 -965 -974 -956 -965 -939 -974 -947 -947 -956 -939 -965 -947 -930 -930 -939 -939 -938 -939 -930 -938 -939 -939 -921 -930 -930 -930 -921 -947 -921 -956 -930 -912 -938 -930 -921 -947 -921 -921 -921 -921 -912 -912 -930 -912 -930 -903 -921 -912 -903 -930 -894 -885 -912 -921 -912 -903 -912 -912 -921 -894 -930 -912 -921 -912 -912 -912 -903 -921 -920 -912 -912 -894 -894 -921 -903 -885 -876 -876 -885 -876 -867 -876 -876 -867 -885 -850 -858 -867 -841 -850 -858 -850 -850 -850 -858 -850 -850 -850 -841 -850 -832 -858 -850 -832 -841 -832 -832 -841 -841 -841 -850 -832 -850 -841 -858 -832 -867 -823 -832 -841 -832 -841 -832 -841 -841 -823 -823 -832 -841 -823 -832 -806 -823 -806 -850 -797 -823 -841 -823 -805 -814 -823 -797 -814 -788 -814 -806 -814 -788 -779 -788 -814 -797 -814 -797 -806 -797 -797 -806 -787 -779 -797 -779 -788 -797 -779 -779 -779 -770 -806 -779 -788 -788 -797 -779 -770 -770 -779 -770 -779 -761 -779 -761 -752 -788 -770 -752 -761 -761 -761 -761 -761 -734 -779 -752 -761 -752 -770 -752 -770 -770 -734 -743 -734 -779 -752 -761 -752 -752 -770 -770 -752 -752 -734 -734 -743 -743 -725 -734 -743 -752 -717 -743 -734 -725 -752 -734 -752 -743 -743 -734 -743 -725 -734 -717 -734 -725 -743 -734 -725 -743 -717 -734 -725 -743 -734 -743 -743 -725 -725 -717 -725 -708 -699 -707 -708 -717 -716 -698 -725 -699 -690 -690 -699 -690 -690 -681 -699 -690 -708 -698 -699 -690 -690 -716 -717 -717 -690 -717 -708 -717 -708 -708 -716 -708 -716 -699 -690 -707 -690 -708 -717 -699 -716 -725 -708 -717 -708 -717 -717 -707
-894 -885 -903 -894 -894 -894 -921 -894 -894 -894 -912 -894 -912 -912 -885 -912 -903 -894 -930 -903 -894 -921 -912 -903 -912 -912 -930 -894 -912 -912 -885 -903 -912 -912 -921 -921 -894 -903 -912 -885 -894 -912 -912 -912 -912 -894 -930 -894 -903 -912 -903 -894 -921 -912 -930 -921 -903 -903 -930 -921 -939 -921 -912 -921 -912 -921 -912 -912 -912 -903 -921 -903 -912 -903 -930 -903 -912 -912 -912 -929 -903 -930 -921 -912 -912 -912 -939 -921 -939 -939 -912 -930 -930 -939 -921 -921 -930 -912 -912 -921 -930 -894 -921 -912 -912 -930 -912 -930 -921 -912 -929 -930 -903 -930 -930 -930 -903 -912 -930 -921 -921 -921 -894 -930 -921 -930 -921 -912 -912 -947 -912 -920 -912 -912 -930 -921 -921 -903 -903 -912 -903 -903 -903 -921 -903 -912 -912 -921 -921 -912 -921 -921 -930 -912 -903 -894 -894 -921 -894 -894 -912 -912 -930 -939 -938 -938 -947 -930 -930 -947 -974 -956 -939 -939 -938 -956 -956 -938 -956 -947 -947 -947 -956 -947 -938 -965 -965 -974 -956 -965 -939 -974 -974 -965 -965 -974 -947 -956 -956 -965 -965 -956 -956 -965 -974 -947 -956 -956 -947 -947 -947 -947 -939 -930 -947 -939 -939 -930 -938 -939 -939 -929 -947 -929 -939 -947 -921 -938 -930 -930 -912 -947 -921 -930 -938 -938 -947 -947 -930 -930 -921 -912 -912 -912 -930 -912 -921 -912 -894 -894 -921 -930 -921 -903 -894 -903 -903 -903 -903 -912 -912 -921 -903 -912 -903 -912 -912 -903 -912 -930 -894 -894 -894 -912 -903 -903 -903 -894 -912 -894 -867 -885 -894 -885 -867 -894 -885 -858 -867 -867 -850 -867 -858 -850 -858 -850 -841 -841 -858 -850 -850 -832 -850 -841 -832 -850 -850 -841 -850 -850 -850 -841 -841 -823 -858 -841 -850 -832 -850 -850 -832 -832 -832 -832 -850 -823 -841 -832 -841 -841 -823 -850 -823 -832 -841 -823 -823 -823 -823 -823 -814 -814 -832 -823 -805 -788 -823 -814 -797 -806 -806 -797 -797 -797 -806 -797 -806 -788 -788 -797 -779 -805 -770 -796 -788 -805 -788 -797 -797 -788 -797 -788 -770 -788 -797 -788 -788 -779 -779 -770 -770 -770 -770 -779 -770 -779 -761 -752 -770 -752 -761 -770 -743 -761 -770 -770 -770 -761 -752 -725 -761 -734 -761 -761 -752 -752 -743 -743 -761 -734 -752 -761 -752 -743 -761 -743 -752 -761 -743 -743 -734 -743 -743 -743 -743 -752 -743 -743 -725 -743 -734 -734 -734 -743 -725 -725 -734 -716 -717 -743 -725 -725 -725 -734 -734 -725 -717 -725 -725 -734 -734 -743 -717 -717 -717 -690 -717 -708 -717 -699 -699 -690 -699 -699 -699 -699 -681 -699 -690 -699 -708 -708 -708 -690 -717 -725 -699 -708 -708 -708 -699 -725 -707 -708 -716 -734 -725 -725 -717 -725 -699 -690 -699 -690 -699 -717 -708 -717 -708 -717 -717 -717 -708 -699 -699 -708 -690 -708 -717 -708 -708 -690
-894 -903 -912 -894 -903 -912 -930 -921 -885 -894 -903 -912 -912 -921 -921 -903 -903 -912 -912 -903 -894 -885 -921 -903 -912 -921 -912 -903 -921 -903 -912 -903 -912 -903 -921 -903 -912 -921 -921 -903 -921 -903 -912 -930 -912 -903 -921 -930 -921 -903 -921 -938 -903 -930 -894 -930 -920 -930 -920 -911 -903 -921 -921 -912 -912 -912 -903 -912 -912 -912 -912 -894 -911 -930 -912 -930 -921 -930 -930 -894 -921 -903 -921 -921 -912 -903 -921 -930 -939 -912 -920 -938 -912 -912 -947 -921 -930 -921 -912 -903 -912 -921 -912 -930 -929 -921 -929 -929 -921 -894 -912 -921 -921 -921 -921 -939 -894 -939 -930 -930 -921 -938 -921 -921 -939 -912 -921 -912 -921 -912 -921 -939 -939 -921 -912 -912 -912 -921 -912 -930 -903 -912 -930 -903 -930 -912 -921 -912 -912 -903 -930 -903 -912 -921 -921 -939 -920 -921 -939 -939 -956 -956 -956 -947 -938 -965 -939 -965 -956 -956 -939 -938 -956 -947 -956 -947 -947 -956 -956 -974 -974 -965 -956 -947 -956 -965 -956 -947 -956 -965 -974 -947 -947 -965 -939 -947 -974 -947 -956 -930 -947 -939 -956 -930 -956 -956 -947 -947 -939 -956 -921 -939 -938 -939 -930 -947 -947 -947 -930 -921 -938 -930 -947 -938 -938 -930 -930 -930 -939 -938 -930 -921 -921 -930 -912 -912 -930 -903 -921 -912 -912 -912 -912 -903 -894 -912 -921 -912 -912 -912 -912 -930 -912 -894 -894 -921 -921 -939 -921 -921 -903 -903 -903 -921 -929 -912 -912 -903 -885 -885 -921 -912 -885 -876 -894 -903 -876 -876 -885 -867 -867 -867 -850 -858 -858 -841 -841 -832 -858 -850 -850 -841 -858 -850 -850 -841 -841 -841 -841 -832 -850 -867 -841 -850 -850 -841 -832 -841 -841 -841 -841 -858 -841 -850 -850 -858 -823 -832 -850 -850 -832 -832 -823 -832 -814 -841 -806 -814 -823 -823 -814 -806 -823 -823 -814 -806 -814 -806 -797 -796 -805 -814 -797 -806 -788 -797 -806 -797 -788 -779 -806 -788 -806 -779 -797 -788 -788 -796 -797 -797 -788 -779 -788 -797 -788 -779 -788 -761 -779 -788 -788 -770 -761 -779 -770 -761 -752 -770 -770 -779 -761 -779 -752 -770 -770 -752 -743 -752 -752 -761 -752 -734 -761 -761 -752 -761 -761 -761 -743 -761 -752 -761 -743 -752 -752 -752 -743 -761 -752 -743 -734 -752 -752 -752 -752 -761 -752 -743 -734 -734 -734 -743 -743 -725 -752 -743 -761 -725 -752 -734 -734 -743 -743 -734 -752 -743 -734 -734 -708 -717 -725 -734 -717 -716 -708 -717 -717 -708 -725 -699 -717 -708 -699 -699 -708 -699 -708 -672 -690 -699 -708 -690 -690 -690 -699 -690 -708 -708 -708 -708 -708 -708 -708 -725 -699 -717 -708 -708 -708 -752 -717 -725 -716 -717 -725 -717 -717 -716 -699 -707 -708 -725 -717 -690 -708 -690 -708 -699 -690 -717 -698 -690 -690 -717 -699 -717 -734 -708 -716 -708 -708 -708
-912 -921 -912 -894 -912 -912 -921 -921 -912 -894 -912 -921 -912 -912 -912 -903 -903 -921 -921 -903 -921 -912 -903 -903 -903 -921 -921 -903 -912 -903 -921 -921 -921 -939 -921 -930 -912 -912 -912 -921 -930 -903 -921 -903 -921 -894 -921 -930 -912 -912 -903 -921 -912 -912 -912 -903 -912 -885 -912 -912 -921 -903 -903 -912 -921 -921 -921 -930 -921 -921 -930 -930 -912 -912 -930 -930 -921 -912 -930 -930 -912 -947 -912 -912 -939 -921 -921 -911 -912 -912 -903 -921 -930 -903 -921 -903 -894 -920 -921 -939 -903 -930 -921 -930 -921 -930 -920 -930 -930 -912 -912 -921 -921 -930 -912 -912 -921 -912 -921 -912 -921 -921 -885 -894 -912 -930 -912 -894 -921 -921 -930 -930 -912 -912 -903 -912 -894 -921 -912 -903 -903 -921 -912 -912 -938 -930 -938 -930 -956 -930 -930 -947 -938 -939 -956 -947 -939 -956 -939 -956 -965 -947 -965 -947 -939 -939 -947 -947 -956 -947 -956 -956 -974 -947 -974 -974 -965 -956 -956 -947 -974 -965 -956 -965 -956 -956 -947 -947 -947 -947 -930 -939 -930 -930 -965 -939 -939 -939 -947 -947 -947 -938 -939 -929 -939 -939 -939 -930 -956 -939 -939 -939 -947 -947 -956 -939 -921 -921 -930 -939 -921 -930 -938 -921 -921 -912 -921 -921 -930 -912 -903 -903 -903 -903 -903 -885 -921 -912 -930 -894 -930 -912 -903 -912 -921 -912 -921 -930 -912 -903 -903 -903 -921 -920 -903 -921 -903 -912 -903 -903 -912 -876 -894 -894 -894 -885 -867 -876 -876 -867 -867 -867 -850 -858 -850 -867 -858 -841 -850 -858 -858 -841 -832 -832 -850 -841 -841 -850 -858 -841 -832 -850 -850 -841 -850 -841 -841 -832 -841 -832 -841 -850 -832 -841 -841 -823 -858 -841 -850 -823 -823 -832 -823 -823 -832 -823 -823 -823 -841 -832 -841 -814 -832 -823 -806 -823 -823 -805 -814 -823 -806 -797 -806 -806 -806 -805 -787 -797 -805 -806 -779 -788 -796 -779 -805 -797 -806 -779 -797 -796 -788 -761 -788 -797 -788 -796 -779 -797 -770 -770 -788 -779 -761 -788 -770 -770 -761 -788 -761 -752 -761 -770 -770 -761 -770 -752 -770 -770 -761 -761 -761 -761 -761 -752 -752 -761 -743 -761 -761 -752 -752 -752 -752 -761 -734 -743 -743 -752 -743 -761 -743 -734 -743 -743 -752 -734 -752 -717 -734 -734 -734 -743 -734 -752 -743 -752 -734 -743 -734 -743 -725 -725 -725 -734 -734 -725 -717 -743 -717 -725 -761 -743 -725 -725 -734 -725 -743 -734 -716 -708 -717 -708 -717 -690 -717 -681 -717 -716 -690 -707 -699 -690 -708 -699 -690 -699 -690 -699 -708 -699 -708 -717 -708 -717 -725 -725 -717 -717 -717 -707 -716 -708 -725 -699 -690 -717 -699 -734 -716 -699 -725 -717 -708 -708 -708 -690 -708 -717 -717 -707 -690 -708 -708 -690 -699 -717 -708 -725 -717 -716 -725 -716 -708 -716 -725 -717 -717 -725 -725 -725 -717 -717
-930 -903 -912 -903 -903 -912 -903 -921 -921 -903 -894 -921 -912 -903 -903 -921 -912 -903 -903 -912 -921 -903 -912 -930 -912 -930 -921 -921 -921 -912 -912 -921 -903 -912 -930 -912 -903 -894 -921 -930 -903 -921 -903 -912 -921 -894 -921 -903 -885 -894 -912 -894 -903 -903 -921 -912 -921 -921 -921 -912 -912 -921 -903 -930 -903 -921 -912 -921 -921 -930 -921 -903 -939 -930 -930 -912 -912 -921 -929 -903 -921 -912 -921 -912 -903 -939 -929 -930 -912 -912 -912 -912 -921 -912 -912 -912 -921 -921 -921 -912 -903 -921 -930 -894 -921 -912 -921 -930 -921 -921 -939 -921 -903 -912 -903 -921 -921 -911 -912 -903 -912 -903 -912 -903 -912 -912 -921 -939 -912 -921 -912 -930 -912 -912 -903 -903 -939 -911 -938 -929 -930 -938 -947 -939 -939 -939 -930 -974 -947 -983 -965 -974 -956 -956 -956 -956 -965 -956 -956 -956 -947 -939 -965 -956 -956 -956 -956 -965 -965 -974 -965 -965 -965 -947 -956 -956 -965 -956 -965 -974 -956 -956 -956 -956 -947 -956 -938 -947 -939 -947 -921 -947 -939 -939 -947 -938 -939 -947 -938 -930 -921 -956 -930 -930 -930 -930 -921 -930 -939 -930 -938 -921 -921 -930 -921 -930 -930 -930 -903 -930 -921 -921 -921 -903 -912 -894 -912 -912 -912 -903 -921 -894 -912 -912 -939 -921 -903 -912 -912 -912 -921 -912 -921 -912 -903 -912 -912 -912 -921 -903 -903 -912 -903 -903 -912 -894 -894 -894 -894 -894 -894 -885 -885 -876 -867 -885 -858 -867 -841 -858 -841 -850 -850 -841 -841 -858 -850 -841 -841 -841 -841 -832 -832 -850 -832 -841 -850 -823 -858 -858 -858 -867 -841 -850 -832 -832 -841 -832 -823 -850 -832 -832 -823 -832 -841 -841 -823 -858 -832 -841 -814 -841 -814 -814 -814 -832 -823 -814 -832 -814 -814 -814 -806 -779 -797 -805 -814 -806 -805 -797 -797 -814 -779 -797 -788 -797 -797 -806 -814 -788 -797 -797 -788 -797 -788 -779 -788 -788 -779 -805 -770 -779 -779 -770 -788 -770 -770 -770 -788 -770 -761 -788 -761 -761 -761 -761 -770 -752 -761 -752 -743 -752 -761 -752 -761 -770 -761 -752 -779 -752 -734 -743 -752 -761 -761 -752 -761 -752 -752 -752 -770 -734 -752 -725 -743 -752 -761 -743 -752 -734 -734 -752 -752 -743 -752 -725 -743 -725 -743 -725 -734 -743 -734 -717 -743 -725 -734 -725 -734 -725 -743 -725 -743 -734 -734 -725 -734 -725 -717 -717 -717 -717 -717 -708 -708 -707 -716 -717 -699 -690 -699 -708 -717 -681 -716 -690 -699 -708 -672 -699 -699 -699 -708 -717 -699 -708 -708 -717 -699 -699 -708 -708 -708 -734 -699 -699 -708 -717 -699 -708 -690 -690 -708 -699 -707 -699 -725 -699 -708 -708 -699 -708 -690 -699 -716 -699 -699 -708 -699 -717 -717 -725 -707 -716 -716 -708 -725 -717 -725 -725 -717 -734 -708 -708 -725 -717 -707 -717 -725 -717 -717 -717
-912 -912 -912 -903 -921 -903 -929 -894 -903 -912 -912 -930 -912 -903 -912 -903 -921 -894 -903 -912 -903 -930 -912 -912 -921 -921 -921 -930 -930 -930 -930 -938 -921 -921 -921 -930 -903 -912 -929 -921 -912 -921 -920 -912 -930 -903 -921 -903 -921 -921 -912 -938 -921 -921 -921 -930 -930 -947 -921 -921 -939 -930 -912 -930 -912 -921 -921 -912 -930 -912 -921 -921 -912 -921 -903 -912 -912 -921 -921 -930 -930 -912 -929 -921 -912 -903 -929 -938 -912 -903 -930 -939 -921 -921 -921 -930 -921 -939 -939 -930 -938 -903 -912 -921 -930 -903 -930 -912 -930 -912 -912 -903 -921 -930 -912 -894 -921 -921 -921 -921 -912 -912 -912 -912 -939 -912 -912 -903 -921 -903 -930 -939 -938 -939 -939 -965 -947 -947 -947 -947 -947 -965 -965 -947 -956 -929 -939 -956 -983 -947 -947 -938 -965 -965 -965 -965 -956 -965 -956 -947 -956 -956 -947 -974 -974 -965 -965 -965 -965 -956 -947 -947 -965 -947 -938 -947 -947 -938 -956 -947 -956 -947 -930 -939 -929 -947 -956 -939 -930 -930 -930 -930 -938 -939 -938 -947 -939 -939 -938 -939 -947 -930 -938 -939 -956 -921 -938 -930 -921 -921 -930 -912 -921 -894 -912 -921 -903 -921 -912 -921 -912 -903 -903 -903 -912 -903 -903 -912 -903 -903 -912 -912 -912 -912 -921 -903 -921 -921 -912 -903 -921 -912 -894 -912 -894 -903 -894 -894 -894 -885 -876 -876 -867 -876 -894 -867 -850 -858 -858 -858 -841 -841 -850 -841 -858 -832 -850 -841 -832 -841 -832 -832 -841 -841 -832 -858 -841 -850 -850 -850 -841 -850 -850 -867 -832 -850 -832 -841 -850 -858 -841 -841 -832 -850 -823 -832 -858 -823 -823 -823 -814 -823 -832 -823 -823 -814 -832 -823 -814 -806 -841 -814 -823 -805 -806 -806 -832 -806 -797 -797 -779 -788 -814 -797 -797 -832 -788 -787 -797 -779 -797 -788 -779 -797 -806 -814 -806 -770 -779 -779 -788 -788 -788 -779 -797 -779 -788 -770 -770 -761 -770 -770 -779 -752 -770 -743 -770 -761 -752 -752 -752 -734 -761 -752 -743 -761 -761 -761 -752 -779 -779 -752 -761 -761 -761 -743 -752 -761 -743 -761 -752 -743 -761 -734 -743 -752 -752 -752 -734 -752 -743 -752 -752 -725 -743 -752 -725 -734 -743 -752 -734 -734 -734 -725 -743 -743 -743 -734 -734 -734 -717 -725 -734 -743 -743 -743 -734 -717 -716 -708 -717 -725 -708 -716 -708 -716 -699 -708 -708 -699 -708 -699 -681 -699 -708 -699 -672 -690 -681 -690 -690 -699 -690 -717 -717 -717 -708 -717 -699 -717 -708 -708 -717 -708 -717 -716 -716 -725 -699 -690 -699 -708 -707 -690 -708 -699 -699 -708 -725 -699 -707 -690 -725 -708 -708 -699 -708 -708 -717 -707 -708 -708 -699 -725 -699 -717 -708 -708 -707 -716 -717 -725 -699 -725 -708 -725 -708 -725 -717 -717 -717 -717 -717 -716 -717 -717 -708 -708 -708 -717 -716 -699
-903 -912 -912 -903 -912 -894 -912 -894 -903 -912 -939 -903 -912 -921 -912 -921 -912 -903 -921 -921 -903 -930 -912 -921 -930 -921 -930 -912 -912 -903 -912 -903 -903 -912 -912 -903 -903 -921 -921 -921 -903 -903 -912 -912 -921 -930 -939 -921 -912 -921 -903 -921 -930 -939 -912 -921 -921 -947 -921 -903 -938 -930 -921 -912 -912 -930 -921 -921 -912 -930 -912 -921 -894 -912 -921 -912 -921 -912 -921 -921 -930 -921 -921 -912 -921 -930 -930 -921 -921 -921 -921 -912 -921 -921 -921 -912 -912 -903 -903 -912 -912 -912 -921 -920 -903 -930 -921 -912 -903 -903 -921 -912 -912 -894 -921 -912 -912 -903 -921 -912 -921 -929 -912 -938 -938 -938 -939 -956 -947 -938 -938 -956 -947 -947 -965 -947 -956 -939 -947 -947 -938 -956 -956 -956 -930 -965 -974 -956 -956 -938 -965 -974 -956 -956 -947 -965 -956 -974 -956 -947 -965 -956 -956 -974 -956 -956 -956 -956 -965 -939 -938 -930 -939 -939 -930 -939 -930 -965 -956 -938 -921 -939 -912 -921 -947 -939 -939 -939 -939 -939 -921 -938 -939 -930 -938 -938 -938 -938 -930 -912 -921 -912 -947 -903 -921 -912 -903 -912 -903 -920 -903 -903 -912 -903 -885 -894 -921 -903 -921 -912 -912 -921 -912 -912 -912 -912 -930 -903 -930 -912 -921 -903 -912 -903 -903 -912 -903 -903 -894 -903 -894 -894 -903 -885 -885 -867 -876 -876 -867 -858 -850 -850 -850 -858 -850 -841 -832 -841 -858 -850 -850 -841 -850 -850 -841 -850 -841 -867 -850 -841 -850 -850 -841 -832 -850 -850 -841 -841 -823 -823 -832 -850 -823 -841 -841 -832 -832 -832 -823 -841 -832 -832 -841 -841 -832 -823 -841 -814 -823 -823 -806 -814 -806 -823 -814 -814 -797 -805 -797 -788 -805 -814 -797 -788 -779 -788 -797 -779 -779 -806 -788 -788 -788 -779 -788 -797 -788 -788 -797 -806 -788 -779 -788 -797 -788 -779 -788 -779 -770 -788 -779 -779 -752 -761 -770 -761 -779 -752 -761 -779 -770 -770 -761 -770 -761 -752 -761 -734 -761 -752 -761 -752 -752 -770 -752 -734 -743 -761 -716 -761 -743 -743 -761 -725 -734 -752 -752 -725 -734 -761 -734 -743 -761 -734 -734 -725 -743 -743 -752 -752 -743 -708 -743 -717 -734 -734 -717 -743 -725 -725 -725 -725 -734 -725 -734 -725 -734 -734 -734 -734 -734 -734 -734 -716 -725 -708 -708 -725 -707 -699 -708 -690 -699 -690 -699 -708 -699 -699 -699 -672 -699 -672 -690 -708 -699 -699 -699 -708 -699 -708 -681 -716 -708 -708 -716 -708 -717 -725 -725 -699 -725 -717 -725 -717 -708 -716 -708 -708 -699 -716 -708 -708 -717 -708 -708 -717 -690 -699 -681 -717 -717 -717 -717 -708 -699 -708 -725 -717 -717 -708 -716 -725 -708 -743 -717 -708 -708 -699 -699 -717 -699 -708 -716 -717 -717 -725 -699 -717 -707 -725 -717 -708 -708 -717 -717 -717 -708 -717 -708 -717 -717 -717
-921 -912 -903 -912 -912 -930 -930 -930 -930 -921 -921 -921 -921 -912 -903 -912 -921 -903 -903 -894 -921 -912 -894 -930 -912 -903 -912 -921 -921 -912 -921 -921 -894 -912 -912 -921 -930 -921 -939 -912 -930 -921 -912 -912 -903 -912 -921 -930 -939 -930 -921 -903 -921 -911 -912 -921 -921 -921 -921 -903 -912 -912 -912 -903 -921 -912 -921 -912 -912 -921 -930 -930 -921 -930 -921 -947 -930 -921 -912 -921 -903 -912 -912 -930 -912 -930 -912 -912 -912 -930 -921 -912 -930 -921 -903 -921 -903 -885 -903 -921 -912 -921 -921 -921 -912 -894 -921 -939 -912 -894 -912 -894 -912 -930 -912 -921 -921 -947 -947 -956 -947 -947 -930 -947 -939 -956 -947 -956 -947 -956 -956 -974 -956 -965 -965 -965 -947 -956 -965 -947 -956 -956 -974 -965 -956 -947 -956 -965 -965 -965 -965 -956 -983 -965 -947 -965 -965 -939 -956 -947 -956 -956 -956 -947 -956 -947 -947 -939 -947 -956 -938 -921 -930 -930 -947 -939 -947 -930 -947 -930 -938 -939 -939 -938 -938 -947 -939 -921 -939 -939 -929 -930 -912 -930 -912 -921 -921 -894 -912 -921 -912 -921 -903 -903 -903 -903 -894 -912 -894 -903 -912 -903 -903 -912 -921 -912 -903 -921 -912 -912 -921 -921 -912 -912 -894 -912 -894 -921 -912 -912 -912 -894 -885 -885 -867 -867 -876 -867 -876 -876 -858 -867 -858 -850 -850 -858 -867 -850 -841 -850 -850 -832 -841 -841 -841 -832 -841 -832 -867 -850 -850 -841 -850 -832 -832 -867 -841 -850 -841 -850 -841 -832 -850 -832 -823 -841 -814 -832 -823 -841 -841 -823 -832 -823 -823 -805 -850 -841 -806 -814 -832 -823 -823 -823 -806 -806 -797 -823 -797 -806 -797 -788 -788 -796 -797 -814 -788 -770 -806 -797 -797 -806 -797 -788 -797 -806 -797 -788 -779 -814 -805 -779 -779 -770 -779 -788 -788 -761 -779 -770 -779 -761 -761 -770 -788 -770 -779 -761 -761 -770 -752 -779 -761 -770 -761 -752 -761 -761 -743 -761 -770 -752 -761 -752 -752 -761 -752 -743 -752 -752 -761 -752 -734 -743 -743 -761 -743 -752 -743 -761 -752 -752 -752 -725 -743 -725 -725 -717 -743 -743 -743 -743 -717 -752 -734 -734 -743 -725 -734 -725 -725 -717 -725 -725 -725 -725 -725 -725 -708 -725 -734 -717 -734 -734 -725 -717 -725 -725 -708 -717 -708 -717 -708 -716 -699 -672 -699 -690 -681 -699 -690 -699 -699 -708 -681 -699 -699 -708 -699 -708 -717 -716 -708 -708 -690 -725 -717 -708 -716 -717 -699 -707 -708 -717 -717 -717 -708 -708 -717 -708 -708 -716 -708 -690 -681 -699 -690 -708 -708 -681 -708 -708 -725 -725 -708 -717 -717 -708 -708 -717 -699 -725 -717 -725 -725 -717 -717 -725 -708 -717 -725 -699 -743 -725 -725 -707 -717 -717 -717 -716 -708 -717 -707 -717 -690 -717 -708 -716 -717 -725 -708 -725 -716 -734 -717 -717 -734 -725 -708 -717 -734 -725
-912 -921 -912 -903 -912 -930 -929 -921 -921 -921 -930 -921 -930 -920 -930 -912 -903 -903 -894 -903 -921 -894 -903 -939 -921 -912 -912 -938 -912 -912 -912 -938 -912 -930 -921 -912 -921 -912 -939 -921 -903 -930 -921 -921 -921 -912 -912 -903 -921 -912 -912 -912 -912 -912 -921 -912 -921 -930 -921 -912 -920 -903 -921 -930 -921 -930 -930 -921 -912 -903 -939 -912 -930 -912 -912 -912 -912 -912 -939 -930 -930 -930 -939 -912 -921 -939 -903 -894 -903 -920 -912 -921 -912 -912 -894 -903 -903 -912 -930 -912 -912 -921 -912 -903 -930 -921 -939 -930 -939 -965 -929 -939 -965 -956 -965 -947 -956 -965 -947 -947 -947 -956 -947 -965 -965 -974 -974 -965 -939 -939 -939 -956 -956 -974 -956 -965 -965 -939 -956 -956 -947 -965 -965 -974 -947 -947 -974 -965 -947 -947 -947 -965 -956 -965 -939 -947 -947 -938 -939 -939 -939 -939 -947 -938 -947 -930 -947 -939 -921 -939 -939 -939 -956 -930 -939 -930 -938 -947 -938 -956 -929 -921 -929 -930 -930 -930 -930 -939 -912 -921 -912 -903 -912 -903 -894 -903 -903 -903 -912 -930 -894 -903 -903 -912 -912 -921 -903 -921 -930 -903 -912 -921 -921 -939 -912 -912 -912 -894 -912 -885 -903 -894 -894 -867 -885 -885 -885 -894 -894 -876 -885 -876 -850 -841 -867 -850 -850 -841 -841 -850 -858 -867 -841 -841 -841 -832 -832 -858 -850 -841 -823 -850 -858 -850 -814 -832 -850 -850 -832 -841 -823 -832 -832 -832 -832 -841 -832 -832 -832 -832 -850 -850 -823 -832 -823 -841 -832 -841 -814 -814 -823 -823 -806 -832 -814 -814 -805 -806 -805 -814 -805 -806 -797 -797 -823 -797 -796 -806 -797 -806 -814 -806 -779 -806 -796 -797 -788 -788 -797 -806 -779 -788 -796 -779 -797 -788 -788 -788 -779 -779 -761 -788 -770 -788 -787 -779 -779 -779 -770 -779 -761 -761 -761 -761 -761 -761 -770 -761 -752 -752 -752 -752 -761 -761 -761 -761 -752 -743 -761 -743 -761 -752 -752 -770 -743 -761 -743 -752 -752 -743 -752 -743 -752 -743 -752 -734 -734 -752 -734 -761 -734 -743 -734 -761 -734 -725 -725 -734 -743 -725 -743 -734 -725 -743 -743 -743 -761 -725 -743 -725 -717 -717 -734 -708 -717 -717 -725 -725 -707 -717 -717 -699 -699 -708 -708 -716 -699 -681 -699 -708 -690 -681 -699 -690 -708 -699 -699 -699 -689 -717 -708 -690 -708 -699 -717 -699 -708 -699 -717 -717 -717 -708 -708 -716 -717 -707 -708 -708 -708 -699 -708 -708 -717 -707 -708 -690 -708 -708 -717 -708 -699 -699 -699 -699 -699 -690 -717 -708 -708 -708 -717 -725 -725 -717 -725 -725 -708 -725 -717 -725 -717 -717 -725 -708 -734 -725 -717 -707 -717 -725 -708 -708 -699 -708 -708 -725 -717 -725 -725 -708 -725 -716 -717 -734 -717 -708 -725 -725 -699 -716 -716 -717 -717 -734 -717 -752 -743 -717 -725 -734 -725 -734
-903 -912 -921 -903 -912 -912 -903 -903 -912 -912 -912 -912 -921 -912 -921 -921 -903 -930 -921 -921 -912 -930 -903 -921 -921 -939 -921 -920 -930 -938 -930 -912 -939 -930 -921 -912 -930 -938 -921 -921 -903 -912 -912 -912 -930 -912 -921 -921 -912 -929 -912 -921 -921 -912 -938 -930 -921 -930 -930 -930 -912 -921 -912 -921 -903 -912 -929 -921 -930 -921 -912 -921 -921 -921 -894 -912 -930 -903 -912 -930 -912 -912 -903 -921 -912 -921 -921 -903 -903 -912 -903 -912 -903 -939 -930 -921 -929 -921 -921 -939 -930 -956 -947 -939 -956 -956 -956 -956 -939 -956 -956 -947 -965 -956 -947 -956 -956 -947 -947 -965 -965 -939 -956 -965 -956 -956 -965 -965 -974 -947 -930 -956 -983 -956 -974 -947 -965 -947 -947 -956 -947 -947 -983 -947 -965 -965 -939 -956 -912 -947 -921 -930 -930 -930 -929 -956 -939 -930 -939 -930 -947 -929 -930 -930 -930 -930 -938 -930 -921 -930 -938 -947 -930 -939 -921 -930 -921 -921 -912 -921 -929 -930 -903 -912 -912 -921 -921 -921 -903 -903 -912 -903 -921 -894 -930 -903 -921 -921 -920 -903 -930 -912 -903 -912 -912 -912 -912 -894 -921 -921 -903 -912 -894 -912 -885 -894 -885 -885 -876 -867 -867 -876 -867 -867 -850 -858 -867 -850 -867 -841 -850 -841 -858 -841 -850 -850 -850 -850 -832 -858 -841 -850 -841 -858 -832 -850 -814 -850 -841 -841 -832 -832 -858 -823 -858 -814 -858 -832 -850 -832 -850 -832 -814 -832 -823 -841 -823 -850 -823 -832 -823 -832 -814 -850 -806 -805 -814 -823 -823 -806 -806 -806 -805 -797 -806 -806 -797 -814 -814 -788 -788 -805 -797 -788 -797 -788 -779 -806 -788 -814 -779 -779 -797 -788 -806 -788 -788 -770 -779 -779 -779 -779 -779 -770 -761 -770 -779 -770 -761 -770 -770 -761 -779 -779 -761 -752 -761 -770 -761 -770 -761 -770 -752 -734 -761 -761 -743 -770 -734 -734 -743 -725 -761 -761 -761 -752 -752 -752 -734 -752 -752 -752 -743 -743 -743 -734 -743 -734 -752 -734 -752 -743 -743 -761 -743 -734 -743 -734 -743 -743 -725 -743 -743 -725 -716 -725 -734 -717 -725 -725 -734 -734 -725 -725 -725 -725 -725 -725 -743 -725 -725 -708 -708 -717 -716 -699 -717 -690 -699 -708 -699 -708 -717 -707 -708 -699 -699 -699 -699 -699 -734 -699 -708 -699 -708 -725 -707 -717 -708 -699 -717 -699 -699 -716 -708 -734 -717 -717 -708 -734 -708 -708 -708 -708 -699 -708 -717 -708 -708 -672 -699 -699 -699 -716 -708 -717 -725 -717 -717 -717 -699 -716 -717 -725 -708 -717 -708 -716 -708 -699 -725 -716 -717 -717 -734 -708 -725 -717 -699 -708 -717 -699 -699 -708 -707 -725 -708 -725 -699 -708 -717 -716 -725 -725 -725 -717 -708 -725 -725 -708 -725 -725 -717 -717 -699 -717 -725 -716 -725 -716 -725 -717 -725 -717 -725 -717 -725 -716 -734 -725 -717 -708
-921 -912 -894 -921 -912 -912 -920 -921 -903 -930 -912 -921 -930 -921 -912 -921 -939 -939 -885 -921 -921 -939 -912 -921 -930 -903 -912 -903 -903 -930 -921 -920 -921 -930 -894 -921 -921 -912 -912 -912 -912 -912 -912 -921 -930 -921 -903 -939 -939 -921 -939 -930 -930 -912 -939 -929 -930 -939 -912 -921 -912 -930 -903 -930 -912 -903 -903 -930 -912 -912 -903 -903 -921 -894 -912 -930 -894 -921 -903 -903 -921 -921 -885 -912 -912 -938 -894 -930 -921 -930 -930 -930 -938 -930 -947 -939 -939 -930 -947 -930 -956 -947 -938 -947 -956 -947 -947 -956 -947 -956 -947 -965 -947 -965 -965 -965 -965 -974 -983 -965 -956 -956 -974 -956 -956 -956 -956 -974 -965 -974 -947 -947 -947 -965 -947 -938 -956 -965 -956 -947 -965 -921 -956 -947 -947 -947 -956 -939 -930 -947 -938 -930 -930 -921 -921 -930 -939 -939 -921 -930 -939 -921 -939 -930 -939 -938 -939 -930 -912 -912 -930 -921 -930 -903 -921 -930 -930 -930 -903 -903 -903 -894 -921 -894 -903 -912 -930 -921 -912 -903 -912 -912 -894 -903 -912 -912 -920 -912 -912 -903 -912 -894 -912 -929 -894 -894 -894 -885 -876 -903 -858 -867 -867 -858 -867 -858 -867 -858 -876 -850 -867 -858 -850 -850 -850 -823 -823 -841 -841 -832 -823 -850 -832 -850 -841 -832 -850 -832 -850 -858 -858 -858 -858 -850 -850 -841 -841 -850 -832 -823 -832 -841 -850 -823 -823 -823 -841 -814 -832 -832 -841 -823 -841 -823 -841 -806 -832 -823 -814 -806 -814 -797 -779 -814 -806 -806 -797 -806 -797 -806 -814 -806 -806 -797 -814 -788 -806 -788 -797 -806 -788 -806 -806 -779 -797 -788 -806 -770 -770 -779 -779 -770 -806 -797 -797 -779 -770 -770 -770 -761 -752 -770 -761 -761 -770 -761 -761 -770 -761 -752 -761 -761 -743 -761 -770 -761 -770 -752 -752 -779 -743 -761 -752 -761 -752 -752 -734 -770 -743 -752 -761 -761 -734 -752 -734 -743 -770 -743 -734 -752 -743 -752 -734 -743 -734 -743 -752 -743 -734 -752 -734 -752 -734 -752 -743 -770 -717 -743 -717 -725 -725 -734 -725 -717 -717 -734 -734 -734 -725 -725 -734 -717 -734 -717 -717 -699 -717 -699 -707 -717 -681 -690 -699 -690 -690 -699 -672 -708 -717 -699 -690 -716 -708 -725 -708 -708 -708 -717 -708 -725 -708 -708 -699 -725 -708 -717 -717 -708 -708 -699 -717 -708 -717 -708 -708 -708 -708 -708 -690 -717 -699 -699 -708 -690 -717 -708 -699 -699 -699 -690 -716 -717 -716 -708 -725 -716 -725 -717 -699 -752 -716 -717 -717 -734 -717 -743 -734 -734 -725 -708 -717 -717 -708 -708 -717 -725 -708 -716 -699 -725 -707 -708 -725 -716 -708 -690 -725 -725 -725 -725 -725 -734 -717 -708 -734 -734 -725 -725 -725 -725 -725 -717 -725 -708 -725 -725 -717 -717 -716 -708 -725 -699 -717 -708 -725 -725 -717 -725 -725 -743 -725 -725
-903 -912 -912 -912 -912 -921 -930 -912 -930 -903 -921 -920 -938 -921 -939 -921 -921 -921 -930 -938 -930 -930 -912 -930 -930 -912 -921 -911 -912 -912 -903 -921 -912 -921 -930 -921 -912 -921 -921 -930 -930 -939 -921 -930 -912 -938 -921 -921 -903 -920 -921 -921 -930 -921 -894 -930 -921 -912 -921 -894 -912 -894 -903 -912 -912 -894 -912 -921 -921 -903 -930 -929 -894 -903 -912 -921 -912 -903 -930 -903 -930 -930 -930 -930 -938 -947 -947 -939 -930 -947 -947 -956 -965 -974 -939 -974 -965 -939 -956 -939 -947 -965 -939 -956 -983 -965 -939 -956 -974 -965 -965 -965 -947 -956 -974 -938 -956 -965 -965 -939 -965 -938 -947 -938 -956 -938 -947 -938 -938 -947 -947 -939 -956 -938 -939 -938 -930 -947 -930 -947 -930 -938 -947 -930 -956 -939 -956 -939 -939 -930 -930 -939 -930 -939 -930 -912 -912 -930 -921 -939 -938 -939 -912 -912 -921 -921 -929 -921 -921 -921 -912 -912 -912 -921 -921 -894 -930 -912 -921 -903 -903 -903 -912 -921 -912 -903 -912 -930 -921 -912 -912 -930 -912 -912 -903 -903 -903 -912 -867 -894 -876 -885 -850 -894 -867 -858 -867 -850 -876 -832 -850 -867 -850 -841 -858 -858 -841 -850 -841 -823 -832 -832 -841 -858 -858 -858 -858 -841 -850 -850 -841 -850 -841 -823 -832 -841 -823 -850 -841 -832 -823 -832 -832 -850 -841 -841 -832 -814 -832 -823 -823 -823 -841 -832 -814 -823 -823 -823 -814 -806 -806 -805 -806 -814 -814 -806 -814 -797 -797 -806 -814 -814 -805 -788 -788 -806 -797 -806 -788 -779 -788 -797 -797 -788 -779 -770 -788 -788 -806 -788 -805 -796 -797 -788 -788 -779 -770 -770 -779 -779 -752 -770 -770 -717 -752 -761 -752 -752 -761 -770 -743 -770 -734 -752 -761 -752 -770 -761 -761 -752 -743 -743 -743 -752 -743 -743 -752 -752 -752 -752 -752 -743 -743 -743 -743 -734 -743 -752 -752 -734 -743 -725 -725 -752 -752 -743 -752 -743 -743 -734 -725 -734 -743 -734 -734 -761 -743 -734 -752 -716 -734 -734 -734 -725 -743 -734 -708 -734 -734 -717 -734 -734 -743 -725 -717 -717 -716 -708 -699 -690 -699 -717 -717 -689 -690 -708 -681 -699 -717 -690 -699 -708 -708 -707 -690 -690 -717 -699 -708 -708 -708 -699 -708 -708 -699 -717 -717 -690 -699 -708 -708 -708 -717 -717 -716 -717 -717 -716 -690 -708 -699 -717 -699 -699 -717 -708 -699 -708 -717 -681 -717 -699 -717 -699 -725 -716 -717 -699 -725 -708 -717 -717 -734 -717 -717 -716 -717 -717 -717 -725 -717 -725 -707 -717 -716 -707 -708 -708 -681 -708 -708 -725 -708 -725 -699 -734 -734 -716 -734 -716 -716 -734 -717 -752 -717 -716 -707 -734 -725 -717 -725 -734 -734 -717 -725 -717 -717 -716 -716 -725 -716 -699 -708 -717 -717 -743 -725 -717 -725 -699 -708 -725 -734 -734 -743 -708 -725 -725 -725 -717 -717 -717
-921 -912 -939 -921 -903 -938 -912 -930 -903 -921 -921 -921 -912 -912 -912 -912 -939 -903 -921 -921 -921 -912 -930 -903 -930 -930 -921 -939 -930 -921 -930 -930 -921 -947 -929 -903 -921 -912 -921 -939 -921 -921 -903 -912 -912 -903 -912 -912 -903 -912 -912 -920 -912 -912 -912 -912 -912 -939 -903 -912 -921 -912 -921 -903 -903 -903 -921 -921 -930 -912 -894 -912 -921 -929 -939 -947 -930 -938 -939 -947 -947 -947 -930 -974 -965 -956 -947 -956 -947 -956 -939 -965 -956 -974 -956 -947 -956 -965 -947 -965 -956 -965 -983 -965 -947 -947 -956 -947 -974 -939 -965 -947 -956 -930 -956 -965 -947 -947 -965 -947 -956 -939 -947 -921 -939 -947 -939 -947 -947 -930 -939 -939 -930 -947 -947 -939 -921 -939 -947 -938 -929 -939 -921 -938 -930 -939 -930 -912 -930 -939 -930 -921 -930 -921 -921 -903 -930 -912 -894 -921 -912 -921 -903 -921 -903 -921 -912 -894 -894 -921 -903 -921 -894 -930 -930 -912 -903 -921 -912 -930 -921 -903 -894 -903 -894 -912 -894 -930 -885 -894 -894 -912 -885 -894 -903 -867 -858 -867 -858 -867 -858 -858 -850 -850 -850 -850 -850 -841 -858 -841 -841 -850 -832 -858 -841 -850 -841 -832 -832 -841 -832 -841 -841 -841 -814 -841 -841 -814 -823 -823 -832 -832 -841 -832 -832 -814 -858 -823 -850 -823 -841 -841 -823 -832 -823 -823 -823 -806 -823 -832 -823 -814 -814 -814 -823 -805 -806 -823 -806 -797 -805 -797 -806 -797 -797 -805 -806 -806 -788 -797 -788 -797 -788 -788 -797 -788 -788 -788 -788 -797 -779 -806 -788 -770 -779 -779 -779 -770 -788 -770 -770 -770 -761 -752 -770 -779 -797 -761 -752 -770 -770 -770 -752 -761 -761 -770 -761 -761 -770 -752 -761 -752 -734 -770 -743 -752 -734 -743 -761 -761 -734 -761 -752 -761 -734 -752 -752 -761 -734 -725 -770 -734 -743 -761 -752 -734 -743 -752 -761 -743 -752 -734 -743 -734 -743 -725 -725 -743 -743 -734 -743 -734 -725 -708 -734 -734 -734 -743 -734 -725 -725 -725 -734 -734 -725 -725 -725 -708 -717 -708 -717 -717 -690 -708 -717 -681 -681 -699 -681 -716 -717 -672 -681 -699 -681 -699 -699 -708 -708 -708 -708 -708 -707 -717 -690 -708 -717 -708 -725 -725 -708 -725 -708 -717 -699 -717 -708 -707 -717 -699 -717 -690 -699 -725 -707 -699 -699 -699 -708 -725 -690 -672 -717 -708 -717 -681 -699 -699 -699 -708 -734 -708 -707 -725 -717 -717 -708 -716 -708 -743 -717 -725 -716 -717 -708 -699 -708 -716 -708 -725 -725 -725 -725 -717 -717 -708 -707 -717 -707 -716 -699 -734 -717 -708 -708 -708 -708 -716 -725 -725 -716 -717 -717 -725 -725 -708 -708 -734 -725 -734 -717 -725 -725 -725 -743 -725 -708 -725 -725 -708 -717 -734 -743 -734 -708 -734 -734 -743 -734 -743 -743 -717 -734 -725 -734 -725 -725 -743 -725 -717 -725 -725
-930 -921 -903 -921 -930 -930 -912 -903 -921 -894 -912 -921 -912 -930 -920 -921 -930 -921 -930 -921 -921 -912 -912 -921 -921 -930 -930 -939 -912 -921 -930 -903 -885 -921 -903 -930 -912 -930 -912 -912 -903 -912 -903 -921 -894 -921 -912 -921 -894 -903 -921 -921 -921 -921 -903 -903 -912 -921 -912 -903 -921 -911 -912 -921 -930 -921 -921 -938 -947 -939 -938 -947 -947 -939 -947 -956 -956 -939 -947 -930 -956 -947 -947 -956 -965 -939 -974 -947 -947 -956 -939 -974 -974 -956 -965 -965 -965 -974 -956 -983 -974 -965 -974 -956 -947 -965 -956 -956 -939 -956 -974 -947 -965 -938 -956 -939 -938 -939 -947 -930 -930 -956 -947 -939 -938 -929 -939 -930 -930 -912 -956 -939 -930 -929 -930 -956 -930 -921 -939 -939 -939 -930 -921 -921 -912 -930 -921 -930 -912 -921 -912 -912 -912 -912 -921 -921 -921 -894 -912 -921 -903 -903 -912 -894 -929 -912 -912 -894 -921 -903 -903 -921 -921 -903 -894 -903 -930 -912 -912 -912 -903 -885 -903 -876 -885 -894 -885 -876 -867 -850 -876 -867 -858 -850 -858 -858 -841 -841 -841 -841 -832 -841 -858 -841 -858 -841 -832 -850 -841 -850 -841 -841 -841 -841 -858 -832 -832 -823 -832 -841 -832 -841 -841 -841 -823 -841 -832 -823 -823 -841 -814 -850 -823 -823 -806 -814 -823 -814 -832 -823 -850 -814 -823 -823 -814 -797 -806 -805 -814 -806 -797 -797 -814 -805 -806 -805 -806 -797 -788 -797 -788 -788 -797 -797 -779 -806 -779 -806 -797 -779 -787 -770 -797 -779 -779 -788 -761 -788 -806 -788 -779 -779 -761 -761 -770 -752 -788 -761 -797 -743 -761 -761 -778 -752 -761 -770 -752 -752 -770 -761 -770 -743 -752 -761 -761 -761 -752 -752 -734 -743 -752 -734 -752 -725 -743 -734 -743 -761 -761 -743 -761 -725 -743 -743 -743 -743 -734 -725 -752 -725 -717 -743 -752 -743 -752 -725 -743 -734 -734 -716 -734 -725 -743 -734 -743 -752 -725 -725 -717 -734 -708 -725 -734 -725 -717 -717 -717 -717 -717 -708 -699 -717 -708 -699 -672 -708 -690 -690 -699 -690 -699 -690 -699 -690 -707 -681 -717 -708 -681 -708 -716 -708 -708 -708 -708 -734 -717 -717 -717 -690 -725 -698 -708 -717 -717 -716 -708 -707 -708 -690 -707 -717 -708 -717 -708 -716 -708 -699 -708 -699 -699 -708 -699 -690 -708 -708 -699 -699 -725 -690 -725 -708 -717 -708 -725 -725 -725 -717 -708 -734 -708 -717 -725 -725 -725 -699 -708 -717 -717 -717 -716 -708 -717 -707 -708 -717 -717 -708 -708 -708 -681 -716 -716 -690 -717 -717 -717 -690 -717 -725 -743 -708 -717 -708 -708 -725 -725 -708 -690 -725 -725 -717 -717 -708 -734 -725 -725 -708 -725 -708 -708 -717 -708 -725 -699 -716 -725 -743 -708 -734 -717 -725 -717 -725 -734 -725 -743 -743 -716 -734 -761 -725 -716 -743 -752 -734 -743 -725 -734 -716 -716 -717
-903 -912 -903 -921 -903 -903 -903 -912 -903 -912 -921 -912 -921 -921 -912 -912 -903 -912 -921 -921 -930 -921 -912 -912 -903 -939 -921 -930 -921 -885 -921 -929 -920 -930 -912 -930 -921 -921 -921 -912 -921 -912 -912 -921 -921 -912 -903 -903 -912 -894 -903 -912 -912 -912 -894 -921 -930 -921 -938 -921 -947 -947 -956 -939 -939 -965 -947 -947 -956 -939 -947 -947 -947 -947 -956 -947 -939 -956 -956 -939 -956 -938 -965 -956 -965 -965 -965 -947 -965 -965 -965 -965 -991 -956 -965 -956 -965 -974 -965 -956 -956 -956 -974 -947 -939 -956 -947 -939 -930 -930 -939 -912 -930 -956 -956 -939 -930 -939 -930 -939 -930 -947 -938 -938 -930 -947 -947 -930 -930 -930 -921 -930 -947 -930 -930 -930 -930 -912 -921 -903 -912 -921 -921 -903 -921 -912 -921 -903 -903 -921 -885 -903 -912 -903 -903 -903 -903 -921 -939 -912 -903 -912 -912 -894 -921 -903 -930 -921 -912 -912 -894 -903 -903 -894 -894 -894 -885 -876 -885 -885 -867 -867 -858 -858 -858 -850 -841 -850 -858 -841 -850 -832 -832 -823 -850 -832 -814 -841 -841 -841 -850 -850 -850 -850 -832 -832 -841 -841 -841 -850 -850 -832 -805 -841 -850 -858 -841 -823 -841 -832 -823 -841 -823 -832 -823 -814 -832 -823 -805 -814 -832 -823 -814 -805 -806 -806 -797 -823 -814 -797 -806 -806 -832 -788 -814 -806 -806 -788 -806 -797 -797 -788 -806 -814 -797 -761 -797 -788 -788 -788 -779 -779 -770 -788 -788 -770 -779 -761 -797 -779 -770 -797 -806 -770 -752 -770 -779 -752 -770 -752 -752 -770 -752 -761 -761 -761 -734 -761 -761 -761 -761 -770 -761 -761 -752 -761 -761 -752 -761 -761 -752 -761 -743 -743 -743 -743 -761 -752 -743 -761 -734 -734 -743 -761 -761 -725 -734 -734 -743 -752 -734 -734 -743 -743 -761 -734 -734 -734 -743 -717 -743 -734 -743 -725 -743 -716 -734 -725 -717 -734 -725 -717 -717 -734 -717 -708 -717 -717 -717 -708 -717 -717 -717 -707 -708 -699 -699 -708 -690 -672 -717 -699 -707 -690 -699 -708 -690 -690 -708 -681 -699 -699 -725 -717 -725 -681 -699 -717 -717 -699 -708 -716 -708 -699 -699 -690 -717 -717 -716 -699 -699 -708 -708 -717 -716 -708 -708 -699 -699 -717 -708 -716 -707 -690 -708 -699 -707 -717 -708 -699 -699 -717 -717 -725 -725 -717 -717 -708 -734 -725 -717 -743 -717 -725 -717 -708 -734 -717 -699 -725 -716 -725 -716 -717 -717 -708 -716 -708 -716 -708 -708 -707 -717 -699 -725 -708 -717 -734 -717 -725 -734 -707 -725 -734 -708 -717 -734 -752 -708 -725 -717 -725 -717 -708 -717 -717 -725 -717 -717 -717 -708 -734 -716 -717 -725 -725 -717 -717 -708 -734 -725 -743 -717 -734 -725 -725 -734 -725 -743 -717 -734 -743 -734 -734 -734 -734 -752 -734 -734 -743 -734 -725 -734 -717 -725 -725 -716 -734 -725 -717 -725 -725
-921 -930 -929 -939 -912 -921 -929 -938 -912 -921 -912 -912 -912 -912 -903 -921 -930 -921 -921 -912 -912 -912 -921 -912 -912 -912 -903 -912 -894 -894 -903 -930 -912 -903 -894 -921 -912 -921 -912 -921 -930 -912 -912 -894 -939 -903 -912 -930 -903 -930 -930 -929 -930 -939 -956 -939 -956 -956 -947 -947 -956 -930 -947 -947 -939 -947 -947 -947 -947 -974 -974 -947 -956 -956 -956 -956 -983 -974 -956 -956 -956 -965 -956 -965 -956 -956 -956 -956 -939 -965 -956 -965 -956 -947 -956 -956 -956 -939 -938 -939 -938 -939 -921 -939 -939 -956 -947 -938 -929 -921 -930 -930 -939 -930 -930 -938 -939 -930 -939 -939 -947 -921 -930 -939 -912 -939 -930 -930 -903 -912 -912 -938 -921 -912 -894 -912 -894 -912 -894 -912 -894 -894 -903 -912 -903 -921 -894 -921 -894 -912 -912 -912 -921 -921 -912 -894 -903 -903 -903 -903 -921 -921 -930 -894 -885 -894 -885 -876 -894 -894 -885 -894 -867 -867 -867 -867 -850 -841 -850 -841 -858 -850 -858 -832 -841 -850 -841 -832 -841 -823 -850 -841 -841 -850 -850 -850 -832 -832 -858 -832 -841 -850 -850 -850 -858 -850 -850 -823 -841 -823 -832 -832 -841 -841 -806 -823 -823 -841 -823 -832 -814 -823 -841 -814 -823 -823 -814 -814 -814 -806 -797 -797 -805 -806 -797 -814 -788 -797 -806 -787 -797 -797 -797 -770 -797 -806 -796 -797 -806 -779 -788 -779 -797 -788 -779 -796 -761 -770 -788 -770 -779 -788 -797 -779 -805 -770 -761 -770 -770 -779 -770 -770 -779 -761 -761 -761 -761 -752 -761 -752 -752 -770 -761 -770 -761 -761 -761 -761 -752 -761 -761 -752 -761 -761 -752 -734 -761 -743 -752 -743 -761 -752 -752 -743 -761 -743 -752 -734 -734 -743 -734 -734 -734 -734 -752 -743 -734 -734 -725 -725 -752 -752 -743 -725 -717 -717 -734 -725 -734 -725 -752 -734 -725 -717 -743 -717 -725 -725 -725 -734 -725 -725 -725 -717 -717 -717 -717 -690 -699 -690 -707 -699 -699 -681 -681 -672 -690 -717 -690 -690 -708 -699 -698 -708 -708 -707 -717 -717 -699 -717 -708 -717 -699 -717 -708 -717 -708 -716 -708 -716 -717 -717 -717 -699 -717 -690 -708 -708 -708 -699 -699 -699 -690 -708 -716 -717 -717 -717 -708 -717 -708 -690 -725 -699 -708 -717 -725 -725 -725 -717 -752 -743 -725 -725 -717 -717 -717 -717 -717 -699 -725 -717 -707 -708 -725 -699 -725 -699 -717 -708 -708 -707 -708 -716 -725 -725 -716 -717 -708 -699 -734 -716 -725 -725 -717 -708 -716 -734 -725 -743 -716 -717 -725 -717 -707 -734 -734 -734 -725 -725 -708 -734 -708 -734 -716 -725 -716 -717 -725 -734 -717 -717 -717 -725 -734 -717 -725 -717 -717 -725 -707 -717 -734 -743 -717 -734 -734 -725 -734 -725 -725 -725 -716 -725 -734 -734 -734 -743 -725 -717 -717 -708 -717 -725 -743 -725 -725 -717 -725 -716 -743 -734
-912 -912 -921 -921 -912 -912 -912 -912 -921 -921 -912 -930 -921 -921 -921 -903 -903 -894 -921 -921 -894 -921 -885 -903 -921 -903 -912 -894 -912 -912 -921 -903 -894 -894 -903 -912 -912 -930 -903 -920 -921 -912 -939 -938 -956 -947 -939 -947 -956 -947 -965 -956 -956 -956 -965 -956 -947 -947 -947 -947 -930 -947 -956 -956 -956 -956 -956 -956 -965 -956 -965 -947 -965 -974 -956 -974 -965 -965 -974 -965 -956 -947 -965 -956 -956 -947 -939 -956 -965 -956 -956 -956 -938 -939 -956 -930 -939 -939 -956 -947 -921 -929 -912 -930 -929 -912 -939 -938 -947 -921 -939 -938 -930 -939 -939 -956 -921 -921 -921 -912 -930 -921 -921 -921 -921 -939 -939 -930 -912 -903 -903 -885 -903 -921 -912 -903 -921 -903 -894 -894 -921 -903 -903 -903 -930 -921 -912 -903 -921 -894 -903 -912 -903 -903 -912 -921 -894 -894 -903 -885 -894 -876 -876 -894 -876 -850 -867 -876 -858 -850 -858 -850 -867 -850 -841 -850 -841 -841 -832 -823 -841 -832 -832 -850 -841 -850 -850 -841 -832 -850 -832 -841 -841 -850 -850 -841 -850 -814 -858 -850 -832 -850 -823 -841 -823 -832 -823 -850 -841 -841 -814 -850 -832 -814 -823 -814 -823 -850 -806 -814 -823 -806 -814 -806 -814 -806 -814 -805 -797 -788 -806 -797 -805 -779 -797 -806 -805 -788 -797 -797 -797 -788 -806 -788 -805 -788 -779 -788 -796 -797 -779 -770 -796 -779 -779 -788 -761 -779 -788 -770 -761 -752 -761 -770 -770 -770 -743 -761 -770 -752 -752 -743 -770 -752 -761 -761 -770 -743 -761 -752 -743 -752 -734 -761 -752 -752 -761 -761 -752 -743 -743 -752 -734 -743 -743 -752 -734 -752 -752 -734 -734 -752 -734 -743 -734 -761 -734 -734 -725 -734 -761 -725 -743 -743 -734 -734 -734 -725 -734 -725 -725 -743 -734 -743 -725 -716 -743 -716 -725 -725 -725 -725 -717 -699 -708 -717 -725 -708 -690 -708 -690 -717 -690 -699 -672 -690 -690 -690 -699 -690 -699 -698 -699 -690 -699 -717 -698 -716 -717 -716 -716 -708 -708 -708 -699 -708 -698 -699 -725 -717 -699 -708 -717 -725 -708 -708 -708 -717 -708 -699 -708 -690 -699 -717 -699 -672 -717 -716 -690 -708 -708 -707 -717 -716 -725 -707 -716 -708 -725 -717 -708 -725 -725 -708 -734 -708 -725 -708 -699 -708 -716 -708 -725 -717 -708 -725 -717 -716 -708 -717 -708 -708 -707 -725 -708 -717 -707 -725 -699 -717 -708 -725 -708 -716 -725 -708 -717 -708 -717 -708 -717 -717 -708 -716 -725 -699 -717 -734 -716 -725 -708 -708 -717 -708 -717 -717 -725 -717 -734 -708 -716 -716 -725 -716 -708 -716 -699 -734 -725 -725 -725 -743 -725 -725 -743 -734 -752 -734 -717 -734 -752 -734 -725 -725 -743 -734 -716 -734 -734 -725 -716 -716 -717 -717 -734 -725 -717 -734 -725 -716 -725 -734 -725 -725 -734 -752 -734 -734 -743 -734 -743 -743
-921 -912 -903 -912 -939 -912 -912 -912 -912 -912 -894 -894 -912 -912 -903 -921 -903 -912 -894 -912 -912 -903 -921 -921 -912 -903 -930 -912 -912 -921 -912 -903 -930 -921 -921 -956 -947 -947 -947 -947 -939 -965 -947 -965 -965 -965 -974 -965 -965 -947 -947 -947 -939 -930 -947 -947 -956 -939 -974 -956 -956 -956 -974 -965 -974 -956 -956 -965 -956 -965 -956 -947 -956 -956 -938 -956 -938 -956 -956 -930 -947 -947 -921 -939 -956 -930 -947 -947 -939 -939 -947 -938 -956 -930 -930 -921 -930 -938 -921 -938 -956 -947 -939 -921 -939 -930 -912 -930 -921 -930 -939 -939 -903 -912 -921 -921 -921 -912 -903 -930 -894 -912 -921 -894 -903 -903 -894 -894 -894 -894 -921 -921 -912 -903 -903 -912 -912 -921 -930 -912 -894 -912 -912 -903 -930 -903 -894 -903 -894 -894 -894 -876 -894 -885 -876 -850 -885 -876 -885 -850 -858 -858 -858 -850 -850 -850 -841 -850 -832 -832 -841 -823 -841 -858 -850 -841 -850 -841 -832 -823 -850 -850 -850 -850 -841 -850 -841 -841 -832 -823 -841 -832 -823 -832 -832 -841 -823 -858 -832 -823 -814 -823 -814 -841 -823 -841 -823 -841 -814 -806 -823 -806 -797 -814 -797 -797 -814 -806 -814 -797 -823 -797 -788 -797 -779 -797 -779 -806 -788 -806 -779 -805 -788 -779 -779 -779 -788 -779 -788 -770 -788 -797 -788 -770 -779 -779 -779 -770 -779 -770 -770 -779 -779 -761 -761 -770 -752 -779 -761 -752 -761 -743 -761 -734 -752 -761 -761 -770 -761 -761 -752 -752 -752 -761 -752 -743 -752 -734 -743 -770 -743 -743 -743 -752 -743 -734 -752 -752 -752 -743 -752 -752 -743 -743 -743 -752 -743 -743 -743 -725 -734 -725 -743 -734 -717 -734 -743 -725 -734 -752 -725 -725 -717 -743 -725 -752 -725 -725 -752 -725 -725 -716 -725 -708 -716 -708 -708 -699 -717 -708 -716 -717 -681 -690 -681 -708 -681 -672 -698 -690 -690 -699 -708 -699 -717 -681 -708 -708 -699 -708 -708 -717 -690 -699 -708 -708 -690 -725 -699 -708 -725 -717 -708 -699 -708 -708 -681 -717 -690 -690 -699 -708 -708 -708 -708 -699 -708 -681 -690 -708 -699 -690 -681 -717 -717 -708 -708 -717 -725 -708 -716 -708 -717 -717 -708 -716 -708 -717 -717 -707 -708 -717 -699 -725 -725 -708 -699 -717 -708 -716 -708 -708 -708 -725 -734 -717 -717 -708 -708 -717 -716 -716 -716 -717 -707 -725 -717 -717 -708 -708 -716 -717 -734 -734 -716 -708 -717 -708 -725 -717 -716 -743 -716 -725 -717 -699 -708 -716 -708 -725 -734 -734 -725 -717 -725 -725 -725 -725 -717 -743 -717 -716 -725 -717 -734 -734 -725 -761 -743 -725 -743 -743 -725 -725 -743 -725 -734 -743 -734 -725 -717 -725 -734 -725 -734 -717 -725 -708 -725 -717 -717 -752 -734 -734 -734 -743 -725 -743 -716 -734 -743 -734 -734 -734 -752 -743 -743 -725 -734 -743 -743 -734
-912 -912 -894 -912 -903 -912 -930 -912 -921 -930 -921 -912 -921 -912 -912 -921 -912 -912 -921 -903 -921 -921 -912 -921 -921 -921 -939 -930 -930 -930 -947 -956 -956 -947 -947 -939 -947 -956 -947 -921 -956 -939 -947 -947 -956 -939 -930 -939 -956 -956 -965 -965 -956 -965 -974 -947 -956 -974 -965 -956 -965 -956 -965 -956 -947 -965 -965 -947 -965 -947 -947 -930 -947 -930 -939 -939 -938 -947 -939 -921 -938 -947 -939 -947 -930 -929 -939 -921 -947 -930 -930 -938 -947 -939 -938 -930 -930 -938 -939 -921 -921 -903 -930 -912 -939 -930 -903 -912 -912 -912 -939 -921 -921 -912 -894 -912 -912 -912 -903 -894 -903 -885 -912 -894 -921 -903 -912 -912 -912 -912 -912 -894 -930 -912 -921 -903 -894 -921 -903 -894 -885 -885 -885 -867 -885 -885 -876 -876 -858 -867 -876 -858 -858 -858 -841 -858 -832 -841 -850 -850 -850 -850 -858 -832 -850 -850 -850 -832 -841 -850 -841 -858 -850 -850 -841 -832 -841 -841 -832 -850 -841 -832 -850 -841 -832 -832 -823 -832 -841 -823 -823 -823 -814 -841 -814 -814 -850 -841 -832 -805 -832 -814 -823 -823 -806 -814 -806 -814 -788 -806 -814 -806 -806 -797 -797 -797 -788 -797 -788 -788 -788 -797 -788 -788 -788 -779 -806 -797 -806 -806 -805 -797 -806 -787 -797 -788 -788 -770 -770 -761 -779 -770 -770 -770 -761 -797 -752 -770 -761 -779 -779 -761 -761 -761 -752 -752 -743 -761 -752 -743 -752 -761 -752 -734 -752 -743 -752 -761 -761 -743 -743 -770 -734 -770 -752 -734 -752 -761 -743 -734 -725 -734 -725 -734 -734 -743 -734 -734 -734 -734 -743 -752 -743 -734 -734 -752 -734 -734 -725 -725 -743 -734 -725 -725 -725 -717 -734 -734 -716 -734 -734 -734 -725 -743 -734 -716 -717 -716 -716 -717 -708 -707 -690 -690 -725 -690 -699 -690 -699 -690 -708 -699 -672 -681 -681 -690 -690 -717 -716 -708 -699 -708 -717 -725 -707 -708 -725 -699 -690 -708 -708 -717 -717 -716 -716 -699 -708 -716 -708 -716 -690 -699 -699 -725 -699 -699 -725 -699 -681 -699 -681 -708 -681 -699 -717 -707 -707 -725 -699 -708 -717 -717 -734 -717 -699 -708 -725 -716 -708 -708 -725 -708 -708 -717 -699 -725 -708 -699 -717 -725 -717 -708 -716 -716 -725 -717 -725 -708 -690 -708 -717 -708 -716 -717 -725 -717 -734 -717 -716 -708 -717 -725 -708 -717 -725 -708 -725 -716 -717 -708 -717 -725 -743 -717 -725 -707 -734 -708 -708 -707 -717 -707 -717 -708 -725 -725 -725 -717 -708 -708 -734 -725 -725 -717 -717 -725 -725 -734 -743 -734 -717 -734 -752 -725 -717 -725 -734 -734 -761 -725 -734 -725 -717 -743 -717 -717 -725 -708 -734 -725 -716 -725 -725 -725 -717 -716 -734 -734 -734 -743 -734 -725 -734 -743 -743 -734 -734 -743 -752 -725 -734 -734 -734 -752 -743 -734 -743 -734 -752 -743 -734 -752
-921 -894 -912 -912 -903 -912 -894 -930 -921 -912 -903 -921 -912 -903 -912 -921 -930 -939 -921 -930 -938 -947 -965 -965 -947 -939 -956 -974 -938 -947 -939 -939 -939 -956 -947 -947 -947 -974 -947 -965 -947 -974 -965 -965 -965 -947 -974 -956 -956 -939 -974 -947 -956 -965 -965 -947 -965 -939 -947 -965 -956 -947 -956 -939 -947 -939 -930 -947 -930 -947 -921 -965 -930 -921 -930 -939 -930 -930 -930 -930 -929 -921 -930 -930 -921 -930 -929 -921 -930 -912 -930 -930 -938 -921 -930 -930 -912 -912 -930 -903 -921 -903 -921 -912 -912 -912 -903 -885 -912 -885 -894 -903 -903 -903 -912 -894 -921 -894 -894 -903 -912 -903 -921 -921 -894 -921 -921 -894 -921 -912 -903 -867 -894 -885 -885 -885 -876 -867 -876 -867 -858 -858 -850 -858 -832 -850 -850 -867 -850 -850 -806 -858 -841 -858 -841 -832 -832 -850 -867 -823 -858 -850 -841 -841 -850 -858 -823 -841 -850 -832 -841 -823 -823 -832 -841 -841 -841 -850 -823 -823 -841 -832 -832 -823 -850 -832 -823 -806 -850 -823 -823 -806 -823 -814 -823 -814 -805 -823 -805 -814 -787 -797 -806 -796 -797 -806 -788 -797 -779 -797 -788 -788 -770 -788 -788 -788 -788 -814 -796 -779 -806 -770 -770 -788 -779 -779 -797 -797 -770 -779 -770 -788 -752 -779 -770 -770 -770 -779 -761 -761 -743 -797 -743 -770 -770 -770 -770 -752 -761 -752 -761 -752 -752 -752 -743 -743 -752 -761 -752 -761 -779 -743 -743 -743 -734 -752 -752 -743 -752 -734 -743 -734 -761 -752 -743 -761 -734 -752 -734 -752 -752 -734 -752 -734 -752 -752 -734 -752 -734 -717 -734 -743 -734 -717 -725 -734 -734 -725 -725 -716 -725 -752 -743 -725 -743 -716 -717 -725 -725 -716 -708 -708 -708 -716 -717 -690 -708 -699 -725 -690 -699 -699 -681 -681 -690 -699 -690 -690 -699 -707 -717 -708 -717 -699 -717 -717 -699 -690 -699 -699 -708 -707 -725 -708 -716 -699 -690 -708 -717 -708 -716 -717 -681 -699 -708 -699 -708 -716 -717 -699 -708 -690 -690 -707 -690 -699 -708 -690 -708 -717 -717 -699 -699 -725 -699 -725 -717 -725 -717 -708 -725 -708 -717 -725 -734 -708 -725 -708 -708 -725 -717 -725 -725 -708 -708 -708 -717 -699 -681 -725 -717 -717 -716 -725 -716 -690 -725 -717 -717 -725 -725 -708 -734 -717 -717 -725 -717 -717 -717 -716 -725 -725 -708 -708 -725 -734 -725 -725 -717 -717 -708 -743 -716 -717 -717 -708 -708 -725 -708 -699 -725 -708 -717 -717 -734 -734 -725 -743 -717 -734 -725 -752 -752 -734 -725 -734 -725 -717 -734 -725 -725 -717 -725 -734 -717 -717 -734 -734 -734 -717 -725 -717 -725 -716 -725 -717 -734 -743 -743 -734 -725 -743 -743 -717 -725 -734 -743 -752 -734 -752 -743 -725 -752 -725 -734 -725 -716 -761 -734 -734 -743 -734 -734 -734 -743 -717 -734 -752 -743 -717 -743 -734
-903 -903 -912 -912 -894 -912 -912 -903 -921 -939 -939 -921 -939 -947 -956 -947 -939 -939 -974 -947 -947 -939 -956 -939 -947 -939 -965 -956 -938 -947 -939 -947 -947 -974 -965 -956 -965 -974 -939 -965 -956 -974 -947 -956 -974 -974 -938 -965 -965 -939 -956 -947 -947 -947 -956 -956 -939 -930 -947 -947 -947 -947 -930 -965 -956 -938 -939 -930 -920 -939 -939 -930 -921 -930 -947 -903 -930 -947 -921 -912 -921 -938 -921 -921 -939 -930 -912 -912 -921 -930 -912 -930 -903 -912 -894 -912 -903 -903 -921 -903 -894 -921 -912 -903 -903 -903 -903 -912 -912 -912 -894 -921 -921 -903 -921 -894 -921 -894 -912 -903 -894 -894 -903 -885 -885 -894 -912 -885 -885 -867 -867 -885 -885 -858 -858 -841 -867 -850 -867 -850 -832 -841 -823 -823 -832 -832 -841 -841 -850 -850 -841 -823 -832 -858 -858 -850 -823 -858 -832 -832 -841 -850 -841 -850 -832 -841 -832 -814 -832 -850 -841 -823 -832 -832 -823 -814 -832 -832 -806 -841 -814 -814 -823 -806 -823 -806 -823 -814 -823 -805 -806 -805 -806 -806 -806 -797 -797 -761 -797 -805 -806 -797 -814 -805 -788 -797 -805 -797 -797 -788 -806 -779 -788 -797 -787 -779 -779 -779 -779 -778 -779 -770 -770 -788 -779 -752 -761 -770 -770 -761 -761 -761 -761 -770 -770 -761 -752 -761 -770 -761 -761 -752 -734 -752 -743 -761 -761 -761 -761 -734 -752 -734 -752 -761 -761 -752 -752 -743 -743 -752 -770 -717 -725 -752 -752 -743 -725 -752 -734 -734 -734 -743 -743 -734 -734 -725 -734 -716 -743 -734 -743 -725 -725 -725 -725 -734 -725 -717 -734 -699 -725 -734 -708 -716 -717 -717 -725 -717 -725 -708 -716 -717 -716 -699 -690 -699 -708 -699 -690 -699 -690 -690 -681 -681 -681 -681 -690 -699 -690 -699 -699 -699 -708 -708 -699 -699 -699 -708 -707 -725 -717 -690 -708 -699 -716 -690 -699 -716 -699 -725 -708 -708 -699 -717 -699 -699 -699 -708 -716 -699 -690 -690 -708 -699 -681 -690 -690 -716 -708 -707 -708 -699 -699 -699 -699 -716 -725 -708 -725 -707 -699 -717 -717 -725 -717 -708 -717 -717 -725 -708 -699 -707 -707 -717 -717 -708 -699 -699 -699 -708 -699 -690 -717 -699 -725 -699 -708 -708 -716 -699 -717 -734 -708 -725 -717 -725 -716 -725 -717 -717 -734 -707 -716 -708 -717 -708 -725 -725 -725 -717 -716 -707 -725 -725 -708 -699 -708 -708 -717 -717 -725 -717 -717 -708 -725 -734 -725 -725 -717 -743 -734 -725 -734 -743 -734 -708 -734 -717 -717 -734 -725 -743 -725 -725 -734 -707 -717 -743 -734 -717 -708 -734 -725 -716 -725 -717 -725 -734 -725 -717 -725 -734 -743 -743 -725 -734 -734 -734 -725 -734 -752 -734 -734 -725 -734 -734 -734 -743 -734 -717 -734 -743 -743 -734 -734 -743 -734 -734 -743 -752 -743 -752 -743 -743 -734 -734 -743 -743 -752 -752 -743 -725
-930 -939 -930 -938 -939 -921 -947 -956 -947 -939 -947 -947 -947 -956 -956 -939 -939 -965 -965 -956 -956 -947 -956 -974 -947 -956 -956 -939 -983 -974 -939 -956 -965 -956 -965 -965 -956 -965 -947 -956 -974 -947 -956 -938 -939 -947 -965 -938 -930 -956 -947 -939 -939 -930 -947 -930 -939 -938 -930 -947 -921 -929 -947 -939 -921 -938 -947 -921 -939 -939 -947 -930 -947 -921 -930 -947 -947 -939 -930 -930 -930 -921 -903 -912 -903 -921 -894 -903 -903 -912 -930 -903 -903 -912 -912 -903 -912 -912 -903 -903 -912 -894 -912 -912 -885 -930 -912 -903 -912 -903 -912 -903 -885 -894 -903 -903 -885 -894 -876 -885 -876 -885 -876 -876 -876 -858 -876 -850 -858 -858 -832 -858 -867 -858 -832 -850 -823 -850 -832 -841 -823 -832 -841 -832 -832 -841 -850 -832 -841 -841 -832 -823 -832 -850 -841 -832 -841 -832 -850 -850 -850 -832 -832 -823 -832 -814 -841 -841 -823 -823 -797 -832 -823 -832 -823 -823 -806 -805 -814 -806 -806 -814 -814 -806 -805 -797 -806 -797 -806 -797 -788 -788 -797 -805 -788 -797 -788 -788 -797 -806 -814 -796 -788 -788 -770 -779 -788 -805 -770 -788 -788 -788 -779 -779 -779 -770 -779 -779 -806 -779 -788 -770 -752 -752 -779 -743 -743 -770 -770 -761 -743 -761 -761 -752 -752 -761 -761 -752 -752 -761 -734 -761 -734 -743 -761 -743 -752 -770 -752 -743 -752 -734 -734 -752 -725 -743 -752 -743 -761 -752 -725 -734 -734 -743 -743 -743 -725 -734 -716 -743 -725 -734 -743 -743 -743 -734 -725 -725 -734 -725 -725 -752 -734 -734 -734 -716 -725 -717 -699 -725 -707 -708 -717 -708 -699 -708 -708 -708 -699 -699 -699 -681 -699 -699 -690 -716 -690 -699 -708 -690 -690 -672 -690 -699 -699 -708 -708 -690 -708 -708 -717 -717 -708 -716 -708 -716 -708 -699 -716 -707 -708 -717 -708 -699 -708 -699 -716 -708 -699 -699 -717 -725 -708 -716 -699 -681 -699 -699 -708 -699 -690 -690 -699 -717 -717 -725 -717 -717 -699 -716 -725 -716 -717 -725 -725 -708 -716 -734 -734 -725 -717 -699 -716 -708 -708 -699 -708 -708 -708 -717 -708 -708 -699 -699 -708 -717 -725 -699 -725 -708 -717 -734 -708 -708 -708 -725 -717 -725 -717 -725 -734 -716 -725 -717 -734 -716 -716 -708 -708 -716 -725 -699 -734 -716 -717 -725 -734 -734 -716 -707 -725 -708 -725 -717 -725 -725 -734 -716 -734 -717 -743 -734 -725 -734 -725 -716 -734 -725 -725 -716 -734 -743 -734 -717 -725 -725 -752 -717 -734 -743 -725 -716 -734 -699 -743 -743 -717 -725 -725 -725 -734 -743 -743 -743 -725 -734 -734 -725 -725 -743 -725 -743 -734 -734 -743 -752 -716 -752 -734 -725 -725 -752 -743 -725 -717 -743 -743 -734 -725 -752 -743 -743 -734 -717 -725 -761 -734 -752 -770 -743 -734 -717 -743 -752 -743 -752 -734 -734 -743 -752 -770 -734
-974 -974 -947 -956 -965 -939 -947 -956 -965 -947 -974 -956 -947 -947 -939 -947 -956 -956 -947 -956 -956 -947 -956 -956 -965 -956 -965 -956 -983 -947 -956 -965 -956 -947 -956 -956 -956 -956 -947 -965 -956 -956 -939 -939 -947 -939 -947 -938 -921 -939 -930 -930 -947 -930 -939 -947 -930 -930 -947 -930 -930 -947 -930 -939 -930 -947 -930 -938 -938 -930 -921 -930 -903 -921 -939 -903 -903 -885 -921 -921 -903 -894 -912 -912 -912 -903 -912 -921 -903 -903 -894 -903 -903 -903 -921 -885 -912 -903 -921 -894 -912 -912 -912 -903 -912 -885 -894 -894 -903 -885 -894 -885 -885 -885 -885 -867 -867 -850 -867 -867 -858 -832 -841 -850 -867 -841 -850 -850 -841 -832 -841 -832 -858 -832 -858 -841 -841 -832 -832 -850 -841 -832 -850 -841 -832 -823 -832 -832 -832 -841 -841 -823 -823 -823 -841 -841 -823 -850 -823 -823 -823 -823 -832 -823 -832 -823 -832 -814 -806 -823 -788 -832 -814 -814 -796 -814 -806 -806 -797 -806 -797 -797 -805 -797 -814 -797 -806 -788 -779 -788 -779 -770 -779 -805 -806 -797 -797 -797 -788 -797 -761 -788 -779 -770 -779 -788 -770 -761 -761 -788 -761 -770 -779 -779 -779 -788 -761 -770 -770 -761 -743 -743 -761 -752 -752 -752 -743 -752 -752 -761 -734 -743 -734 -752 -734 -743 -743 -734 -734 -725 -761 -752 -752 -743 -743 -752 -743 -752 -734 -725 -725 -743 -734 -734 -734 -752 -743 -743 -716 -734 -725 -752 -717 -717 -752 -734 -743 -743 -734 -734 -725 -725 -743 -743 -734 -717 -717 -725 -725 -734 -708 -734 -708 -716 -725 -725 -717 -716 -708 -716 -699 -699 -690 -699 -699 -681 -699 -690 -681 -681 -681 -717 -699 -690 -708 -699 -672 -708 -717 -708 -717 -699 -708 -708 -717 -699 -708 -699 -716 -699 -708 -717 -717 -716 -716 -708 -708 -708 -717 -690 -717 -708 -690 -699 -708 -708 -699 -708 -699 -690 -716 -681 -681 -717 -717 -725 -699 -717 -717 -717 -707 -717 -716 -708 -699 -707 -716 -717 -708 -725 -717 -717 -708 -708 -708 -708 -716 -699 -725 -699 -708 -699 -717 -708 -716 -699 -725 -699 -708 -708 -717 -708 -717 -708 -725 -725 -708 -717 -717 -717 -717 -708 -725 -707 -717 -734 -717 -725 -725 -725 -725 -717 -708 -707 -708 -717 -725 -734 -717 -708 -716 -734 -725 -717 -725 -708 -717 -725 -725 -725 -725 -707 -717 -725 -725 -717 -734 -734 -734 -734 -725 -725 -752 -708 -699 -743 -725 -734 -708 -725 -708 -725 -707 -725 -717 -734 -725 -752 -716 -717 -734 -708 -734 -725 -708 -734 -743 -725 -734 -743 -752 -734 -743 -752 -743 -725 -725 -734 -734 -717 -734 -725 -734 -725 -725 -734 -743 -725 -734 -743 -752 -752 -743 -752 -734 -743 -734 -752 -734 -743 -743 -717 -725 -761 -743 -770 -752 -743 -752 -761 -743 -752 -752 -743 -761 -734 -743 -743 -752 -743 -734 -752
-947 -947 -947 -947 -930 -947 -947 -965 -974 -956 -956 -939 -956 -947 -965 -965 -965 -956 -956 -956 -956 -974 -947 -956 -965 -939 -956 -965 -947 -947 -939 -939 -947 -956 -939 -947 -947 -939 -930 -930 -921 -930 -947 -921 -930 -930 -930 -947 -921 -929 -939 -939 -939 -939 -929 -930 -912 -930 -938 -930 -938 -929 -939 -921 -921 -912 -912 -912 -930 -912 -912 -939 -885 -894 -921 -894 -894 -903 -912 -903 -903 -912 -894 -921 -903 -903 -903 -903 -903 -894 -921 -912 -894 -894 -894 -921 -903 -903 -903 -903 -885 -885 -867 -885 -885 -885 -841 -867 -867 -867 -858 -858 -876 -850 -867 -858 -850 -850 -832 -832 -823 -832 -841 -850 -832 -832 -850 -814 -841 -841 -841 -850 -858 -841 -850 -850 -858 -832 -850 -850 -841 -823 -841 -823 -850 -823 -832 -823 -841 -832 -841 -841 -814 -832 -823 -805 -832 -823 -797 -797 -832 -806 -814 -814 -814 -814 -797 -805 -788 -805 -797 -779 -805 -805 -770 -779 -779 -806 -779 -779 -788 -797 -788 -788 -797 -797 -788 -797 -779 -779 -788 -779 -805 -779 -797 -779 -770 -779 -788 -779 -761 -761 -788 -770 -770 -770 -761 -761 -752 -761 -770 -770 -752 -770 -770 -761 -761 -761 -743 -761 -752 -734 -743 -743 -752 -761 -752 -743 -734 -734 -734 -743 -752 -743 -752 -743 -725 -734 -752 -734 -752 -743 -752 -770 -761 -734 -743 -743 -734 -734 -752 -734 -707 -734 -743 -734 -725 -752 -734 -734 -725 -725 -717 -734 -734 -725 -717 -725 -708 -743 -734 -717 -708 -734 -725 -708 -717 -707 -707 -699 -708 -690 -699 -708 -699 -690 -708 -708 -699 -699 -681 -717 -699 -690 -690 -663 -681 -699 -699 -699 -699 -699 -699 -699 -707 -716 -699 -707 -699 -717 -708 -707 -708 -717 -716 -717 -725 -699 -699 -708 -708 -681 -707 -717 -708 -699 -699 -690 -699 -708 -699 -716 -672 -707 -699 -717 -690 -708 -717 -708 -708 -717 -717 -716 -717 -717 -725 -707 -708 -717 -708 -717 -708 -734 -716 -708 -708 -717 -717 -716 -681 -717 -699 -717 -717 -708 -717 -707 -716 -708 -725 -707 -717 -708 -707 -708 -699 -725 -717 -716 -717 -716 -717 -699 -717 -717 -725 -725 -717 -717 -708 -734 -725 -725 -717 -717 -717 -725 -708 -717 -725 -699 -725 -725 -716 -717 -708 -725 -725 -717 -708 -708 -734 -717 -725 -717 -734 -734 -716 -725 -717 -734 -743 -717 -725 -725 -743 -743 -725 -716 -725 -743 -708 -734 -725 -734 -725 -717 -725 -725 -725 -717 -734 -725 -725 -716 -717 -725 -725 -725 -717 -725 -725 -734 -725 -734 -734 -734 -752 -725 -717 -717 -734 -725 -752 -752 -725 -734 -743 -734 -725 -743 -717 -734 -734 -752 -734 -725 -752 -752 -725 -752 -761 -734 -761 -743 -743 -752 -761 -725 -752 -752 -734 -734 -743 -743 -734 -734 -725 -752 -734 -743 -725 -734 -734 -743 -752 -734 -752 -770 -752 -761
-947 -956 -939 -947 -939 -956 -965 -947 -947 -956 -956 -983 -974 -939 -947 -947 -956 -947 -939 -930 -939 -956 -965 -947 -947 -947 -939 -930 -947 -947 -947 -939 -939 -930 -947 -939 -939 -930 -930 -929 -930 -939 -939 -921 -912 -921 -939 -921 -939 -921 -921 -930 -939 -939 -921 -921 -903 -912 -903 -894 -912 -894 -912 -912 -912 -912 -912 -912 -894 -903 -903 -912 -912 -903 -903 -903 -921 -930 -921 -903 -894 -912 -885 -912 -903 -921 -894 -894 -894 -912 -894 -903 -867 -894 -867 -885 -867 -867 -876 -858 -858 -850 -858 -850 -858 -867 -841 -841 -832 -867 -832 -850 -841 -841 -841 -850 -841 -832 -858 -850 -832 -832 -832 -841 -841 -823 -823 -832 -832 -841 -823 -850 -823 -841 -832 -823 -841 -841 -841 -805 -832 -823 -823 -832 -841 -805 -814 -814 -832 -823 -814 -814 -832 -805 -806 -832 -823 -806 -788 -788 -806 -814 -823 -788 -788 -788 -797 -779 -779 -779 -797 -797 -797 -797 -779 -788 -761 -797 -806 -788 -788 -788 -797 -788 -788 -779 -779 -788 -779 -770 -779 -770 -788 -761 -779 -770 -770 -761 -761 -752 -752 -752 -752 -779 -770 -752 -761 -761 -770 -761 -770 -761 -743 -725 -779 -752 -743 -761 -734 -725 -725 -752 -734 -743 -743 -752 -752 -761 -734 -743 -752 -725 -725 -743 -752 -761 -743 -734 -734 -734 -734 -734 -743 -743 -725 -725 -743 -734 -717 -725 -734 -717 -716 -734 -734 -752 -752 -743 -717 -708 -725 -708 -734 -716 -708 -708 -717 -716 -708 -717 -690 -708 -717 -699 -699 -708 -672 -708 -672 -690 -681 -707 -690 -699 -690 -690 -699 -707 -699 -690 -708 -699 -708 -690 -708 -707 -699 -716 -708 -708 -699 -717 -717 -707 -707 -717 -708 -699 -708 -699 -725 -699 -699 -708 -690 -681 -690 -699 -681 -699 -690 -690 -699 -708 -681 -681 -690 -699 -699 -708 -708 -725 -717 -698 -707 -717 -717 -708 -717 -708 -716 -707 -716 -708 -725 -708 -699 -708 -708 -699 -699 -717 -708 -699 -717 -725 -708 -699 -708 -690 -717 -734 -699 -717 -708 -699 -708 -708 -725 -717 -725 -725 -717 -725 -708 -717 -708 -743 -699 -717 -716 -708 -725 -717 -699 -725 -717 -734 -725 -716 -716 -699 -699 -734 -717 -743 -716 -725 -725 -725 -708 -725 -725 -717 -717 -708 -725 -725 -725 -734 -725 -725 -734 -717 -725 -725 -725 -716 -725 -725 -743 -725 -725 -717 -743 -743 -725 -725 -708 -725 -725 -743 -717 -734 -734 -734 -725 -725 -725 -734 -725 -734 -743 -725 -734 -743 -743 -752 -752 -717 -743 -716 -752 -761 -725 -743 -725 -734 -734 -734 -752 -725 -725 -725 -734 -734 -752 -743 -734 -743 -725 -743 -752 -752 -743 -752 -761 -743 -752 -752 -761 -752 -725 -725 -761 -761 -752 -752 -734 -725 -752 -752 -743 -734 -752 -743 -752 -734 -743 -752 -752 -752 -743 -752 -743 -761 -743 -752 -761 -752 -743 -743
-947 -974 -965 -965 -974 -956 -947 -956 -947 -939 -956 -930 -947 -956 -956 -947 -930 -947 -947 -956 -930 -947 -930 -939 -938 -939 -947 -929 -939 -921 -921 -921 -938 -938 -930 -930 -930 -921 -939 -912 -939 -947 -939 -921 -921 -912 -912 -930 -921 -912 -930 -921 -912 -912 -894 -912 -885 -903 -903 -894 -903 -903 -903 -903 -894 -921 -885 -894 -921 -903 -921 -912 -921 -921 -929 -921 -903 -921 -903 -903 -903 -894 -903 -903 -885 -903 -885 -876 -867 -858 -858 -858 -858 -850 -867 -858 -850 -858 -841 -858 -832 -850 -841 -832 -841 -841 -841 -832 -841 -841 -850 -841 -841 -832 -832 -841 -850 -841 -841 -841 -841 -832 -832 -832 -832 -823 -841 -823 -841 -814 -850 -823 -814 -823 -823 -823 -832 -832 -832 -832 -823 -823 -806 -814 -806 -832 -814 -823 -797 -806 -805 -805 -797 -805 -814 -797 -797 -806 -788 -770 -779 -797 -779 -796 -788 -797 -806 -779 -806 -806 -788 -779 -788 -797 -779 -788 -779 -796 -779 -788 -797 -770 -770 -770 -788 -779 -761 -761 -770 -761 -761 -761 -770 -752 -752 -761 -752 -761 -752 -743 -761 -752 -752 -752 -743 -770 -761 -761 -761 -725 -734 -752 -752 -743 -734 -752 -734 -770 -743 -725 -743 -752 -743 -743 -734 -761 -743 -725 -725 -725 -743 -734 -743 -743 -743 -725 -743 -743 -725 -734 -743 -717 -717 -725 -725 -752 -752 -734 -734 -725 -734 -717 -717 -743 -717 -717 -708 -717 -699 -716 -717 -708 -708 -681 -708 -708 -690 -699 -672 -681 -690 -690 -699 -690 -699 -690 -690 -699 -699 -699 -708 -699 -699 -690 -708 -708 -708 -708 -690 -717 -708 -717 -708 -699 -708 -717 -699 -699 -699 -708 -708 -707 -725 -708 -699 -708 -699 -690 -708 -717 -699 -699 -681 -699 -699 -708 -690 -690 -672 -690 -699 -708 -716 -708 -707 -708 -716 -717 -725 -708 -708 -717 -708 -717 -699 -734 -708 -708 -717 -717 -708 -708 -708 -699 -708 -708 -708 -734 -717 -708 -717 -708 -707 -708 -734 -725 -717 -708 -716 -717 -717 -708 -717 -717 -708 -725 -717 -717 -725 -707 -699 -716 -708 -708 -708 -708 -734 -717 -725 -717 -708 -717 -708 -734 -708 -717 -717 -699 -708 -725 -716 -717 -734 -716 -743 -734 -725 -734 -734 -734 -725 -734 -725 -725 -717 -717 -717 -734 -725 -725 -734 -717 -717 -716 -717 -725 -716 -717 -725 -725 -716 -725 -717 -717 -716 -725 -734 -743 -725 -725 -725 -734 -725 -734 -717 -734 -725 -734 -725 -752 -743 -734 -734 -725 -725 -752 -752 -717 -734 -717 -734 -743 -734 -734 -743 -725 -734 -743 -752 -743 -734 -734 -752 -752 -725 -752 -743 -734 -734 -743 -752 -734 -752 -761 -734 -752 -717 -743 -734 -734 -752 -734 -743 -734 -725 -734 -743 -743 -743 -734 -734 -734 -734 -743 -752 -734 -743 -743 -761 -761 -761 -752 -761 -761 -752 -752 -752 -770 -761 -761 -743 -734
-947 -939 -947 -956 -947 -956 -956 -956 -956 -956 -938 -930 -947 -947 -939 -921 -947 -930 -939 -929 -938 -939 -947 -939 -930 -912 -938 -938 -939 -912 -930 -930 -930 -930 -930 -939 -930 -912 -930 -930 -912 -912 -912 -894 -912 -912 -912 -885 -894 -903 -903 -903 -894 -903 -903 -894 -903 -912 -912 -894 -894 -912 -912 -903 -912 -894 -894 -912 -903 -912 -912 -921 -903 -885 -885 -903 -885 -885 -885 -894 -876 -894 -894 -867 -858 -858 -867 -858 -850 -832 -858 -858 -841 -832 -832 -841 -850 -841 -823 -841 -850 -832 -841 -832 -841 -832 -841 -832 -823 -832 -858 -841 -841 -841 -850 -832 -841 -814 -841 -832 -841 -823 -841 -814 -823 -841 -832 -823 -814 -823 -823 -814 -814 -823 -814 -823 -806 -797 -806 -814 -806 -806 -805 -806 -806 -797 -814 -797 -797 -788 -806 -806 -797 -770 -797 -788 -797 -788 -788 -779 -788 -770 -770 -779 -788 -788 -770 -779 -770 -788 -770 -788 -788 -779 -752 -770 -779 -770 -779 -761 -752 -770 -761 -752 -770 -761 -761 -752 -770 -743 -761 -761 -770 -752 -752 -761 -752 -752 -752 -743 -743 -752 -743 -743 -734 -734 -752 -743 -752 -734 -761 -752 -734 -752 -752 -743 -761 -752 -752 -752 -734 -761 -725 -734 -717 -734 -725 -725 -725 -716 -725 -717 -707 -743 -725 -725 -708 -717 -734 -734 -725 -716 -743 -725 -717 -708 -717 -717 -743 -717 -725 -716 -690 -699 -717 -699 -699 -699 -690 -708 -699 -681 -699 -690 -708 -681 -690 -672 -708 -690 -690 -699 -708 -690 -698 -717 -708 -681 -708 -708 -707 -708 -708 -717 -708 -716 -708 -708 -698 -717 -698 -717 -699 -708 -717 -717 -699 -708 -699 -717 -699 -699 -708 -699 -699 -690 -699 -681 -699 -708 -672 -725 -708 -699 -716 -699 -716 -725 -708 -725 -708 -725 -716 -725 -725 -725 -734 -725 -699 -708 -725 -708 -708 -708 -708 -717 -717 -708 -725 -708 -690 -708 -725 -717 -699 -708 -707 -717 -699 -708 -725 -725 -717 -717 -725 -708 -725 -708 -725 -734 -725 -708 -717 -708 -708 -725 -717 -708 -699 -717 -708 -725 -743 -717 -725 -717 -716 -698 -699 -725 -725 -717 -717 -717 -717 -717 -725 -725 -717 -716 -716 -734 -743 -717 -734 -734 -725 -725 -734 -734 -734 -743 -725 -717 -734 -716 -725 -734 -708 -725 -717 -734 -734 -725 -708 -725 -734 -743 -734 -716 -734 -725 -734 -734 -716 -734 -734 -734 -734 -734 -743 -717 -743 -725 -734 -752 -752 -743 -725 -743 -717 -743 -734 -761 -725 -725 -717 -725 -725 -743 -734 -752 -743 -743 -743 -725 -725 -734 -743 -743 -743 -743 -761 -734 -752 -743 -725 -734 -752 -770 -743 -743 -734 -752 -734 -725 -743 -761 -743 -761 -752 -734 -734 -743 -743 -734 -770 -743 -743 -743 -734 -761 -734 -761 -752 -752 -752 -761 -752 -743 -743 -743 -743 -770 -770 -761 -770 -752 -752 -761 -752 -743
-947 -929 -939 -921 -930 -929 -938 -939 -939 -939 -938 -947 -921 -939 -930 -930 -921 -939 -938 -930 -938 -921 -947 -912 -929 -939 -930 -921 -912 -939 -921 -912 -921 -912 -930 -894 -912 -912 -912 -921 -903 -912 -903 -903 -894 -894 -903 -912 -921 -903 -903 -903 -903 -894 -894 -903 -912 -894 -903 -903 -912 -894 -885 -903 -903 -885 -903 -894 -876 -894 -876 -885 -850 -867 -867 -876 -867 -876 -850 -858 -867 -858 -841 -867 -850 -841 -841 -850 -841 -832 -841 -850 -823 -841 -841 -850 -832 -823 -832 -832 -841 -823 -832 -797 -841 -823 -832 -841 -832 -841 -832 -832 -823 -841 -832 -823 -841 -814 -841 -823 -823 -823 -797 -832 -806 -823 -814 -806 -797 -823 -823 -814 -806 -806 -814 -788 -806 -788 -814 -806 -806 -797 -779 -797 -797 -788 -779 -797 -797 -770 -797 -788 -788 -788 -770 -770 -779 -779 -779 -779 -770 -761 -770 -779 -770 -779 -797 -788 -761 -779 -761 -779 -770 -761 -752 -743 -752 -770 -779 -743 -752 -761 -761 -734 -752 -752 -761 -743 -752 -770 -752 -743 -752 -752 -752 -743 -752 -761 -734 -743 -752 -725 -743 -752 -725 -734 -743 -734 -743 -725 -743 -743 -734 -734 -734 -734 -725 -734 -743 -734 -734 -743 -734 -734 -716 -734 -743 -725 -725 -734 -734 -734 -725 -734 -743 -725 -717 -725 -734 -725 -717 -716 -699 -716 -725 -699 -716 -690 -699 -717 -708 -681 -681 -690 -699 -699 -690 -699 -690 -699 -681 -672 -681 -708 -681 -690 -708 -690 -699 -708 -725 -708 -698 -699 -699 -717 -717 -699 -725 -699 -708 -708 -717 -699 -708 -690 -690 -699 -690 -708 -717 -681 -699 -708 -708 -708 -699 -681 -699 -690 -690 -717 -699 -716 -717 -708 -708 -699 -708 -716 -717 -708 -725 -708 -708 -717 -699 -717 -699 -734 -699 -708 -699 -717 -699 -699 -725 -708 -708 -708 -717 -690 -725 -699 -717 -717 -717 -708 -725 -708 -708 -708 -698 -716 -725 -708 -707 -708 -716 -717 -717 -725 -716 -716 -717 -725 -716 -716 -699 -725 -725 -717 -699 -717 -725 -708 -708 -717 -734 -717 -717 -725 -716 -716 -717 -717 -725 -717 -734 -725 -717 -716 -716 -725 -725 -708 -716 -717 -725 -725 -725 -725 -734 -717 -734 -734 -734 -725 -725 -743 -725 -717 -734 -699 -717 -717 -717 -734 -716 -725 -717 -734 -725 -734 -717 -743 -734 -717 -717 -717 -734 -725 -743 -743 -734 -752 -717 -725 -716 -734 -752 -717 -743 -752 -734 -717 -743 -743 -752 -734 -734 -734 -734 -752 -743 -734 -734 -752 -734 -734 -743 -743 -734 -761 -734 -752 -752 -716 -734 -734 -734 -743 -725 -725 -734 -743 -752 -752 -752 -743 -752 -752 -752 -743 -743 -752 -743 -752 -761 -752 -761 -743 -761 -752 -761 -743 -761 -743 -761 -770 -734 -743 -761 -752 -752 -752 -752 -761 -743 -752 -752 -761 -743 -752 -752 -752 -752 -743 -725 -752 -770 -761
-930 -930 -921 -939 -930 -930 -947 -930 -930 -921 -947 -921 -912 -930 -930 -930 -921 -930 -930 -930 -939 -921 -921 -921 -912 -912 -894 -912 -912 -930 -903 -903 -903 -894 -894 -894 -894 -903 -912 -903 -894 -912 -903 -903 -894 -921 -903 -912 -912 -903 -894 -912 -930 -903 -903 -903 -903 -894 -894 -885 -903 -894 -903 -885 -867 -876 -876 -858 -850 -867 -867 -850 -858 -858 -850 -850 -814 -814 -841 -823 -832 -832 -841 -823 -841 -850 -841 -823 -814 -832 -832 -841 -832 -841 -832 -850 -841 -814 -814 -841 -850 -832 -841 -832 -841 -814 -823 -832 -823 -823 -814 -814 -823 -823 -814 -814 -832 -814 -814 -814 -814 -823 -788 -814 -806 -806 -805 -806 -797 -797 -805 -814 -787 -806 -787 -788 -779 -806 -779 -797 -788 -788 -779 -770 -788 -770 -806 -788 -797 -770 -761 -770 -788 -770 -779 -779 -779 -770 -779 -770 -779 -779 -788 -761 -770 -788 -770 -752 -752 -761 -752 -761 -761 -743 -743 -761 -761 -770 -752 -743 -752 -743 -761 -752 -752 -761 -761 -752 -743 -743 -734 -734 -725 -717 -743 -743 -752 -734 -725 -717 -743 -716 -734 -725 -734 -752 -761 -761 -752 -725 -743 -734 -717 -734 -734 -734 -725 -725 -734 -725 -717 -717 -717 -717 -725 -734 -717 -708 -725 -725 -717 -725 -725 -708 -717 -716 -699 -708 -690 -699 -708 -708 -698 -681 -699 -672 -681 -717 -690 -699 -699 -690 -672 -708 -681 -690 -707 -690 -699 -699 -717 -699 -690 -699 -717 -717 -708 -699 -717 -699 -716 -690 -690 -699 -699 -699 -690 -708 -707 -698 -699 -690 -699 -708 -690 -708 -690 -708 -708 -681 -708 -690 -690 -699 -699 -708 -690 -725 -717 -708 -717 -717 -707 -717 -716 -716 -716 -699 -708 -716 -717 -699 -734 -708 -725 -725 -690 -708 -708 -699 -717 -690 -699 -699 -690 -708 -708 -717 -699 -725 -725 -717 -708 -725 -699 -717 -716 -717 -681 -717 -717 -725 -708 -734 -716 -708 -717 -725 -708 -725 -717 -717 -717 -708 -708 -717 -708 -725 -690 -725 -717 -725 -708 -725 -725 -725 -734 -716 -717 -717 -725 -725 -743 -725 -717 -717 -717 -734 -725 -725 -725 -734 -734 -725 -734 -717 -717 -734 -725 -725 -725 -725 -734 -725 -717 -716 -725 -725 -725 -725 -734 -725 -717 -717 -725 -734 -734 -734 -734 -717 -708 -743 -743 -743 -717 -725 -734 -716 -717 -717 -734 -734 -734 -716 -717 -734 -725 -716 -725 -734 -734 -743 -734 -734 -734 -725 -734 -734 -743 -734 -743 -734 -743 -717 -734 -725 -734 -734 -743 -743 -752 -743 -752 -725 -743 -734 -752 -734 -725 -752 -725 -734 -752 -734 -725 -752 -734 -734 -743 -734 -761 -761 -761 -752 -761 -752 -761 -752 -752 -752 -743 -752 -743 -761 -761 -734 -743 -743 -752 -752 -752 -743 -761 -761 -743 -734 -752 -752 -770 -752 -752 -752 -770 -752 -743 -770 -743 -743 -752 -752 -752 -752
-939 -938 -912 -930 -930 -930 -939 -929 -912 -921 -939 -939 -921 -903 -921 -921 -912 -912 -921 -912 -921 -921 -903 -903 -903 -894 -903 -894 -903 -894 -885 -894 -912 -903 -903 -903 -903 -903 -903 -921 -903 -894 -912 -912 -903 -912 -912 -912 -894 -894 -885 -885 -894 -885 -885 -858 -867 -867 -858 -850 -876 -867 -841 -850 -850 -823 -850 -841 -841 -823 -823 -823 -850 -858 -823 -841 -832 -823 -823 -850 -832 -832 -841 -832 -841 -841 -832 -832 -823 -841 -850 -823 -832 -823 -832 -841 -823 -814 -823 -814 -832 -823 -823 -832 -814 -832 -832 -823 -805 -832 -832 -814 -823 -814 -806 -814 -797 -797 -805 -806 -797 -797 -805 -788 -788 -797 -797 -806 -779 -806 -779 -788 -770 -779 -806 -779 -788 -779 -779 -788 -797 -805 -788 -788 -788 -788 -770 -761 -788 -770 -761 -770 -770 -770 -770 -752 -761 -752 -761 -752 -779 -761 -752 -752 -761 -761 -743 -761 -752 -752 -743 -761 -752 -761 -761 -752 -752 -752 -734 -761 -734 -752 -752 -743 -743 -752 -761 -743 -743 -734 -752 -752 -734 -734 -725 -725 -752 -743 -734 -725 -734 -734 -743 -725 -717 -743 -725 -734 -734 -725 -708 -725 -717 -743 -725 -734 -734 -725 -725 -725 -725 -717 -717 -716 -725 -717 -725 -717 -725 -725 -708 -716 -699 -716 -699 -708 -672 -699 -699 -699 -699 -708 -681 -690 -690 -690 -681 -690 -708 -699 -708 -717 -699 -699 -690 -699 -690 -708 -717 -690 -725 -699 -708 -717 -708 -717 -717 -699 -699 -708 -690 -699 -717 -717 -699 -708 -681 -699 -716 -681 -690 -708 -708 -699 -708 -681 -717 -699 -717 -698 -699 -717 -717 -725 -716 -725 -717 -717 -716 -716 -717 -716 -699 -699 -717 -708 -716 -717 -717 -699 -725 -690 -690 -699 -699 -699 -707 -717 -716 -716 -690 -717 -699 -699 -707 -708 -717 -734 -707 -725 -699 -716 -734 -717 -708 -725 -725 -717 -734 -725 -717 -717 -717 -717 -734 -716 -699 -725 -725 -717 -717 -717 -716 -716 -708 -717 -717 -725 -717 -725 -699 -734 -708 -717 -725 -752 -725 -734 -725 -717 -717 -725 -717 -717 -716 -734 -734 -717 -717 -725 -717 -725 -725 -725 -725 -725 -716 -717 -734 -708 -725 -708 -725 -725 -717 -717 -716 -752 -717 -717 -743 -725 -725 -743 -743 -734 -743 -725 -734 -761 -717 -725 -734 -725 -734 -725 -717 -725 -743 -725 -725 -734 -743 -734 -743 -743 -743 -743 -743 -752 -725 -743 -734 -725 -752 -734 -716 -734 -725 -743 -734 -725 -743 -752 -752 -743 -761 -752 -743 -752 -734 -743 -743 -734 -761 -734 -752 -752 -743 -752 -752 -752 -743 -743 -752 -743 -752 -752 -752 -752 -761 -761 -752 -752 -752 -752 -743 -743 -752 -743 -743 -770 -761 -761 -752 -761 -752 -743 -761 -752 -761 -752 -752 -761 -734 -743 -743 -743 -761 -752 -734 -752 -752 -725 -752 -716 -752 -708 -717 -743 -716 -717
-929 -912 -912 -903 -921 -930 -921 -921 -894 -903 -912 -930 -903 -912 -903 -930 -885 -903 -912 -903 -903 -894 -903 -903 -894 -912 -903 -903 -903 -894 -894 -903 -894 -903 -885 -912 -903 -921 -894 -894 -894 -903 -894 -894 -885 -867 -876 -894 -885 -876 -858 -858 -867 -858 -858 -867 -850 -850 -832 -858 -841 -841 -841 -841 -832 -823 -832 -823 -832 -832 -832 -832 -850 -841 -832 -841 -841 -850 -823 -832 -832 -823 -850 -823 -832 -850 -841 -832 -841 -832 -841 -814 -832 -832 -823 -805 -814 -806 -823 -814 -841 -823 -805 -832 -797 -797 -797 -806 -797 -797 -806 -797 -797 -823 -797 -797 -797 -806 -796 -779 -788 -779 -797 -797 -788 -788 -788 -797 -779 -788 -806 -779 -779 -779 -770 -779 -779 -788 -788 -779 -770 -770 -779 -770 -761 -770 -779 -770 -761 -770 -770 -752 -743 -752 -743 -752 -752 -761 -734 -761 -752 -743 -743 -761 -752 -734 -761 -708 -752 -743 -743 -752 -761 -761 -743 -752 -725 -752 -734 -752 -743 -743 -734 -761 -761 -734 -743 -725 -743 -743 -734 -725 -734 -743 -734 -725 -743 -734 -725 -734 -717 -717 -743 -725 -717 -734 -717 -717 -734 -725 -725 -734 -725 -717 -717 -725 -708 -717 -725 -717 -699 -699 -708 -708 -717 -707 -699 -708 -690 -699 -699 -681 -681 -681 -690 -681 -663 -699 -699 -699 -681 -699 -707 -690 -699 -690 -708 -708 -699 -681 -690 -717 -699 -690 -708 -708 -699 -708 -690 -717 -708 -699 -699 -699 -708 -690 -690 -699 -699 -690 -690 -690 -699 -699 -690 -699 -699 -699 -699 -707 -681 -717 -681 -690 -708 -716 -707 -716 -717 -708 -717 -708 -725 -717 -725 -690 -717 -708 -699 -716 -699 -708 -725 -725 -717 -717 -725 -725 -717 -708 -699 -725 -708 -708 -717 -708 -699 -708 -725 -717 -717 -717 -725 -717 -708 -717 -716 -708 -716 -717 -717 -717 -708 -716 -725 -717 -717 -708 -708 -717 -708 -717 -717 -734 -708 -725 -725 -725 -716 -707 -725 -708 -717 -717 -717 -708 -734 -725 -725 -725 -725 -734 -725 -708 -725 -725 -725 -734 -716 -716 -699 -725 -725 -734 -734 -725 -708 -716 -725 -717 -725 -734 -717 -717 -716 -725 -716 -743 -734 -734 -725 -734 -716 -725 -717 -725 -725 -725 -743 -734 -734 -734 -734 -734 -734 -725 -734 -699 -707 -717 -725 -752 -743 -725 -725 -734 -725 -734 -761 -725 -752 -734 -743 -743 -743 -725 -743 -734 -734 -734 -743 -743 -743 -743 -743 -743 -752 -734 -743 -734 -761 -734 -743 -743 -725 -734 -752 -743 -734 -752 -743 -734 -734 -725 -743 -752 -761 -752 -752 -761 -743 -761 -734 -743 -743 -761 -743 -761 -743 -743 -734 -752 -743 -761 -761 -743 -743 -752 -752 -743 -752 -743 -761 -761 -734 -752 -761 -734 -752 -752 -761 -743 -752 -734 -743 -743 -743 -734 -725 -743 -725 -708 -725 -708 -690 -717 -734 -708 -708 -725 -725 -708
-921 -903 -921 -912 -885 -921 -921 -876 -894 -894 -894 -894 -894 -885 -885 -894 -903 -894 -894 -903 -912 -903 -912 -912 -912 -912 -894 -912 -894 -912 -894 -903 -912 -876 -894 -903 -894 -876 -894 -858 -867 -867 -876 -867 -858 -850 -867 -850 -850 -850 -841 -841 -850 -858 -832 -841 -841 -841 -806 -814 -823 -858 -841 -850 -850 -841 -850 -823 -832 -832 -850 -841 -823 -841 -841 -841 -832 -832 -841 -850 -841 -841 -814 -823 -823 -823 -832 -814 -832 -823 -823 -823 -832 -814 -805 -814 -814 -814 -806 -814 -788 -797 -823 -788 -797 -779 -814 -814 -779 -797 -788 -779 -814 -788 -779 -796 -788 -797 -788 -797 -797 -779 -806 -788 -779 -779 -788 -779 -761 -770 -761 -779 -779 -770 -779 -788 -770 -770 -770 -761 -761 -761 -761 -779 -752 -752 -752 -752 -725 -752 -743 -743 -752 -761 -761 -752 -734 -743 -743 -734 -743 -752 -743 -761 -734 -752 -752 -725 -761 -717 -734 -743 -752 -743 -725 -734 -734 -743 -752 -734 -752 -752 -725 -734 -734 -734 -725 -752 -725 -734 -725 -743 -716 -734 -725 -743 -734 -725 -717 -717 -717 -734 -708 -707 -725 -717 -725 -717 -716 -708 -725 -717 -708 -708 -698 -708 -699 -690 -699 -707 -690 -699 -690 -672 -672 -681 -699 -699 -681 -690 -690 -690 -717 -690 -699 -708 -708 -708 -717 -708 -690 -708 -699 -699 -708 -708 -699 -708 -708 -699 -708 -707 -699 -725 -708 -708 -708 -699 -708 -681 -708 -699 -699 -681 -681 -681 -699 -672 -690 -699 -699 -716 -717 -690 -708 -708 -690 -699 -699 -716 -725 -708 -717 -708 -699 -717 -717 -716 -690 -699 -717 -708 -699 -690 -716 -681 -708 -725 -708 -699 -708 -707 -699 -690 -699 -699 -717 -699 -707 -699 -717 -699 -717 -717 -717 -717 -725 -708 -717 -717 -717 -717 -708 -716 -708 -716 -717 -708 -716 -717 -734 -717 -708 -716 -716 -698 -707 -708 -708 -717 -717 -725 -725 -725 -734 -708 -725 -717 -725 -708 -716 -725 -717 -717 -717 -725 -743 -717 -725 -734 -725 -725 -725 -725 -725 -717 -717 -725 -708 -717 -708 -725 -725 -716 -708 -734 -717 -725 -734 -699 -717 -717 -725 -716 -743 -743 -743 -725 -734 -734 -734 -725 -752 -734 -725 -725 -725 -725 -734 -752 -734 -725 -725 -743 -734 -734 -717 -734 -717 -725 -734 -734 -716 -734 -743 -752 -743 -725 -743 -743 -743 -752 -725 -752 -752 -743 -734 -743 -743 -743 -743 -752 -743 -743 -752 -734 -734 -752 -743 -734 -743 -743 -743 -734 -752 -752 -752 -734 -743 -743 -743 -734 -743 -743 -734 -761 -743 -743 -734 -743 -770 -743 -734 -734 -752 -752 -761 -743 -734 -752 -752 -752 -752 -743 -743 -761 -752 -743 -725 -761 -743 -761 -752 -734 -752 -752 -752 -734 -725 -743 -725 -708 -734 -725 -725 -725 -717 -717 -716 -717 -699 -725 -699 -717 -716 -717 -716 -708 -707 -717 -708 -690
-903 -903 -894 -894 -885 -894 -894 -894 -912 -894 -921 -903 -912 -903 -912 -903 -912 -903 -912 -885 -921 -903 -903 -903 -903 -903 -894 -894 -885 -867 -876 -876 -876 -867 -858 -876 -858 -867 -832 -850 -885 -858 -841 -832 -823 -841 -841 -814 -841 -841 -850 -832 -850 -832 -832 -841 -814 -832 -841 -806 -850 -832 -832 -841 -823 -823 -832 -832 -832 -858 -832 -832 -841 -832 -814 -841 -832 -814 -823 -814 -832 -814 -823 -832 -806 -806 -806 -823 -823 -814 -806 -814 -805 -797 -814 -814 -788 -797 -806 -788 -788 -788 -787 -797 -806 -797 -788 -779 -779 -779 -779 -788 -788 -814 -788 -761 -770 -788 -770 -788 -779 -779 -779 -788 -779 -761 -761 -779 -770 -770 -779 -761 -779 -761 -779 -761 -770 -779 -761 -752 -752 -752 -752 -752 -761 -725 -734 -761 -752 -770 -734 -752 -752 -752 -734 -743 -752 -734 -725 -743 -734 -752 -734 -725 -734 -752 -743 -717 -734 -725 -734 -734 -725 -725 -734 -717 -725 -734 -717 -725 -725 -725 -734 -734 -717 -717 -717 -725 -725 -725 -734 -725 -725 -708 -708 -725 -734 -734 -717 -717 -708 -734 -725 -708 -690 -690 -699 -708 -699 -689 -708 -708 -690 -717 -699 -708 -699 -672 -681 -690 -681 -672 -690 -690 -690 -690 -690 -690 -690 -707 -690 -699 -681 -699 -708 -717 -708 -699 -708 -699 -725 -699 -699 -708 -699 -681 -725 -717 -690 -708 -681 -708 -699 -699 -690 -708 -690 -708 -672 -681 -717 -690 -699 -717 -717 -699 -717 -717 -725 -699 -717 -717 -699 -690 -717 -717 -717 -708 -725 -699 -699 -690 -699 -690 -690 -699 -717 -716 -699 -717 -690 -699 -708 -708 -690 -708 -672 -708 -699 -725 -708 -725 -699 -717 -716 -699 -708 -708 -734 -708 -725 -708 -717 -698 -716 -708 -708 -690 -716 -708 -725 -717 -717 -717 -717 -707 -716 -725 -725 -717 -717 -717 -717 -717 -716 -716 -725 -708 -725 -716 -708 -725 -717 -734 -734 -708 -725 -743 -717 -725 -717 -725 -717 -699 -716 -734 -699 -708 -734 -717 -725 -717 -708 -717 -725 -716 -717 -725 -717 -725 -716 -717 -734 -716 -734 -725 -717 -725 -734 -734 -725 -717 -717 -734 -708 -725 -725 -725 -734 -752 -725 -716 -725 -734 -734 -743 -725 -725 -752 -725 -743 -734 -734 -734 -734 -717 -743 -743 -734 -743 -734 -752 -734 -743 -734 -725 -734 -734 -743 -761 -752 -734 -734 -734 -734 -743 -770 -734 -734 -734 -752 -734 -725 -761 -725 -734 -752 -743 -743 -743 -734 -734 -734 -752 -743 -743 -743 -752 -752 -743 -743 -734 -743 -752 -752 -734 -734 -752 -752 -743 -752 -770 -734 -761 -752 -743 -743 -752 -743 -761 -761 -761 -752 -743 -743 -752 -761 -752 -752 -743 -734 -717 -725 -734 -734 -708 -725 -708 -708 -725 -717 -690 -725 -717 -708 -734 -725 -690 -717 -708 -708 -708 -717 -708 -699 -699 -708 -716 -708 -717 -717 -699
-903 -912 -903 -894 -894 -894 -912 -903 -903 -912 -903 -930 -912 -912 -912 -903 -903 -885 -876 -876 -876 -858 -876 -867 -858 -867 -867 -850 -858 -841 -841 -858 -850 -841 -832 -814 -841 -841 -806 -823 -823 -814 -850 -850 -850 -850 -850 -841 -841 -841 -823 -832 -841 -823 -832 -832 -850 -850 -841 -832 -805 -832 -841 -823 -823 -850 -814 -823 -814 -823 -823 -841 -806 -823 -841 -832 -814 -832 -814 -814 -805 -814 -797 -797 -823 -805 -806 -788 -806 -797 -797 -805 -779 -814 -806 -796 -788 -788 -788 -779 -788 -788 -797 -797 -788 -761 -761 -752 -779 -779 -761 -779 -770 -788 -779 -788 -788 -761 -779 -779 -761 -770 -761 -761 -752 -761 -770 -770 -752 -752 -743 -752 -743 -752 -743 -752 -761 -734 -743 -752 -717 -725 -743 -725 -752 -752 -743 -743 -743 -752 -743 -734 -743 -734 -770 -743 -725 -725 -752 -734 -734 -743 -725 -752 -717 -734 -734 -734 -717 -752 -743 -725 -725 -725 -717 -734 -734 -725 -725 -717 -717 -708 -743 -716 -734 -725 -708 -725 -717 -708 -717 -734 -708 -716 -717 -716 -708 -717 -690 -690 -708 -690 -699 -690 -690 -690 -681 -690 -681 -690 -690 -699 -690 -699 -690 -708 -699 -681 -699 -699 -708 -690 -707 -717 -699 -716 -708 -708 -699 -690 -716 -681 -690 -690 -690 -708 -699 -699 -708 -717 -707 -699 -699 -699 -690 -698 -690 -690 -672 -717 -717 -708 -690 -699 -690 -699 -699 -707 -707 -717 -699 -708 -716 -716 -716 -708 -717 -717 -690 -708 -717 -708 -699 -725 -717 -707 -708 -708 -699 -699 -708 -708 -699 -716 -708 -717 -690 -681 -716 -708 -734 -717 -707 -690 -734 -716 -725 -716 -725 -717 -708 -708 -708 -717 -699 -699 -708 -734 -690 -717 -708 -716 -708 -708 -698 -725 -717 -725 -708 -716 -708 -699 -725 -734 -716 -717 -725 -708 -717 -699 -716 -717 -717 -734 -725 -717 -725 -734 -734 -725 -725 -717 -734 -717 -717 -708 -717 -725 -725 -717 -725 -725 -717 -716 -717 -725 -717 -743 -716 -717 -734 -717 -725 -725 -717 -743 -725 -752 -717 -725 -734 -725 -725 -734 -717 -725 -734 -725 -717 -725 -725 -708 -717 -725 -725 -734 -725 -717 -734 -734 -717 -725 -734 -743 -734 -734 -725 -743 -717 -752 -734 -734 -734 -743 -717 -752 -734 -734 -752 -761 -734 -743 -725 -725 -734 -734 -743 -752 -725 -734 -734 -752 -725 -734 -752 -734 -770 -734 -743 -743 -734 -761 -743 -743 -734 -734 -734 -752 -761 -743 -743 -752 -743 -752 -725 -743 -725 -743 -752 -752 -734 -761 -725 -734 -743 -761 -761 -752 -752 -761 -752 -743 -752 -761 -770 -725 -761 -743 -752 -743 -743 -752 -743 -734 -734 -717 -725 -717 -717 -699 -699 -717 -717 -708 -708 -725 -725 -708 -725 -708 -717 -734 -717 -708 -717 -717 -716 -717 -708 -708 -708 -708 -716 -699 -699 -717 -717 -717 -717 -717 -717 -734
-894 -903 -894 -921 -894 -903 -903 -885 -903 -894 -876 -885 -867 -876 -894 -885 -867 -867 -876 -858 -858 -850 -858 -858 -841 -832 -823 -850 -841 -832 -841 -832 -814 -850 -814 -832 -841 -823 -841 -823 -832 -841 -823 -823 -850 -841 -841 -832 -832 -814 -832 -832 -841 -832 -823 -832 -832 -814 -814 -823 -832 -805 -832 -814 -823 -823 -823 -814 -805 -806 -814 -797 -823 -806 -806 -797 -814 -814 -805 -814 -814 -806 -788 -788 -788 -770 -788 -788 -788 -788 -806 -779 -770 -788 -779 -796 -770 -770 -779 -770 -806 -770 -752 -761 -770 -797 -770 -761 -779 -770 -761 -770 -761 -743 -770 -770 -770 -761 -770 -770 -743 -761 -761 -770 -752 -761 -752 -761 -761 -770 -752 -752 -761 -743 -761 -743 -743 -752 -743 -734 -743 -734 -752 -752 -761 -734 -734 -708 -734 -725 -725 -752 -743 -734 -734 -743 -734 -743 -743 -734 -725 -725 -743 -717 -708 -717 -725 -717 -699 -717 -743 -725 -734 -716 -725 -708 -725 -717 -717 -717 -717 -708 -716 -725 -717 -734 -717 -699 -699 -699 -708 -708 -708 -681 -699 -690 -672 -699 -672 -690 -672 -690 -681 -708 -690 -690 -672 -717 -708 -690 -681 -708 -699 -699 -708 -708 -699 -690 -717 -708 -699 -690 -690 -681 -699 -699 -717 -690 -699 -699 -717 -708 -699 -681 -708 -690 -681 -690 -690 -681 -681 -690 -690 -699 -698 -699 -699 -717 -690 -708 -716 -717 -717 -699 -708 -708 -699 -699 -708 -717 -708 -699 -717 -708 -708 -699 -725 -708 -708 -716 -708 -716 -699 -690 -708 -708 -708 -681 -717 -699 -734 -708 -717 -717 -708 -699 -708 -717 -699 -716 -699 -699 -708 -725 -725 -699 -708 -716 -699 -716 -699 -716 -708 -717 -717 -699 -708 -725 -708 -681 -708 -717 -717 -716 -717 -716 -717 -725 -725 -717 -725 -717 -725 -734 -717 -717 -717 -725 -708 -743 -717 -717 -734 -699 -734 -734 -717 -725 -725 -717 -717 -708 -725 -725 -708 -725 -708 -725 -717 -708 -717 -717 -708 -707 -725 -699 -734 -717 -716 -734 -717 -734 -734 -725 -725 -752 -725 -743 -752 -708 -743 -734 -725 -734 -725 -743 -734 -725 -725 -725 -725 -734 -734 -734 -734 -743 -734 -734 -734 -725 -743 -743 -743 -734 -743 -743 -743 -734 -761 -734 -743 -743 -725 -761 -725 -734 -743 -734 -743 -725 -734 -743 -734 -743 -734 -734 -761 -752 -752 -743 -743 -761 -743 -725 -743 -752 -743 -743 -743 -743 -761 -752 -752 -752 -752 -743 -752 -761 -734 -761 -743 -743 -761 -761 -761 -743 -743 -770 -752 -761 -770 -770 -761 -752 -752 -743 -761 -752 -743 -752 -734 -743 -743 -752 -734 -717 -717 -725 -725 -699 -717 -690 -717 -699 -717 -717 -717 -716 -717 -708 -717 -708 -717 -708 -708 -708 -716 -708 -699 -699 -716 -716 -699 -708 -699 -708 -699 -708 -725 -717 -708 -716 -707 -725 -725 -734 -725 -743 -752 -752 -716 -717
-903 -903 -876 -885 -894 -885 -885 -876 -858 -876 -876 -858 -858 -850 -841 -867 -841 -841 -850 -841 -832 -823 -841 -832 -823 -823 -832 -850 -823 -823 -814 -832 -832 -841 -841 -841 -823 -823 -814 -841 -832 -841 -832 -841 -823 -832 -823 -814 -832 -814 -823 -823 -832 -814 -806 -814 -806 -814 -814 -814 -823 -832 -814 -814 -823 -806 -823 -796 -797 -806 -797 -797 -796 -806 -797 -779 -788 -797 -797 -779 -806 -761 -787 -779 -779 -770 -779 -788 -779 -788 -779 -779 -788 -797 -761 -797 -770 -779 -779 -761 -770 -788 -761 -761 -788 -752 -761 -770 -770 -752 -752 -752 -752 -761 -743 -752 -725 -761 -752 -761 -752 -770 -734 -752 -752 -743 -743 -752 -734 -743 -752 -734 -743 -708 -725 -716 -752 -743 -734 -743 -752 -743 -725 -734 -725 -734 -743 -725 -717 -734 -725 -725 -734 -717 -717 -716 -707 -716 -725 -743 -725 -725 -716 -725 -708 -717 -708 -725 -734 -717 -734 -725 -717 -708 -717 -717 -717 -699 -717 -699 -708 -717 -708 -716 -681 -690 -690 -690 -699 -672 -690 -681 -690 -690 -699 -690 -708 -663 -699 -708 -690 -681 -708 -717 -690 -708 -707 -717 -690 -708 -708 -708 -699 -708 -699 -717 -717 -690 -690 -690 -690 -690 -690 -708 -708 -708 -699 -708 -699 -690 -681 -690 -699 -690 -707 -699 -699 -699 -681 -708 -699 -708 -690 -717 -708 -725 -708 -708 -725 -708 -717 -690 -717 -699 -725 -708 -699 -708 -708 -708 -716 -708 -699 -707 -708 -699 -717 -698 -708 -717 -690 -716 -716 -717 -708 -708 -699 -717 -716 -681 -698 -717 -717 -690 -717 -725 -725 -717 -699 -717 -717 -717 -734 -725 -699 -725 -725 -708 -690 -725 -708 -708 -717 -717 -717 -708 -708 -717 -708 -708 -716 -699 -708 -716 -716 -717 -708 -725 -725 -734 -725 -717 -717 -717 -716 -734 -725 -743 -717 -743 -708 -708 -725 -716 -725 -717 -725 -717 -716 -725 -725 -725 -717 -725 -717 -725 -725 -725 -725 -699 -725 -716 -725 -708 -734 -725 -725 -717 -725 -734 -725 -734 -734 -708 -725 -734 -734 -717 -743 -743 -734 -725 -734 -734 -725 -725 -725 -725 -734 -725 -734 -743 -708 -734 -734 -752 -716 -725 -752 -725 -734 -752 -743 -743 -743 -734 -752 -725 -752 -734 -743 -743 -717 -743 -761 -752 -743 -752 -743 -734 -734 -743 -743 -743 -752 -743 -743 -734 -743 -743 -734 -752 -752 -734 -743 -752 -725 -752 -761 -743 -761 -743 -743 -752 -734 -734 -770 -752 -725 -752 -761 -761 -752 -734 -761 -743 -752 -743 -752 -743 -743 -743 -761 -752 -743 -752 -725 -717 -734 -743 -716 -716 -717 -725 -717 -717 -725 -707 -699 -716 -717 -699 -708 -716 -699 -708 -708 -708 -717 -690 -717 -708 -708 -690 -699 -699 -699 -717 -716 -717 -716 -717 -716 -699 -725 -725 -743 -725 -734 -725 -734 -717 -716 -725 -743 -743 -734 -734 -725 -743 -743 -725
-867 -876 -858 -876 -858 -841 -850 -858 -841 -832 -832 -823 -823 -832 -832 -814 -832 -832 -841 -841 -841 -823 -823 -832 -850 -832 -850 -841 -841 -823 -841 -841 -832 -823 -841 -823 -823 -832 -814 -832 -832 -832 -823 -814 -806 -814 -805 -823 -823 -823 -832 -814 -814 -823 -832 -805 -823 -797 -805 -805 -788 -797 -788 -797 -796 -797 -788 -788 -797 -797 -806 -788 -797 -797 -806 -788 -779 -797 -788 -796 -788 -797 -779 -779 -761 -779 -761 -770 -788 -761 -779 -779 -761 -761 -770 -761 -788 -770 -761 -770 -752 -761 -752 -752 -752 -761 -770 -761 -743 -752 -770 -743 -734 -743 -752 -752 -752 -743 -734 -734 -734 -752 -761 -752 -752 -752 -770 -743 -752 -743 -761 -743 -752 -743 -743 -743 -743 -743 -743 -752 -734 -725 -725 -734 -716 -734 -725 -717 -717 -716 -708 -743 -725 -725 -717 -743 -734 -717 -717 -708 -725 -725 -717 -717 -717 -717 -725 -708 -716 -725 -699 -699 -681 -690 -699 -690 -699 -717 -690 -690 -690 -699 -681 -690 -708 -690 -672 -699 -690 -681 -699 -681 -663 -699 -699 -690 -690 -708 -699 -717 -708 -708 -708 -699 -708 -708 -708 -717 -699 -672 -699 -690 -699 -690 -699 -690 -699 -708 -681 -708 -708 -690 -690 -699 -699 -681 -690 -707 -708 -699 -708 -717 -690 -717 -708 -690 -690 -708 -717 -708 -717 -717 -716 -725 -717 -699 -708 -708 -699 -699 -717 -717 -708 -708 -708 -690 -690 -690 -690 -699 -717 -690 -707 -708 -708 -708 -699 -707 -716 -708 -681 -699 -690 -699 -708 -717 -717 -716 -708 -708 -717 -717 -725 -725 -699 -717 -717 -716 -699 -717 -699 -699 -708 -708 -717 -734 -708 -725 -725 -725 -725 -717 -708 -725 -717 -717 -725 -717 -717 -725 -743 -725 -717 -725 -743 -717 -708 -725 -725 -725 -725 -717 -725 -716 -699 -743 -717 -734 -725 -717 -725 -716 -734 -725 -708 -725 -717 -725 -717 -716 -717 -734 -734 -734 -725 -743 -725 -717 -725 -743 -725 -717 -725 -734 -734 -725 -725 -734 -716 -725 -752 -734 -734 -725 -716 -717 -716 -725 -734 -725 -734 -725 -725 -734 -734 -725 -717 -743 -734 -734 -734 -752 -743 -725 -743 -717 -743 -734 -734 -734 -743 -743 -743 -743 -725 -761 -752 -752 -743 -752 -743 -734 -725 -743 -734 -734 -761 -743 -743 -770 -725 -761 -743 -752 -752 -761 -770 -752 -743 -743 -734 -743 -743 -752 -734 -752 -743 -752 -761 -761 -743 -725 -761 -743 -752 -743 -752 -734 -743 -752 -743 -734 -752 -725 -743 -734 -743 -734 -725 -725 -752 -734 -734 -716 -708 -699 -725 -708 -734 -725 -716 -708 -716 -708 -708 -725 -725 -725 -717 -699 -725 -690 -708 -699 -717 -708 -699 -699 -716 -725 -716 -716 -708 -708 -725 -717 -734 -725 -725 -717 -725 -717 -725 -716 -743 -725 -716 -734 -725 -716 -725 -725 -734 -717 -725 -725 -725 -699 -708 -708 -725 -699
-850 -832 -858 -832 -832 -832 -832 -841 -832 -832 -841 -832 -841 -823 -850 -841 -841 -841 -814 -841 -832 -832 -832 -823 -823 -832 -841 -823 -850 -850 -832 -832 -805 -823 -823 -841 -806 -841 -832 -814 -823 -814 -814 -814 -814 -806 -823 -788 -832 -806 -805 -797 -797 -806 -797 -814 -788 -806 -806 -779 -814 -805 -797 -779 -797 -788 -797 -779 -788 -779 -779 -770 -779 -770 -779 -770 -788 -761 -770 -770 -770 -770 -752 -770 -761 -770 -788 -779 -761 -761 -761 -770 -761 -743 -752 -761 -761 -770 -743 -770 -761 -743 -743 -734 -743 -734 -752 -743 -752 -734 -761 -734 -734 -725 -743 -734 -752 -717 -725 -743 -725 -761 -734 -716 -734 -716 -743 -743 -734 -752 -734 -743 -734 -716 -734 -734 -708 -725 -734 -734 -725 -716 -717 -734 -708 -725 -725 -743 -717 -725 -708 -708 -725 -708 -717 -717 -725 -699 -708 -725 -708 -717 -717 -708 -717 -708 -699 -690 -690 -699 -699 -708 -690 -690 -681 -681 -681 -681 -681 -672 -681 -672 -672 -681 -690 -690 -690 -699 -699 -708 -690 -681 -708 -716 -708 -699 -708 -699 -699 -717 -716 -717 -708 -717 -708 -690 -699 -690 -708 -708 -681 -690 -690 -699 -690 -699 -699 -699 -690 -690 -699 -690 -699 -681 -708 -690 -708 -690 -717 -734 -717 -707 -708 -716 -717 -708 -725 -699 -699 -708 -699 -690 -716 -690 -717 -707 -690 -699 -690 -699 -708 -699 -708 -716 -681 -708 -708 -708 -690 -699 -716 -716 -690 -717 -716 -725 -708 -690 -717 -699 -725 -708 -717 -699 -725 -725 -707 -716 -708 -725 -690 -699 -717 -725 -708 -717 -708 -708 -716 -725 -717 -717 -717 -716 -716 -716 -725 -725 -734 -717 -717 -725 -717 -716 -708 -716 -717 -717 -725 -708 -717 -717 -734 -716 -725 -716 -734 -725 -725 -717 -717 -716 -699 -708 -717 -725 -707 -716 -725 -725 -725 -717 -717 -725 -734 -708 -734 -725 -734 -734 -716 -725 -743 -734 -717 -717 -725 -743 -717 -725 -734 -752 -734 -734 -734 -716 -717 -734 -734 -725 -734 -734 -725 -716 -717 -725 -717 -734 -717 -734 -725 -734 -752 -725 -725 -743 -725 -734 -717 -743 -734 -752 -717 -717 -717 -743 -725 -725 -752 -743 -743 -743 -752 -752 -752 -761 -752 -743 -734 -734 -734 -725 -752 -752 -743 -752 -734 -734 -743 -725 -734 -752 -743 -734 -761 -725 -752 -761 -743 -752 -734 -734 -743 -752 -752 -743 -761 -743 -752 -743 -734 -743 -752 -743 -734 -734 -752 -734 -725 -734 -752 -734 -743 -725 -699 -699 -699 -716 -699 -708 -708 -717 -716 -717 -716 -708 -717 -725 -725 -699 -708 -699 -708 -717 -708 -708 -717 -725 -708 -708 -699 -708 -707 -708 -717 -725 -725 -734 -717 -716 -717 -717 -725 -717 -743 -717 -717 -725 -734 -717 -717 -717 -716 -725 -716 -725 -725 -725 -725 -717 -717 -725 -716 -725 -717 -734 -708 -708 -716 -734 -717 -717
-832 -832 -841 -823 -841 -832 -832 -832 -832 -841 -850 -850 -823 -823 -832 -823 -841 -850 -841 -814 -832 -832 -841 -841 -823 -823 -805 -805 -823 -832 -806 -814 -814 -832 -814 -823 -814 -823 -814 -814 -806 -806 -823 -806 -814 -806 -806 -797 -797 -788 -779 -779 -796 -779 -806 -779 -796 -788 -788 -770 -770 -788 -779 -797 -797 -788 -788 -770 -752 -770 -779 -779 -770 -779 -770 -770 -761 -770 -770 -761 -779 -761 -752 -761 -752 -752 -743 -761 -752 -752 -752 -761 -752 -752 -743 -734 -743 -725 -761 -752 -725 -725 -752 -743 -725 -743 -734 -743 -725 -752 -734 -752 -725 -743 -734 -734 -725 -725 -725 -743 -752 -743 -717 -734 -734 -743 -717 -734 -716 -725 -725 -725 -734 -734 -716 -725 -725 -725 -716 -725 -725 -717 -708 -725 -734 -725 -708 -708 -725 -708 -707 -725 -717 -708 -699 -717 -716 -708 -699 -708 -708 -708 -690 -690 -690 -699 -681 -681 -690 -699 -681 -663 -690 -681 -699 -690 -690 -690 -690 -690 -699 -699 -681 -690 -699 -690 -708 -717 -708 -672 -690 -699 -717 -708 -690 -717 -699 -699 -708 -690 -681 -708 -699 -690 -708 -690 -690 -681 -699 -708 -681 -699 -681 -699 -699 -708 -708 -717 -690 -699 -681 -699 -708 -699 -708 -699 -717 -699 -699 -707 -708 -725 -690 -717 -708 -708 -708 -690 -699 -699 -708 -699 -716 -690 -681 -717 -708 -708 -708 -699 -708 -699 -717 -699 -717 -717 -716 -690 -699 -716 -717 -725 -708 -690 -717 -708 -708 -716 -708 -716 -708 -717 -717 -708 -708 -708 -707 -690 -690 -708 -707 -708 -725 -725 -717 -716 -725 -725 -717 -717 -699 -725 -717 -708 -725 -716 -725 -734 -725 -716 -717 -734 -725 -725 -716 -743 -725 -716 -717 -717 -717 -725 -725 -717 -717 -717 -717 -708 -725 -708 -708 -717 -725 -708 -734 -725 -734 -717 -725 -725 -734 -717 -725 -734 -743 -725 -734 -734 -734 -717 -725 -725 -708 -717 -734 -717 -717 -725 -734 -725 -716 -717 -725 -708 -725 -725 -734 -734 -734 -734 -761 -743 -743 -734 -743 -743 -752 -752 -752 -743 -743 -752 -734 -743 -734 -761 -734 -725 -743 -725 -752 -725 -743 -734 -734 -743 -743 -743 -734 -743 -752 -734 -743 -734 -752 -734 -734 -743 -761 -743 -752 -761 -761 -752 -752 -743 -743 -752 -734 -725 -743 -770 -752 -743 -752 -761 -761 -752 -734 -761 -743 -761 -770 -743 -725 -752 -761 -752 -752 -743 -734 -734 -717 -761 -717 -708 -734 -717 -708 -708 -717 -717 -716 -699 -717 -699 -717 -717 -708 -717 -717 -708 -708 -708 -717 -708 -717 -716 -690 -717 -698 -708 -716 -708 -725 -716 -708 -708 -717 -717 -725 -717 -734 -734 -725 -717 -734 -725 -725 -725 -717 -743 -717 -717 -717 -717 -734 -717 -725 -717 -708 -716 -725 -708 -708 -699 -725 -725 -699 -699 -717 -734 -699 -734 -717 -734 -770 -752 -752 -743 -734 -761
-832 -832 -841 -823 -823 -832 -814 -832 -832 -823 -832 -832 -832 -841 -814 -823 -823 -841 -841 -823 -823 -832 -805 -797 -806 -814 -806 -806 -814 -806 -806 -797 -814 -806 -823 -806 -806 -797 -805 -814 -788 -788 -806 -797 -779 -797 -797 -788 -788 -779 -770 -779 -779 -797 -797 -788 -770 -788 -770 -761 -779 -788 -761 -779 -770 -770 -770 -770 -761 -761 -770 -761 -752 -761 -761 -770 -752 -743 -725 -752 -752 -743 -761 -761 -770 -752 -743 -725 -752 -743 -734 -761 -761 -752 -743 -743 -761 -752 -734 -734 -743 -734 -761 -743 -734 -752 -725 -725 -734 -734 -743 -743 -743 -734 -734 -725 -743 -725 -717 -725 -734 -734 -734 -734 -734 -717 -725 -734 -725 -734 -708 -699 -717 -734 -734 -734 -716 -716 -707 -717 -717 -708 -725 -690 -708 -716 -690 -699 -708 -708 -708 -708 -699 -681 -681 -690 -681 -681 -708 -690 -699 -681 -672 -681 -672 -690 -681 -681 -699 -690 -699 -708 -699 -690 -699 -690 -699 -708 -699 -690 -690 -690 -717 -708 -708 -717 -708 -690 -690 -681 -690 -681 -717 -708 -690 -699 -681 -690 -690 -681 -690 -690 -708 -699 -681 -681 -716 -699 -699 -708 -699 -699 -717 -699 -708 -708 -708 -725 -708 -725 -699 -717 -725 -717 -708 -716 -717 -699 -699 -690 -689 -699 -717 -681 -716 -708 -708 -717 -699 -699 -717 -708 -699 -699 -717 -716 -708 -734 -725 -690 -717 -717 -717 -725 -708 -717 -716 -708 -708 -699 -725 -717 -699 -708 -699 -699 -708 -708 -708 -708 -708 -716 -717 -725 -699 -699 -717 -708 -725 -708 -725 -717 -717 -725 -708 -734 -717 -725 -716 -717 -725 -734 -717 -725 -717 -725 -725 -717 -708 -734 -717 -717 -708 -725 -717 -734 -725 -717 -717 -717 -708 -717 -716 -725 -725 -734 -734 -717 -717 -734 -725 -716 -725 -725 -716 -734 -761 -734 -734 -725 -743 -734 -752 -717 -725 -717 -734 -725 -717 -725 -743 -725 -734 -743 -743 -725 -734 -725 -743 -717 -734 -743 -734 -725 -743 -743 -725 -717 -734 -734 -743 -734 -725 -743 -743 -752 -752 -743 -717 -752 -734 -752 -717 -743 -743 -734 -734 -743 -734 -734 -743 -743 -743 -734 -734 -752 -734 -743 -743 -734 -743 -743 -734 -743 -734 -725 -752 -743 -734 -752 -761 -734 -743 -717 -761 -752 -734 -752 -734 -734 -761 -743 -761 -734 -752 -743 -752 -734 -743 -752 -743 -734 -708 -725 -717 -717 -708 -717 -699 -734 -725 -698 -717 -699 -717 -708 -717 -716 -708 -690 -708 -717 -717 -699 -717 -708 -708 -690 -725 -699 -708 -717 -681 -690 -708 -698 -717 -708 -717 -708 -699 -725 -725 -717 -743 -717 -717 -743 -725 -717 -725 -725 -725 -725 -717 -716 -717 -725 -717 -734 -717 -717 -708 -725 -717 -717 -699 -717 -716 -725 -717 -725 -699 -725 -725 -708 -725 -734 -734 -734 -743 -743 -743 -770 -761 -752 -761 -788 -770 -770 -761 -770
-841 -814 -823 -841 -823 -823 -814 -823 -823 -823 -841 -823 -823 -823 -806 -832 -806 -823 -814 -814 -814 -805 -814 -797 -797 -806 -806 -797 -797 -779 -805 -797 -806 -788 -806 -796 -805 -797 -770 -770 -779 -779 -770 -779 -770 -779 -779 -797 -788 -752 -770 -788 -770 -770 -752 -788 -788 -770 -779 -761 -770 -761 -761 -761 -761 -761 -770 -770 -761 -761 -743 -743 -761 -752 -752 -752 -743 -734 -734 -734 -725 -743 -743 -752 -761 -752 -725 -752 -743 -734 -743 -734 -734 -734 -734 -734 -743 -734 -743 -734 -743 -717 -734 -734 -752 -725 -708 -743 -734 -734 -734 -734 -734 -725 -725 -717 -725 -725 -734 -743 -716 -725 -717 -725 -725 -717 -717 -725 -725 -716 -725 -699 -699 -717 -725 -717 -717 -725 -725 -717 -717 -707 -716 -707 -690 -690 -681 -681 -699 -699 -672 -690 -663 -690 -672 -672 -681 -690 -672 -690 -690 -681 -699 -690 -681 -699 -708 -699 -699 -699 -690 -708 -699 -690 -699 -690 -725 -672 -699 -717 -699 -708 -699 -690 -717 -699 -690 -672 -690 -717 -681 -681 -690 -690 -708 -699 -690 -690 -699 -699 -699 -698 -699 -690 -708 -717 -708 -708 -690 -708 -717 -708 -708 -716 -717 -699 -699 -699 -699 -681 -708 -699 -690 -690 -708 -690 -690 -708 -708 -699 -708 -708 -717 -708 -717 -716 -717 -699 -717 -716 -734 -708 -708 -707 -699 -717 -717 -716 -708 -708 -708 -734 -707 -708 -716 -690 -716 -717 -716 -708 -717 -708 -690 -717 -708 -725 -708 -707 -716 -699 -717 -716 -717 -725 -734 -716 -725 -716 -717 -734 -708 -734 -725 -725 -717 -725 -725 -716 -725 -716 -716 -734 -717 -708 -717 -708 -734 -725 -717 -725 -708 -725 -708 -717 -734 -717 -743 -734 -725 -725 -725 -725 -708 -717 -734 -734 -743 -734 -717 -725 -734 -743 -725 -734 -717 -734 -725 -725 -708 -725 -743 -734 -716 -743 -734 -743 -725 -734 -716 -725 -734 -717 -725 -725 -734 -734 -725 -716 -743 -725 -752 -752 -725 -708 -743 -734 -725 -716 -734 -743 -716 -752 -734 -734 -752 -734 -743 -725 -752 -752 -752 -743 -725 -752 -743 -743 -752 -725 -752 -743 -734 -725 -734 -743 -761 -734 -743 -761 -743 -743 -725 -752 -734 -743 -752 -752 -761 -743 -752 -734 -743 -743 -743 -761 -752 -734 -752 -752 -734 -752 -743 -752 -725 -743 -752 -734 -725 -743 -717 -725 -725 -725 -708 -716 -717 -699 -707 -681 -690 -725 -716 -725 -717 -699 -717 -708 -716 -690 -707 -717 -717 -708 -699 -716 -708 -672 -699 -699 -725 -716 -717 -708 -717 -717 -717 -717 -725 -716 -734 -708 -734 -725 -725 -708 -743 -717 -725 -734 -716 -716 -725 -725 -708 -743 -717 -699 -699 -708 -708 -708 -717 -725 -716 -734 -743 -717 -734 -725 -734 -716 -743 -752 -752 -752 -743 -743 -761 -770 -770 -761 -770 -770 -779 -770 -779 -779 -797 -797 -788 -779 -788 -788
-806 -806 -797 -814 -814 -823 -806 -841 -823 -797 -823 -797 -797 -806 -814 -788 -797 -806 -787 -796 -788 -788 -806 -796 -797 -806 -788 -788 -805 -779 -770 -788 -796 -779 -779 -788 -788 -779 -779 -788 -770 -779 -797 -788 -770 -779 -797 -779 -770 -779 -770 -770 -779 -779 -761 -761 -743 -761 -770 -752 -752 -743 -743 -743 -743 -752 -752 -752 -743 -734 -725 -752 -743 -752 -752 -752 -725 -734 -743 -761 -752 -752 -743 -734 -734 -743 -743 -734 -734 -725 -752 -734 -734 -725 -734 -752 -725 -752 -725 -752 -734 -725 -717 -725 -725 -717 -725 -725 -717 -717 -717 -717 -708 -725 -699 -725 -743 -717 -734 -734 -717 -717 -690 -708 -717 -717 -708 -708 -734 -717 -725 -708 -708 -708 -699 -699 -716 -690 -681 -672 -681 -672 -690 -663 -690 -681 -663 -672 -690 -690 -699 -690 -681 -690 -681 -672 -681 -672 -681 -708 -707 -681 -690 -681 -699 -699 -690 -690 -708 -717 -699 -699 -690 -672 -690 -708 -708 -681 -690 -690 -681 -708 -672 -672 -699 -708 -681 -690 -681 -690 -699 -708 -699 -699 -690 -708 -716 -725 -699 -699 -734 -699 -699 -708 -690 -708 -699 -672 -708 -690 -708 -690 -681 -699 -690 -690 -681 -672 -690 -699 -699 -681 -708 -699 -699 -699 -699 -699 -708 -690 -699 -699 -708 -717 -717 -734 -708 -699 -716 -717 -725 -708 -708 -699 -708 -717 -699 -717 -717 -708 -708 -717 -725 -708 -717 -708 -708 -717 -708 -708 -708 -708 -725 -708 -716 -717 -725 -725 -717 -743 -699 -717 -717 -725 -725 -734 -717 -725 -717 -708 -708 -717 -716 -717 -717 -716 -699 -708 -734 -717 -708 -717 -725 -717 -717 -708 -708 -734 -717 -717 -699 -708 -716 -725 -725 -734 -734 -734 -725 -716 -717 -725 -734 -725 -734 -708 -734 -725 -725 -725 -734 -734 -734 -734 -734 -725 -734 -717 -725 -717 -734 -717 -725 -734 -725 -734 -725 -743 -717 -743 -725 -725 -734 -743 -734 -743 -743 -734 -734 -725 -734 -734 -716 -743 -734 -717 -725 -743 -734 -734 -717 -761 -734 -734 -734 -743 -752 -743 -743 -743 -743 -743 -743 -743 -743 -734 -743 -761 -725 -743 -743 -734 -734 -734 -761 -752 -716 -752 -752 -752 -752 -743 -752 -761 -743 -752 -761 -743 -743 -752 -725 -734 -761 -725 -752 -725 -725 -725 -725 -717 -708 -717 -725 -708 -717 -717 -717 -717 -725 -716 -690 -690 -690 -708 -699 -708 -717 -717 -699 -708 -708 -717 -725 -717 -699 -699 -699 -699 -708 -698 -734 -717 -725 -717 -717 -725 -717 -734 -717 -717 -717 -716 -752 -725 -717 -734 -717 -708 -725 -717 -725 -716 -734 -707 -725 -717 -716 -717 -734 -725 -699 -717 -708 -707 -717 -716 -708 -717 -725 -734 -717 -752 -725 -752 -734 -752 -752 -743 -761 -752 -761 -770 -770 -779 -770 -770 -779 -788 -797 -797 -779 -779 -761 -779 -779 -788 -779 -788 -797 -770 -770 -770
-806 -806 -814 -814 -797 -823 -805 -814 -788 -814 -779 -806 -806 -805 -797 -788 -805 -788 -797 -806 -797 -788 -788 -797 -761 -788 -779 -779 -788 -797 -770 -788 -770 -779 -770 -779 -770 -770 -761 -788 -761 -770 -770 -761 -770 -770 -761 -779 -770 -770 -761 -752 -752 -734 -761 -743 -761 -752 -761 -761 -752 -752 -734 -734 -743 -743 -743 -761 -734 -752 -716 -734 -734 -752 -743 -734 -725 -734 -743 -743 -734 -717 -734 -734 -725 -725 -752 -752 -752 -725 -717 -725 -725 -725 -717 -725 -725 -717 -734 -734 -725 -717 -716 -725 -717 -725 -725 -716 -708 -717 -717 -725 -708 -708 -725 -716 -716 -717 -708 -717 -699 -717 -708 -690 -708 -690 -690 -716 -699 -699 -690 -690 -672 -663 -672 -699 -681 -672 -690 -681 -681 -681 -699 -690 -690 -699 -690 -681 -708 -699 -708 -681 -699 -690 -699 -699 -708 -690 -699 -717 -690 -699 -717 -708 -699 -690 -672 -690 -716 -690 -699 -681 -708 -672 -699 -708 -672 -681 -681 -681 -699 -681 -708 -699 -699 -681 -699 -699 -707 -699 -699 -708 -717 -708 -708 -717 -725 -717 -717 -699 -699 -690 -707 -717 -708 -699 -708 -690 -690 -699 -681 -699 -681 -699 -681 -717 -708 -708 -707 -699 -717 -708 -708 -717 -699 -699 -708 -699 -690 -699 -708 -717 -708 -708 -717 -717 -708 -708 -725 -698 -725 -708 -717 -717 -699 -707 -716 -717 -716 -717 -708 -708 -707 -708 -708 -707 -707 -717 -716 -716 -725 -716 -716 -717 -708 -716 -717 -725 -725 -717 -699 -716 -699 -725 -734 -717 -699 -717 -717 -699 -708 -717 -716 -708 -717 -699 -725 -708 -734 -717 -717 -708 -717 -734 -743 -725 -725 -743 -717 -708 -717 -717 -717 -725 -734 -708 -734 -716 -725 -716 -717 -717 -717 -717 -717 -725 -708 -725 -717 -725 -725 -734 -725 -725 -734 -734 -725 -725 -734 -743 -734 -734 -725 -743 -734 -725 -734 -734 -725 -752 -743 -734 -734 -734 -725 -734 -725 -752 -743 -734 -752 -743 -734 -725 -734 -725 -734 -743 -725 -725 -734 -734 -734 -717 -725 -743 -743 -734 -717 -752 -725 -743 -743 -743 -752 -743 -734 -725 -761 -752 -743 -725 -743 -743 -743 -743 -770 -752 -725 -734 -734 -734 -725 -752 -743 -725 -743 -743 -743 -734 -725 -708 -725 -725 -716 -717 -717 -699 -717 -716 -717 -699 -707 -725 -708 -717 -699 -717 -708 -699 -708 -725 -708 -725 -716 -699 -681 -699 -690 -708 -708 -708 -716 -725 -725 -708 -708 -708 -699 -708 -725 -716 -725 -717 -708 -725 -725 -717 -743 -717 -743 -734 -708 -707 -716 -725 -725 -716 -708 -717 -699 -725 -699 -690 -725 -725 -716 -725 -734 -734 -725 -725 -716 -752 -743 -743 -743 -734 -743 -752 -743 -752 -779 -770 -770 -779 -761 -761 -779 -797 -779 -779 -806 -797 -805 -770 -788 -770 -770 -788 -779 -770 -788 -770 -752 -779 -779 -788 -761 -788 -788 -761
-797 -806 -797 -806 -806 -788 -797 -770 -788 -788 -806 -788 -770 -761 -779 -788 -770 -788 -779 -779 -761 -788 -779 -752 -770 -806 -761 -779 -770 -770 -788 -770 -770 -761 -779 -770 -752 -752 -770 -761 -761 -761 -752 -752 -752 -761 -752 -743 -743 -761 -752 -752 -761 -725 -752 -743 -743 -743 -761 -743 -743 -752 -743 -734 -743 -770 -752 -743 -752 -734 -734 -734 -734 -725 -725 -734 -717 -725 -734 -725 -725 -717 -725 -743 -717 -725 -716 -717 -725 -725 -743 -734 -725 -725 -716 -707 -716 -717 -725 -734 -707 -708 -717 -717 -717 -717 -708 -716 -717 -708 -690 -717 -690 -707 -699 -699 -699 -681 -699 -690 -681 -699 -690 -699 -681 -699 -708 -681 -672 -672 -672 -699 -681 -690 -681 -690 -699 -681 -699 -690 -690 -699 -681 -690 -725 -708 -699 -708 -708 -690 -708 -699 -699 -699 -699 -690 -690 -690 -681 -699 -725 -699 -717 -681 -690 -708 -698 -690 -699 -699 -690 -681 -699 -690 -699 -708 -699 -681 -699 -708 -707 -717 -699 -717 -690 -690 -708 -699 -690 -717 -699 -699 -708 -717 -690 -699 -699 -690 -699 -699 -690 -699 -707 -699 -699 -690 -699 -690 -699 -699 -690 -708 -717 -717 -708 -717 -716 -699 -690 -690 -708 -708 -708 -699 -717 -699 -708 -717 -708 -717 -717 -708 -690 -717 -708 -708 -690 -708 -690 -708 -708 -708 -699 -699 -690 -717 -717 -717 -708 -725 -708 -716 -725 -717 -734 -725 -725 -707 -708 -717 -717 -734 -743 -707 -725 -717 -707 -717 -690 -717 -717 -725 -716 -699 -716 -716 -717 -699 -708 -734 -725 -717 -743 -725 -716 -717 -717 -717 -734 -725 -725 -725 -734 -743 -725 -725 -717 -725 -725 -725 -725 -708 -708 -734 -717 -725 -725 -734 -725 -743 -717 -717 -743 -725 -734 -734 -743 -743 -734 -734 -743 -725 -734 -743 -752 -725 -743 -717 -743 -725 -734 -717 -743 -734 -743 -725 -734 -743 -743 -717 -734 -734 -725 -734 -725 -743 -717 -743 -734 -743 -752 -725 -734 -734 -743 -743 -725 -734 -725 -734 -743 -743 -734 -743 -743 -743 -734 -725 -743 -752 -734 -743 -743 -743 -743 -743 -743 -752 -743 -761 -761 -761 -752 -734 -743 -734 -734 -752 -743 -761 -734 -725 -734 -734 -708 -725 -725 -716 -725 -708 -716 -708 -717 -717 -708 -708 -699 -690 -699 -690 -725 -708 -699 -681 -717 -717 -708 -708 -708 -699 -708 -717 -699 -717 -717 -717 -716 -708 -725 -699 -717 -708 -725 -708 -716 -725 -725 -717 -734 -725 -734 -725 -725 -725 -725 -717 -708 -725 -707 -717 -725 -716 -716 -717 -699 -708 -716 -717 -725 -716 -717 -743 -734 -734 -725 -725 -752 -725 -743 -743 -761 -752 -770 -770 -770 -761 -770 -770 -770 -788 -797 -788 -797 -779 -797 -788 -770 -770 -779 -779 -788 -788 -779 -779 -788 -788 -779 -788 -779 -779 -788 -779 -788 -797 -779 -779 -779 -797 -788 -788 -779 -779
-788 -806 -788 -779 -797 -779 -788 -779 -788 -770 -779 -779 -788 -761 -761 -770 -779 -788 -770 -797 -779 -770 -761 -779 -761 -752 -770 -788 -770 -761 -761 -761 -761 -761 -770 -761 -743 -743 -752 -761 -761 -752 -725 -761 -743 -743 -761 -752 -743 -752 -761 -752 -752 -725 -743 -743 -734 -752 -743 -734 -743 -734 -734 -743 -734 -752 -743 -725 -743 -734 -743 -725 -743 -725 -725 -734 -734 -734 -708 -725 -725 -717 -725 -725 -734 -717 -717 -708 -725 -717 -717 -717 -734 -725 -725 -717 -708 -725 -708 -725 -725 -708 -681 -708 -690 -708 -708 -699 -690 -690 -699 -690 -708 -690 -690 -681 -681 -672 -672 -681 -690 -672 -663 -681 -690 -672 -690 -708 -672 -690 -681 -690 -699 -699 -699 -708 -699 -717 -716 -690 -708 -708 -707 -681 -699 -690 -681 -699 -690 -690 -717 -690 -690 -698 -681 -681 -672 -690 -672 -681 -690 -699 -690 -699 -690 -681 -699 -699 -708 -698 -717 -708 -708 -717 -699 -699 -725 -716 -717 -690 -708 -708 -690 -716 -672 -717 -699 -690 -699 -690 -690 -681 -699 -681 -699 -708 -699 -708 -690 -690 -708 -690 -699 -708 -708 -717 -699 -708 -717 -708 -725 -717 -699 -708 -699 -717 -725 -699 -725 -717 -707 -708 -708 -708 -708 -699 -699 -717 -699 -717 -708 -690 -717 -708 -699 -699 -717 -707 -708 -716 -708 -699 -707 -708 -725 -708 -717 -699 -725 -717 -725 -717 -717 -725 -698 -690 -725 -725 -725 -717 -725 -708 -717 -717 -708 -716 -699 -725 -725 -707 -717 -725 -717 -707 -717 -717 -708 -743 -734 -699 -716 -725 -716 -725 -716 -717 -717 -725 -725 -734 -717 -707 -716 -717 -734 -725 -734 -717 -725 -725 -708 -717 -734 -708 -725 -716 -725 -734 -725 -725 -743 -716 -725 -743 -743 -743 -743 -734 -725 -725 -725 -717 -743 -725 -743 -734 -717 -734 -716 -716 -743 -734 -752 -725 -734 -743 -717 -725 -743 -734 -752 -717 -708 -734 -734 -761 -743 -743 -734 -743 -716 -761 -743 -734 -752 -734 -717 -752 -752 -743 -743 -743 -734 -743 -725 -734 -752 -752 -743 -734 -752 -752 -734 -734 -734 -734 -752 -743 -734 -743 -734 -752 -734 -725 -734 -725 -717 -708 -708 -717 -717 -725 -708 -690 -708 -725 -690 -717 -708 -690 -699 -725 -708 -708 -699 -690 -716 -725 -708 -717 -699 -708 -681 -707 -699 -699 -716 -708 -717 -716 -717 -699 -708 -708 -708 -716 -725 -725 -734 -708 -716 -717 -708 -717 -725 -708 -717 -716 -708 -725 -708 -717 -708 -716 -708 -699 -717 -699 -717 -725 -708 -717 -717 -725 -716 -725 -725 -734 -734 -743 -743 -761 -770 -752 -752 -779 -752 -761 -770 -761 -779 -752 -770 -779 -770 -806 -779 -770 -779 -761 -770 -788 -797 -788 -797 -770 -779 -770 -779 -770 -779 -779 -770 -788 -788 -796 -779 -770 -779 -788 -779 -761 -761 -779 -797 -806 -806 -797 -788 -788 -806 -788
-770 -779 -779 -797 -779 -779 -761 -752 -761 -779 -788 -779 -788 -752 -761 -761 -761 -752 -761 -761 -761 -761 -770 -761 -752 -743 -770 -770 -761 -761 -752 -770 -743 -717 -734 -752 -743 -752 -743 -752 -734 -717 -734 -734 -734 -734 -734 -743 -734 -734 -734 -734 -725 -743 -752 -734 -725 -734 -734 -734 -725 -743 -734 -725 -716 -734 -716 -708 -717 -708 -725 -716 -717 -699 -716 -707 -699 -716 -717 -708 -725 -699 -734 -725 -717 -725 -699 -717 -708 -717 -725 -699 -708 -717 -717 -708 -699 -699 -725 -708 -690 -672 -681 -690 -681 -681 -690 -672 -690 -681 -690 -672 -681 -672 -690 -690 -672 -690 -690 -681 -672 -672 -690 -672 -708 -681 -690 -690 -699 -690 -708 -698 -690 -681 -690 -707 -690 -699 -681 -681 -699 -708 -708 -690 -699 -699 -681 -690 -681 -690 -708 -681 -672 -690 -663 -699 -699 -672 -690 -681 -699 -699 -690 -699 -708 -699 -708 -708 -681 -708 -698 -708 -699 -717 -708 -681 -681 -690 -681 -699 -681 -699 -690 -690 -690 -690 -699 -708 -681 -690 -708 -690 -672 -681 -699 -681 -716 -717 -708 -699 -699 -708 -717 -699 -708 -699 -690 -708 -716 -708 -699 -725 -708 -707 -708 -708 -690 -717 -690 -708 -717 -708 -690 -708 -699 -708 -708 -717 -716 -690 -708 -725 -716 -717 -708 -708 -707 -699 -734 -716 -725 -717 -716 -699 -717 -717 -717 -716 -734 -717 -734 -698 -717 -716 -717 -725 -717 -699 -716 -699 -717 -725 -716 -708 -717 -716 -725 -717 -716 -725 -725 -725 -725 -734 -717 -717 -734 -717 -717 -734 -725 -725 -717 -734 -743 -725 -716 -743 -725 -752 -725 -717 -717 -708 -717 -717 -725 -734 -716 -725 -734 -725 -734 -743 -734 -725 -717 -717 -725 -725 -734 -734 -752 -734 -743 -734 -743 -743 -725 -734 -743 -734 -734 -717 -725 -743 -725 -716 -725 -734 -725 -743 -743 -752 -734 -734 -743 -725 -725 -725 -743 -743 -734 -743 -734 -752 -725 -743 -752 -752 -734 -752 -752 -752 -752 -752 -752 -761 -752 -725 -743 -734 -743 -743 -743 -743 -734 -743 -752 -743 -752 -725 -743 -752 -761 -725 -743 -717 -690 -725 -699 -708 -708 -716 -717 -725 -699 -708 -690 -708 -681 -708 -717 -716 -699 -717 -681 -699 -708 -690 -699 -708 -717 -699 -699 -690 -708 -717 -681 -708 -699 -708 -717 -708 -725 -725 -717 -699 -734 -708 -708 -725 -725 -708 -734 -743 -734 -725 -725 -725 -716 -708 -708 -699 -725 -716 -690 -707 -708 -716 -708 -708 -708 -699 -716 -725 -717 -734 -707 -725 -725 -752 -752 -734 -734 -761 -770 -797 -761 -743 -752 -779 -770 -770 -761 -770 -770 -779 -761 -779 -779 -779 -779 -788 -761 -779 -797 -770 -770 -788 -770 -806 -788 -788 -788 -779 -779 -779 -788 -788 -797 -788 -788 -788 -788 -779 -770 -797 -797 -788 -797 -788 -779 -805 -806 -806 -797 -806 -797 -806 -788 -814
-770 -761 -761 -752 -770 -788 -770 -779 -779 -770 -761 -770 -761 -770 -743 -761 -761 -743 -761 -752 -752 -752 -743 -743 -743 -761 -743 -761 -743 -743 -734 -734 -743 -734 -734 -761 -708 -734 -725 -752 -752 -734 -717 -725 -717 -743 -717 -717 -725 -707 -717 -725 -743 -734 -717 -734 -725 -725 -717 -716 -725 -734 -725 -725 -708 -716 -717 -716 -717 -717 -725 -708 -708 -717 -725 -717 -699 -725 -708 -725 -725 -725 -707 -708 -708 -708 -708 -734 -690 -699 -717 -699 -699 -708 -690 -699 -699 -699 -681 -699 -681 -690 -690 -681 -672 -690 -699 -690 -681 -672 -663 -699 -708 -717 -699 -690 -699 -681 -681 -717 -708 -699 -698 -699 -708 -699 -699 -708 -699 -699 -699 -672 -708 -681 -681 -690 -681 -699 -699 -681 -681 -717 -663 -681 -672 -681 -681 -690 -690 -681 -699 -690 -681 -699 -672 -690 -690 -699 -681 -690 -690 -690 -699 -717 -699 -708 -699 -717 -716 -699 -699 -690 -699 -708 -708 -699 -681 -708 -681 -699 -699 -681 -690 -681 -690 -690 -690 -708 -716 -708 -708 -699 -708 -708 -708 -699 -708 -725 -725 -708 -716 -708 -717 -699 -690 -690 -725 -690 -717 -708 -708 -708 -681 -690 -699 -716 -699 -717 -716 -717 -690 -708 -708 -708 -708 -717 -708 -699 -717 -717 -725 -717 -699 -708 -716 -708 -734 -708 -708 -717 -708 -708 -690 -717 -690 -708 -716 -717 -725 -699 -708 -699 -708 -717 -708 -734 -716 -708 -708 -717 -699 -734 -717 -725 -708 -743 -725 -725 -717 -725 -725 -717 -699 -725 -743 -717 -717 -717 -734 -725 -716 -725 -717 -699 -725 -717 -734 -716 -725 -734 -717 -743 -716 -725 -725 -716 -725 -743 -717 -743 -725 -734 -743 -708 -734 -725 -752 -743 -734 -734 -734 -725 -734 -734 -734 -725 -725 -717 -734 -734 -743 -734 -734 -708 -743 -734 -725 -752 -752 -734 -725 -743 -743 -725 -717 -743 -743 -734 -752 -743 -743 -743 -752 -725 -725 -725 -734 -734 -734 -743 -743 -743 -734 -743 -761 -752 -743 -725 -752 -743 -743 -761 -725 -752 -734 -725 -717 -743 -708 -752 -708 -708 -708 -725 -725 -725 -717 -708 -708 -716 -690 -707 -708 -717 -699 -717 -717 -708 -708 -708 -717 -708 -708 -708 -690 -699 -716 -716 -690 -708 -708 -699 -699 -699 -708 -717 -717 -690 -734 -734 -708 -716 -725 -717 -716 -725 -725 -717 -725 -734 -725 -734 -734 -725 -725 -699 -699 -716 -716 -725 -708 -725 -699 -717 -717 -708 -716 -699 -716 -734 -725 -752 -734 -743 -734 -734 -743 -752 -752 -761 -752 -761 -770 -797 -752 -779 -787 -779 -770 -770 -797 -770 -788 -788 -779 -788 -788 -770 -779 -770 -779 -788 -788 -770 -797 -779 -779 -779 -779 -761 -779 -779 -770 -805 -779 -770 -797 -788 -770 -788 -797 -787 -797 -770 -797 -806 -805 -805 -814 -797 -814 -805 -806 -814 -806 -806 -814 -841 -823 -841 -832 -832
-761 -761 -752 -770 -761 -752 -761 -761 -761 -770 -743 -761 -752 -734 -761 -752 -752 -734 -761 -725 -761 -770 -743 -752 -734 -752 -743 -717 -725 -743 -743 -725 -716 -743 -725 -725 -752 -734 -752 -761 -725 -725 -725 -734 -734 -743 -734 -725 -725 -725 -725 -717 -717 -743 -734 -725 -716 -717 -708 -708 -699 -717 -725 -725 -717 -725 -716 -717 -717 -699 -699 -717 -717 -708 -708 -699 -708 -708 -708 -734 -699 -698 -708 -699 -707 -699 -708 -690 -690 -699 -672 -672 -690 -699 -672 -699 -663 -681 -654 -663 -663 -681 -690 -699 -690 -690 -699 -699 -690 -681 -699 -699 -699 -690 -690 -681 -699 -708 -690 -699 -690 -672 -681 -708 -690 -690 -672 -690 -708 -690 -699 -672 -681 -717 -681 -717 -699 -699 -690 -699 -699 -690 -699 -708 -690 -708 -690 -708 -708 -717 -716 -708 -699 -717 -681 -681 -690 -699 -699 -699 -681 -708 -708 -699 -708 -699 -690 -699 -699 -717 -690 -690 -690 -699 -681 -699 -708 -708 -708 -708 -708 -690 -708 -717 -699 -708 -699 -708 -725 -717 -690 -707 -716 -717 -690 -708 -690 -716 -708 -681 -708 -708 -699 -699 -690 -690 -690 -690 -708 -725 -708 -717 -708 -708 -717 -708 -708 -725 -717 -708 -708 -716 -717 -725 -708 -699 -716 -708 -716 -690 -734 -717 -717 -717 -708 -708 -708 -708 -699 -725 -699 -699 -734 -708 -717 -717 -708 -707 -699 -708 -725 -699 -707 -717 -708 -725 -743 -717 -716 -725 -716 -725 -743 -717 -725 -717 -717 -743 -734 -734 -708 -717 -708 -725 -717 -716 -725 -743 -717 -708 -725 -716 -717 -734 -725 -725 -725 -708 -725 -717 -752 -734 -717 -752 -725 -734 -743 -717 -717 -725 -734 -752 -743 -743 -717 -725 -743 -734 -725 -725 -725 -743 -743 -725 -725 -752 -734 -734 -752 -725 -734 -734 -743 -752 -725 -752 -734 -725 -743 -734 -734 -752 -734 -743 -752 -725 -734 -761 -717 -734 -743 -752 -734 -734 -743 -743 -725 -752 -734 -734 -725 -752 -743 -734 -725 -752 -752 -743 -734 -734 -708 -707 -708 -734 -716 -717 -717 -708 -707 -717 -725 -708 -699 -725 -699 -708 -708 -708 -699 -699 -690 -708 -716 -699 -699 -708 -681 -717 -708 -699 -707 -699 -717 -699 -708 -690 -717 -708 -717 -725 -717 -708 -699 -725 -717 -725 -717 -708 -725 -717 -725 -734 -717 -708 -717 -725 -708 -725 -708 -698 -699 -690 -690 -708 -708 -716 -699 -717 -717 -734 -717 -734 -734 -743 -743 -725 -734 -761 -752 -734 -752 -770 -761 -770 -770 -770 -752 -779 -779 -779 -779 -779 -761 -761 -806 -770 -788 -788 -770 -779 -770 -770 -770 -788 -788 -770 -770 -788 -788 -770 -788 -779 -797 -761 -779 -805 -788 -779 -788 -770 -797 -770 -779 -779 -788 -806 -788 -797 -814 -806 -823 -814 -823 -806 -797 -814 -814 -806 -823 -814 -823 -841 -814 -814 -823 -814 -858 -841 -832 -832 -832 -832
-743 -761 -752 -761 -752 -734 -761 -743 -743 -734 -734 -752 -752 -743 -734 -752 -734 -725 -752 -725 -734 -734 -743 -761 -725 -734 -734 -743 -725 -734 -717 -743 -734 -725 -725 -708 -725 -734 -752 -717 -743 -708 -734 -725 -725 -743 -725 -708 -708 -725 -725 -708 -725 -725 -725 -716 -716 -717 -717 -734 -699 -708 -725 -707 -717 -708 -717 -708 -717 -708 -708 -716 -699 -690 -708 -699 -690 -690 -708 -708 -690 -681 -690 -672 -663 -672 -672 -681 -672 -690 -672 -672 -681 -681 -672 -690 -690 -699 -690 -699 -699 -699 -681 -699 -672 -699 -708 -690 -690 -690 -681 -681 -707 -699 -699 -708 -699 -681 -699 -690 -663 -699 -681 -690 -690 -690 -681 -663 -672 -708 -690 -690 -681 -699 -690 -690 -672 -717 -690 -681 -681 -708 -681 -708 -699 -708 -717 -717 -699 -699 -708 -708 -699 -708 -681 -699 -699 -681 -690 -681 -699 -690 -699 -708 -681 -699 -690 -699 -690 -725 -717 -708 -690 -699 -708 -708 -690 -699 -716 -690 -699 -708 -717 -699 -717 -708 -699 -708 -681 -681 -708 -699 -699 -717 -716 -717 -717 -690 -708 -734 -717 -699 -716 -708 -717 -699 -708 -690 -708 -734 -717 -725 -708 -716 -716 -708 -716 -717 -708 -717 -708 -716 -708 -717 -708 -717 -708 -717 -716 -699 -690 -708 -725 -717 -717 -717 -717 -708 -716 -707 -708 -699 -708 -717 -717 -725 -717 -734 -725 -743 -725 -716 -734 -707 -743 -725 -734 -717 -725 -717 -708 -725 -708 -725 -725 -725 -708 -725 -717 -734 -734 -725 -716 -717 -743 -725 -734 -717 -743 -717 -734 -734 -743 -743 -725 -725 -717 -725 -734 -725 -716 -725 -725 -725 -717 -725 -708 -734 -716 -743 -717 -725 -743 -743 -725 -734 -717 -734 -743 -761 -734 -743 -743 -743 -743 -743 -743 -743 -725 -725 -725 -734 -743 -734 -734 -708 -743 -725 -743 -725 -752 -725 -743 -743 -725 -734 -734 -743 -743 -734 -734 -752 -743 -743 -752 -770 -734 -743 -734 -725 -734 -734 -699 -725 -717 -708 -708 -717 -708 -699 -708 -690 -699 -690 -690 -690 -699 -699 -708 -699 -708 -708 -708 -717 -699 -707 -708 -708 -690 -690 -681 -717 -708 -717 -708 -699 -699 -716 -699 -725 -708 -717 -717 -725 -717 -717 -717 -734 -725 -716 -725 -717 -716 -725 -708 -717 -717 -725 -699 -717 -708 -708 -699 -708 -717 -717 -699 -699 -717 -717 -699 -716 -699 -716 -725 -717 -725 -743 -734 -761 -752 -752 -752 -770 -761 -761 -761 -770 -779 -761 -779 -788 -779 -770 -770 -788 -779 -797 -770 -779 -779 -779 -779 -788 -770 -779 -805 -770 -788 -770 -797 -770 -788 -770 -779 -797 -806 -761 -779 -779 -779 -770 -788 -806 -797 -779 -770 -761 -805 -770 -797 -797 -806 -805 -823 -797 -797 -806 -797 -814 -814 -823 -832 -823 -832 -814 -814 -841 -832 -841 -823 -832 -858 -858 -832 -850 -850 -841 -841 -841 -867 -850
-752 -752 -717 -743 -743 -743 -743 -743 -725 -752 -734 -734 -725 -734 -734 -743 -734 -734 -734 -734 -734 -734 -708 -734 -734 -725 -743 -734 -716 -716 -717 -725 -734 -734 -725 -734 -734 -725 -725 -717 -716 -725 -717 -725 -734 -734 -708 -699 -707 -708 -716 -708 -699 -708 -717 -725 -725 -699 -708 -698 -708 -708 -717 -708 -716 -716 -707 -699 -717 -708 -690 -681 -681 -690 -681 -690 -690 -690 -672 -672 -672 -681 -681 -663 -690 -672 -681 -681 -699 -681 -699 -690 -699 -717 -690 -690 -690 -681 -690 -681 -717 -690 -708 -681 -681 -698 -699 -708 -699 -699 -699 -690 -717 -681 -681 -681 -699 -672 -663 -690 -708 -699 -690 -681 -672 -681 -681 -681 -681 -681 -672 -672 -699 -717 -690 -708 -699 -707 -690 -699 -699 -681 -690 -699 -716 -699 -708 -690 -699 -690 -717 -708 -681 -699 -699 -690 -699 -690 -690 -699 -708 -708 -681 -699 -699 -708 -708 -708 -699 -708 -708 -690 -708 -690 -690 -690 -690 -708 -708 -708 -690 -699 -707 -725 -708 -725 -708 -699 -708 -699 -690 -717 -698 -708 -699 -707 -699 -690 -725 -699 -708 -717 -717 -725 -717 -725 -708 -725 -716 -725 -717 -708 -708 -725 -708 -708 -699 -708 -725 -725 -717 -708 -699 -708 -708 -698 -708 -708 -716 -717 -699 -717 -716 -707 -708 -708 -717 -717 -725 -725 -725 -725 -725 -743 -717 -708 -708 -734 -734 -717 -690 -717 -708 -717 -725 -717 -725 -717 -708 -725 -717 -716 -725 -716 -725 -725 -725 -743 -708 -717 -752 -734 -725 -743 -717 -725 -716 -716 -743 -725 -725 -725 -725 -708 -734 -725 -717 -725 -734 -725 -717 -734 -734 -725 -743 -752 -734 -734 -743 -734 -717 -743 -725 -734 -734 -734 -734 -734 -717 -734 -761 -743 -743 -734 -761 -734 -725 -734 -734 -734 -725 -725 -770 -725 -752 -743 -725 -717 -734 -752 -752 -743 -743 -734 -725 -734 -743 -734 -743 -716 -734 -734 -717 -725 -690 -699 -708 -725 -716 -699 -699 -707 -708 -690 -725 -699 -708 -690 -717 -699 -708 -699 -708 -699 -708 -716 -717 -699 -699 -717 -699 -699 -699 -708 -708 -716 -717 -699 -717 -699 -699 -716 -716 -716 -716 -708 -690 -717 -717 -717 -734 -734 -725 -717 -717 -725 -699 -708 -717 -708 -708 -717 -699 -708 -699 -716 -699 -708 -717 -716 -708 -708 -716 -708 -725 -725 -725 -743 -761 -743 -734 -752 -761 -761 -734 -752 -752 -752 -788 -761 -779 -770 -761 -770 -761 -788 -770 -770 -788 -779 -770 -779 -788 -761 -779 -788 -788 -770 -770 -797 -770 -779 -788 -788 -797 -779 -788 -770 -788 -770 -770 -788 -797 -797 -797 -770 -788 -779 -797 -796 -788 -788 -814 -796 -806 -806 -797 -823 -806 -788 -806 -823 -806 -832 -814 -832 -841 -806 -823 -832 -850 -823 -806 -832 -850 -841 -841 -841 -832 -832 -850 -841 -850 -841 -850 -850 -858 -850 -850 -867 -858 -850
-761 -743 -752 -734 -761 -734 -743 -734 -743 -734 -734 -743 -734 -717 -717 -717 -717 -743 -734 -743 -725 -734 -743 -716 -734 -716 -716 -725 -716 -725 -752 -717 -717 -717 -717 -725 -734 -734 -717 -717 -725 -717 -716 -734 -716 -725 -725 -725 -699 -699 -708 -708 -708 -716 -725 -708 -699 -717 -690 -716 -717 -708 -699 -681 -672 -690 -681 -690 -681 -690 -672 -681 -672 -681 -681 -681 -672 -663 -681 -672 -699 -690 -717 -699 -681 -699 -681 -690 -690 -690 -690 -699 -717 -716 -690 -699 -681 -690 -698 -681 -690 -690 -690 -681 -690 -690 -690 -690 -672 -699 -699 -672 -699 -681 -690 -690 -690 -699 -690 -708 -672 -681 -690 -681 -708 -698 -699 -716 -690 -708 -690 -717 -708 -708 -699 -681 -690 -690 -699 -708 -672 -690 -690 -699 -699 -681 -708 -699 -690 -690 -690 -699 -699 -699 -690 -699 -708 -690 -699 -725 -708 -708 -699 -708 -699 -699 -699 -681 -708 -708 -708 -681 -708 -716 -699 -708 -681 -699 -690 -690 -725 -690 -699 -699 -716 -716 -708 -699 -708 -708 -681 -708 -717 -717 -716 -708 -717 -707 -725 -708 -725 -734 -716 -717 -725 -717 -699 -725 -699 -708 -734 -717 -708 -708 -717 -716 -734 -708 -716 -716 -717 -690 -717 -708 -725 -708 -717 -716 -707 -708 -725 -716 -717 -708 -708 -725 -725 -717 -708 -725 -717 -699 -725 -717 -717 -708 -699 -725 -716 -717 -717 -734 -717 -725 -717 -717 -707 -725 -717 -725 -717 -743 -734 -743 -725 -699 -725 -725 -725 -708 -734 -725 -717 -725 -725 -725 -716 -743 -734 -716 -743 -725 -717 -708 -734 -708 -725 -743 -743 -717 -752 -734 -743 -734 -743 -752 -734 -743 -734 -717 -743 -734 -752 -734 -725 -717 -725 -752 -743 -761 -761 -717 -725 -743 -752 -743 -734 -743 -752 -717 -725 -734 -743 -734 -734 -743 -743 -734 -734 -734 -734 -725 -743 -717 -743 -717 -717 -717 -716 -717 -716 -716 -708 -699 -708 -698 -716 -716 -699 -690 -699 -717 -698 -690 -708 -690 -725 -699 -717 -708 -699 -717 -708 -708 -690 -690 -699 -699 -717 -708 -690 -699 -717 -699 -699 -725 -716 -699 -708 -725 -717 -690 -725 -725 -743 -708 -708 -725 -699 -699 -708 -716 -717 -716 -708 -708 -717 -716 -725 -717 -717 -717 -708 -725 -707 -717 -717 -725 -725 -725 -725 -734 -752 -761 -743 -752 -752 -752 -761 -761 -779 -770 -761 -770 -779 -770 -761 -761 -788 -779 -770 -779 -770 -779 -788 -761 -779 -770 -770 -779 -761 -770 -788 -779 -788 -752 -761 -770 -779 -788 -788 -779 -779 -788 -779 -788 -788 -788 -788 -779 -797 -788 -788 -797 -788 -806 -797 -806 -814 -814 -814 -805 -823 -814 -823 -841 -823 -832 -814 -832 -841 -823 -841 -814 -832 -832 -823 -832 -841 -841 -850 -850 -841 -841 -850 -850 -841 -850 -867 -841 -858 -858 -850 -858 -850 -858 -858 -867 -867 -850 -841 -858
-725 -725 -725 -743 -716 -743 -717 -717 -717 -734 -725 -743 -717 -725 -725 -725 -725 -725 -725 -725 -725 -725 -743 -725 -734 -717 -743 -717 -725 -708 -717 -725 -725 -725 -708 -734 -708 -717 -725 -708 -717 -690 -717 -708 -717 -717 -716 -717 -717 -699 -690 -708 -716 -699 -690 -690 -681 -699 -681 -672 -681 -699 -690 -681 -672 -663 -681 -681 -663 -672 -672 -699 -672 -690 -690 -690 -681 -690 -672 -708 -672 -681 -690 -690 -699 -681 -716 -699 -690 -690 -699 -672 -690 -690 -681 -681 -690 -690 -681 -681 -690 -699 -681 -698 -681 -690 -690 -699 -681 -699 -690 -690 -690 -690 -699 -699 -708 -681 -708 -699 -690 -690 -716 -681 -699 -725 -699 -690 -690 -690 -699 -708 -699 -690 -708 -699 -699 -690 -699 -699 -708 -708 -707 -708 -699 -699 -699 -708 -699 -708 -708 -699 -681 -716 -699 -699 -690 -708 -707 -717 -717 -698 -708 -699 -708 -690 -708 -699 -681 -681 -699 -708 -717 -690 -681 -699 -699 -717 -725 -708 -716 -708 -699 -716 -699 -725 -699 -699 -708 -717 -717 -725 -717 -716 -717 -708 -717 -717 -698 -699 -717 -725 -716 -717 -717 -725 -708 -716 -708 -725 -708 -699 -708 -725 -717 -734 -708 -717 -734 -734 -717 -717 -717 -734 -717 -725 -743 -717 -717 -725 -716 -716 -725 -708 -717 -708 -725 -707 -717 -716 -717 -725 -717 -725 -717 -716 -734 -725 -716 -725 -716 -734 -725 -725 -725 -725 -717 -725 -725 -717 -725 -734 -734 -725 -725 -725 -734 -734 -734 -725 -716 -717 -725 -725 -717 -717 -717 -734 -734 -752 -725 -752 -725 -717 -743 -725 -734 -743 -708 -725 -752 -743 -743 -725 -717 -725 -725 -725 -734 -743 -743 -743 -734 -734 -734 -725 -752 -752 -743 -743 -725 -725 -725 -734 -743 -734 -752 -752 -752 -734 -725 -734 -743 -725 -734 -717 -716 -725 -699 -708 -708 -699 -699 -708 -716 -699 -708 -708 -699 -717 -681 -708 -699 -699 -708 -699 -708 -708 -699 -690 -690 -699 -690 -690 -690 -699 -717 -699 -690 -699 -690 -699 -708 -699 -708 -708 -716 -708 -717 -716 -717 -717 -708 -725 -717 -717 -725 -716 -725 -717 -716 -708 -708 -699 -708 -717 -708 -717 -708 -717 -716 -699 -690 -717 -725 -725 -716 -717 -717 -734 -743 -725 -725 -752 -717 -752 -761 -752 -761 -770 -761 -761 -752 -770 -752 -779 -779 -770 -779 -779 -788 -761 -761 -779 -779 -779 -779 -788 -761 -761 -797 -788 -779 -779 -779 -770 -770 -788 -779 -761 -788 -779 -761 -779 -788 -779 -779 -761 -770 -797 -770 -770 -779 -797 -806 -796 -779 -797 -788 -806 -814 -814 -806 -823 -832 -814 -814 -823 -832 -814 -823 -823 -814 -841 -850 -841 -841 -841 -832 -832 -850 -850 -858 -841 -841 -858 -858 -867 -858 -867 -858 -841 -867 -858 -858 -850 -858 -867 -841 -841 -850 -858 -867 -841 -850 -876 -850 -858 -850 -850 -858 -850
-708 -717 -725 -725 -717 -734 -734 -716 -716 -699 -717 -717 -716 -734 -716 -725 -725 -708 -717 -725 -725 -707 -716 -717 -708 -717 -717 -716 -708 -708 -725 -717 -708 -707 -717 -725 -690 -707 -698 -708 -708 -708 -681 -690 -690 -672 -681 -672 -690 -681 -690 -672 -672 -654 -654 -672 -672 -672 -681 -672 -681 -681 -663 -690 -672 -672 -690 -690 -690 -672 -708 -708 -681 -681 -681 -708 -690 -690 -672 -681 -690 -690 -690 -690 -690 -681 -681 -690 -699 -681 -672 -672 -672 -699 -681 -681 -690 -690 -672 -690 -699 -699 -690 -690 -690 -690 -690 -717 -717 -708 -708 -690 -672 -717 -699 -690 -708 -717 -717 -690 -699 -708 -690 -708 -690 -681 -699 -708 -699 -672 -690 -690 -690 -690 -681 -699 -699 -717 -699 -690 -690 -690 -699 -699 -699 -699 -690 -707 -699 -699 -708 -708 -690 -708 -708 -716 -717 -707 -734 -699 -690 -699 -699 -690 -699 -708 -699 -690 -708 -708 -690 -699 -708 -699 -717 -725 -717 -708 -708 -699 -708 -716 -708 -708 -725 -717 -716 -725 -708 -725 -717 -717 -699 -716 -690 -725 -690 -708 -717 -717 -708 -717 -716 -708 -699 -725 -699 -717 -717 -725 -717 -717 -708 -708 -699 -725 -716 -717 -717 -725 -725 -707 -717 -743 -734 -725 -717 -716 -717 -716 -734 -707 -716 -717 -734 -708 -708 -708 -725 -734 -725 -717 -717 -717 -708 -725 -734 -734 -752 -725 -716 -717 -725 -734 -725 -725 -734 -717 -725 -717 -717 -734 -725 -708 -717 -743 -734 -717 -725 -725 -725 -734 -734 -725 -725 -734 -725 -734 -734 -743 -743 -734 -743 -734 -743 -734 -725 -716 -752 -743 -743 -725 -743 -743 -725 -725 -752 -743 -734 -725 -743 -752 -725 -743 -743 -761 -734 -761 -734 -734 -734 -734 -743 -725 -725 -734 -717 -734 -725 -725 -717 -725 -708 -717 -716 -708 -708 -716 -708 -717 -716 -699 -699 -699 -690 -690 -681 -681 -699 -690 -690 -699 -717 -690 -681 -690 -707 -690 -690 -690 -708 -681 -690 -708 -699 -708 -708 -690 -699 -699 -708 -708 -716 -717 -708 -708 -717 -708 -717 -708 -717 -708 -725 -690 -752 -717 -708 -708 -690 -708 -708 -708 -699 -707 -717 -708 -717 -699 -716 -708 -708 -734 -708 -717 -734 -743 -752 -743 -743 -734 -743 -752 -770 -770 -770 -770 -788 -752 -770 -779 -779 -770 -770 -770 -779 -761 -770 -779 -779 -761 -761 -788 -788 -779 -788 -779 -797 -779 -806 -788 -761 -788 -779 -779 -787 -797 -779 -779 -779 -788 -788 -787 -797 -779 -788 -779 -797 -797 -797 -806 -797 -806 -797 -806 -805 -832 -814 -805 -823 -806 -814 -823 -814 -832 -832 -823 -841 -832 -823 -841 -841 -832 -832 -850 -823 -858 -841 -867 -858 -850 -850 -858 -867 -850 -850 -858 -850 -867 -867 -850 -850 -867 -867 -876 -850 -858 -858 -850 -850 -850 -850 -841 -841 -858 -858 -841 -876 -858 -850 -867 -850 -850
-725 -725 -725 -725 -717 -716 -716 -707 -725 -717 -708 -708 -725 -716 -717 -725 -725 -716 -690 -699 -681 -717 -717 -690 -717 -708 -708 -708 -717 -698 -699 -690 -708 -699 -690 -690 -672 -672 -690 -681 -672 -699 -672 -681 -672 -681 -672 -672 -681 -690 -672 -672 -672 -681 -672 -681 -690 -681 -690 -690 -681 -699 -690 -699 -708 -681 -699 -699 -690 -690 -681 -699 -708 -708 -681 -690 -690 -681 -681 -690 -681 -690 -672 -681 -699 -672 -681 -690 -672 -681 -681 -681 -681 -690 -690 -699 -672 -690 -717 -717 -699 -699 -708 -699 -690 -699 -699 -699 -699 -681 -690 -708 -690 -681 -708 -672 -699 -681 -690 -681 -690 -699 -681 -708 -690 -699 -708 -699 -690 -699 -717 -699 -699 -690 -725 -699 -708 -699 -699 -690 -707 -690 -708 -690 -690 -699 -716 -708 -708 -699 -707 -690 -699 -690 -708 -708 -690 -690 -708 -681 -690 -717 -690 -690 -699 -708 -707 -708 -717 -717 -717 -717 -708 -708 -716 -717 -717 -717 -708 -717 -717 -681 -716 -717 -708 -725 -708 -725 -708 -699 -708 -708 -708 -708 -708 -708 -717 -708 -708 -717 -708 -716 -717 -717 -708 -698 -725 -717 -717 -708 -717 -717 -725 -725 -725 -725 -734 -717 -708 -717 -699 -699 -708 -725 -708 -717 -716 -708 -717 -725 -716 -725 -725 -734 -699 -725 -725 -708 -725 -743 -717 -716 -717 -725 -725 -734 -743 -717 -725 -716 -708 -734 -716 -717 -725 -716 -743 -734 -725 -734 -734 -734 -725 -743 -717 -734 -734 -734 -734 -734 -717 -725 -725 -734 -734 -743 -734 -734 -734 -717 -734 -725 -734 -725 -725 -743 -734 -725 -734 -743 -752 -717 -761 -743 -743 -743 -743 -743 -743 -725 -734 -761 -725 -743 -743 -725 -743 -743 -725 -734 -708 -717 -716 -717 -699 -725 -708 -708 -699 -699 -681 -708 -681 -708 -717 -708 -699 -708 -699 -699 -681 -699 -681 -690 -699 -708 -708 -672 -699 -716 -699 -699 -681 -717 -708 -699 -716 -699 -699 -708 -708 -716 -699 -725 -717 -708 -734 -734 -725 -716 -717 -716 -708 -717 -717 -717 -717 -725 -717 -708 -681 -708 -708 -699 -708 -708 -708 -708 -699 -717 -708 -725 -725 -725 -717 -734 -734 -743 -734 -752 -752 -761 -752 -743 -761 -761 -761 -761 -779 -770 -761 -752 -779 -761 -761 -779 -770 -770 -779 -761 -770 -770 -761 -779 -779 -770 -770 -770 -761 -770 -752 -779 -770 -761 -770 -779 -770 -779 -779 -770 -779 -770 -797 -779 -779 -787 -787 -788 -797 -779 -805 -806 -788 -788 -797 -805 -805 -814 -797 -832 -832 -805 -823 -814 -814 -814 -823 -832 -841 -823 -832 -814 -814 -823 -832 -841 -841 -858 -841 -841 -832 -841 -850 -850 -850 -867 -850 -858 -867 -858 -867 -850 -867 -841 -876 -858 -867 -858 -858 -858 -858 -867 -850 -850 -858 -850 -867 -867 -876 -850 -841 -858 -858 -858 -867 -850 -850 -885 -850 -867 -867 -841
-690 -690 -717 -716 -725 -725 -717 -725 -708 -681 -707 -708 -717 -708 -717 -708 -716 -717 -708 -708 -708 -699 -699 -690 -707 -699 -681 -672 -681 -699 -690 -699 -708 -690 -690 -672 -672 -672 -654 -663 -681 -654 -672 -672 -690 -663 -690 -672 -681 -708 -681 -663 -672 -681 -699 -708 -699 -690 -690 -690 -681 -690 -681 -690 -690 -699 -672 -690 -699 -672 -681 -690 -690 -672 -681 -663 -672 -672 -681 -699 -672 -681 -690 -672 -690 -681 -690 -699 -690 -707 -690 -699 -707 -690 -699 -690 -699 -681 -699 -699 -690 -717 -699 -699 -716 -672 -690 -708 -708 -681 -681 -699 -690 -690 -681 -681 -690 -681 -699 -681 -681 -681 -707 -690 -699 -690 -708 -699 -690 -699 -717 -699 -708 -717 -717 -699 -725 -708 -690 -690 -708 -698 -672 -681 -708 -708 -681 -690 -699 -690 -717 -717 -681 -708 -708 -699 -681 -699 -708 -708 -707 -708 -717 -717 -708 -707 -708 -699 -717 -708 -717 -708 -716 -699 -717 -725 -717 -725 -716 -708 -708 -708 -717 -708 -707 -708 -725 -699 -708 -717 -699 -708 -699 -699 -708 -707 -716 -717 -717 -708 -699 -717 -734 -743 -734 -708 -743 -717 -708 -708 -708 -716 -699 -725 -717 -743 -708 -716 -725 -725 -708 -708 -708 -717 -752 -699 -708 -725 -725 -734 -734 -725 -716 -725 -716 -725 -725 -725 -725 -734 -725 -725 -717 -734 -716 -725 -699 -717 -734 -716 -707 -716 -752 -734 -725 -734 -717 -725 -725 -725 -734 -743 -734 -725 -725 -752 -717 -725 -725 -717 -734 -734 -734 -743 -743 -743 -734 -725 -743 -717 -725 -725 -752 -734 -725 -734 -725 -743 -743 -734 -734 -743 -743 -725 -734 -725 -734 -743 -743 -717 -708 -716 -708 -734 -716 -717 -725 -716 -699 -699 -699 -690 -681 -699 -690 -707 -708 -717 -690 -717 -708 -717 -708 -690 -708 -690 -716 -699 -699 -690 -681 -707 -681 -717 -699 -681 -681 -699 -690 -699 -699 -708 -689 -717 -708 -699 -690 -699 -717 -717 -716 -699 -725 -725 -708 -734 -725 -708 -725 -699 -699 -690 -699 -699 -699 -699 -708 -690 -699 -690 -708 -717 -716 -716 -725 -716 -725 -734 -717 -734 -743 -743 -734 -752 -752 -743 -752 -770 -761 -761 -788 -770 -770 -779 -770 -779 -770 -779 -761 -761 -779 -761 -770 -770 -761 -779 -770 -761 -779 -770 -761 -770 -770 -770 -770 -779 -770 -788 -761 -797 -779 -797 -770 -770 -779 -788 -788 -788 -770 -779 -796 -797 -806 -814 -797 -806 -823 -797 -806 -806 -814 -805 -823 -832 -814 -814 -841 -823 -832 -806 -823 -823 -814 -832 -832 -832 -850 -841 -841 -850 -823 -850 -841 -850 -876 -867 -841 -867 -858 -850 -850 -867 -876 -850 -867 -858 -850 -850 -867 -858 -850 -850 -850 -850 -867 -850 -858 -850 -858 -858 -858 -858 -867 -867 -858 -858 -850 -850 -841 -858 -858 -867 -850 -858 -850 -867 -850 -867 -858 -885 -858 -850
-708 -708 -690 -716 -699 -699 -717 -725 -708 -708 -708 -681 -708 -708 -708 -699 -690 -699 -699 -690 -690 -690 -681 -690 -681 -663 -681 -672 -672 -663 -672 -681 -672 -681 -672 -672 -681 -672 -699 -690 -672 -681 -681 -672 -699 -699 -717 -699 -708 -690 -690 -690 -681 -681 -699 -690 -672 -681 -690 -672 -681 -681 -699 -699 -707 -681 -690 -681 -672 -690 -663 -672 -672 -690 -681 -690 -699 -690 -681 -690 -672 -690 -699 -690 -699 -681 -717 -708 -699 -681 -699 -681 -717 -699 -698 -681 -690 -681 -690 -708 -681 -672 -690 -681 -690 -699 -690 -681 -699 -681 -690 -690 -690 -690 -690 -699 -699 -690 -699 -708 -681 -699 -708 -717 -699 -717 -699 -699 -681 -681 -690 -699 -699 -699 -716 -708 -681 -672 -690 -681 -699 -690 -690 -699 -672 -690 -699 -699 -699 -716 -708 -690 -708 -717 -708 -708 -699 -681 -717 -708 -734 -717 -717 -717 -699 -734 -690 -708 -708 -716 -725 -708 -708 -708 -690 -716 -708 -717 -699 -716 -707 -716 -708 -708 -699 -725 -725 -708 -699 -717 -717 -716 -725 -717 -743 -708 -717 -725 -716 -716 -708 -734 -708 -717 -699 -707 -690 -708 -717 -716 -716 -717 -716 -717 -717 -725 -708 -725 -725 -734 -717 -717 -725 -725 -725 -717 -708 -725 -708 -734 -725 -725 -708 -734 -716 -725 -725 -743 -725 -725 -708 -716 -734 -743 -725 -708 -725 -725 -734 -725 -734 -752 -743 -725 -725 -734 -734 -752 -725 -725 -734 -752 -717 -743 -734 -734 -734 -725 -743 -752 -717 -725 -725 -743 -752 -725 -743 -743 -743 -743 -716 -734 -752 -734 -743 -725 -734 -752 -734 -761 -734 -743 -725 -708 -717 -717 -717 -717 -699 -690 -708 -708 -699 -717 -707 -708 -699 -699 -690 -708 -690 -717 -699 -699 -690 -708 -690 -690 -690 -699 -690 -690 -708 -690 -708 -708 -708 -716 -717 -699 -707 -716 -717 -725 -707 -699 -717 -708 -725 -717 -716 -716 -717 -717 -716 -717 -725 -717 -707 -708 -708 -717 -699 -699 -725 -681 -699 -690 -699 -708 -717 -717 -699 -708 -717 -708 -717 -725 -716 -734 -734 -734 -752 -761 -725 -752 -743 -752 -761 -761 -743 -770 -752 -752 -770 -761 -770 -788 -761 -770 -761 -770 -761 -770 -761 -779 -779 -779 -779 -761 -779 -779 -779 -788 -761 -770 -761 -779 -770 -779 -779 -761 -779 -797 -770 -779 -779 -779 -779 -788 -770 -788 -770 -806 -797 -788 -814 -806 -805 -805 -805 -814 -806 -823 -806 -832 -814 -832 -814 -814 -814 -841 -850 -832 -832 -841 -841 -832 -850 -841 -832 -841 -867 -832 -832 -850 -841 -832 -850 -832 -858 -858 -850 -850 -850 -858 -850 -850 -885 -858 -850 -850 -858 -832 -858 -850 -858 -850 -841 -858 -858 -858 -867 -858 -850 -850 -850 -867 -841 -867 -876 -867 -858 -867 -867 -858 -858 -867 -867 -858 -858 -858 -867 -858 -876 -858 -876 -858 -858 -867 -867 -876
-708 -699 -708 -717 -717 -708 -708 -690 -708 -690 -672 -690 -681 -672 -681 -663 -681 -672 -681 -663 -672 -672 -672 -654 -663 -663 -663 -672 -663 -681 -663 -699 -672 -672 -690 -690 -699 -672 -690 -690 -681 -690 -690 -689 -690 -690 -690 -681 -699 -672 -699 -663 -699 -672 -672 -699 -681 -690 -672 -681 -681 -672 -672 -672 -672 -681 -690 -672 -672 -690 -699 -690 -681 -690 -681 -690 -699 -690 -690 -708 -699 -708 -708 -708 -699 -708 -699 -681 -681 -690 -672 -681 -690 -672 -699 -690 -681 -699 -690 -699 -699 -672 -699 -707 -699 -681 -681 -699 -717 -699 -690 -708 -699 -690 -699 -699 -690 -708 -716 -708 -699 -699 -681 -699 -663 -672 -708 -672 -708 -699 -708 -716 -708 -699 -681 -690 -708 -690 -672 -690 -708 -708 -716 -699 -690 -708 -716 -725 -699 -708 -708 -725 -690 -725 -699 -699 -690 -717 -699 -717 -708 -699 -699 -708 -708 -717 -698 -717 -708 -708 -699 -717 -708 -708 -717 -708 -708 -725 -707 -717 -708 -725 -717 -708 -708 -717 -717 -708 -717 -708 -690 -699 -717 -725 -699 -708 -725 -699 -708 -717 -708 -717 -725 -725 -734 -717 -725 -716 -716 -708 -717 -725 -716 -725 -725 -734 -708 -716 -734 -717 -717 -725 -708 -734 -716 -699 -725 -734 -716 -725 -717 -743 -717 -725 -725 -725 -708 -725 -725 -725 -725 -743 -743 -734 -752 -743 -717 -734 -725 -725 -734 -717 -717 -716 -725 -734 -743 -743 -734 -734 -716 -734 -725 -717 -734 -743 -743 -734 -725 -734 -725 -752 -743 -734 -743 -725 -743 -725 -725 -761 -752 -752 -725 -725 -734 -717 -734 -699 -708 -708 -708 -716 -690 -708 -681 -708 -708 -699 -681 -708 -708 -690 -716 -699 -690 -699 -708 -681 -708 -699 -681 -699 -708 -681 -690 -690 -717 -699 -699 -699 -690 -690 -734 -717 -708 -699 -717 -699 -708 -699 -717 -717 -708 -716 -725 -708 -708 -717 -725 -708 -690 -725 -699 -699 -717 -708 -708 -708 -717 -708 -708 -672 -699 -717 -681 -708 -725 -734 -708 -717 -717 -743 -725 -734 -743 -725 -743 -743 -752 -761 -761 -752 -779 -761 -770 -770 -761 -770 -770 -761 -761 -752 -770 -761 -761 -761 -779 -761 -779 -788 -779 -770 -770 -752 -752 -761 -752 -761 -770 -779 -770 -788 -770 -770 -779 -779 -770 -761 -788 -797 -770 -779 -797 -770 -805 -779 -806 -814 -788 -797 -806 -805 -814 -797 -797 -788 -805 -823 -823 -805 -823 -841 -850 -832 -832 -832 -850 -823 -832 -841 -850 -841 -841 -841 -841 -850 -858 -850 -850 -841 -858 -841 -841 -841 -858 -850 -850 -850 -850 -885 -858 -858 -858 -850 -841 -850 -841 -841 -850 -858 -858 -876 -850 -850 -885 -876 -858 -841 -858 -850 -876 -867 -858 -858 -867 -867 -850 -867 -867 -850 -858 -832 -850 -876 -867 -850 -850 -867 -858 -858 -867 -867 -841 -867 -867 -876 -850 -876 -885 -858 -867 -858
-681 -681 -690 -699 -699 -672 -681 -681 -672 -672 -681 -681 -690 -672 -672 -663 -681 -672 -672 -690 -672 -681 -690 -672 -681 -690 -681 -663 -690 -690 -708 -690 -708 -681 -699 -699 -681 -699 -681 -681 -699 -672 -681 -681 -690 -699 -663 -690 -681 -681 -681 -681 -681 -681 -699 -690 -663 -672 -681 -681 -681 -681 -690 -690 -690 -708 -699 -690 -699 -690 -690 -708 -699 -699 -690 -708 -690 -699 -672 -707 -690 -681 -672 -672 -672 -699 -663 -672 -681 -681 -690 -699 -699 -681 -699 -708 -690 -681 -690 -717 -699 -699 -699 -717 -699 -708 -708 -699 -690 -717 -716 -699 -690 -681 -681 -708 -708 -672 -681 -699 -690 -690 -690 -699 -699 -708 -699 -690 -717 -716 -708 -690 -707 -716 -717 -717 -690 -699 -708 -708 -725 -708 -708 -708 -699 -690 -717 -708 -734 -690 -717 -716 -708 -708 -717 -708 -717 -708 -681 -708 -708 -708 -681 -699 -708 -699 -708 -725 -699 -717 -699 -708 -717 -725 -725 -725 -690 -708 -708 -725 -725 -734 -725 -717 -708 -716 -716 -717 -734 -716 -725 -716 -725 -717 -725 -699 -707 -725 -725 -734 -725 -725 -725 -707 -717 -716 -734 -717 -734 -717 -725 -708 -725 -699 -716 -725 -708 -717 -734 -725 -725 -743 -717 -734 -716 -707 -734 -717 -725 -717 -734 -743 -708 -717 -725 -725 -734 -717 -717 -734 -734 -717 -725 -734 -708 -725 -708 -717 -734 -743 -743 -725 -725 -752 -752 -743 -761 -734 -752 -734 -725 -725 -725 -725 -716 -734 -743 -743 -743 -752 -725 -734 -725 -734 -743 -725 -708 -708 -708 -699 -725 -717 -725 -708 -681 -699 -672 -708 -707 -690 -708 -699 -690 -708 -690 -690 -681 -681 -699 -708 -690 -690 -708 -690 -690 -708 -699 -681 -690 -690 -690 -699 -708 -690 -717 -681 -699 -734 -708 -725 -717 -725 -716 -699 -708 -717 -725 -708 -717 -717 -725 -690 -717 -707 -708 -699 -708 -717 -708 -708 -681 -672 -699 -699 -708 -708 -708 -681 -699 -708 -734 -725 -725 -743 -743 -743 -734 -743 -734 -743 -752 -761 -770 -752 -770 -779 -779 -788 -779 -761 -779 -797 -779 -779 -752 -779 -779 -770 -770 -770 -761 -788 -752 -770 -770 -779 -770 -770 -779 -779 -770 -779 -788 -770 -770 -761 -788 -770 -779 -770 -788 -770 -779 -779 -779 -788 -797 -797 -814 -788 -814 -796 -797 -806 -796 -814 -806 -806 -823 -805 -823 -832 -814 -832 -832 -841 -841 -841 -841 -832 -841 -841 -841 -841 -841 -841 -850 -832 -850 -850 -823 -858 -858 -832 -867 -823 -867 -867 -858 -841 -858 -850 -858 -850 -841 -858 -850 -867 -850 -867 -858 -858 -867 -841 -850 -867 -867 -841 -858 -858 -876 -850 -858 -858 -858 -858 -858 -858 -858 -858 -867 -841 -867 -858 -850 -858 -850 -876 -858 -850 -850 -850 -850 -867 -867 -858 -867 -858 -885 -876 -894 -867 -850 -867 -876 -858 -858 -867 -858 -885 -867 -885
-663 -672 -672 -681 -681 -654 -663 -672 -681 -672 -672 -663 -681 -681 -681 -654 -681 -663 -672 -699 -672 -663 -672 -699 -690 -708 -690 -672 -672 -681 -681 -681 -690 -699 -672 -672 -681 -681 -690 -672 -690 -690 -681 -681 -690 -672 -672 -663 -699 -672 -654 -672 -690 -672 -690 -690 -699 -681 -699 -690 -699 -699 -690 -690 -707 -717 -690 -690 -690 -672 -690 -681 -663 -690 -681 -708 -681 -681 -681 -672 -699 -681 -681 -690 -690 -690 -681 -708 -672 -690 -672 -699 -681 -681 -672 -708 -725 -681 -699 -708 -690 -708 -699 -707 -672 -681 -690 -707 -699 -699 -690 -681 -690 -699 -690 -681 -699 -708 -690 -699 -708 -690 -699 -681 -708 -690 -699 -708 -699 -708 -708 -725 -717 -717 -699 -717 -708 -708 -708 -690 -717 -707 -708 -708 -708 -717 -699 -708 -690 -708 -699 -699 -681 -699 -708 -690 -708 -699 -716 -725 -717 -708 -717 -717 -725 -716 -699 -717 -699 -717 -717 -725 -717 -708 -725 -716 -708 -725 -708 -717 -725 -708 -717 -716 -707 -708 -707 -725 -708 -717 -708 -708 -716 -708 -708 -708 -734 -716 -708 -716 -743 -716 -708 -725 -725 -717 -717 -725 -725 -734 -717 -717 -708 -717 -716 -734 -708 -725 -725 -698 -734 -717 -725 -725 -717 -734 -725 -725 -717 -717 -725 -725 -725 -725 -725 -725 -734 -752 -725 -717 -734 -725 -725 -725 -743 -734 -725 -725 -752 -725 -743 -725 -761 -734 -725 -734 -734 -734 -734 -725 -725 -717 -734 -725 -734 -734 -716 -717 -716 -708 -708 -716 -717 -708 -681 -690 -708 -708 -681 -681 -699 -699 -690 -699 -699 -725 -699 -690 -681 -698 -690 -690 -717 -690 -672 -690 -699 -699 -699 -699 -699 -699 -708 -717 -699 -717 -708 -689 -716 -717 -717 -717 -699 -708 -725 -699 -699 -717 -717 -707 -717 -717 -725 -716 -708 -699 -699 -707 -708 -708 -716 -699 -708 -690 -699 -708 -707 -707 -699 -717 -716 -717 -725 -725 -717 -734 -725 -752 -734 -752 -761 -734 -752 -752 -761 -752 -770 -761 -779 -779 -761 -770 -779 -770 -770 -761 -761 -752 -770 -788 -788 -779 -761 -761 -779 -752 -761 -788 -770 -761 -770 -770 -761 -770 -761 -761 -779 -779 -788 -779 -761 -788 -788 -770 -770 -770 -805 -788 -788 -779 -797 -797 -797 -806 -797 -797 -796 -797 -823 -797 -832 -841 -806 -823 -823 -823 -814 -814 -832 -832 -823 -814 -841 -814 -832 -850 -832 -858 -841 -832 -841 -850 -850 -841 -850 -858 -841 -858 -858 -867 -850 -885 -858 -858 -858 -858 -850 -867 -841 -850 -867 -841 -850 -841 -850 -850 -867 -876 -858 -850 -867 -850 -867 -841 -858 -850 -850 -867 -867 -867 -867 -832 -841 -858 -885 -858 -858 -841 -858 -876 -850 -858 -867 -876 -858 -867 -858 -850 -867 -867 -876 -876 -876 -876 -867 -858 -867 -867 -858 -876 -867 -858 -850 -850 -876 -903 -885 -885 -894 -876 -876 -885
-708 -681 -681 -690 -681 -699 -690 -690 -672 -681 -690 -672 -690 -681 -690 -690 -699 -681 -690 -672 -681 -690 -699 -699 -708 -699 -681 -699 -690 -681 -690 -699 -690 -672 -690 -690 -681 -699 -690 -681 -681 -681 -699 -672 -654 -681 -681 -681 -690 -699 -690 -690 -690 -708 -690 -699 -690 -708 -699 -716 -708 -699 -690 -681 -681 -699 -699 -690 -699 -681 -681 -699 -690 -681 -708 -699 -690 -672 -708 -690 -699 -699 -690 -690 -708 -708 -698 -707 -690 -699 -690 -717 -717 -725 -708 -699 -725 -699 -699 -708 -708 -690 -708 -690 -708 -699 -717 -717 -708 -699 -708 -699 -690 -690 -717 -699 -708 -699 -690 -716 -725 -717 -699 -725 -699 -681 -699 -708 -717 -708 -699 -717 -717 -716 -717 -717 -717 -716 -717 -717 -708 -708 -725 -716 -734 -708 -717 -708 -725 -717 -717 -707 -708 -725 -717 -708 -717 -734 -717 -717 -734 -725 -717 -734 -708 -725 -734 -734 -717 -725 -717 -725 -699 -707 -717 -708 -708 -717 -725 -725 -716 -725 -717 -725 -717 -725 -725 -725 -725 -734 -725 -734 -716 -734 -725 -717 -708 -699 -725 -734 -725 -717 -725 -725 -734 -725 -725 -734 -734 -734 -717 -752 -734 -743 -725 -717 -725 -743 -734 -743 -743 -725 -725 -717 -717 -725 -725 -725 -708 -698 -716 -699 -690 -690 -681 -708 -699 -708 -699 -708 -681 -690 -690 -690 -690 -699 -690 -681 -681 -690 -690 -672 -690 -681 -672 -681 -690 -690 -681 -699 -681 -690 -681 -699 -699 -699 -681 -725 -708 -699 -716 -708 -690 -690 -725 -717 -699 -717 -708 -708 -699 -690 -716 -708 -708 -690 -708 -672 -690 -708 -708 -690 -717 -690 -699 -708 -708 -690 -725 -708 -725 360 -672 -663 -654 -690 -672 -708 -672 -690 -690 -672 -699 -699 -690 -699 -690 -708 -672 -699 -690 -681 -672 -672 -681 -699 -681 -699 -672 -681 -681 -690 -681 -672 -681 -672 -663 -699 -690 -672 -672 -690 -708 -672 -681 -708 -672 -672 -708 -708 -681 -690 -699 -699 -708 -681 -690 -699 -690 -690 -681 -699 -708 -717 -690 -672 -690 -681 -699 -699 -690 -681 -690 -681 -681 -699 -690 -717 -690 -681 -707 -690 -690 -690 -690 -708 -681 -707 -699 -699 -708 -717 -708 -717 -708 -699 -690 -672 -699 -690 -699 -699 -708 -708 -699 -699 -681 -717 -681 -717 -699 -708 -708 -716 -699 -716 -690 -699 -708 -708 -708 -717 -717 -717 -734 -699 -717 -708 -716 -716 -708 -708 -716 -725 -708 -716 -717 -717 -734 -708 -699 -717 -699 -717 -717 -734 -717 -717 -716 -708 -690 -725 -725 -699 -708 -708 -725 -717 -734 -734 -717 -717 -725 -708 -725 -716 -708 -708 -725 -717 -717 -717 -725 -717 -734 -717 -717 -725 -734 -708 -743 -717 -708 -708 -734 -725 -743 -725 -734 -716 -734 -725 -725 -725 -716 -717 -725 -717 -717 -699 -708 -743 -734 -743 -717 -734 -717 -734 -743 -725 -743 -734
-690 -690 -699 -690 -699 -690 -690 -708 -699 -690 -690 -690 -699 -699 -708 -699 -690 -699 -690 -717 -681 -690 -699 -699 -699 -725 -699 -717 -734 -707 -717 -699 -716 -699 -699 -708 -699 -707 -699 -708 -699 -708 -698 -708 -708 -690 -708 -699 -699 -708 -707 -725 -717 -725 -717 -717 -690 -708 -708 -717 -716 -717 -717 -708 -708 -725 -743 -717 -734 -725 -716 -717 -708 -734 -716 -708 -717 -708 -717 -708 -708 -717 -717 -717 -725 -725 -708 -717 -725 -708 -734 -717 -725 -725 -725 -725 -699 -725 -708 -734 -725 -716 -725 -725 -725 -717 -717 -725 -717 -717 -708 -725 -716 -725 -716 -743 -725 -708 -725 -725 -725 -725 -725 -725 -734 -717 -725 -717 -717 -708 -699 -699 -708 -708 -690 -699 -690 -690 -681 -690 -708 -699 -690 -681 -699 -681 -681 -690 -690 -672 -672 -699 -690 -681 -699 -681 -681 -681 -690 -690 -681 -690 -672 -699 -690 -699 -690 -672 -699 -699 -717 -699 -699 -699 -716 -681 -707 -708 -699 -708 -708 -708 -690 -707 -699 -708 -681 -699 -699 -699 -690 -699 -690 -690 -690 -681 -717 -690 -699 -699 -699 -708 -708 -725 -717 -717 -734 -725 -734 -725 -743 -725 -761 -761 -743 -743 -761 -752 -761 -752 -770 -761 -770 -761 -761 -752 -752 -770 -752 -770 -770 -761 -770 -761 -761 -761 -770 -761 -752 -752 -761 -761 -752 -770 -761 -779 -770 -752 -761 -779 -770 -761 -779 -788 -788 -761 -752 -779 -779 -761 -805 -770 -805 -779 -797 -805 -788 -797 -797 -797 -814 -806 -797 -805 -814 -806 -806 -841 -805 -814 -823 -841 -832 -832 -841 -832 -823 -832 -850 -823 -850 -841 -832 -841 -850 -850 -858 -841 -850 -850 372 -699 -690 -717 -681 -690 -681 -690 -690 -716 -699 -690 -699 -672 -681 -699 -699 -690 -725 -690 -708 -699 -698 -717 -699 -699 -699 -717 -690 -717 -716 -699 -699 -708 -716 -708 -699 -699 -717 -690 -708 -708 -708 -708 -707 -681 -708 -699 -717 -725 -690 -708 -708 -708 -717 -707 -699 -716 -708 -708 -708 -717 -734 -708 -708 -725 -734 -725 -717 -699 -716 -708 -725 -716 -717 -716 -725 -716 -743 -708 -734 -699 -708 -725 -716 -743 -725 -725 -708 -743 -717 -717 -716 -707 -734 -708 -725 -717 -717 -734 -725 -717 -717 -725 -725 -725 -743 -734 -717 -708 -725 -734 -734 -708 -717 -734 -725 -717 -708 -725 -717 -734 -699 -708 -708 -690 -708 -681 -708 -690 -690 -672 -690 -698 -699 -699 -663 -707 -681 -690 -672 -708 -690 -681 -672 -672 -681 -672 -672 -708 -681 -681 -690 -663 -681 -690 -699 -699 -699 -699 -681 -699 -699 -707 -699 -716 -681 -708 -708 -717 -699 -707 -690 -699 -699 -717 -690 -699 -708 -681 -690 -690 -708 -699 -690 -690 -699 -699 -690 -699 -672 -698 -681 -717 -699 -716 -717 -717 -717 -716 -717 -717 -734 -850 -841 -832 -841 -841 -850 -841 -850 -841
-699 -716 -708 -681 -699 -681 -690 -707 -708 -717 -717 -708 -699 -708 -699 -717 -699 -699 -690 -725 -716 -717 -717 -708 -725 -717 -699 -699 -717 -717 -699 -717 -725 -725 -699 -716 -708 -708 -725 -699 -717 -699 -716 -708 -708 -717 -717 -717 -717 -708 -716 -699 -725 -707 -708 -725 -725 -725 -717 -717 -717 -708 -717 -725 -725 -717 -717 -734 -734 -716 -725 -725 -716 -743 -725 -716 -708 -734 -708 -716 -716 -725 -717 -734 -717 -717 -743 -708 -717 -708 -734 -699 -725 -717 -725 -707 -699 -681 -690 -690 -699 -699 -690 -681 -681 -681 -681 -672 -699 -690 -699 -681 -681 -672 -690 -681 -681 -681 -681 -681 -681 -681 -690 -690 -672 -672 -690 -699 -681 -690 -672 -699 -690 -717 -690 -699 -717 -690 -699 -708 -717 -672 -699 -699 -681 -717 -708 -708 -699 -717 -699 -708 -708 -690 -716 -672 -672 -681 -699 -699 -672 -699 -690 -708 -699 -716 -708 -708 -699 -708 -716 -716 -725 -725 -717 -725 -725 -752 -725 -734 -752 -734 -743 -752 -752 -761 -770 -734 -743 -743 -761 -761 -770 -752 -770 -752 -761 -761 -761 -761 -761 -761 -761 -761 -770 -752 -770 -761 -770 -752 -761 -761 -761 -761 -752 -770 -752 -761 -770 -787 -752 -770 -761 -779 -788 -788 -779 -761 -770 -797 -788 -797 -797 -787 -788 -797 -797 -788 -806 -806 -823 -797 -814 -814 -814 -823 -788 -823 -806 -823 -841 -823 -832 -850 -841 -832 -841 -832 -841 -841 -823 -841 -850 -841 -841 -823 -832 -850 -832 -841 -867 -841 -850 -823 -841 -832 -841 -850 -841 -832 -850 -841 -832 -832 -858 -841 -876 -841 -841 -832 -850 -841 -832 -867 -850 -841 -841 -832 -841 -841 -850 -867 -858 -850 -841 -850 -841 -850 -850 -858 -858 -832 -850 -841 -858 -832 -867 -832 -867 -858 -841 -858 -858 -850 -850 -850 -850 -850 -850 -858 -867 -867 -850 -867 -867 -858 -850 -867 -858 -858 -850 -858 -858 -850 -858 -867 -867 -841 -858 -867 -841 -876 -858 -858 -850 -858 -858 -858 -858 -858 -867 -850 -850 -858 -858 -850 -850 -867 -876 -850 -858 -841 -867 -858 -867 -850 -876 -867 -867 -867 -841 -867 -885 -867 -850 -867 -867 -885 -858 -850 -867 -867 -858 -858 -876 -876 -894 -858 -885 -867 -850 -867 -858 -867 376 -725 -699 -717 -708 -716 -717 -690 -699 -708 -717 -699 -708 -717 -699 -725 -708 -717 -708 -708 -699 -699 -717 -708 -708 -717 -717 -717 -708 -708 -690 -725 -708 -708 -698 -708 -717 -699 -717 -725 -708 -708 -708 -708 -717 -717 -699 -716 -725 -699 -716 -725 -708 -716 -708 -734 -725 -707 -717 -717 -717 -716 -716 -734 -717 -717 -717 -734 -725 -708 -717 -717 -708 -717 -717 -717 -734 -708 -708 -734 -708 -699 -725 -725 -725 -708 -734 -725 -699 -699 -681 -690 -681 -699 -699 -699 -690 -681 -672 -681 -690 -681 -681 -690 -690 -699 -690 -672
-672 -681 -672 -681 -672 -663 -672 -672 -672 -654 -690 -663 -663 -681 -672 -672 -663 -681 -672 -690 -672 -690 -699 -672 -681 -699 -681 -708 -690 -690 -708 -708 -699 -708 -708 -699 -717 -699 -690 -708 -699 -699 -699 -690 -672 -672 -672 -690 -681 -690 -672 -690 -690 -672 -699 -690 -699 -699 -699 -690 -690 -708 -708 -708 -716 -717 -725 -716 -752 -717 -717 -743 -734 -743 -743 -752 -743 -743 -752 -761 -752 -734 -743 -770 -752 -761 -725 -734 -743 -743 -752 -734 -761 -761 -752 -752 -752 -743 -752 -752 -779 -752 -761 -761 -761 -752 -761 -770 -761 -752 -752 -770 -770 -779 -761 -770 -770 -770 -788 -770 -779 -788 -770 -779 -797 -788 -797 -806 -814 -814 -797 -797 -797 -796 -832 -814 -823 -805 -805 -823 -814 -841 -823 -814 -814 -814 -823 -814 -832 -832 -823 -823 -823 -850 -832 -832 -832 -841 -841 -823 -841 -823 -814 -841 -832 -841 -841 -823 -841 -841 -814 -832 -814 -850 -841 -823 -832 -832 -841 -841 -841 -832 -832 -850 -832 -841 -823 -850 -832 -841 -832 -841 -841 -841 -832 -850 -841 -841 -832 -841 -841 -841 -841 -850 -858 -858 -841 -841 -841 -841 -832 -850 -858 -841 -850 -858 -850 -850 -841 -867 -850 -850 -858 -850 -858 -850 -858 -850 -850 -858 -867 -867 -867 -850 -850 -858 -858 -858 -858 -841 -858 -850 -858 -850 -850 -867 -858 -858 -858 -850 -858 -867 -867 -850 -850 -858 -867 -858 -841 -850 -832 -850 -858 -850 -858 -858 -850 -858 -850 -876 -858 -867 -867 -850 -858 -850 -850 -841 -850 -867 -876 -867 -858 -867 -858 -850 -858 -867 -858 -867 -867 -876 -850 -858 -867 -876 -876 -876 -867 -850 -841 389 -672 -681 -690 -681 -690 -672 -681 -681 -654 -681 -690 -672 -681 -663 -681 -681 -681 -663 -663 -699 -699 -699 -699 -690 -690 -690 -690 -681 -699 -690 -708 -699 -717 -681 -672 -690 -681 -690 -681 -699 -672 -681 -663 -681 -681 -672 -699 -672 -699 -699 -690 -708 -716 -717 -717 -725 -725 -708 -708 -725 -717 -717 -743 -734 -761 -734 -725 -752 -743 -752 -761 -752 -743 -761 -770 -761 -743 -761 -779 -752 -743 -761 -752 -752 -752 -752 -734 -752 -752 -779 -743 -743 -770 -761 -761 -761 -752 -752 -752 -761 -761 -761 -761 -761 -761 -770 -752 -770 -752 -761 -770 -761 -788 -770 -779 -770 -797 -788 -770 -806 -814 -788 -806 -797 -814 -814 -814 -797 -806 -806 -814 -823 -814 -814 -805 -832 -823 -832 -832 -814 -814 -823 -823 -832 -832 -841 -823 -850 -841 -841 -832 -841 -841 -832 -841 -841 -832 -841 -850 -841 -850 -823 -832 -841 -823 -832 -832 -832 -832 -823 -814 -841 -832 -858 -832 -832 -832 -850 -832 -850 -841 -841 -841 -858 -841 -850 -858 -832 -832 -850 -841 -823 -841 -841 -832 -841 -823 -841 -841 -841 -841 -858 -850 -850 -841 -850 -850 -850 -841 -841
-672 -690 -672 -681 -690 -690 -681 -690 -672 -681 -699 -690 -717 -717 -716 -725 -717 -716 -725 -734 -725 -734 -752 -752 -743 -752 -770 -743 -743 -752 -743 -743 -752 -752 -752 -752 -770 -770 -743 -752 -734 -752 -743 -752 -761 -752 -761 -752 -752 -752 -752 -752 -752 -752 -734 -752 -761 -761 -761 -743 -761 -743 -761 -752 -761 -761 -752 -752 -761 -770 -770 -779 -779 -761 -788 -779 -788 -805 -797 -797 -823 -797 -788 -806 -797 -814 -806 -814 -814 -823 -823 -823 -823 -814 -806 -814 -823 -823 -823 -832 -832 -832 -832 -841 -823 -841 -832 -832 -841 -832 -832 -841 -823 -841 -832 -858 -841 -832 -814 -814 -850 -841 -823 -823 -850 -841 -841 -823 -832 -850 -841 -832 -832 -850 -850 -823 -841 -832 -858 -841 -832 -832 -850 -841 -841 -841 -832 -841 -841 -850 -850 -850 -823 -823 -841 -832 -850 -841 -841 -841 -841 -850 -858 -850 -850 -867 -850 -841 -841 -841 -841 -841 -850 -867 -858 -850 -850 -867 -858 -858 -850 -850 -850 -850 -867 -850 -858 -841 -850 -841 -850 -850 -858 -858 -850 -850 -858 -850 -841 -832 -850 -867 -858 -850 -858 -850 -858 -841 -841 -850 -858 -850 -867 -867 -867 -867 -850 -867 -841 -858 -832 -850 -841 -858 -850 -841 -858 -850 -850 -858 -850 -858 -858 -841 -858 -850 -858 -858 -876 -867 -867 -867 -876 -850 -858 -867 -858 -858 -841 -841 -841 -858 -858 -850 -867 -858 -850 -832 -867 -858 -850 -850 -867 -841 -867 -850 -867 -858 -876 -858 -850 -867 -876 -867 -858 -858 -858 -867 -867 -867 -867 -867 -867 -885 -867 -858 -867 -876 -850 -858 -850 -867 -858 -867 -867 -850 -885 -858 -850 -867 395 -699 -690 -690 -681 -708 -699 -717 -717 -717 -717 -725 -717 -743 -725 -734 -734 -734 -752 -743 -734 -752 -752 -761 -752 -743 -752 -752 -752 -734 -752 -761 -743 -743 -743 -734 -752 -743 -761 -752 -761 -761 -743 -743 -743 -743 -770 -743 -743 -743 -743 -752 -761 -761 -752 -761 -770 -761 -761 -743 -779 -770 -770 -779 -779 -788 -797 -779 -788 -806 -797 -797 -806 -814 -814 -788 -797 -797 -806 -814 -797 -806 -814 -814 -832 -814 -823 -823 -823 -814 -841 -832 -841 -823 -832 -841 -841 -832 -841 -841 -832 -814 -841 -814 -841 -832 -832 -832 -832 -823 -841 -850 -823 -814 -858 -832 -832 -841 -806 -832 -832 -841 -832 -841 -832 -841 -832 -832 -841 -841 -832 -823 -841 -823 -858 -850 -841 -858 -832 -832 -841 -841 -832 -832 -858 -841 -832 -850 -858 -841 -858 -841 -850 -850 -841 -841 -841 -850 -841 -850 -867 -841 -841 -850 -850 -867 -858 -858 -858 -858 -858 -885 -850 -850 -850 -841 -841 -850 -850 -841 -841 -858 -850 -858 -850 -858 -841 -858 -850 -858 -841 -867 -850 -841 -850 -850 -841 -832 -858 -841 -858 -841 -832 -832 -867 -858 -858 -867 -858 -858 -858 -841
-779 -788 -788 -797 -796 -788 -806 -814 -806 -814 -797 -806 -797 -805 -814 -814 -823 -814 -806 -796 -805 -823 -841 -814 -823 -832 -841 -823 -823 -814 -832 -814 -841 -823 -823 -841 -814 -823 -823 -850 -823 -832 -823 -832 -832 -841 -832 -841 -841 -832 -832 -832 -841 -823 -823 -832 -823 -823 -841 -850 -841 -841 -850 -832 -832 -841 -841 -832 -832 -850 -850 -823 -823 -832 -832 -832 -841 -850 -858 -841 -823 -841 -841 -850 -841 -832 -850 -832 -841 -841 -850 -832 -858 -850 -850 -850 -841 -858 -858 -850 -814 -832 -841 -850 -850 -858 -858 -850 -850 -850 -858 -850 -841 -858 -867 -867 -850 -850 -850 -876 -850 -867 -841 -867 -841 -850 -850 -850 -850 -841 -832 -841 -858 -850 -841 -850 -850 -850 -858 -850 -858 -823 -850 -858 -858 -832 -841 -858 -850 -841 -867 -858 -850 -850 -841 -850 -867 -850 -876 -858 -858 -850 -858 -867 -867 -841 -841 -867 -858 -858 -850 -841 -858 -850 -858 -858 -858 -850 -867 -841 -858 -832 -858 -858 -850 -867 -858 -850 -841 -858 -867 -858 -841 -867 -850 -858 -858 -858 -858 -858 -850 -850 -858 -867 -876 -867 -867 -858 -850 -850 -858 -850 -858 -867 -858 -867 -850 -841 -858 -867 -876 -867 -850 -876 -867 -858 -876 -867 -867 -858 -841 -876 -876 -867 -876 -876 -858 -858 -894 -867 -858 -850 -867 -867 -876 -858 -841 -867 -841 -858 -876 -858 -850 -858 -858 -850 -867 -885 -858 -858 -858 -876 -885 -867 -876 -876 -885 -876 -858 -876 -885 -858 -876 -876 -885 -876 -867 -876 -867 -867 -867 -867 -867 -850 -876 -876 -867 -858 -867 -876 -867 -867 -867 -876 -858 -876 -885 -867 -876 -885 -858 -867 -858 -867 -876 -876 -858 -858 -876 -867 -867 -867 -867 -885 -858 -885 -867 -858 -876 -867 -867 -867 -858 -867 -867 -876 -858 -858 -858 -885 -850 -867 -867 -867 -876 -867 -858 -867 -867 -885 -876 -876 -894 -894 -903 -894 -885 -912 -885 -894 -912 -894 -921 -921 -921 -903 -894 -921 -903 -903 -885 -903 -903 -903 -921 -921 -912 -912 -912 -921 -912 -912 -921 -921 -894 -903 -894 -894 -912 -912 -930 -930 -894 -894 -885 -912 -912 -921 -885 -912 -876 -903 -894 -912 -885 -894 -894 -903 -885 -885 -894 -894 -903 -867 -894 -885 -894 -885 -885 -894 -894 -876 -876 -885 -876 -876 -885 -876 -876 -858 -867 -876 -867 -867 -867 -867 -876 -850 -867 -876 -858 -841 -858 -867 -850 -867 -858 -876 -867 -867 -867 -858 -876 -858 -858 -858 -867 -876 -858 -867 -850 -867 -858 -850 -850 -858 -850 -850 -832 -850 -832 -832 -832 -814 -823 -814 -823 -823 -805 -797 -805 -797 -814 -806 -788 -788 -805 -788 -806 -805 -797 -788 -787 -779 -806 -806 -806 -797 -806 -805 -806 -788 -788 -797 -797 -797 -797 -797 -788 -796 -797 -797 -788 -797 -797 -788 -788 -779 -788 -788 -806 -788
-841 -823 -832 -832 -832 -823 -814 -832 -841 -832 -823 -814 -823 -841 -841 -832 -823 -806 -841 -823 -841 -832 -814 -814 -841 -841 -841 -841 -841 -841 -841 -858 -832 -823 -841 -823 -850 -850 -832 -832 -850 -841 -841 -823 -850 -832 -841 -858 -867 -858 -850 -832 -850 -841 -841 -858 -850 -850 -841 -841 -841 -841 -841 -850 -841 -850 -858 -850 -850 -841 -841 -850 -850 -850 -850 -841 -850 -850 -850 -867 -867 -858 -850 -850 -850 -841 -858 -841 -867 -850 -858 -850 -841 -850 -841 -841 -850 -832 -867 -850 -850 -850 -823 -858 -850 -841 -850 -850 -850 -858 -850 -858 -850 -858 -841 -858 -858 -858 -850 -867 -867 -867 -858 -850 -858 -876 -858 -867 -850 -885 -850 -850 -850 -841 -841 -850 -858 -858 -850 -850 -850 -858 -850 -850 -858 -850 -850 -850 -850 -850 -850 -858 -876 -867 -858 -858 -885 -850 -858 -850 -867 -858 -850 -867 -858 -858 -867 -841 -858 -850 -867 -850 -858 -867 -867 -850 -876 -858 -850 -867 -867 -867 -876 -876 -876 -867 -867 -867 -876 -876 -867 -876 -867 -885 -876 -858 -858 -876 -858 -858 -876 -858 -858 -867 -867 -858 -876 -876 -885 -858 -858 -858 -850 -885 -876 -876 -876 -850 -885 -885 -867 -858 -876 -876 -876 -876 -876 -867 -876 -894 -876 -876 -867 -867 -885 -867 -867 -858 -858 -867 -858 -850 -850 -858 -867 -858 -867 -850 -876 -867 -850 -867 -876 -876 -876 -850 -876 -867 -876 -858 -858 -885 -858 -867 -858 -867 -858 -885 -867 -876 -867 -876 -858 -858 -867 -858 -850 -876 -876 -867 -876 -858 -867 -858 -867 -850 -876 -867 -867 -867 -850 -867 -876 -858 -858 -850 -867 -876 -885 -876 409 -841 -823 -832 -832 -850 -850 -832 -841 -850 -850 -806 -823 -832 -832 -832 -823 -823 -832 -832 -823 -823 -832 -823 -841 -832 -841 -832 -823 -841 -841 -841 -832 -850 -841 -850 -850 -841 -832 -823 -841 -850 -850 -832 -850 -841 -850 -850 -850 -841 -850 -858 -850 -850 -841 -858 -867 -858 -858 -850 -841 -841 -850 -841 -850 -850 -858 -832 -858 -850 -850 -850 -850 -858 -841 -850 -850 -850 -858 -867 -841 -850 -850 -841 -850 -823 -841 -850 -841 -841 -850 -850 -841 -850 -858 -850 -858 -850 -850 -858 -858 -850 -858 -850 -841 -867 -876 -850 -858 -858 -858 -850 -858 -850 -850 -867 -850 -850 -858 -867 -850 -858 -850 -850 -867 -850 -841 -850 -850 -841 -841 -867 -867 -850 -841 -841 -850 -876 -841 -850 -885 -858 -867 -841 -841 -858 -858 -841 -867 -858 -876 -850 -858 -858 -867 -858 -858 -858 -858 -858 -858 -850 -867 -850 -850 -858 -850 -850 -867 -876 -858 -850 -867 -850 -850 -858 -858 -867 -867 -850 -867 -885 -867 -876 -867 -867 -867 -858 -867 -876 -876 -867 -867 -885 -876 -867 -867 -876 -876 -850 -858 -858 -858 -858 -850 -858 -850 -867 -858 -876 -876 -876
-876 -867 -867 -850 -858 -841 -850 -850 -841 -841 -841 -832 -850 -832 -841 -858 -850 -850 -858 -841 -858 -858 -858 -867 -841 -858 -850 -867 -850 -858 -841 -858 -867 -867 -858 -867 -876 -850 -850 -850 -876 -858 -858 -832 -867 -841 -858 -850 -850 -867 -832 -858 -858 -858 -850 -867 -858 -867 -858 -858 -867 -858 -867 -858 -858 -867 -850 -858 -858 -858 -867 -858 -858 -867 -867 -850 -850 -858 -876 -867 -867 -850 -850 -850 -858 -850 -850 -858 -867 -858 -858 -867 -867 -858 -885 -867 -885 -867 -867 -858 -876 -858 -876 -858 -885 -867 -867 -858 -876 -876 -858 -858 -885 -867 -858 -876 -867 -876 -850 -885 -850 -876 -867 -876 -876 -867 -858 -867 -876 -841 -876 -867 -876 -885 -858 -867 -867 -858 -867 -858 -876 -858 -867 -876 -841 -867 -867 -858 -850 -867 -858 -850 -867 -858 -858 -858 -858 -867 -858 -867 -867 -850 -867 -850 -858 -858 -867 -858 -850 -867 -850 -885 -876 -885 -885 -894 -903 -894 -885 -885 -885 -912 -912 -903 -912 -912 -912 -903 -903 -903 -912 -903 -912 -912 -921 -903 -912 -921 -894 -894 -903 -921 -894 -921 -912 -912 -903 -921 -894 -921 -921 -921 -903 -903 -912 -930 -903 -912 -894 -894 -903 -885 -894 -867 -885 -894 -894 -885 -885 -894 -894 -894 -876 -867 -894 -903 -894 -867 -876 -894 -894 -894 -894 -894 -876 -876 -876 -885 -850 -885 -885 -885 -858 -867 -876 -858 -858 -858 -858 -850 -867 -850 -858 -850 -850 -858 -876 -867 -867 -876 -850 -858 -858 -850 -850 -894 -858 -850 -867 -858 -858 -867 -850 -858 -858 -850 -850 -858 -850 -841 -814 -823 -841 -832 -841 -814 -823 -806 -806 -806 -806 424 -841 -850 -841 -832 -832 -850 -850 -850 -850 -850 -858 -858 -850 -850 -850 -850 -858 -850 -867 -858 -850 -867 -867 -858 -858 -841 -858 -876 -850 -858 -858 -858 -867 -850 -850 -858 -858 -867 -850 -858 -867 -850 -858 -832 -867 -867 -850 -841 -867 -876 -850 -858 -876 -876 -858 -867 -858 -858 -867 -867 -867 -858 -858 -858 -867 -867 -885 -858 -858 -858 -858 -858 -858 -867 -858 -858 -858 -876 -858 -867 -885 -867 -858 -858 -876 -867 -876 -841 -867 -867 -867 -867 -867 -876 -867 -867 -885 -867 -876 -858 -876 -850 -867 -867 -858 -876 -876 -885 -867 -867 -876 -850 -885 -867 -858 -867 -867 -876 -876 -876 -867 -867 -867 -876 -867 -850 -858 -885 -850 -858 -876 -885 -858 -867 -876 -858 -867 -850 -876 -867 -867 -858 -867 -850 -858 -858 -876 -867 -858 -867 -850 -858 -858 -867 -850 -858 -867 -867 -876 -867 -858 -876 -876 -858 -876 -885 -894 -903 -912 -903 -894 -894 -912 -894 -894 -885 -903 -885 -921 -912 -912 -912 -903 -903 -903 -894 -903 -876 -903 -903 -921 -921 -921 -921 -912 -903 -903 -921 -912 -939 -903 -912 -894 -903 -912 -903 -894 -903 -912 -885
-850 -850 -867 -876 -867 -867 -867 -858 -850 -858 -876 -867 -876 -867 -885 -885 -867 -858 -867 -876 -850 -885 -876 -876 -885 -867 -867 -867 -858 -858 -885 -867 -858 -858 -885 -885 -858 -876 -876 -858 -867 -867 -867 -876 -858 -885 -858 -876 -858 -876 -858 -858 -867 -867 -876 -876 -885 -858 -867 -876 -858 -858 -876 -876 -858 -858 -867 -850 -867 -850 -867 -858 -850 -876 -850 -876 -850 -858 -850 -867 -867 -850 -858 -858 -867 -858 -876 -858 -858 -850 -876 -858 -894 -903 -894 -894 -894 -903 -885 -894 -921 -894 -903 -903 -921 -894 -894 -894 -894 -885 -903 -903 -912 -894 -894 -894 -912 -903 -930 -903 -921 -912 -921 -894 -912 -894 -894 -903 -903 -912 -921 -903 -894 -903 -894 -894 -894 -912 -912 -876 -885 -894 -885 -876 -867 -885 -867 -894 -894 -885 -894 -876 -885 -885 -876 -867 -885 -867 -876 -867 -885 -885 -867 -894 -885 -894 -894 -885 -858 -850 -876 -858 -867 -858 -858 -858 -867 -850 -858 -858 -841 -850 -858 -858 -850 -867 -858 -850 -858 -850 -850 -858 -858 -850 -876 -867 -850 -858 -867 -867 -858 -858 -850 -858 -841 -841 -832 -841 -832 -814 -823 -814 -823 -841 -814 -814 -806 -814 -814 -797 -788 -796 -805 -797 -770 -788 -779 -797 -788 -788 -788 -788 -806 -788 -779 -806 -788 -779 -787 -788 -779 -779 -779 -797 -806 -779 -779 -788 -779 -779 -779 -797 -788 -770 -788 -788 -788 -770 -770 -779 -779 -752 -770 -770 -779 -770 -788 -761 -761 -770 -770 -743 -752 -761 -761 -761 -725 -743 -752 -743 -752 -743 -761 -752 -725 -743 -734 -743 -734 -743 -743 -734 -743 -725 -734 -734 -725 -734 -725 -734 -725 -717 -717 -743 -708 -717 -717 -725 -708 -734 -717 -708 -699 -707 -717 -716 -708 -734 -698 -708 -708 -708 -699 -698 -708 -690 -699 -672 -717 -699 -690 -699 -717 -681 -690 -699 -699 -690 -690 -699 -708 -690 -708 -699 -690 -690 -681 -699 -699 -690 -699 -708 -672 -699 -672 -681 -699 -681 -681 -681 -672 -690 -672 -663 -672 -681 -681 -690 -681 -654 -672 -663 -672 -672 -681 -672 -681 -681 -681 -681 -663 -672 -663 -645 -663 -636 -654 -645 -636 -628 -645 -654 -645 -610 -627 -636 -619 -628 -636 -645 -628 -628 -663 -654 -645 -663 -636 -654 -681 -654 -645 -645 -663 -654 -654 -645 -663 -654 -636 -645 -663 -645 -654 -645 -663 -636 -654 -654 -654 -645 -654 -654 -636 -645 -663 -654 -663 -663 -645 -645 -645 -654 -654 -663 -654 -663 -663 -663 -663 -663 -672 -663 -672 -663 -663 -663 -645 -672 -654 -672 -672 -654 -672 -663 -672 -654 -672 -654 -645 -654 -654 -654 -654 -663 -672 -663 -654 -654 -636 -645 -663 -663 -663 -663 -672 -663 -663 -681 -663 -663 -681 -654 -663 -672 -681 -672 -672 -690 -663 -663 -663 -681 -672 -654 -654 -672 -663 -654 -681 -690 -672 -654
-876 -858 -885 -858 -867 -858 -867 -867 -858 -867 -867 -850 -876 -867 -876 -867 -858 -867 -867 -850 -858 -876 -858 -876 -867 -876 -867 -850 -876 -876 -867 -858 -850 -858 -858 -858 -858 -858 -858 -858 -850 -858 -867 -858 -885 -850 -850 -858 -850 -850 -858 -867 -867 -867 -858 -850 -858 -858 -885 -858 -850 -858 -867 -867 -876 -876 -894 -894 -885 -867 -894 -894 -894 -885 -903 -921 -894 -894 -912 -894 -903 -903 -894 -912 -903 -903 -894 -903 -894 -894 -903 -903 -921 -903 -903 -912 -894 -912 -921 -912 -912 -912 -912 -912 -894 -903 -885 -903 -903 -912 -903 -903 -894 -876 -894 -894 -903 -885 -894 -876 -894 -885 -903 -894 -867 -885 -885 -885 -876 -894 -885 -858 -867 -885 -894 -876 -885 -894 -894 -885 -885 -885 -894 -867 -858 -876 -867 -867 -867 -867 -858 -858 -867 -858 -858 -858 -841 -841 -876 -832 -850 -850 -858 -867 -867 -850 -858 -850 -858 -858 -867 -867 -850 -858 -867 -858 -867 -841 -841 -841 -850 -841 -823 -823 -832 -832 -832 -823 -806 -814 -823 -814 -806 -806 -806 -805 -797 -797 -779 -797 -805 -797 -788 -779 -779 -788 -796 -779 -806 -797 -788 -814 -797 -788 -788 -779 -788 -797 -796 -796 -779 -797 -788 -761 -805 -788 -797 -796 -770 -797 -788 -779 -770 -779 -770 -770 -761 -797 -779 -779 -787 -770 -761 -743 -743 -761 -779 -752 -770 -761 -761 -761 -743 -752 -752 -734 -734 -725 -743 -743 -752 -743 -743 -734 -752 -752 -725 -743 -734 -743 -752 -734 -743 -725 -725 -717 -734 -725 -725 -725 -717 -734 -725 -717 -725 -734 -708 -725 -708 -699 -708 -716 -699 -690 -690 -698 -717 -708 -681 -708 -690 -699 -707 -708 -690 -699 -707 -708 -708 -699 -699 -690 -708 -699 -690 -672 -690 -681 -690 -699 -699 -690 -708 -699 -690 -663 -690 -672 -699 -690 -690 -690 -690 -672 -681 -672 -681 -654 -672 -690 -690 -681 -672 -681 -681 -672 -681 -681 -663 -690 -681 -681 -681 -681 -690 -663 -672 -645 -654 -636 -654 -636 -672 -645 -636 -645 -654 -636 -636 -636 -645 -654 -636 -636 -645 -645 -645 -654 -654 -663 -636 -654 -663 -663 -654 -672 -663 -663 -672 -663 -654 -654 -672 -663 -663 -654 -654 -645 -663 -636 -645 -654 -654 -645 437 -867 -876 -850 -867 -867 -850 -867 -858 -858 -858 -858 -876 -858 -876 -876 -867 -858 -858 -867 -876 -876 -858 -858 -867 -867 -858 -850 -867 -850 -858 -858 -876 -858 -858 -858 -858 -867 -858 -867 -867 -867 -850 -858 -858 -850 -858 -885 -841 -867 -876 -850 -850 -867 -867 -850 -858 -876 -876 -876 -903 -894 -903 -876 -903 -903 -885 -894 -894 -912 -885 -903 -885 -894 -894 -903 -894 -894 -903 -903 -903 -894 -903 -903 -912 -921 -912 -903 -903 -894 -894 -912 -921 -912 -903 -903 -903 -903 -903 -885 -903 -921 -903 -903 -867 -885 -885 -885
-876 -858 -850 -876 -858 -867 -867 -885 -876 -903 -885 -885 -885 -903 -921 -903 -894 -912 -903 -903 -894 -903 -885 -903 -921 -885 -885 -885 -885 -894 -912 -912 -903 -921 -903 -912 -903 -894 -903 -912 -930 -894 -894 -912 -912 -894 -894 -903 -894 -903 -903 -903 -903 -903 -894 -894 -885 -894 -876 -885 -894 -885 -876 -885 -894 -894 -876 -876 -894 -885 -876 -867 -858 -876 -876 -867 -876 -867 -894 -885 -885 -876 -894 -885 -876 -850 -885 -850 -876 -858 -850 -850 -858 -867 -858 -867 -841 -850 -867 -850 -850 -841 -867 -823 -867 -850 -858 -841 -867 -858 -867 -867 -867 -876 -858 -867 -814 -850 -850 -850 -850 -850 -858 -832 -832 -823 -823 -841 -806 -797 -806 -823 -806 -806 -814 -797 -814 -797 -796 -779 -814 -797 -788 -788 -788 -770 -788 -797 -797 -805 -806 -770 -805 -797 -806 -797 -788 -806 -779 -787 -770 -797 -770 -797 -788 -788 -770 -779 -788 -788 -787 -788 -788 -779 -761 -779 -779 -779 -761 -770 -779 -761 -770 -752 -779 -770 -770 -770 -761 -752 -770 -752 -752 -752 -743 -743 -761 -717 -743 -752 -734 -734 -734 -743 -734 -734 -725 -725 -743 -725 -734 -725 -743 -725 -717 -734 -725 -707 -734 -716 -717 -717 -725 -725 -708 -725 -717 -717 -716 -725 -716 -708 -716 -699 -699 -717 -717 -708 -699 -707 -699 -690 -699 -699 -690 -690 -708 -699 -708 -708 -699 -690 -672 -690 -717 -699 -699 -681 -681 -690 -690 -690 -690 -681 -699 -672 -672 -681 -672 -681 -690 -690 -690 -690 -690 -672 -681 -663 -690 -672 -699 -663 -663 -672 -672 -681 -663 -681 -672 -681 -663 -672 -681 -672 -672 -672 -672 -672 -654 -654 -672 -663 -636 -654 -663 -663 -636 -645 -636 -645 -636 -627 -645 -636 -619 -663 -663 -645 -645 -654 -628 -645 -681 -654 -636 -645 -663 -672 -645 -663 -654 -636 -654 -654 -663 -654 -654 -663 -645 -654 -645 -663 -645 -645 -645 -654 -628 -654 -654 -663 -645 -654 -654 -681 -636 -645 -628 -645 -645 -654 -654 -663 -654 -663 -654 -645 -672 -681 -654 -672 -663 -663 -654 -672 -663 -645 -672 -654 -654 -645 -663 -672 -663 -663 -672 -663 -663 -654 -663 -654 -663 -663 -645 -663 -663 -672 -663 -654 -672 -663 -672 -681 -672 -663 -672 -699 -672 -663 -672 -645 -663 -681 -681 -672 -645 -672 -672 -672 -672 -654 -654 -654 -672 -672 -663 -681 -681 -672 -672 -672 -654 -663 -663 -654 -672 -663 -681 -672 -663 -690 -663 -672 -690 -663 -699 -690 -672 -681 -672 -681 -672 -672 -681 -681 -663 -672 -672 -681 -699 -672 -672 -672 -663 -681 -681 -672 -681 -681 -681 -672 -716 -672 -681 -681 -699 -681 -708 -699 -690 -699 -681 -708 -690 -672 -681 -699 -681 -672 -681 -681 -672 -672 -672 -681 -690 -690 -690 -690 -690 -681 -690 -690 -681 -690 -690 444 -867 -876 -885 -885 -876 -894
-841 -823 -850 -858 -858 -858 -850 -867 -858 -850 -841 -841 -850 -876 -876 -858 -858 -858 -841 -850 -850 -841 -841 -841 -823 -841 -841 -832 -841 -832 -814 -805 -806 -814 -806 -823 -788 -796 -797 -779 -797 -788 -788 -788 -788 -779 -797 -797 -788 -806 -779 -788 -779 -797 -779 -788 -797 -779 -797 -788 -779 -770 -779 -770 -779 -788 -788 -761 -797 -806 -779 -779 -797 -779 -788 -770 -779 -770 -779 -770 -779 -752 -770 -752 -770 -752 -743 -761 -752 -770 -743 -770 -752 -752 -752 -743 -734 -743 -752 -752 -752 -743 -725 -752 -752 -743 -743 -743 -734 -743 -717 -734 -725 -725 -717 -725 -725 -725 -752 -725 -708 -743 -725 -717 -725 -717 -717 -717 -717 -717 -708 -708 -725 -699 -716 -699 -690 -690 -690 -690 -708 -681 -716 -699 -708 -699 -708 -699 -708 -708 -690 -708 -690 -708 -681 -672 -690 -699 -690 -672 -699 -699 -699 -699 -681 -708 -672 -681 -672 -708 -681 -681 -690 -681 -681 -681 -681 -690 -690 -672 -690 -690 -672 -681 -681 -672 -681 -672 -681 -681 -663 -681 -663 -663 -672 -672 -681 -654 -645 -654 -636 -663 -636 -645 -645 -663 -645 -645 -627 -645 -663 -636 -645 -628 -654 -645 -636 -636 -645 -645 -628 -645 -628 -654 -654 -645 -645 -645 -654 -654 -663 -654 -645 -654 -645 -663 -654 -654 -654 -636 -645 -636 -645 -654 -627 -636 -654 -654 -636 -645 -645 -636 -645 -636 -645 -654 -636 -645 -654 -663 -636 -636 -636 -654 -654 -663 -663 -654 -672 -654 -663 -672 -636 -672 -663 -672 -672 -654 -663 -672 -672 -645 -663 -663 -663 -654 -636 -636 -645 -663 -672 -645 -654 -663 -654 -645 -654 -654 -654 -654 -663 -654 -663 -663 -663 -663 -672 -663 -672 -672 -654 -663 -663 -663 -663 -645 -681 -681 -654 -663 -654 -663 -672 -672 -654 -654 -681 -690 -663 -672 -663 -654 -663 -681 -681 -663 -663 -672 -672 -672 -690 -681 -690 -690 -681 -672 -681 -672 -672 -663 -672 -663 -690 -681 -672 -690 -681 -681 -672 -681 -663 -663 -681 -654 -690 -690 -681 -672 -699 -690 -681 -699 -690 -681 -681 -672 -708 -663 -663 -672 -672 -663 -690 -681 -663 -681 -690 -663 -698 -672 -690 -690 -690 -690 -681 -699 -699 -672 -663 -681 -690 -672 -690 -681 -681 -690 -699 -699 -690 -672 -681 -699 -690 -681 -708 -699 -699 -699 -716 -708 -663 -690 -681 -681 -690 -690 -699 -699 -699 -699 -716 -699 -672 -690 -690 -690 -681 -690 -699 -690 -690 -699 -699 -717 -699 -699 -699 -699 -699 -699 -699 -690 -699 -698 -690 -690 -698 -708 -708 -681 -699 -699 -681 -708 -734 -690 -708 -681 -699 -699 -690 -708 -690 -708 -699 -672 -708 -690 -681 -681 -663 -672 -663 -645 -681 -672 -654 -645 -654 -681 -672 -672 -672 -636 -654 -663 -663 -663 -672 -645 -636 -663 -672 -636 -663 -645 -681 -654 -708 -672 -654 -663
-814 -797 -797 -788 -788 -806 -779 -797 -779 -788 -779 -779 -779 -779 -770 -779 -788 -779 -797 -797 -797 -806 -788 -797 -770 -770 -797 -788 -797 -779 -779 -814 -761 -770 -788 -779 -770 -761 -770 -788 -770 -779 -788 -779 -752 -770 -779 -770 -752 -761 -761 -770 -761 -752 -770 -761 -761 -761 -761 -743 -752 -725 -743 -761 -734 -752 -734 -734 -725 -752 -734 -743 -734 -734 -734 -725 -734 -717 -725 -725 -716 -743 -725 -743 -725 -725 -725 -725 -699 -716 -708 -725 -717 -716 -699 -707 -708 -699 -725 -690 -708 -708 -708 -708 -699 -699 -717 -708 -699 -663 -681 -699 -699 -707 -699 -690 -707 -699 -690 -690 -681 -699 -681 -708 -690 -681 -681 -681 -681 -681 -699 -672 -681 -699 -699 -681 -672 -681 -672 -699 -690 -681 -672 -681 -663 -672 -672 -672 -681 -681 -663 -672 -690 -690 -681 -672 -681 -672 -672 -654 -663 -645 -681 -654 -663 -663 -654 -645 -663 -636 -645 -663 -645 -654 -663 -654 -645 -636 -636 -636 -627 -645 -636 -627 -645 -636 -654 -636 -663 -645 -645 -672 -663 -654 -654 -654 -645 -654 -636 -654 -645 -645 -663 -654 -645 -654 -654 -663 -672 -636 -636 -654 -654 -636 -663 -663 -654 -636 -628 -636 -636 -636 -654 -654 -654 -645 -636 -636 -645 -654 -681 -672 -654 -654 -654 -663 -654 -654 -645 -654 -654 -654 -654 -663 -672 -645 -654 -654 -628 -654 -645 -645 -654 -654 -636 -654 -654 -654 -663 -645 -654 -654 -672 -654 -663 -645 -663 -645 -645 -672 -672 -672 -672 -663 -690 -663 -672 -672 -672 -663 -672 -645 -663 -690 -654 -663 -681 -672 -672 -663 -672 -672 -663 -654 -672 -681 -681 -672 -672 -663 -663 -6708 -717 -717 -699 -690 -717 -708 -708 -708 -690 -699 -699 -672 -690 -699 -699 -699 -708 -708 -708 -708 -708 -699 -708 -708 -690 -699 -717 -708 -681 -672 -699 -708 -699 -690 -663 -690 -654 -672 -663 -672 -663 -663 -663 -672 -672 -654 -681 -654 -681 -654 -645 -663 -663 -663 -663 -654 -654 -654 -636 -672 -654 -663 -645 -654 -663 -663 -663 -672 -663 -672 -654 -663 -654 -654 -663 -672 -699 -699 -690 -672 -690 -672 -681 -672 -672 -690 -672 -672 -663 -663 -681 -681 -672 -663 -672 -654 -672 -663 -672 -663 -681 -690 -672 0 0 0 0 0 0 0 0 0 0 0 0 0 0 0 0 0 0 0 0 0 0 0 0 0 0 0 0 0 0 0 0 0 0 0 0 0 0 0 0 0 0 0 0 0 0 0 0 0 0 0 0 0 0 0 0 0 0 0 0 0 0 0 0 0 0 0 0 0 0 0 0 0 0 0 0 0 0 0 0 0 0 0 0 0 0 0 0 0 0 0 0 0 0 0 0 0 0 0 0 0 0 0 0 0 0 0
-734 -717 -725 -725 -717 -725 -717 -725 -717 -699 -717 -717 -699 -717 -690 -708 -681 -690 -690 -699 -699 -698 -681 -690 -699 -708 -708 -690 -699 -690 -708 -699 -699 -690 -681 -690 -699 -699 -681 -708 -672 -689 -672 -690 -699 -690 -681 -681 -690 -699 -690 -672 -681 -672 -689 -672 -681 -663 -672 -681 -672 -681 -663 -681 -672 -663 -690 -672 -681 -690 -681 -663 -672 -663 -663 -672 -690 -690 -690 -672 -663 -672 -654 -672 -654 -672 -654 -672 -636 -645 -636 -628 -645 -610 -645 -636 470 -708 -690 -725 -707 -708 -708 -717 -717 -690 -717 -725 -699 -690 -699 -699 -708 -699 -708 -708 -699 -708 -699 -699 -699 -681 -708 -690 -725 -708 -690 -690 -672 -690 -681 -690 -708 -681 -681 -690 -690 -690 -672 -681 -690 -672 -681 -681 -672 -681 -681 -699 -690 -672 -663 -672 -672 -681 -663 -681 -681 -672 -681 -690 -672 -663 -672 -672 -672 -672 -672 -690 -681 -681 -681 -654 -636 -654 -645 -663 -645 -645 -654 -645 -628 -645 -663 -645 -654 -628 -619 -645 -636 -654 -645 -636 -627 -636 -654 -636 -672 -645 -645 -645 -663 -645 -645 -663 -654 -636 -654 -628 -654 -636 -645 -645 -663 -654 -645 -654 -654 -627 -663 -645 -636 -636 -645 -654 -654 -654 -645 -645 -636 -654 -628 -663 -654 -645 -645 -663 -672 -654 -654 -645 -672 -663 -663 -645 -672 -663 -681 -663 -654 -654 -654 -645 -663 -663 -663 -654 -636 -654 -645 -654 -654 -654 -645 -663 -663 -654 -628 -681 -645 -672 -654 -663 -654 -672 -672 -645 -654 -672 -672 -681 -663 -663 -663 -663 -663 -672 -663 -654 -636 -654 -672 -645 -636 -672 -645 -681 -672 -681 -672 -663 -645 -681 -654 -672 -663 -663 -672 -672 -699 -672 -663 -690 -690 -672 -690 -690 -654 -672 -672 -672 -663 -681 -663 -672 -672 -663 -663 -672 -672 -663 -681 -672 -672 -672 -672 -663 -672 -672 -681 -672 -672 -681 -699 -672 -663 -672 -654 -690 -681 -681 -681 -681 -672 -681 -690 -681 -672 -654 -663 -681 -672 -681 -681 -699 -690 -681 -690 -663 -690 -681 -672 -681 -681 -690 -699 -690 -681 -699 -708 -681 -690 -690 -699 -708 -717 -681 -690 -690 -672 -699 -681 -708 -690 -699 -708 -672 -690 -663 -708 -681 -681 -681 -690 -708 -690 -690 -699 -699 -699 -699 -690 -708 -716 -699 -717 -699 -699 -690 -699 -708 -708 -708 -708 -681 -699 -707 -690 -699 -717 -690 -699 -708 -699 -690 -689 -708 -699 -690 -708 -699 -717 -698 -690 -708 -690 -698 -699 -699 -690 -690 -681 -663 -672 -672 -690 -663 -663 -672 -681 -663 -645 -663 -645 -654 -663 -654 -663 -672 -645 -672 -645 -672 -663 -663 -645 -645 -663 -681 -654 -663 -663 -672 -672 -663 -663 -654 -663 -672 -672 -663 -690 -663 -690 -690 -681 -690 -672 -672 -681 -672 -663 -681 -672 471 -699 -699 -725 -708 -708 -717 -698 -699
-628 -627 -628 -645 -627 -654 -654 -628 -636 -636 -636 -654 -645 -663 -654 -672 -654 -672 -654 -636 -663 -681 -663 -654 -663 -654 -654 -645 -663 -654 -645 -636 -663 -654 -645 -672 -645 -645 -645 -645 -672 -672 -654 -654 -663 -654 -654 -663 -663 -663 -645 -663 -654 -654 -654 -672 -654 -681 -663 -672 -663 -672 -672 -654 -672 -681 -636 -654 -663 -654 -654 -636 -672 -672 -654 -663 -645 -672 -663 -663 -663 -654 -654 -672 -663 -645 -654 -663 -663 -663 -672 -663 -663 -663 -663 -672 -672 -672 -654 -672 -681 -672 -672 -681 -672 -672 -672 -663 -663 -654 -681 -663 -672 -672 -645 -645 -654 -663 -663 -672 -672 -663 -663 -690 -681 -654 -663 -681 -681 -681 -663 -681 -699 -672 -690 -672 -681 -690 -672 -690 -672 -672 -672 -681 -681 -681 -690 -672 -672 -672 -708 -672 -681 -672 -681 -690 -663 -672 -663 -681 -708 -672 -699 -681 -699 -690 -681 -672 -690 -690 -681 -690 -699 -690 -672 -654 -690 -690 -699 -681 -681 -690 -672 -690 -672 -690 -690 -681 -690 -690 -690 -708 -672 -699 -699 -708 -690 -708 -699 -708 -698 -690 -699 -708 -681 -699 -699 -708 -690 -681 -699 -699 -699 -699 -690 -699 -690 -699 -690 -681 -690 -690 -690 -708 -690 -699 -698 -708 -708 -699 -708 -699 -717 -699 -681 -699 -699 -699 -699 -690 -708 -708 -699 -725 -708 -699 -708 -708 -708 -716 -716 -699 -716 -708 -690 -707 -708 -725 -716 -690 -690 -725 -716 -699 -717 -708 -699 -681 -681 -681 -699 -672 -690 -663 -681 -690 -672 -672 -663 -663 -672 -645 -672 -663 -654 -654 -663 -663 -663 -654 -663 -672 -654 -672 -654 -663 -672 -663 -663 -672 -672 481 -636 -645 -645 -645 -654 -654 -654 -663 -663 -663 -672 -681 -663 -654 -654 -672 -663 -663 -645 -654 -663 -654 -654 -672 -681 -663 -645 -654 -645 -654 -663 -663 -672 -627 -636 -663 -645 -645 -645 -636 -636 -654 -672 -654 -654 -654 -663 -663 -654 -663 -681 -672 -681 -654 -663 -672 -654 -663 -654 -672 -654 -654 -663 -654 -681 -654 -663 -654 -645 -663 -654 -663 -663 -663 -672 -654 -654 -645 -663 -663 -672 -663 -672 -672 -663 -663 -672 -654 -672 -672 -681 -663 -681 -672 -663 -690 -663 -690 -654 -654 -672 -690 -681 -681 -654 -663 -663 -672 -681 -663 -672 -681 -663 -654 -681 -672 -681 -672 -654 -672 -681 -672 -663 -663 -681 -699 -672 -654 -663 -681 -690 -690 -672 -681 -699 -672 -690 -690 -672 -654 -672 -663 -672 -672 -672 -663 -690 -681 -690 -690 -690 -690 -690 -681 -690 -690 -690 -690 -681 -681 -699 -681 -690 -699 -672 -699 -681 -699 -672 -699 -690 -681 -699 -699 -699 -690 -699 -690 -699 -690 -699 -672 -690 -699 -690 -690 -681 -699 -708 -690 -708 -681 -672 -708 -708 -699 -717 -672 -690 -708 -708 -690 -708 -690 -690 -690 -672 -699 -690 -699
-663 -672 -672 -672 -663 -663 -654 -672 -672 -663 -672 -663 -654 -663 -690 -672 -663 -663 -654 -663 -663 -672 -663 -663 -672 -672 -636 -663 -672 -690 -672 -681 -672 -681 -690 -681 -672 -663 -672 -681 -672 -672 -672 -663 -672 -681 -672 -663 -663 -681 -663 -654 -672 -663 -654 -690 -663 -672 -672 -672 -663 -654 -654 -672 -654 -699 -690 -690 -681 -672 -690 -690 -699 -672 -708 -663 -690 -699 -690 -681 -672 -690 -672 -672 -690 -681 -699 -681 -681 -681 -681 -690 -663 -681 -672 -690 -663 -690 -690 -698 -672 -690 -699 -690 -672 -681 -690 -690 -690 -681 -698 -689 -690 -690 -681 -672 -681 -681 -690 -689 -672 -690 -690 -699 -690 -690 -699 -690 -708 -699 -681 -708 -672 -725 -716 -690 -681 -699 -690 -699 -690 -690 -690 -690 -708 -699 -690 -699 -699 -699 -708 -690 -690 -681 -699 -707 -690 -690 -717 -690 -708 -708 -707 -708 -699 -708 -717 -725 -681 -725 -708 -708 -708 -681 -725 -699 -707 -699 -717 -699 -716 -708 -707 -707 -699 -708 -708 -725 -699 -725 -708 -699 -717 -734 -708 -690 -708 -707 -699 -708 -690 -725 -716 -708 -707 -699 -708 -725 -699 -699 -699 -699 -690 -681 -690 -672 -672 -681 -672 -663 -663 -681 -672 -663 -663 -672 -663 -690 -672 -672 -681 -663 -663 -672 -663 -672 -672 -663 -663 -681 -672 -663 -672 -663 -672 -672 -672 -663 -681 -717 -699 -672 -681 -699 -672 -681 -690 -690 -690 -681 -672 -672 -672 -681 -690 -672 -663 -681 -690 -663 -681 -672 -663 -672 -690 -681 -681 -681 -690 -681 -690 -716 -690 -717 -708 -690 -699 -708 -725 -716 -708 -716 -708 -734 -725 -752 -717 -770 -743 -725 488 -672 -672 -663 -636 -663 -672 -663 -672 -645 -663 -672 -663 -672 -663 -663 -681 -672 -663 -672 -663 -681 -681 -672 -663 -663 -672 -681 -663 -663 -672 -672 -672 -690 -672 -672 -663 -663 -681 -699 -663 -663 -663 -663 -699 -663 -663 -672 -663 -681 -681 -681 -672 -672 -681 -681 -681 -690 -681 -672 -672 -654 -681 -672 -663 -690 -681 -681 -690 -681 -681 -690 -708 -708 -690 -681 -681 -690 -699 -681 -690 -672 -681 -681 -699 -663 -663 -672 -690 -672 -681 -672 -690 -672 -672 -681 -672 -698 -681 -681 -708 -717 -699 -699 -690 -699 -708 -672 -699 -690 -690 -690 -690 -690 -690 -681 -699 -672 -663 -707 -699 -681 -708 -681 -690 -699 -681 -681 -681 -690 -708 -699 -708 -699 -708 -708 -717 -699 -708 -699 -708 -708 -717 -708 -681 -699 -690 -717 -672 -690 -690 -716 -699 -699 -708 -708 -717 -699 -690 -708 -708 -699 -699 -717 -690 -725 -717 -699 -699 -725 -717 -708 -716 -699 -717 -699 -716 -708 -699 -717 -699 -699 -717 -717 -716 -734 -717 -717 -708 -699 -716 -725 -708 -699 -725 -699 -716 -699 -708 -699 -699 -681 -681 -663 -681 -681 -672 -672 -690 -681 -663 -672
-681 -672 -690 -690 -690 -699 -690 -681 -681 -681 -672 -681 -672 -690 -672 -690 -681 -699 -681 -681 -663 -681 -681 -690 -699 -681 -681 -681 -672 -681 -690 -698 -690 -681 -672 -699 -681 -699 -681 -717 -690 -699 -672 -681 -699 -717 -698 -699 -672 -699 -690 -707 -681 -681 -681 -681 -690 -690 -708 -681 -690 -672 -681 -708 -690 -699 -699 -699 -690 -699 -708 -690 -717 -717 -708 -708 -681 -699 -717 -699 -708 -717 -708 -672 -699 -690 -699 -699 -699 -717 -708 -699 -690 -699 -699 -681 -699 -716 -708 -708 -717 -690 -708 -708 -708 -698 -699 -717 -708 -690 -725 -708 -708 -717 -717 -708 -698 -708 -708 -708 -717 -717 -708 -716 -717 -708 -708 -717 -717 -707 -699 -708 -708 -708 -717 -708 -716 -717 -699 -699 -708 -699 -663 -681 -681 -690 -690 -699 -690 -681 -672 -681 -663 -663 -690 -663 -690 -681 -672 -672 -690 -672 -672 -681 -663 -645 -663 -663 -672 -654 -654 -672 -681 -672 -672 -672 -681 -663 -681 -672 -681 -690 -699 -681 -708 -681 -690 -699 -681 -699 -672 -690 -681 -681 -690 -681 -681 -690 -681 -681 -681 -663 -690 -672 -681 -672 -690 -681 -681 -681 -690 -699 -699 -699 -690 -699 -690 -699 -699 -708 -708 -717 -725 -725 -734 -761 -752 -761 -752 -743 -752 -761 -725 -761 -734 -743 -752 -743 -752 -734 -761 -734 -734 -734 -734 -743 -752 -734 -743 -743 -752 -761 -752 -752 -734 -743 -743 -752 -761 -752 -761 -743 -761 -752 -761 -752 -761 -770 -770 -761 -770 -761 -761 -770 -779 -761 -761 -788 -788 -788 -797 -779 -797 -797 -806 -797 -797 -797 -823 -805 -814 -797 -823 -832 -805 -814 -806 -814 -814 -823 -832 -850 -823 -832 -823 -806 -823 -814 -823 -832 -832 -832 -841 -823 -823 -832 -823 -823 -841 -823 -814 -832 -832 -841 -832 -814 -841 -832 -832 -823 -823 -823 -823 -841 -841 -832 -841 -832 -832 -841 -823 -850 -841 -867 -841 -832 -832 -832 -841 -841 -841 -841 -832 -832 -850 -858 -832 -832 -841 -823 -841 -823 -841 -832 -832 -850 -841 -841 -850 -850 -867 -850 -850 -850 -858 -841 -858 -850 -841 -850 -841 -858 -841 -850 -850 -850 -850 -858 -832 -850 -867 -867 -850 -850 -841 -850 -858 -850 -858 -867 -858 -850 -867 -867 -841 -850 -850 -858 -858 -850 -841 -850 -841 -841 -850 -858 -841 -858 -850 -858 -850 -858 -841 -858 -841 -841 -867 -858 -858 -858 -832 -814 -832 -858 -867 -867 -867 -850 -867 -867 -850 -841 -867 -867 -858 -850 -867 -876 -858 -858 -841 -867 -850 -850 -858 -850 -832 -850 -841 -832 -850 -850 -867 -858 -850 -876 -867 -858 -858 -850 -858 -867 -858 -858 -867 -850 -867 -858 -858 -867 -867 -850 -850 -858 -876 -858 -867 -876 -867 -858 -867 -858 -858 -850 -858 -850 -867 -858 -867 -867 -885 -876 -885 -867 496 -699 -690 -672 -690 -681 -690 -681
-681 -690 -699 -681 -690 -690 -681 -690 -690 -672 -672 -690 -699 -699 -690 -699 -699 -681 -708 -672 -690 -699 -699 -699 -699 -690 -681 -699 -690 -681 -681 -708 -708 -717 -690 -699 -717 -708 -690 -708 -708 -681 -681 -725 -699 -690 -690 -699 -717 -699 -708 -716 -690 -699 -699 -708 -717 -708 -699 -690 -699 -708 -708 -708 -708 -717 -699 -717 -717 -716 -708 -699 -708 -716 -699 -708 -707 -708 -725 -699 -725 -708 -708 -717 -717 -717 -707 -717 -708 -725 -708 -717 -699 -717 -717 -699 -717 -708 -708 -716 -708 -707 -708 -717 -699 -708 -699 -672 -681 -699 -681 -681 -690 -690 -681 -690 -681 -663 -690 -672 -672 -681 -681 -654 -672 -672 -681 -681 -645 -672 -672 -663 -681 -672 -672 -681 -672 -681 -672 -672 -663 -663 -681 -672 -663 -672 -681 -699 -699 -690 -699 -690 -690 -708 -699 -699 -699 -689 -690 -672 -690 -699 -681 -672 -663 -663 -672 -681 -681 -681 -681 -681 -672 -681 -681 -663 -681 -699 -690 -699 -717 -708 -708 -717 -717 -717 -717 -717 -734 -717 -734 -734 -725 -743 -734 -734 -752 -743 -743 -752 -752 -752 -743 -752 -752 -761 -752 -761 -743 -725 -734 -743 -743 -725 -761 -743 -761 -752 -761 -743 -752 -752 -752 -752 -770 -752 -761 -761 -743 -770 -770 -761 -761 -743 -761 -761 -761 -752 -779 -779 -752 -770 -770 -770 -788 -797 -806 -788 -788 -805 -797 -797 -797 -797 -797 -814 -814 -788 -806 -806 -823 -814 -823 -805 -823 -814 -814 -832 -832 -841 -823 -823 -832 -832 -841 -841 -850 -850 -858 -823 -832 -832 -841 -823 -841 -832 -832 -814 -823 -823 -823 -814 -814 -850 -832 -841 -850 -841 -832 -823 -832 500 -690 -717 -672 -708 -708 -699 -690 -672 -681 -690 -681 -690 -699 -699 -699 -708 -690 -690 -690 -681 -681 -690 -681 -690 -690 -708 -708 -708 -716 -681 -699 -717 -690 -708 -690 -707 -708 -690 -672 -716 -699 -699 -725 -708 -699 -708 -699 -707 -708 -699 -708 -690 -699 -699 -717 -725 -717 -699 -708 -699 -690 -707 -699 -708 -725 -708 -699 -717 -707 -707 -717 -717 -708 -708 -699 -707 -699 -716 -716 -717 -717 -699 -708 -717 -708 -716 -699 -717 -708 -716 -717 -717 -707 -717 -708 -708 -708 -690 -708 -690 -699 -690 -663 -681 -672 -690 -672 -663 -690 -663 -690 -663 -690 -672 -654 -672 -672 -681 -672 -672 -663 -672 -663 -681 -672 -681 -654 -663 -681 -663 -690 -672 -707 -681 -681 -672 -672 -681 -699 -681 -681 -672 -699 -681 -672 -708 -708 -699 -699 -699 -681 -672 -690 -690 -699 -663 -672 -681 -672 -681 -663 -672 -663 -672 -672 -690 -690 -672 -690 -699 -681 -672 -717 -699 -699 -708 -699 -717 -708 -717 -734 -725 -734 -725 -752 -752 -752 -734 -734 -752 -752 -734 -761 -752 -761 -752 -725 -752 -734 -779 -734 -725 -743 -734 -743 -761 -734 -761 -761 -743
